timestamp,vehicle_id,channel,sinr_db,interference_dbm,latency_ms,deadline_ms,pdr,reward
4.0,0,1,-53.5,-145.96,2787.74,50.0,0.0,-0.4
4.0,1,1,-51.17,-137.96,2787.74,50.0,0.0,-0.4
5.0,0,3,-48.48,-149.33,1401.37,50.0,0.0,-0.4
5.0,1,3,-51.0,-139.12,1401.37,50.0,0.0,-0.4
6.0,0,1,-41.63,-143.21,2787.74,50.0,0.0,-0.4
6.0,1,1,-60.0,-146.26,2787.74,50.0,0.0,-0.4
7.0,0,3,-49.75,-141.94,1393.04,50.0,0.0,-0.3833
7.0,1,1,-49.79,-150.0,2774.4,50.0,0.0,-0.3666
7.0,2,3,-58.06,-142.24,1393.05,50.0,0.0,-0.3833
8.0,0,1,-48.81,-150.0,2787.74,50.0,0.0,-0.4
8.0,1,1,-58.33,-144.1,2787.74,50.0,0.0,-0.4
8.0,2,1,-60.0,-150.0,2787.74,50.0,0.0,-0.4
9.0,0,2,-39.37,-150.0,2399.91,50.0,0.0,-0.3666
9.0,1,3,-46.84,-150.0,1393.04,50.0,0.0,-0.3833
9.0,2,3,-60.0,-150.0,1393.05,50.0,0.0,-0.3833
10.0,0,1,-60.0,-134.62,2787.73,50.0,0.0,-0.4
10.0,1,1,-23.84,-129.77,82.31,50.0,0.0001,-0.3336
10.0,2,1,-60.0,-150.0,2787.75,50.0,0.0,-0.4
10.0,3,1,-35.51,-124.15,1001.59,50.0,0.0,-0.4
11.0,0,3,-42.17,-148.46,1394.81,50.0,0.0,-0.3875
11.0,1,1,-38.94,-150.0,2174.74,50.0,0.0,-0.3625
11.0,2,3,-60.0,-145.37,1394.82,50.0,0.0,-0.3875
11.0,3,3,-22.36,-138.52,32.39,50.0,0.0002,-0.2135
12.0,0,1,-55.62,-142.88,2781.17,50.0,0.0,-0.3875
12.0,1,3,-45.51,-150.0,1387.3,50.0,0.0,-0.3625
12.0,2,1,-58.94,-144.53,2781.18,50.0,0.0,-0.3875
12.0,3,1,-33.38,-150.0,612.73,50.0,0.0,-0.3875
13.0,0,3,-2.93,-114.1,15.34,50.0,0.1513,-0.0067
13.0,1,3,-24.79,-126.85,56.81,50.0,0.0001,-0.2872
13.0,2,3,-60.0,-150.0,1401.38,50.0,0.0,-0.4
13.0,3,3,-32.25,-117.45,248.05,50.0,0.0,-0.3999
13.0,4,3,-8.65,-102.53,16.09,50.0,0.0234,-0.1115
14.0,0,1,-15.63,-114.18,19.88,50.0,0.0021,-0.156
14.0,1,3,-22.63,-150.0,26.08,50.0,0.0002,-0.1748
14.0,2,1,-60.0,-149.27,2782.35,50.0,0.0,-0.39
14.0,3,1,-21.8,-145.18,51.73,50.0,0.0002,-0.2521
14.0,4,1,-11.15,-108.12,13.35,50.0,0.0099,-0.1171
15.0,0,3,-9.18,-94.36,16.22,50.0,0.0196,-0.1228
15.0,1,3,-30.2,-121.48,160.3,50.0,0.0,-0.3999
15.0,2,3,-46.79,-148.41,1401.38,50.0,0.0,-0.4
15.0,3,3,-10.65,-119.84,16.68,50.0,0.0118,-0.1253
15.0,4,3,-11.57,-107.94,17.06,50.0,0.0086,-0.1346
16.0,0,3,-8.68,-142.41,2.76,50.0,0.0233,-0.0464
16.0,1,3,-25.78,-145.81,54.15,50.0,0.0001,-0.2536
16.0,2,1,-60.0,-150.0,2779.41,50.0,0.0,-0.3833
16.0,3,1,-24.43,-137.12,83.74,50.0,0.0001,-0.3228
16.0,4,1,-23.34,-143.67,66.69,50.0,0.0001,-0.2832
16.0,5,1,-31.04,-123.89,359.36,50.0,0.0,-0.3833
17.0,0,3,-12.94,-110.78,13.22,50.0,0.0053,-0.1266
17.0,1,3,-32.43,-114.99,252.86,50.0,0.0,-0.3916
17.0,2,3,-52.83,-150.0,1396.8,50.0,0.0,-0.3916
17.0,3,4,-24.51,-150.0,39.64,50.0,0.0001,-0.2098
17.0,4,3,-0.88,-106.08,10.65,50.0,0.2671,0.075
17.0,5,3,-28.46,-106.11,107.81,50.0,0.0,-0.3866
18.0,0,1,-10.07,-111.93,9.62,50.0,0.0144,-0.0938
18.0,1,1,-19.25,-122.38,30.14,50.0,0.0006,-0.1892
18.0,2,3,-60.0,-150.0,1388.05,50.0,0.0,-0.3666
18.0,3,3,-33.11,-145.48,285.11,50.0,0.0,-0.3666
18.0,4,1,-19.26,-111.83,30.21,50.0,0.0006,-0.1894
18.0,5,1,-30.44,-123.37,313.39,50.0,0.0,-0.3833
19.0,0,3,-10.9,-100.58,12.79,50.0,0.0108,-0.1191
19.0,1,3,-23.51,-107.38,42.16,50.0,0.0001,-0.2462
19.0,2,3,-60.0,-146.49,1397.4,50.0,0.0,-0.3928
19.0,3,3,-22.17,-119.33,33.94,50.0,0.0002,-0.221
19.0,4,3,-11.57,-111.36,13.08,50.0,0.0086,-0.118
19.0,5,3,-33.08,-124.74,292.78,50.0,0.0,-0.3928
19.0,6,1,-42.31,-150.0,2773.04,50.0,0.0,-0.3571
20.0,0,3,-12.48,-131.02,7.42,50.0,0.0063,-0.0988
20.0,1,3,-26.49,-108.49,66.69,50.0,0.0,-0.2953
20.0,2,1,-55.5,-150.0,2775.5,50.0,0.0,-0.3714
20.0,3,3,-24.72,-116.7,46.03,50.0,0.0001,-0.2439
20.0,4,1,-9.73,-150.0,5.5,50.0,0.0162,-0.0711
20.0,5,3,-18.46,-118.2,14.68,50.0,0.0008,-0.1487
20.0,6,1,-45.97,-150.0,2775.49,50.0,0.0,-0.3714
21.0,0,1,-10.6,-150.0,6.08,50.0,0.012,-0.0788
21.0,1,3,-12.65,-112.91,5.38,50.0,0.0059,-0.0888
21.0,2,1,-60.0,-150.0,2775.5,50.0,0.0,-0.3714
21.0,3,6,-60.0,-150.0,69.63,50.0,0.0,-0.2962
21.0,4,3,-6.99,-143.56,3.52,50.0,0.0412,-0.0333
21.0,5,3,-18.1,-117.79,11.78,50.0,0.0009,-0.1339
21.0,6,1,-48.38,-145.93,2775.49,50.0,0.0,-0.3714
22.0,0,1,-5.1,-150.0,1.26,50.0,0.077,0.0043
22.0,1,3,-33.29,-118.97,306.96,50.0,0.0,-0.3937
22.0,2,3,-56.37,-146.83,1397.87,50.0,0.0,-0.3937
22.0,3,3,-23.67,-111.5,43.84,50.0,0.0001,-0.2494
22.0,4,3,-13.62,-134.61,14.74,50.0,0.0042,-0.1362
22.0,5,3,-22.04,-115.75,33.74,50.0,0.0002,-0.2208
22.0,6,3,-36.86,-133.54,683.71,50.0,0.0,-0.3937
22.0,7,3,-43.22,-129.77,1397.85,50.0,0.0,-0.3937
23.0,0,1,3.94,-136.77,6.08,50.0,0.6636,0.2625
23.0,1,1,-24.34,-121.25,81.24,50.0,0.0001,-0.3152
23.0,2,3,-60.0,-148.22,1388.49,50.0,0.0,-0.3687
23.0,3,1,-26.6,-122.81,132.77,50.0,0.0,-0.3642
23.0,4,3,-0.55,-139.66,2.33,50.0,0.2907,0.1303
23.0,5,3,-23.23,-138.15,31.32,50.0,0.0001,-0.1971
23.0,6,1,-42.27,-142.12,2778.59,50.0,0.0,-0.3812
23.0,7,1,-30.85,-137.1,342.84,50.0,0.0,-0.3812
24.0,0,3,-14.05,-105.73,9.45,50.0,0.0036,-0.1188
24.0,1,1,-19.28,-127.56,25.71,50.0,0.0006,-0.1659
24.0,2,3,-60.0,-140.41,1392.24,50.0,0.0,-0.3812
24.0,3,1,-31.33,-117.74,378.46,50.0,0.0,-0.3687
24.0,4,3,-17.68,-106.2,14.05,50.0,0.001,-0.1486
24.0,5,1,-35.86,-113.8,1071.6,50.0,0.0,-0.3687
24.0,6,3,-45.68,-135.08,1392.23,50.0,0.0,-0.3812
24.0,7,3,-45.1,-140.08,1392.23,50.0,0.0,-0.3812
25.0,1,3,-25.03,-127.29,50.84,50.0,0.0001,-0.2599
25.0,2,1,-60.0,-150.0,2774.41,50.0,0.0,-0.3666
25.0,3,1,-24.02,-135.37,71.7,50.0,0.0001,-0.2799
25.0,5,3,-19.36,-124.84,18.71,50.0,0.0006,-0.1664
25.0,6,3,-36.92,-131.11,689.55,50.0,0.0,-0.3833
25.0,7,3,-40.58,-125.08,1393.03,50.0,0.0,-0.3833
25.0,8,1,-33.6,-134.26,637.03,50.0,0.0,-0.3666
26.0,1,1,-29.73,-130.11,262.55,50.0,0.0,-0.3653
26.0,2,1,-60.0,-150.0,2774.41,50.0,0.0,-0.3666
26.0,3,3,-22.35,-130.28,28.51,50.0,0.0002,-0.196
26.0,5,1,-22.54,-134.0,51.52,50.0,0.0002,-0.2321
26.0,6,3,-43.46,-125.97,1391.0,50.0,0.0,-0.3778
26.0,7,2,-32.65,-150.0,511.14,50.0,0.0,-0.3555
26.0,8,3,-31.8,-129.16,214.49,50.0,0.0,-0.3777
27.0,1,1,-18.85,-146.9,23.06,50.0,0.0007,-0.1562
27.0,2,1,-60.0,-150.0,2774.41,50.0,0.0,-0.3666
27.0,3,3,-20.24,-120.78,21.4,50.0,0.0004,-0.1764
27.0,5,3,-21.7,-126.57,27.27,50.0,0.0002,-0.1957
27.0,6,3,-39.12,-136.56,1138.32,50.0,0.0,-0.3833
27.0,7,3,-33.9,-133.05,347.4,50.0,0.0,-0.3833
27.0,8,3,-29.8,-127.06,139.22,50.0,0.0,-0.3823
28.0,1,3,-22.69,-113.34,28.23,50.0,0.0002,-0.1894
28.0,2,1,-52.29,-139.83,2778.13,50.0,0.0,-0.38
28.0,3,1,-19.48,-135.49,30.15,50.0,0.0005,-0.187
28.0,5,3,-23.31,-120.91,32.16,50.0,0.0001,-0.2004
28.0,6,3,-43.12,-139.02,1388.77,50.0,0.0,-0.37
28.0,7,1,-35.43,-124.99,973.22,50.0,0.0,-0.38
28.0,8,3,-37.84,-126.68,844.85,50.0,0.0,-0.37
28.0,9,1,-34.31,-128.61,753.58,50.0,0.0,-0.38
29.0,1,3,-21.75,-113.42,30.4,50.0,0.0002,-0.2089
29.0,2,3,-41.46,-142.62,1395.97,50.0,0.0,-0.39
29.0,3,1,-19.29,-150.0,24.27,50.0,0.0006,-0.1543
29.0,5,3,-34.14,-117.04,369.24,50.0,0.0,-0.39
29.0,6,3,-35.21,-129.11,469.59,50.0,0.0,-0.39
29.0,7,3,-34.1,-115.37,365.97,50.0,0.0,-0.39
29.0,8,3,-34.09,-123.07,365.04,50.0,0.0,-0.39
29.0,9,1,-40.27,-150.0,2773.33,50.0,0.0,-0.36
30.0,1,3,-17.85,-140.7,9.12,50.0,0.001,-0.1157
30.0,2,1,-38.9,-127.49,2160.49,50.0,0.0,-0.385
30.0,3,1,-32.73,-130.72,526.87,50.0,0.0,-0.385
30.0,5,1,-21.02,-124.1,42.52,50.0,0.0003,-0.2247
30.0,6,1,-45.69,-135.34,2780.08,50.0,0.0,-0.385
30.0,7,1,-28.92,-132.58,223.53,50.0,0.0,-0.3795
30.0,8,1,-24.4,-127.57,83.9,50.0,0.0001,-0.3246
30.0,9,1,-40.9,-139.82,2780.08,50.0,0.0,-0.385
31.0,1,1,-18.35,-128.26,19.58,50.0,0.0008,-0.1391
31.0,10,3,-10.15,-138.47,11.55,50.0,0.014,-0.1019
31.0,2,3,-40.47,-125.41,1396.41,50.0,0.0,-0.3909
31.0,3,3,-17.76,-118.79,18.4,50.0,0.001,-0.1647
31.0,5,1,-18.99,-134.33,22.59,50.0,0.0006,-0.1485
31.0,6,3,-43.83,-130.89,1396.41,50.0,0.0,-0.3909
31.0,7,3,-38.3,-130.6,947.79,50.0,0.0,-0.3909
31.0,8,3,-29.02,-121.13,120.75,50.0,0.0,-0.3859
31.0,9,3,-19.15,-130.1,21.51,50.0,0.0006,-0.1784
32.0,1,3,-40.04,-116.23,1388.35,50.0,0.0,-0.3682
32.0,10,3,-21.15,-150.0,20.11,50.0,0.0003,-0.1634
32.0,2,1,-28.63,-134.04,208.55,50.0,0.0,-0.3749
32.0,3,1,-31.56,-133.06,403.43,50.0,0.0,-0.3818
32.0,5,3,-14.19,-121.67,5.69,50.0,0.0034,-0.0961
32.0,6,1,-46.94,-131.88,2778.81,50.0,0.0,-0.3818
32.0,7,3,-27.47,-132.69,79.52,50.0,0.0,-0.3144
32.0,8,1,-28.15,-123.82,187.36,50.0,0.0,-0.3725
32.0,9,1,-28.63,-132.82,208.53,50.0,0.0,-0.3749
33.0,1,3,-24.47,-108.66,48.88,50.0,0.0001,-0.2616
33.0,10,3,-14.42,-138.94,13.95,50.0,0.0032,-0.1367
33.0,2,3,-34.85,-143.45,433.86,50.0,0.0,-0.3909
33.0,3,3,-30.29,-121.07,158.16,50.0,0.0,-0.3908
33.0,5,1,-28.7,-150.0,206.08,50.0,0.0,-0.3525
33.0,6,3,-44.33,-130.49,1396.41,50.0,0.0,-0.3909
33.0,7,3,-43.04,-119.0,1396.41,50.0,0.0,-0.3909
33.0,8,3,-30.28,-120.55,158.08,50.0,0.0,-0.3908
33.0,9,1,-32.98,-150.0,551.67,50.0,0.0,-0.3591
34.0,1,3,-27.07,-133.58,73.29,50.0,0.0,-0.3026
34.0,10,3,-23.29,-149.47,32.24,50.0,0.0001,-0.2013
34.0,11,3,-34.71,-132.96,413.16,50.0,0.0,-0.3708
34.0,2,1,-34.23,-143.65,739.76,50.0,0.0,-0.3791
34.0,3,1,-19.9,-118.7,32.31,50.0,0.0005,-0.1927
34.0,5,1,-19.32,-123.23,28.96,50.0,0.0006,-0.183
34.0,6,1,-46.55,-130.74,2777.84,50.0,0.0,-0.3791
34.0,7,1,-31.91,-133.65,436.06,50.0,0.0,-0.3791
34.0,8,1,-37.59,-131.1,1596.08,50.0,0.0,-0.3791
34.0,9,3,-32.93,-137.44,275.1,50.0,0.0,-0.3708
35.0,1,3,-29.21,-111.84,124.03,50.0,0.0,-0.3834
35.0,10,3,-20.93,-135.99,25.69,50.0,0.0003,-0.1927
35.0,11,3,-35.22,-118.21,469.8,50.0,0.0,-0.3875
35.0,2,3,-36.24,-146.54,591.18,50.0,0.0,-0.3875
35.0,3,3,-27.82,-114.14,92.5,50.0,0.0,-0.3615
35.0,5,3,-22.82,-102.64,35.07,50.0,0.0002,-0.2265
35.0,6,3,-36.6,-128.95,642.53,50.0,0.0,-0.3875
35.0,7,3,-35.68,-122.7,521.31,50.0,0.0,-0.3875
35.0,8,1,-36.4,-143.05,1210.97,50.0,0.0,-0.3625
35.0,9,1,-31.21,-148.7,367.28,50.0,0.0,-0.3625
36.0,1,3,-22.13,-109.51,25.31,50.0,0.0002,-0.1819
36.0,10,1,-45.49,-143.9,2777.84,50.0,0.0,-0.3791
36.0,11,1,-27.98,-123.93,179.23,50.0,0.0,-0.369
36.0,2,1,-34.81,-137.07,843.9,50.0,0.0,-0.3791
36.0,3,3,-24.82,-114.26,44.73,50.0,0.0001,-0.2341
36.0,5,3,-12.73,-108.38,5.27,50.0,0.0057,-0.0897
36.0,6,3,-37.78,-136.62,834.2,50.0,0.0,-0.3708
36.0,7,1,-27.46,-128.08,159.68,50.0,0.0,-0.3664
36.0,8,1,-35.34,-134.63,953.4,50.0,0.0,-0.3791
36.0,9,1,-42.21,-134.72,2777.84,50.0,0.0,-0.3791
37.0,1,1,-18.06,-132.33,20.09,50.0,0.0009,-0.1487
37.0,10,3,-28.73,-142.55,109.32,50.0,0.0,-0.3743
37.0,11,1,-30.72,-126.01,329.31,50.0,0.0,-0.3692
37.0,2,3,-39.35,-129.1,1198.66,50.0,0.0,-0.3807
37.0,3,3,-25.89,-116.01,59.51,50.0,0.0,-0.279
37.0,5,3,-19.61,-120.32,18.43,50.0,0.0005,-0.1645
37.0,6,3,-46.1,-126.95,1392.05,50.0,0.0,-0.3807
37.0,7,1,-29.5,-128.19,249.67,50.0,0.0,-0.3667
37.0,9,3,-40.3,-131.89,1392.05,50.0,0.0,-0.3807
38.0,1,1,-18.07,-119.56,20.15,50.0,0.0009,-0.1489
38.0,10,1,-45.52,-146.53,2774.95,50.0,0.0,-0.3692
38.0,11,1,-32.68,-128.27,516.51,50.0,0.0,-0.3692
38.0,2,3,-30.3,-138.19,154.15,50.0,0.0,-0.3807
38.0,3,3,-29.68,-124.07,134.53,50.0,0.0,-0.3791
38.0,5,3,-15.79,-112.39,11.01,50.0,0.002,-0.1288
38.0,6,3,-48.67,-132.88,1392.05,50.0,0.0,-0.3807
38.0,7,3,-19.06,-133.28,16.91,50.0,0.0006,-0.1586
38.0,9,3,-36.96,-128.72,693.69,50.0,0.0,-0.3807
39.0,0,3,2.25,-60.93,7.33,50.0,0.5222,0.1951
39.0,1,1,-11.84,-117.46,5.17,50.0,0.0078,-0.0756
39.0,10,3,-16.79,-139.58,13.88,50.0,0.0014,-0.144
39.0,11,1,-29.73,-141.02,261.56,50.0,0.0,-0.3602
39.0,2,3,-39.2,-126.92,1159.94,50.0,0.0,-0.3846
39.0,3,3,-25.93,-126.57,61.54,50.0,0.0,-0.2871
39.0,5,1,-15.15,-107.44,10.02,50.0,0.0025,-0.107
39.0,6,3,-50.32,-133.87,1393.56,50.0,0.0,-0.3846
39.0,7,3,-12.28,-131.4,9.6,50.0,0.0067,-0.1079
39.0,9,3,-35.32,-133.71,478.84,50.0,0.0,-0.3846
40.0,0,3,-0.29,-58.55,5.11,50.0,0.3098,0.0886
40.0,1,3,-27.35,-118.87,80.34,50.0,0.0,-0.3258
40.0,10,1,-40.06,-139.6,2775.49,50.0,0.0,-0.3714
40.0,11,3,-37.3,-123.88,750.22,50.0,0.0,-0.3785
40.0,12,3,-9.8,-96.71,6.29,50.0,0.0158,-0.0855
40.0,13,1,-50.13,-137.38,2775.49,50.0,0.0,-0.3714
40.0,2,1,-49.14,-148.94,2775.49,50.0,0.0,-0.3714
40.0,3,1,-37.16,-124.47,1445.13,50.0,0.0,-0.3714
40.0,4,3,-4.57,-57.37,5.36,50.0,0.0911,-0.0419
40.0,5,1,-16.51,-133.94,15.32,50.0,0.0015,-0.1332
40.0,6,3,-58.24,-127.63,1391.27,50.0,0.0,-0.3785
40.0,7,1,-30.66,-138.95,325.84,50.0,0.0,-0.3714
40.0,8,3,-20.06,-91.41,19.03,50.0,0.0004,-0.1792
40.0,9,3,-38.92,-136.26,1085.08,50.0,0.0,-0.3785
41.0,1,3,-17.18,-113.14,14.96,50.0,0.0012,-0.1495
41.0,10,3,-29.97,-137.01,145.4,50.0,0.0,-0.3855
41.0,11,3,-22.65,-120.38,33.21,50.0,0.0002,-0.2148
41.0,12,3,-10.1,-93.49,9.14,50.0,0.0143,-0.1032
41.0,13,1,-33.89,-141.5,680.3,50.0,0.0,-0.3643
41.0,2,3,-37.93,-142.54,868.27,50.0,0.0,-0.3857
41.0,3,3,-24.72,-111.42,48.78,50.0,0.0001,-0.2565
41.0,5,1,-15.07,-144.61,10.28,50.0,0.0025,-0.108
41.0,6,3,-42.6,-125.78,1394.02,50.0,0.0,-0.3857
41.0,7,3,-30.2,-126.17,152.77,50.0,0.0,-0.3856
41.0,8,3,-6.33,-106.92,8.32,50.0,0.0514,-0.0501
41.0,9,1,-35.4,-150.0,962.06,50.0,0.0,-0.3643
42.0,1,3,-13.7,-114.33,10.97,50.0,0.0041,-0.1211
42.0,10,3,-13.83,-132.84,11.08,50.0,0.0039,-0.1221
42.0,11,1,-22.86,-134.28,54.93,50.0,0.0002,-0.2382
42.0,12,3,-6.27,-106.34,8.31,50.0,0.0524,-0.0496
42.0,13,3,-38.15,-122.42,912.92,50.0,0.0,-0.3857
42.0,2,1,-56.77,-129.36,2773.96,50.0,0.0,-0.3643
42.0,3,3,-29.1,-115.58,120.29,50.0,0.0,-0.3811
42.0,5,3,-9.33,-105.91,8.91,50.0,0.0186,-0.087
42.0,6,3,-48.88,-129.29,1394.02,50.0,0.0,-0.3857
42.0,7,3,-25.85,-129.17,61.06,50.0,0.0,-0.2868
42.0,8,3,-11.98,-100.19,9.91,50.0,0.0074,-0.1145
42.0,9,1,-24.19,-132.8,74.06,50.0,0.0001,-0.2832
43.0,1,3,-17.07,-105.2,15.19,50.0,0.0013,-0.1537
43.0,10,3,-16.3,-135.55,14.05,50.0,0.0017,-0.1436
43.0,11,3,-23.74,-128.8,40.97,50.0,0.0001,-0.2369
43.0,12,3,-11.31,-96.62,10.01,50.0,0.0094,-0.1133
43.0,13,3,-41.67,-123.26,1394.43,50.0,0.0,-0.3866
43.0,14,3,-6.72,-109.86,8.79,50.0,0.0452,-0.0554
43.0,2,6,-60.0,-150.0,69.39,50.0,0.0,-0.292
43.0,3,1,-26.69,-132.12,129.87,50.0,0.0,-0.34
43.0,5,3,-24.89,-110.92,50.91,50.0,0.0001,-0.2626
43.0,6,3,-44.21,-122.2,1394.44,50.0,0.0,-0.3866
43.0,7,2,-35.02,-150.0,881.73,50.0,0.0,-0.3533
43.0,8,3,-7.37,-90.84,8.89,50.0,0.0363,-0.0777
43.0,9,3,-17.23,-112.36,15.46,50.0,0.0012,-0.1517
44.0,1,6,-42.62,-150.0,69.39,50.0,0.0,-0.292
44.0,10,3,-20.65,-139.41,18.56,50.0,0.0004,-0.1595
44.0,11,1,-29.53,-114.5,253.32,50.0,0.0,-0.3743
44.0,12,1,-20.62,-101.3,36.37,50.0,0.0004,-0.2082
44.0,13,1,-38.49,-129.61,1963.45,50.0,0.0,-0.3766
44.0,14,1,-12.58,-138.79,9.42,50.0,0.006,-0.104
44.0,2,3,-33.23,-130.08,294.1,50.0,0.0,-0.37
44.0,3,1,-22.48,-122.99,53.43,50.0,0.0002,-0.2456
44.0,5,1,-5.72,-124.26,5.44,50.0,0.0629,-0.0338
44.0,6,3,-39.15,-140.28,1142.0,50.0,0.0,-0.37
44.0,7,1,-17.89,-118.36,21.47,50.0,0.0009,-0.158
44.0,8,1,-20.36,-107.64,34.52,50.0,0.0004,-0.1986
44.0,9,3,-14.24,-135.0,6.15,50.0,0.0034,-0.0991
45.0,1,3,-17.44,-105.69,20.83,50.0,0.0011,-0.1767
45.0,10,3,-27.56,-133.48,92.2,50.0,0.0,-0.3687
45.0,11,3,-27.97,-118.71,100.1,50.0,0.0,-0.3864
45.0,12,3,-6.95,-109.42,13.82,50.0,0.0418,-0.0789
45.0,13,3,-36.42,-127.73,620.76,50.0,0.0,-0.3966
45.0,14,3,-11.17,-108.07,14.95,50.0,0.0098,-0.124
45.0,2,3,-37.35,-124.54,766.16,50.0,0.0,-0.3966
45.0,3,3,-22.55,-118.83,38.08,50.0,0.0002,-0.235
45.0,5,3,-20.36,-108.77,28.18,50.0,0.0004,-0.2048
45.0,6,3,-37.71,-124.08,831.22,50.0,0.0,-0.3966
45.0,7,1,-33.57,-150.0,630.87,50.0,0.0,-0.3533
45.0,8,3,-7.95,-107.02,14.0,50.0,0.0298,-0.0932
45.0,9,3,-16.93,-102.95,19.98,50.0,0.0013,-0.1741
46.0,0,3,-21.71,-102.91,25.36,50.0,0.0002,-0.1918
46.0,1,3,-11.88,-119.81,6.95,50.0,0.0077,-0.0933
46.0,10,3,-21.52,-134.23,24.5,50.0,0.0003,-0.184
46.0,11,1,-29.23,-126.26,235.31,50.0,0.0,-0.368
46.0,12,1,-9.03,-130.55,5.23,50.0,0.0206,-0.0652
46.0,13,1,-32.52,-133.11,497.95,50.0,0.0,-0.3719
46.0,14,3,-15.81,-100.21,10.1,50.0,0.002,-0.1314
46.0,15,1,-38.31,-126.72,1883.99,50.0,0.0,-0.3719
46.0,2,3,-32.95,-123.65,278.34,50.0,0.0,-0.3781
46.0,3,1,-30.77,-117.01,334.2,50.0,0.0,-0.3719
46.0,4,3,0.17,-102.05,4.94,50.0,0.3449,0.1396
46.0,5,1,-15.76,-116.74,13.46,50.0,0.002,-0.1258
46.0,6,3,-32.68,-126.46,261.98,50.0,0.0,-0.3781
46.0,7,1,-23.77,-123.37,69.03,50.0,0.0001,-0.2786
46.0,8,3,-18.48,-129.19,14.58,50.0,0.0008,-0.1482
46.0,9,3,-10.94,-116.54,6.54,50.0,0.0107,-0.0854
47.0,0,3,-0.56,-106.29,8.66,50.0,0.2899,0.0958
47.0,1,3,-8.57,-107.84,9.5,50.0,0.0241,-0.0812
47.0,10,3,-20.22,-140.25,23.08,50.0,0.0004,-0.1838
47.0,11,3,-24.91,-117.53,51.44,50.0,0.0001,-0.2646
47.0,12,1,-9.89,-136.14,3.36,50.0,0.0154,-0.056
47.0,13,3,-32.71,-129.01,267.39,50.0,0.0,-0.3875
47.0,14,1,-5.54,-149.31,1.65,50.0,0.0667,-0.0064
47.0,15,1,-34.87,-140.44,852.2,50.0,0.0,-0.3594
47.0,2,3,-33.72,-139.3,335.01,50.0,0.0,-0.3875
47.0,3,3,-17.79,-115.67,16.83,50.0,0.001,-0.1583
47.0,4,3,-17.6,-105.9,16.48,50.0,0.001,-0.1595
47.0,5,3,-16.75,-110.94,15.06,50.0,0.0014,-0.1491
47.0,6,5,-48.58,-150.0,277.34,50.0,0.0,-0.3531
47.0,7,3,-17.76,-114.82,16.78,50.0,0.001,-0.1581
47.0,8,3,-16.13,-123.89,14.2,50.0,0.0018,-0.1438
47.0,9,3,-18.08,-129.77,17.41,50.0,0.0009,-0.1611
48.0,0,1,-4.83,-136.3,3.09,50.0,0.0838,-0.0075
48.0,1,1,-8.1,-119.09,4.04,50.0,0.0283,-0.0512
48.0,10,3,-21.16,-126.96,24.02,50.0,0.0003,-0.1843
48.0,11,1,-29.99,-137.92,279.07,50.0,0.0,-0.3687
48.0,12,3,-10.65,-103.73,7.54,50.0,0.0118,-0.0928
48.0,13,3,-36.63,-121.34,644.22,50.0,0.0,-0.3812
48.0,14,1,-13.28,-135.58,8.15,50.0,0.0047,-0.0978
48.0,15,1,-37.24,-132.61,1471.28,50.0,0.0,-0.3687
48.0,2,1,-19.83,-125.88,28.94,50.0,0.0005,-0.1752
48.0,3,3,-26.6,-120.11,69.25,50.0,0.0,-0.3026
48.0,4,3,-17.96,-129.26,14.61,50.0,0.0009,-0.1486
48.0,5,3,-11.68,-117.74,7.97,50.0,0.0083,-0.097
48.0,6,3,-32.9,-128.87,276.41,50.0,0.0,-0.3812
48.0,7,3,-17.04,-122.54,12.94,50.0,0.0013,-0.1402
48.0,8,3,-12.68,-106.51,8.5,50.0,0.0058,-0.1076
48.0,9,3,-20.55,-139.25,21.66,50.0,0.0004,-0.1764
49.0,0,1,-15.6,-134.59,11.03,50.0,0.0021,-0.1099
49.0,1,3,-11.59,-99.98,10.84,50.0,0.0085,-0.1163
49.0,10,3,-22.33,-128.4,32.56,50.0,0.0002,-0.2144
49.0,11,1,-18.89,-143.27,22.42,50.0,0.0007,-0.1502
49.0,12,1,-18.75,-110.98,21.76,50.0,0.0007,-0.1482
49.0,13,3,-32.03,-126.79,230.26,50.0,0.0,-0.3882
49.0,14,3,-11.53,-109.9,10.81,50.0,0.0087,-0.1087
49.0,15,3,-33.92,-125.22,350.36,50.0,0.0,-0.3882
49.0,16,3,-15.92,-104.45,14.26,50.0,0.0019,-0.1475
49.0,2,3,-22.2,-125.26,31.87,50.0,0.0002,-0.2124
49.0,3,3,-25.66,-116.65,59.83,50.0,0.0001,-0.2859
49.0,4,3,-19.81,-130.97,22.12,50.0,0.0005,-0.1805
49.0,5,3,-10.89,-111.42,10.54,50.0,0.0109,-0.1032
49.0,6,3,-14.2,-111.96,12.49,50.0,0.0034,-0.1298
49.0,7,3,-18.8,-131.57,19.35,50.0,0.0007,-0.1696
49.0,8,1,-19.9,-104.73,28.06,50.0,0.0005,-0.1705
49.0,9,3,-19.33,-111.9,20.73,50.0,0.0006,-0.1751
50.0,1,3,-14.96,-99.78,9.6,50.0,0.0026,-0.1271
50.0,10,3,-26.14,-137.6,62.32,50.0,0.0,-0.2845
50.0,11,1,-14.74,-117.36,10.94,50.0,0.0028,-0.1138
50.0,12,1,-12.16,-126.83,7.24,50.0,0.007,-0.0909
50.0,13,3,-43.94,-123.96,1391.56,50.0,0.0,-0.3794
50.0,14,1,-9.92,-147.46,5.41,50.0,0.0152,-0.0715
50.0,15,1,-42.85,-136.72,2775.27,50.0,0.0,-0.3706
50.0,16,3,-13.8,-116.93,8.59,50.0,0.004,-0.1106
50.0,2,3,-20.51,-129.48,20.87,50.0,0.0004,-0.1728
50.0,3,1,-24.71,-125.95,84.65,50.0,0.0001,-0.3133
50.0,4,3,-17.61,-133.2,13.26,50.0,0.001,-0.1421
50.0,5,3,-12.03,-102.08,7.47,50.0,0.0073,-0.1023
50.0,6,3,-11.29,-110.27,7.13,50.0,0.0094,-0.0906
50.0,7,1,-11.02,-121.28,6.19,50.0,0.0104,-0.0811
50.0,8,3,-15.7,-123.07,10.41,50.0,0.002,-0.1257
50.0,9,3,-16.44,-130.77,11.37,50.0,0.0016,-0.1318
51.0,0,3,-22.9,-126.89,35.87,50.0,0.0002,-0.224
51.0,1,3,-22.35,-107.74,32.68,50.0,0.0002,-0.2164
51.0,10,3,-38.57,-131.69,1005.12,50.0,0.0,-0.3882
51.0,11,3,-18.57,-118.94,18.81,50.0,0.0007,-0.1673
51.0,12,1,-26.3,-139.29,119.0,50.0,0.0,-0.3402
51.0,13,3,-30.94,-120.48,180.8,50.0,0.0,-0.3882
51.0,14,1,-1.81,-150.0,1.02,50.0,0.2087,0.0751
51.0,15,3,-33.69,-116.78,332.83,50.0,0.0,-0.3882
51.0,16,3,-20.65,-124.52,24.93,50.0,0.0004,-0.1905
51.0,2,3,-43.78,-129.37,1395.14,50.0,0.0,-0.3882
51.0,3,3,-30.96,-108.56,181.72,50.0,0.0,-0.3892
51.0,4,6,-50.71,-150.0,69.37,50.0,0.0,-0.2915
51.0,5,3,-3.88,-100.96,9.18,50.0,0.1133,-0.0131
51.0,6,1,-14.03,-135.76,7.62,50.0,0.0036,-0.0912
51.0,7,3,-23.25,-111.06,38.13,50.0,0.0001,-0.2303
51.0,8,3,-17.42,-124.41,16.49,50.0,0.0011,-0.1564
51.0,9,3,-10.17,-133.23,10.28,50.0,0.0139,-0.0969
52.0,0,1,-9.99,-121.47,5.18,50.0,0.0148,-0.0704
52.0,1,3,-14.0,-104.31,9.16,50.0,0.0037,-0.1183
52.0,10,3,-42.4,-137.03,1391.97,50.0,0.0,-0.3805
52.0,11,1,-24.98,-131.15,89.65,50.0,0.0,-0.3235
52.0,12,3,-15.11,-126.44,10.17,50.0,0.0025,-0.1229
52.0,13,3,-31.22,-130.54,189.3,50.0,0.0,-0.3805
52.0,14,1,-23.9,-141.88,70.48,50.0,0.0001,-0.2797
52.0,15,1,-27.85,-124.88,171.39,50.0,0.0,-0.3586
52.0,16,3,-20.83,-104.29,22.45,50.0,0.0003,-0.1829
52.0,17,1,-32.27,-127.35,469.88,50.0,0.0,-0.3694
52.0,2,3,-39.62,-130.87,1276.04,50.0,0.0,-0.3805
52.0,3,1,-32.52,-131.99,497.91,50.0,0.0,-0.3694
52.0,4,3,-14.5,-129.57,9.58,50.0,0.0031,-0.1181
52.0,5,3,-11.92,-99.8,7.83,50.0,0.0076,-0.105
52.0,6,3,-19.74,-104.7,18.73,50.0,0.0005,-0.1694
52.0,7,3,-28.59,-131.46,105.92,50.0,0.0,-0.3734
52.0,8,1,-14.29,-134.97,9.86,50.0,0.0033,-0.1079
52.0,9,3,-14.6,-126.6,9.67,50.0,0.003,-0.1189
53.0,0,3,-15.37,-128.24,12.67,50.0,0.0023,-0.135
53.0,1,3,-15.44,-104.17,12.74,50.0,0.0022,-0.1397
53.0,10,3,-47.81,-130.92,1394.2,50.0,0.0,-0.3861
53.0,11,3,-31.21,-125.97,190.88,50.0,0.0,-0.386
53.0,12,3,-30.49,-109.83,163.09,50.0,0.0,-0.3861
53.0,13,3,-38.13,-130.07,908.35,50.0,0.0,-0.3861
53.0,14,1,-9.76,-141.96,3.92,50.0,0.0161,-0.0606
53.0,15,1,-34.13,-123.67,719.5,50.0,0.0,-0.3639
53.0,16,1,-15.29,-136.26,10.68,50.0,0.0023,-0.1096
53.0,17,3,-24.93,-115.27,51.08,50.0,0.0001,-0.2626
53.0,2,3,-26.56,-127.41,70.72,50.0,0.0,-0.3101
53.0,3,3,-15.61,-116.66,12.95,50.0,0.0021,-0.137
53.0,4,3,-10.56,-111.75,9.47,50.0,0.0122,-0.0963
53.0,5,3,-9.87,-96.84,9.24,50.0,0.0155,-0.0994
53.0,6,3,-16.95,-127.25,14.76,50.0,0.0013,-0.1482
53.0,7,1,-12.99,-135.86,6.81,50.0,0.0052,-0.0885
53.0,8,1,-15.5,-130.13,11.13,50.0,0.0022,-0.1117
53.0,9,3,-21.23,-132.81,26.31,50.0,0.0003,-0.1941
54.0,0,3,-17.84,-115.7,13.13,50.0,0.001,-0.1415
54.0,1,1,-2.39,-115.32,3.57,50.0,0.1768,0.0403
54.0,10,3,-36.82,-137.52,670.64,50.0,0.0,-0.3778
54.0,11,3,-24.85,-109.7,47.04,50.0,0.0001,-0.246
54.0,12,1,-16.65,-116.45,15.91,50.0,0.0015,-0.1358
54.0,13,1,-43.09,-126.32,2775.69,50.0,0.0,-0.3722
54.0,14,1,-21.55,-127.71,42.69,50.0,0.0003,-0.2149
54.0,15,3,-43.53,-127.81,1391.0,50.0,0.0,-0.3778
54.0,16,1,-22.69,-129.23,54.65,50.0,0.0002,-0.2446
54.0,17,3,-31.6,-120.27,205.1,50.0,0.0,-0.3777
54.0,2,1,-34.46,-137.27,778.15,50.0,0.0,-0.3722
54.0,3,1,-24.95,-123.21,89.87,50.0,0.0,-0.3266
54.0,4,3,-16.43,-106.56,10.79,50.0,0.0016,-0.1315
54.0,5,3,-6.0,-125.23,5.25,50.0,0.0573,-0.0289
54.0,6,3,-17.4,-127.8,12.32,50.0,0.0011,-0.1375
54.0,7,3,-8.85,-113.38,5.76,50.0,0.0219,-0.0653
54.0,8,1,-20.97,-121.64,37.75,50.0,0.0003,-0.2021
54.0,9,3,-15.54,-141.6,9.66,50.0,0.0022,-0.1217
55.0,0,3,-7.79,-115.01,6.89,50.0,0.0315,-0.06
55.0,1,3,-4.25,-107.6,6.42,50.0,0.1008,-0.0045
55.0,10,1,-30.64,-140.12,323.21,50.0,0.0,-0.3684
55.0,11,3,-21.69,-116.66,26.52,50.0,0.0003,-0.1924
55.0,12,3,-8.12,-121.91,6.95,50.0,0.0281,-0.0639
55.0,13,3,-39.07,-127.5,1125.63,50.0,0.0,-0.3816
55.0,14,1,-20.4,-121.82,32.59,50.0,0.0004,-0.185
55.0,15,1,-26.32,-131.0,120.96,50.0,0.0,-0.3499
55.0,16,3,-19.93,-120.36,19.68,50.0,0.0005,-0.1696
55.0,17,3,-28.76,-116.47,110.25,50.0,0.0,-0.3753
55.0,18,3,-47.06,-128.21,1392.35,50.0,0.0,-0.3816
55.0,2,3,-36.33,-142.26,602.15,50.0,0.0,-0.3816
55.0,3,1,-20.79,-132.44,35.46,50.0,0.0003,-0.1928
55.0,4,3,-18.64,-118.05,16.19,50.0,0.0007,-0.1558
55.0,5,3,-0.39,-103.56,6.2,50.0,0.3023,0.1115
55.0,6,1,-22.07,-136.3,46.85,50.0,0.0002,-0.2221
55.0,7,3,-11.85,-104.51,8.18,50.0,0.0078,-0.1029
55.0,8,1,-22.5,-132.27,51.45,50.0,0.0002,-0.2335
55.0,9,1,-20.89,-106.57,36.2,50.0,0.0003,-0.1972
56.0,0,1,-20.35,-126.78,30.83,50.0,0.0004,-0.1734
56.0,1,3,-18.45,-104.01,19.12,50.0,0.0008,-0.1727
56.0,10,3,-44.48,-130.77,1395.72,50.0,0.0,-0.3894
56.0,11,3,-31.24,-120.96,193.75,50.0,0.0,-0.3894
56.0,12,1,-14.19,-134.81,8.08,50.0,0.0034,-0.0949
56.0,13,3,-33.51,-124.23,320.73,50.0,0.0,-0.3894
56.0,14,3,-18.99,-112.78,20.4,50.0,0.0006,-0.1739
56.0,15,1,-37.83,-140.78,1684.01,50.0,0.0,-0.3605
56.0,16,3,-17.8,-119.31,17.78,50.0,0.001,-0.1622
56.0,17,3,-35.03,-117.68,451.06,50.0,0.0,-0.3894
56.0,18,3,-41.31,-127.24,1395.72,50.0,0.0,-0.3894
56.0,2,3,-33.42,-125.81,313.9,50.0,0.0,-0.3894
56.0,3,3,-20.14,-109.38,23.74,50.0,0.0004,-0.1871
56.0,4,3,-22.0,-117.71,31.4,50.0,0.0002,-0.2116
56.0,5,3,-0.02,-104.3,9.55,50.0,0.3305,0.1128
56.0,6,3,-15.65,-119.66,14.51,50.0,0.0021,-0.1437
56.0,7,1,-10.73,-139.84,4.09,50.0,0.0115,-0.0648
56.0,8,3,-16.89,-121.01,16.2,50.0,0.0013,-0.1541
56.0,9,3,-13.57,-101.09,12.57,50.0,0.0043,-0.1336
57.0,0,3,-22.47,-112.09,31.6,50.0,0.0002,-0.2092
57.0,1,3,-8.37,-110.73,8.04,50.0,0.0259,-0.0713
57.0,10,1,-47.43,-144.89,2773.77,50.0,0.0,-0.3631
57.0,11,1,-27.66,-104.69,162.89,50.0,0.0,-0.3552
57.0,12,1,-23.43,-135.36,62.32,50.0,0.0001,-0.2547
57.0,13,3,-30.07,-123.96,147.85,50.0,0.0,-0.3841
57.0,14,3,-7.88,-121.09,7.94,50.0,0.0305,-0.0657
57.0,15,1,-34.61,-131.16,802.7,50.0,0.0,-0.3631
57.0,16,3,-23.78,-116.52,40.2,50.0,0.0001,-0.2331
57.0,17,2,-32.2,-150.0,460.44,50.0,0.0,-0.3526
57.0,18,3,-33.05,-128.51,287.22,50.0,0.0,-0.3842
57.0,2,3,-24.09,-126.11,42.65,50.0,0.0001,-0.2396
57.0,3,3,-24.22,-122.07,43.76,50.0,0.0001,-0.2425
57.0,4,3,-20.05,-122.5,21.13,50.0,0.0004,-0.1757
57.0,5,3,-3.48,-106.85,7.4,50.0,0.1283,0.0084
57.0,6,3,-11.1,-113.03,8.88,50.0,0.0101,-0.0974
57.0,7,1,-14.08,-117.82,8.28,50.0,0.0036,-0.0972
57.0,8,3,-12.44,-125.08,9.52,50.0,0.0063,-0.1084
57.0,9,3,-23.09,-114.95,35.3,50.0,0.0002,-0.2198
58.0,0,1,-27.73,-132.79,165.88,50.0,0.0,-0.3536
58.0,1,3,-6.49,-97.54,8.03,50.0,0.0488,-0.0578
58.0,10,1,-39.13,-140.9,2270.76,50.0,0.0,-0.365
58.0,11,1,-20.14,-135.15,30.13,50.0,0.0004,-0.1754
58.0,12,3,-21.87,-110.55,28.72,50.0,0.0002,-0.2012
58.0,13,3,-41.95,-126.99,1393.72,50.0,0.0,-0.385
58.0,14,3,-16.6,-115.12,13.76,50.0,0.0015,-0.1431
58.0,15,1,-34.5,-119.73,783.14,50.0,0.0,-0.365
58.0,16,3,-11.5,-109.81,9.38,50.0,0.0088,-0.1024
58.0,17,3,-25.85,-128.15,60.8,50.0,0.0,-0.2856
58.0,18,3,-36.71,-121.37,656.71,50.0,0.0,-0.385
58.0,19,1,-27.79,-128.6,168.11,50.0,0.0,-0.3539
58.0,2,3,-29.39,-122.61,128.02,50.0,0.0,-0.3819
58.0,3,3,-30.37,-113.06,158.54,50.0,0.0,-0.3849
58.0,4,3,-32.86,-115.87,275.07,50.0,0.0,-0.385
58.0,6,3,-19.4,-117.09,19.5,50.0,0.0006,-0.1698
58.0,7,3,-19.07,-122.49,18.62,50.0,0.0006,-0.1663
58.0,8,1,-28.3,-125.99,188.89,50.0,0.0,-0.3564
58.0,9,3,-12.5,-117.45,9.89,50.0,0.0062,-0.1104
59.0,0,3,-18.49,-118.74,16.21,50.0,0.0008,-0.1559
59.0,1,3,-15.53,-88.4,11.36,50.0,0.0022,-0.1451
59.0,10,3,-39.2,-136.24,1160.37,50.0,0.0,-0.3825
59.0,11,1,-17.27,-133.5,16.29,50.0,0.0012,-0.1327
59.0,12,1,-16.74,-112.1,14.58,50.0,0.0014,-0.1265
59.0,13,1,-34.26,-133.89,741.53,50.0,0.0,-0.365
59.0,14,1,-21.01,-148.07,36.49,50.0,0.0003,-0.1926
59.0,15,3,-27.03,-123.51,76.42,50.0,0.0,-0.3203
59.0,16,4,-19.69,-150.0,13.01,50.0,0.0005,-0.1259
59.0,17,3,-28.66,-112.85,108.2,50.0,0.0,-0.3757
59.0,18,3,-30.09,-130.88,147.89,50.0,0.0,-0.3824
59.0,19,1,-27.11,-135.15,144.14,50.0,0.0,-0.3505
59.0,2,3,-33.86,-131.05,343.2,50.0,0.0,-0.3825
59.0,3,3,-26.16,-114.9,63.65,50.0,0.0,-0.2904
59.0,4,3,-24.85,-121.41,48.71,50.0,0.0001,-0.2539
59.0,5,3,-6.45,-103.23,7.02,50.0,0.0494,-0.0487
59.0,6,3,-23.41,-128.88,36.84,50.0,0.0001,-0.2228
59.0,7,3,-20.66,-126.62,22.53,50.0,0.0004,-0.18
59.0,8,1,-27.46,-121.42,155.95,50.0,0.0,-0.3522
59.0,9,3,-14.35,-129.42,10.18,50.0,0.0033,-0.1203
60.0,0,3,-17.18,-107.12,14.66,50.0,0.0012,-0.1502
60.0,1,1,-16.11,-118.92,12.4,50.0,0.0018,-0.1162
60.0,10,3,-42.51,-130.77,1393.72,50.0,0.0,-0.385
60.0,11,3,-22.71,-112.51,33.28,50.0,0.0002,-0.2146
60.0,12,1,-32.1,-108.41,450.73,50.0,0.0,-0.3636
60.0,13,3,-31.72,-127.78,213.52,50.0,0.0,-0.3849
60.0,14,3,-20.84,-110.83,24.24,50.0,0.0003,-0.1869
60.0,15,5,-38.09,-150.0,178.45,50.0,0.0,-0.3524
60.0,16,3,-15.75,-112.06,12.64,50.0,0.002,-0.1361
60.0,17,1,-23.59,-135.08,64.49,50.0,0.0001,-0.2592
60.0,18,3,-39.3,-127.28,1188.7,50.0,0.0,-0.385
60.0,19,1,-35.82,-131.47,1061.07,50.0,0.0,-0.3625
60.0,2,3,-24.35,-131.46,45.19,50.0,0.0001,-0.2468
60.0,3,3,-25.97,-114.17,62.2,50.0,0.0,-0.289
60.0,4,3,-21.73,-118.38,28.08,50.0,0.0002,-0.1992
60.0,5,3,-14.02,-112.05,10.91,50.0,0.0037,-0.1223
60.0,6,3,-16.64,-121.8,13.82,50.0,0.0015,-0.1435
60.0,7,3,-22.25,-123.18,30.69,50.0,0.0002,-0.207
60.0,8,1,-1.95,-115.5,1.5,50.0,0.2005,0.0663
60.0,9,3,-26.93,-109.53,75.84,50.0,0.0,-0.3215
61.0,0,1,-21.34,-123.65,40.1,50.0,0.0003,-0.2055
61.0,1,3,-8.16,-97.16,6.72,50.0,0.0278,-0.0723
61.0,10,3,-41.78,-131.97,1392.12,50.0,0.0,-0.3809
61.0,11,3,-19.95,-107.01,19.51,50.0,0.0005,-0.1708
61.0,12,1,-8.47,-127.09,4.26,50.0,0.025,-0.0554
61.0,13,1,-27.54,-127.0,159.83,50.0,0.0,-0.3567
61.0,14,1,-19.73,-138.67,28.37,50.0,0.0005,-0.1738
61.0,15,1,-30.89,-133.8,342.75,50.0,0.0,-0.369
61.0,16,3,-16.99,-106.72,12.75,50.0,0.0013,-0.1416
61.0,17,1,-25.27,-126.53,95.54,50.0,0.0,-0.3364
61.0,18,1,-26.78,-136.93,134.42,50.0,0.0,-0.3529
61.0,19,3,-13.35,-120.19,8.82,50.0,0.0046,-0.1098
61.0,2,3,-28.15,-134.68,96.3,50.0,0.0,-0.3642
61.0,20,3,-38.58,-122.24,1004.6,50.0,0.0,-0.3809
61.0,3,1,-28.68,-122.56,206.88,50.0,0.0,-0.3624
61.0,4,3,-20.92,-130.92,22.96,50.0,0.0003,-0.1807
61.0,5,3,-7.28,-102.4,6.56,50.0,0.0374,-0.058
61.0,6,3,-1.47,-113.24,6.01,50.0,0.229,0.0764
61.0,7,3,-25.98,-108.16,60.77,50.0,0.0,-0.2835
61.0,8,3,-22.27,-124.63,29.19,50.0,0.0002,-0.2001
61.0,9,3,-18.89,-130.6,16.56,50.0,0.0007,-0.1572
62.0,0,3,-25.76,-108.62,64.62,50.0,0.0,-0.304
62.0,1,3,-11.2,-102.66,14.18,50.0,0.0098,-0.1251
62.0,10,3,-43.51,-127.69,1398.65,50.0,0.0,-0.3952
62.0,11,3,-23.37,-117.68,42.47,50.0,0.0001,-0.2466
62.0,12,3,-19.43,-106.24,24.5,50.0,0.0006,-0.1929
62.0,13,1,-23.46,-150.0,61.83,50.0,0.0001,-0.2455
62.0,14,3,-25.21,-122.33,58.35,50.0,0.0001,-0.2877
62.0,15,3,-24.17,-117.78,48.6,50.0,0.0001,-0.2629
62.0,16,3,-16.33,-112.74,18.31,50.0,0.0016,-0.161
62.0,17,3,-23.03,-121.58,40.19,50.0,0.0002,-0.2403
62.0,18,3,-32.92,-125.62,284.02,50.0,0.0,-0.3952
62.0,19,3,-20.74,-109.43,28.77,50.0,0.0003,-0.2061
62.0,2,3,-27.54,-120.49,90.98,50.0,0.0,-0.3648
62.0,20,3,-34.05,-122.61,364.39,50.0,0.0,-0.3952
62.0,3,1,-29.33,-150.0,238.04,50.0,0.0,-0.3513
62.0,4,3,-14.78,-109.89,16.52,50.0,0.0028,-0.1485
62.0,5,3,-5.93,-101.0,12.89,50.0,0.0586,-0.0669
62.0,6,3,-13.4,-101.56,15.38,50.0,0.0045,-0.1436
62.0,7,3,-18.68,-115.7,22.57,50.0,0.0007,-0.1824
62.0,8,3,-22.11,-113.82,34.9,50.0,0.0002,-0.225
62.0,9,3,-21.07,-117.13,30.09,50.0,0.0003,-0.21
63.0,0,1,-16.4,-126.32,18.91,50.0,0.0016,-0.1516
63.0,1,1,-20.17,-103.95,35.64,50.0,0.0004,-0.2092
63.0,10,3,-44.02,-130.68,1388.04,50.0,0.0,-0.3666
63.0,11,1,-26.74,-117.49,137.62,50.0,0.0,-0.367
63.0,12,3,-23.97,-129.26,36.35,50.0,0.0001,-0.2088
63.0,13,1,-30.42,-127.02,312.17,50.0,0.0,-0.3833
63.0,14,3,-32.01,-123.65,222.14,50.0,0.0,-0.3666
63.0,15,1,-21.47,-118.55,45.66,50.0,0.0003,-0.2316
63.0,16,1,-17.61,-120.45,22.81,50.0,0.001,-0.1659
63.0,17,3,-26.31,-138.06,61.01,50.0,0.0,-0.27
63.0,18,1,-40.9,-133.35,2779.4,50.0,0.0,-0.3833
63.0,19,1,-30.2,-115.56,297.1,50.0,0.0,-0.3833
63.0,2,3,-31.17,-122.19,183.27,50.0,0.0,-0.3666
63.0,20,1,-18.72,-120.6,27.47,50.0,0.0007,-0.1811
63.0,3,3,-20.87,-118.75,18.66,50.0,0.0003,-0.1575
63.0,4,1,-23.53,-112.87,69.37,50.0,0.0001,-0.2895
63.0,5,1,-12.8,-105.34,12.09,50.0,0.0056,-0.1207
63.0,6,3,-10.51,-133.81,3.3,50.0,0.0124,-0.0641
63.0,7,1,-25.81,-123.09,112.42,50.0,0.0,-0.3623
63.0,8,1,-29.93,-126.63,279.58,50.0,0.0,-0.383
63.0,9,1,-8.66,-136.59,8.84,50.0,0.0234,-0.0806
64.0,0,3,-11.01,-115.0,14.22,50.0,0.0104,-0.1187
64.0,1,3,-12.27,-104.74,14.8,50.0,0.0067,-0.1328
64.0,10,3,-44.61,-130.92,1398.77,50.0,0.0,-0.3954
64.0,11,3,-16.26,-123.79,18.32,50.0,0.0017,-0.1608
64.0,12,3,-10.18,-113.98,13.91,50.0,0.0139,-0.1114
64.0,13,3,-29.23,-113.34,128.68,50.0,0.0,-0.3915
64.0,14,1,-27.25,-150.0,147.59,50.0,0.0,-0.3407
64.0,15,3,-19.25,-111.63,24.13,50.0,0.0006,-0.1887
64.0,16,3,-14.4,-102.89,16.28,50.0,0.0032,-0.1509
64.0,17,3,-23.67,-123.02,44.71,50.0,0.0001,-0.2528
64.0,18,3,-42.55,-123.93,1398.76,50.0,0.0,-0.3954
64.0,19,3,-23.64,-114.72,44.52,50.0,0.0001,-0.2523
64.0,2,3,-31.75,-125.67,219.75,50.0,0.0,-0.3954
64.0,20,3,-24.08,-113.19,47.91,50.0,0.0001,-0.2613
64.0,21,3,-60.0,-137.78,1398.78,50.0,0.0,-0.3954
64.0,3,3,-32.66,-112.83,267.95,50.0,0.0,-0.3954
64.0,4,3,-20.4,-117.18,27.67,50.0,0.0004,-0.2019
64.0,5,3,-20.81,-102.17,29.16,50.0,0.0003,-0.2126
64.0,6,3,-17.81,-112.89,20.83,50.0,0.001,-0.1744
64.0,7,1,-24.94,-150.0,86.66,50.0,0.0,-0.3024
64.0,8,3,-31.9,-110.64,227.12,50.0,0.0,-0.3954
64.0,9,3,-30.64,-129.09,173.26,50.0,0.0,-0.3954
65.0,0,1,-20.25,-129.26,34.75,50.0,0.0004,-0.1998
65.0,1,1,-3.54,-103.83,5.99,50.0,0.1259,-0.0037
65.0,10,1,-47.58,-135.13,2777.97,50.0,0.0,-0.3795
65.0,11,1,-28.25,-120.9,190.61,50.0,0.0,-0.3707
65.0,12,1,-20.29,-124.44,35.03,50.0,0.0004,-0.2005
65.0,13,1,-21.37,-129.31,43.39,50.0,0.0003,-0.2228
65.0,14,1,-20.16,-103.99,34.14,50.0,0.0004,-0.2024
65.0,15,6,-60.0,-150.0,69.35,50.0,0.0,-0.2908
65.0,16,2,-11.21,-150.0,3.83,50.0,0.0097,-0.0594
65.0,17,3,-25.84,-115.53,54.8,50.0,0.0001,-0.2544
65.0,18,1,-29.73,-133.94,265.71,50.0,0.0,-0.3782
65.0,19,3,-28.73,-129.17,104.98,50.0,0.0,-0.3594
65.0,2,3,-36.91,-142.08,681.64,50.0,0.0,-0.3659
65.0,20,1,-29.87,-119.13,274.64,50.0,0.0,-0.3789
65.0,21,3,-52.53,-147.54,1387.9,50.0,0.0,-0.3659
65.0,3,3,-24.09,-129.21,37.15,50.0,0.0001,-0.2103
65.0,4,3,-25.37,-127.01,49.34,50.0,0.0001,-0.2411
65.0,5,1,-9.25,-103.56,7.71,50.0,0.0191,-0.0843
65.0,6,1,-19.75,-123.5,31.54,50.0,0.0005,-0.1907
65.0,7,1,-18.8,-119.99,26.42,50.0,0.0007,-0.1756
65.0,8,3,-23.09,-128.75,29.84,50.0,0.0002,-0.1905
65.0,9,1,-26.52,-118.93,129.71,50.0,0.0,-0.3621
66.0,0,1,-23.93,-132.33,70.19,50.0,0.0001,-0.2757
66.0,1,1,-13.28,-125.48,7.55,50.0,0.0047,-0.0938
66.0,10,1,-40.79,-142.38,2774.25,50.0,0.0,-0.3659
66.0,11,3,-23.18,-116.03,35.88,50.0,0.0001,-0.2213
66.0,12,3,-12.76,-106.67,9.66,50.0,0.0057,-0.1131
66.0,13,1,-27.91,-133.2,172.93,50.0,0.0,-0.3554
66.0,14,3,-27.25,-106.72,80.58,50.0,0.0,-0.3337
66.0,15,3,-23.62,-113.97,38.93,50.0,0.0001,-0.2297
66.0,16,1,-13.86,-135.15,8.39,50.0,0.0039,-0.0989
66.0,17,1,-22.56,-133.63,51.67,50.0,0.0002,-0.2317
66.0,18,3,-44.02,-129.98,1393.34,50.0,0.0,-0.3841
66.0,19,3,-30.97,-106.57,180.54,50.0,0.0,-0.3865
66.0,2,3,-16.47,-117.51,13.2,50.0,0.0016,-0.1404
66.0,20,3,-25.7,-124.07,58.5,50.0,0.0001,-0.2793
66.0,21,3,-59.14,-140.72,1393.35,50.0,0.0,-0.3841
66.0,3,1,-29.72,-128.42,261.4,50.0,0.0,-0.3645
66.0,4,3,-25.06,-124.87,51.47,50.0,0.0001,-0.262
66.0,5,3,-2.09,-121.47,7.26,50.0,0.1931,0.0502
66.0,6,3,-18.65,-126.22,17.21,50.0,0.0007,-0.1604
66.0,7,3,-19.91,-114.33,20.61,50.0,0.0005,-0.1738
66.0,8,3,-22.77,-121.72,33.3,50.0,0.0002,-0.214
66.0,9,3,-21.28,-110.8,25.66,50.0,0.0003,-0.1911
67.0,0,3,-26.72,-107.91,71.53,50.0,0.0,-0.3106
67.0,1,1,-10.19,-107.97,4.43,50.0,0.0138,-0.0677
67.0,10,3,-39.95,-133.78,1378.22,50.0,0.0,-0.3826
67.0,11,3,-16.63,-126.03,12.83,50.0,0.0015,-0.139
67.0,12,1,-17.04,-127.43,15.54,50.0,0.0013,-0.1302
67.0,13,1,-31.94,-140.15,434.68,50.0,0.0,-0.3652
67.0,14,3,-27.81,-110.75,90.13,50.0,0.0,-0.3518
67.0,15,3,-30.78,-112.39,172.5,50.0,0.0,-0.3825
67.0,16,4,-10.58,-150.0,1.68,50.0,0.0121,-0.0469
67.0,17,3,-22.42,-126.38,30.63,50.0,0.0002,-0.2054
67.0,18,3,-43.33,-125.76,1392.75,50.0,0.0,-0.3826
67.0,19,3,-23.08,-118.68,34.63,50.0,0.0002,-0.2168
67.0,2,1,-34.29,-142.32,745.91,50.0,0.0,-0.3652
67.0,20,3,-25.46,-121.42,55.22,50.0,0.0001,-0.2701
67.0,21,3,-48.48,-137.41,1392.76,50.0,0.0,-0.3826
67.0,22,1,-5.3,-110.59,2.46,50.0,0.072,-0.0102
67.0,3,3,-20.51,-121.48,22.03,50.0,0.0004,-0.1783
67.0,4,3,-29.56,-115.12,131.71,50.0,0.0,-0.3803
67.0,5,1,-5.33,-108.47,2.47,50.0,0.0713,-0.0118
67.0,6,3,-11.39,-124.76,8.36,50.0,0.0091,-0.097
67.0,7,1,-10.72,-104.24,4.8,50.0,0.0115,-0.075
67.0,8,3,-20.02,-122.34,20.39,50.0,0.0004,-0.1725
67.0,9,3,-26.22,-114.5,64.51,50.0,0.0,-0.2925
68.0,0,3,-27.33,-122.44,80.67,50.0,0.0,-0.3283
68.0,1,1,-11.66,-108.2,6.49,50.0,0.0083,-0.0864
68.0,10,1,-42.77,-139.37,2775.03,50.0,0.0,-0.3695
68.0,11,1,-19.06,-122.49,24.75,50.0,0.0006,-0.1636
68.0,12,3,-25.69,-112.7,57.01,50.0,0.0001,-0.2727
68.0,13,1,-30.09,-128.94,285.77,50.0,0.0,-0.3695
68.0,14,1,-18.24,-142.81,20.93,50.0,0.0008,-0.1517
68.0,15,1,-20.58,-132.12,34.15,50.0,0.0004,-0.1902
68.0,16,3,-14.13,-111.35,9.22,50.0,0.0035,-0.115
68.0,17,3,-27.86,-113.57,90.42,50.0,0.0,-0.3504
68.0,18,3,-29.12,-128.57,118.71,50.0,0.0,-0.3759
68.0,19,3,-20.96,-123.1,22.94,50.0,0.0003,-0.1803
68.0,2,3,-31.38,-129.57,195.96,50.0,0.0,-0.3804
68.0,20,3,-34.25,-120.48,374.09,50.0,0.0,-0.3804
68.0,21,3,-50.32,-141.02,1391.94,50.0,0.0,-0.3804
68.0,22,1,-15.23,-116.74,11.68,50.0,0.0024,-0.1169
68.0,3,1,-35.3,-108.53,941.45,50.0,0.0,-0.3706
68.0,4,3,-21.8,-112.14,26.61,50.0,0.0002,-0.192
68.0,5,1,-19.41,-99.12,26.62,50.0,0.0006,-0.1769
68.0,6,3,-8.95,-103.35,6.71,50.0,0.0212,-0.0756
68.0,7,3,-6.61,-132.54,6.26,50.0,0.0468,-0.0426
68.0,8,3,-12.65,-110.38,8.18,50.0,0.0059,-0.1034
68.0,9,3,-19.92,-128.58,19.24,50.0,0.0005,-0.1675
69.0,0,3,-26.75,-108.97,78.2,50.0,0.0,-0.3364
69.0,1,3,-6.95,-99.69,13.26,50.0,0.0418,-0.0837
69.0,10,3,-53.81,-130.33,1398.88,50.0,0.0,-0.3956
69.0,11,3,-23.24,-113.36,41.81,50.0,0.0001,-0.245
69.0,12,3,-17.08,-122.36,19.65,50.0,0.0013,-0.1682
69.0,13,3,-21.25,-118.74,31.04,50.0,0.0003,-0.2132
69.0,14,3,-18.55,-103.54,22.5,50.0,0.0008,-0.1865
69.0,15,3,-20.63,-115.58,28.6,50.0,0.0004,-0.2051
69.0,16,3,-12.36,-100.66,14.96,50.0,0.0065,-0.1369
69.0,17,3,-24.09,-115.8,48.16,50.0,0.0001,-0.262
69.0,18,3,-41.23,-126.5,1398.87,50.0,0.0,-0.3956
69.0,19,1,-21.88,-150.0,42.95,50.0,0.0002,-0.1971
69.0,2,3,-22.72,-118.3,38.52,50.0,0.0002,-0.2358
69.0,20,3,-37.86,-117.77,858.8,50.0,0.0,-0.3956
69.0,21,3,-60.0,-138.29,1398.88,50.0,0.0,-0.3956
69.0,22,3,-15.95,-96.04,18.02,50.0,0.0019,-0.1686
69.0,3,3,-28.27,-109.15,105.59,50.0,0.0,-0.3875
69.0,4,3,-25.18,-115.46,58.26,50.0,0.0001,-0.2878
69.0,5,3,-0.31,-102.74,12.72,50.0,0.3079,0.0869
69.0,6,3,-13.98,-104.9,16.04,50.0,0.0037,-0.1466
69.0,7,3,-8.27,-106.62,13.5,50.0,0.0267,-0.095
69.0,8,5,-38.27,-150.0,186.34,50.0,0.0,-0.3521
69.0,9,3,-12.4,-116.23,14.99,50.0,0.0064,-0.1306
70.0,0,1,-24.2,-115.17,81.46,50.0,0.0001,-0.3212
70.0,1,1,-6.2,-107.04,9.73,50.0,0.0537,-0.062
70.0,10,1,-37.81,-124.11,1683.93,50.0,0.0,-0.3875
70.0,11,1,-18.23,-122.38,27.02,50.0,0.0008,-0.1818
70.0,12,3,-21.45,-119.3,20.38,50.0,0.0003,-0.1598
70.0,13,1,-26.71,-112.63,138.71,50.0,0.0,-0.371
70.0,14,1,-19.26,-111.31,31.99,50.0,0.0006,-0.1971
70.0,15,3,-27.97,-125.69,87.88,50.0,0.0,-0.328
70.0,16,1,-12.18,-131.38,13.16,50.0,0.0069,-0.1198
70.0,17,1,-28.93,-110.84,225.28,50.0,0.0,-0.3821
70.0,18,1,-50.13,-128.88,2781.17,50.0,0.0,-0.3875
70.0,19,3,-19.74,-122.69,14.05,50.0,0.0005,-0.1382
70.0,2,3,-27.26,-148.21,74.75,50.0,0.0,-0.2981
70.0,20,1,-23.06,-121.23,64.68,50.0,0.0001,-0.2819
70.0,21,1,-46.73,-144.94,2781.17,50.0,0.0,-0.3875
70.0,22,1,-12.48,-106.88,13.48,50.0,0.0063,-0.1245
70.0,23,1,-50.99,-131.11,2781.17,50.0,0.0,-0.3875
70.0,3,1,-17.06,-123.94,22.66,50.0,0.0013,-0.1668
70.0,4,1,-21.0,-118.72,43.46,50.0,0.0003,-0.229
70.0,5,1,0.35,-106.21,8.82,50.0,0.3596,0.1015
70.0,6,3,-9.95,-124.6,2.38,50.0,0.015,-0.0534
70.0,7,1,-9.76,-103.12,11.2,50.0,0.016,-0.1037
70.0,8,3,-17.7,-117.15,9.17,50.0,0.001,-0.1175
70.0,9,1,-18.66,-105.55,28.93,50.0,0.0007,-0.191
71.0,0,1,-25.48,-138.63,98.21,50.0,0.0,-0.3278
71.0,1,3,-7.53,-103.04,13.46,50.0,0.0343,-0.0893
71.0,10,3,-46.14,-127.81,1398.97,50.0,0.0,-0.3958
71.0,11,3,-26.34,-117.97,72.34,50.0,0.0,-0.322
71.0,12,3,-19.03,-114.7,23.75,50.0,0.0006,-0.1872
71.0,13,3,-38.45,-117.27,982.77,50.0,0.0,-0.3958
71.0,14,3,-13.81,-100.86,16.01,50.0,0.0039,-0.1486
71.0,15,3,-23.47,-114.95,43.52,50.0,0.0001,-0.2498
71.0,16,3,-17.09,-99.15,19.77,50.0,0.0013,-0.1765
71.0,17,3,-31.09,-116.39,190.92,50.0,0.0,-0.3958
71.0,18,3,-39.25,-124.75,1178.08,50.0,0.0,-0.3958
71.0,19,3,-26.49,-113.56,74.46,50.0,0.0,-0.327
71.0,2,3,-23.73,-123.77,45.4,50.0,0.0001,-0.2549
71.0,20,3,-32.21,-114.09,243.37,50.0,0.0,-0.3958
71.0,21,3,-57.18,-138.21,1398.98,50.0,0.0,-0.3958
71.0,22,1,0.93,-139.47,0.45,50.0,0.4074,0.1771
71.0,23,3,-48.91,-131.66,1398.98,50.0,0.0,-0.3958
71.0,3,3,-16.14,-116.7,18.38,50.0,0.0017,-0.1606
71.0,4,3,-41.73,-124.79,1398.97,50.0,0.0,-0.3958
71.0,5,3,-15.18,-102.16,17.25,50.0,0.0024,-0.1584
71.0,6,3,-10.92,-100.73,14.39,50.0,0.0108,-0.1253
71.0,7,3,-8.71,-117.46,13.7,50.0,0.023,-0.0978
71.0,8,3,-21.44,-119.17,32.0,50.0,0.0003,-0.2163
71.0,9,3,-14.63,-120.41,16.7,50.0,0.003,-0.1484
72.0,0,1,-21.81,-118.73,48.05,50.0,0.0002,-0.236
72.0,1,3,-15.34,-123.44,6.47,50.0,0.0023,-0.103
72.0,10,6,-60.0,-150.0,69.35,50.0,0.0,-0.2906
72.0,11,3,-20.99,-128.75,19.17,50.0,0.0003,-0.1591
72.0,12,1,-24.2,-123.42,78.93,50.0,0.0001,-0.3099
72.0,13,1,-23.57,-124.81,69.13,50.0,0.0001,-0.2871
72.0,14,3,-18.64,-104.97,11.88,50.0,0.0007,-0.1358
72.0,15,3,-21.91,-121.92,23.25,50.0,0.0002,-0.1721
72.0,16,1,-7.01,-116.14,7.39,50.0,0.041,-0.0589
72.0,17,1,-32.4,-120.11,488.24,50.0,0.0,-0.3812
72.0,18,1,-29.85,-130.38,274.09,50.0,0.0,-0.3805
72.0,19,3,-15.01,-120.92,6.13,50.0,0.0026,-0.1004
72.0,2,1,-24.43,-140.08,82.86,50.0,0.0001,-0.3189
72.0,20,1,-31.63,-125.07,409.32,50.0,0.0,-0.3812
72.0,21,1,-47.4,-138.51,2778.59,50.0,0.0,-0.3812
72.0,22,1,-8.22,-98.34,7.84,50.0,0.0272,-0.0808
72.0,23,1,-53.84,-135.46,2778.59,50.0,0.0,-0.3812
72.0,3,3,-34.79,-119.04,419.68,50.0,0.0,-0.3666
72.0,4,1,-27.72,-118.18,170.11,50.0,0.0,-0.3698
72.0,5,1,-11.2,-124.99,9.65,50.0,0.0098,-0.1
72.0,6,1,-20.11,-111.17,34.41,50.0,0.0004,-0.2001
72.0,7,1,-7.48,-101.03,7.55,50.0,0.035,-0.0708
72.0,8,3,-26.27,-121.94,60.52,50.0,0.0,-0.2688
72.0,9,3,-10.7,-115.87,3.36,50.0,0.0116,-0.0657
73.0,0,3,-28.56,-117.11,110.05,50.0,0.0,-0.3847
73.0,1,1,-12.18,-124.29,5.1,50.0,0.0069,-0.0741
73.0,10,3,-45.4,-134.08,1396.95,50.0,0.0,-0.392
73.0,11,3,-31.44,-112.66,203.91,50.0,0.0,-0.3919
73.0,12,3,-9.73,-118.36,11.96,50.0,0.0162,-0.1002
73.0,13,3,-26.2,-112.02,68.39,50.0,0.0,-0.3096
73.0,14,3,-16.09,-109.77,16.29,50.0,0.0018,-0.1525
73.0,15,3,-29.72,-121.2,140.73,50.0,0.0,-0.3905
73.0,16,3,-14.04,-121.42,14.17,50.0,0.0036,-0.1359
73.0,17,3,-26.45,-114.11,71.93,50.0,0.0,-0.3179
73.0,18,3,-22.56,-124.0,35.64,50.0,0.0002,-0.2255
73.0,19,3,-27.95,-117.24,97.12,50.0,0.0,-0.3759
73.0,2,3,-29.77,-121.35,142.02,50.0,0.0,-0.3908
73.0,20,3,-32.06,-117.18,233.31,50.0,0.0,-0.3919
73.0,21,3,-39.08,-136.69,1131.61,50.0,0.0,-0.392
73.0,22,3,-3.2,-97.01,10.94,50.0,0.1395,-0.0065
73.0,23,3,-40.21,-132.37,1396.96,50.0,0.0,-0.392
73.0,24,3,-23.24,-114.56,39.89,50.0,0.0001,-0.2375
73.0,3,1,-36.99,-126.22,1386.33,50.0,0.0,-0.358
73.0,4,3,-30.29,-112.93,158.85,50.0,0.0,-0.3919
73.0,5,3,-11.12,-121.92,12.45,50.0,0.01,-0.1126
73.0,6,1,-13.05,-137.34,6.12,50.0,0.0051,-0.0816
73.0,7,3,-21.62,-85.51,30.79,50.0,0.0003,-0.2285
73.0,8,1,-21.22,-131.78,37.26,50.0,0.0003,-0.1882
73.0,9,3,-15.3,-117.28,15.35,50.0,0.0023,-0.1459
74.0,0,1,-36.18,-117.0,1154.87,50.0,0.0,-0.38
74.0,1,3,-9.34,-126.97,3.66,50.0,0.0185,-0.058
74.0,10,1,-48.64,-138.31,2778.13,50.0,0.0,-0.38
74.0,11,3,-26.14,-131.64,59.49,50.0,0.0,-0.2695
74.0,12,1,-19.37,-119.21,29.52,50.0,0.0006,-0.1852
74.0,13,3,-15.94,-126.21,7.91,50.0,0.0019,-0.1127
74.0,14,3,-20.39,-99.57,17.62,50.0,0.0004,-0.1637
74.0,15,1,-20.31,-122.8,35.31,50.0,0.0004,-0.2016
74.0,16,1,-4.44,-122.55,6.3,50.0,0.095,-0.0183
74.0,17,1,-26.52,-129.33,129.98,50.0,0.0,-0.3625
74.0,18,1,-43.38,-130.23,2778.13,50.0,0.0,-0.38
74.0,19,1,-22.92,-115.56,59.84,50.0,0.0001,-0.264
74.0,2,1,-28.8,-140.83,216.02,50.0,0.0,-0.3739
74.0,20,3,-31.53,-122.54,199.57,50.0,0.0,-0.3699
74.0,21,3,-47.73,-142.19,1388.77,50.0,0.0,-0.37
74.0,23,3,-41.59,-129.41,1388.77,50.0,0.0,-0.37
74.0,24,1,-17.71,-127.01,21.92,50.0,0.001,-0.1613
74.0,3,1,-34.83,-125.94,848.32,50.0,0.0,-0.38
74.0,4,1,-30.77,-122.72,336.96,50.0,0.0,-0.38
74.0,5,1,-4.03,-119.49,6.23,50.0,0.1081,-0.0104
74.0,6,3,-22.29,-123.35,25.97,50.0,0.0002,-0.1828
74.0,8,3,-28.16,-123.59,93.19,50.0,0.0,-0.347
74.0,9,3,-7.49,-111.9,3.25,50.0,0.0348,-0.0376
75.0,0,3,-22.82,-120.44,40.41,50.0,0.0002,-0.2424
75.0,1,3,-22.04,-103.18,36.08,50.0,0.0002,-0.2346
75.0,10,3,-48.57,-131.79,1400.19,50.0,0.0,-0.398
75.0,11,3,-24.16,-111.14,50.06,50.0,0.0001,-0.2686
75.0,12,3,-23.7,-112.18,46.42,50.0,0.0001,-0.2589
75.0,13,3,-12.67,-112.1,16.46,50.0,0.0059,-0.1376
75.0,14,3,-14.61,-112.69,17.9,50.0,0.003,-0.1529
75.0,15,6,-54.33,-150.0,69.34,50.0,0.0,-0.2905
75.0,16,3,-11.83,-113.04,16.0,50.0,0.0079,-0.1309
75.0,17,3,-39.5,-120.46,1250.22,50.0,0.0,-0.398
75.0,18,3,-33.85,-122.31,350.38,50.0,0.0,-0.398
75.0,19,3,-15.32,-119.42,18.61,50.0,0.0023,-0.1585
75.0,2,3,-17.4,-118.12,21.51,50.0,0.0011,-0.1761
75.0,20,3,-19.73,-113.41,26.91,50.0,0.0005,-0.1994
75.0,21,3,-46.68,-136.39,1400.2,50.0,0.0,-0.398
75.0,23,3,-41.16,-132.7,1400.2,50.0,0.0,-0.398
75.0,24,3,-23.64,-103.93,45.97,50.0,0.0001,-0.2621
75.0,3,3,-27.28,-110.24,88.08,50.0,0.0,-0.3604
75.0,4,3,-31.02,-116.66,189.22,50.0,0.0,-0.3979
75.0,5,3,-12.45,-114.88,16.33,50.0,0.0063,-0.1359
75.0,6,3,-15.41,-104.58,18.71,50.0,0.0023,-0.1631
75.0,8,3,-34.64,-108.3,417.34,50.0,0.0,-0.3992
75.0,9,3,-13.07,-103.03,16.7,50.0,0.0051,-0.1458
76.0,0,1,-44.45,-125.31,2775.92,50.0,0.0,-0.3731
76.0,1,1,-20.09,-130.81,31.63,50.0,0.0004,-0.1862
76.0,10,1,-44.23,-139.96,2775.93,50.0,0.0,-0.3731
76.0,11,1,-26.99,-116.58,141.96,50.0,0.0,-0.358
76.0,12,3,-19.57,-103.8,15.83,50.0,0.0005,-0.1559
76.0,13,3,-16.71,-116.16,9.77,50.0,0.0014,-0.1239
76.0,14,3,-14.16,-104.48,6.88,50.0,0.0035,-0.1071
76.0,15,3,-30.27,-109.95,150.82,50.0,0.0,-0.3731
76.0,16,1,-15.75,-128.99,13.76,50.0,0.002,-0.1275
76.0,17,1,-30.58,-124.84,320.03,50.0,0.0,-0.3731
76.0,18,1,-27.99,-126.19,177.84,50.0,0.0,-0.363
76.0,19,3,-7.33,-110.32,4.01,50.0,0.0368,-0.0402
76.0,2,3,-16.44,-116.69,9.38,50.0,0.0016,-0.1216
76.0,20,1,-44.53,-128.67,2775.92,50.0,0.0,-0.3731
76.0,21,1,-47.18,-143.78,2775.93,50.0,0.0,-0.3731
76.0,23,3,-45.18,-138.35,1389.57,50.0,0.0,-0.3731
76.0,24,3,-18.14,-116.23,12.29,50.0,0.0009,-0.1367
76.0,25,3,-20.11,-122.8,17.48,50.0,0.0004,-0.1576
76.0,3,3,-37.0,-123.66,698.41,50.0,0.0,-0.3731
76.0,4,1,-18.64,-116.24,23.59,50.0,0.0007,-0.1626
76.0,5,6,-42.64,-150.0,69.41,50.0,0.0,-0.2925
76.0,6,6,-39.28,-150.0,58.81,50.0,0.0,-0.2713
76.0,8,3,-9.14,-105.38,4.4,50.0,0.0199,-0.064
76.0,9,3,-1.61,-99.4,3.46,50.0,0.2204,0.0769
77.0,0,3,-20.8,-114.22,23.16,50.0,0.0003,-0.1822
77.0,1,1,-21.63,-109.58,41.56,50.0,0.0003,-0.2046
77.0,10,3,-44.34,-129.07,1392.78,50.0,0.0,-0.3827
77.0,11,6,-60.0,-150.0,69.34,50.0,0.0,-0.2904
77.0,12,2,-24.67,-150.0,81.34,50.0,0.0001,-0.2877
77.0,13,3,-23.76,-117.55,39.41,50.0,0.0001,-0.2299
77.0,14,3,-8.56,-100.94,7.48,50.0,0.0242,-0.0772
77.0,15,3,-26.95,-107.17,75.11,50.0,0.0,-0.3195
77.0,16,3,-6.09,-98.7,7.04,50.0,0.0557,-0.0468
77.0,17,1,-27.01,-119.04,140.42,50.0,0.0,-0.3484
77.0,18,3,-34.8,-127.73,424.92,50.0,0.0,-0.3827
77.0,19,3,-22.51,-111.52,31.17,50.0,0.0002,-0.207
77.0,2,3,-33.29,-126.4,302.18,50.0,0.0,-0.3827
77.0,20,3,-27.45,-119.26,83.62,50.0,0.0,-0.337
77.0,21,3,-35.63,-141.64,512.85,50.0,0.0,-0.3827
77.0,23,1,-42.95,-150.0,2773.82,50.0,0.0,-0.3634
77.0,24,1,-20.28,-129.8,30.78,50.0,0.0004,-0.1759
77.0,25,1,-31.29,-122.03,373.98,50.0,0.0,-0.3634
77.0,3,1,-33.74,-112.57,657.69,50.0,0.0,-0.3634
77.0,4,3,-26.54,-124.93,68.93,50.0,0.0,-0.3031
77.0,5,1,-10.26,-109.46,4.17,50.0,0.0135,-0.0649
77.0,6,3,-8.83,-111.97,7.54,50.0,0.0221,-0.0736
77.0,8,3,-15.14,-119.24,11.01,50.0,0.0025,-0.1269
77.0,9,3,-15.48,-100.28,11.38,50.0,0.0022,-0.1366
78.0,0,1,-20.55,-124.29,34.8,50.0,0.0004,-0.1949
78.0,1,3,-19.96,-119.02,18.16,50.0,0.0005,-0.162
78.0,10,3,-55.72,-132.3,1390.72,50.0,0.0,-0.3769
78.0,11,3,-24.2,-112.79,40.89,50.0,0.0001,-0.2293
78.0,12,3,-6.42,-115.84,5.03,50.0,0.0499,-0.0338
78.0,13,1,-23.49,-116.78,65.23,50.0,0.0001,-0.2708
78.0,14,3,-5.24,-139.59,4.88,50.0,0.0735,-0.0145
78.0,15,3,-24.6,-123.0,44.38,50.0,0.0001,-0.2383
78.0,16,3,-8.35,-100.38,5.37,50.0,0.026,-0.0654
78.0,17,1,-25.45,-123.42,100.49,50.0,0.0,-0.3502
78.0,18,1,-28.64,-127.84,206.07,50.0,0.0,-0.3662
78.0,19,1,-13.03,-126.29,8.9,50.0,0.0052,-0.1021
78.0,2,1,-15.43,-116.25,13.02,50.0,0.0022,-0.1243
78.0,20,3,-27.86,-120.94,89.14,50.0,0.0,-0.3443
78.0,21,3,-39.11,-139.71,1134.76,50.0,0.0,-0.3769
78.0,23,3,-41.94,-138.55,1390.72,50.0,0.0,-0.3769
78.0,24,1,-26.86,-114.7,137.79,50.0,0.0,-0.3573
78.0,25,3,-26.65,-119.46,68.5,50.0,0.0,-0.297
78.0,3,3,-22.61,-118.21,29.68,50.0,0.0002,-0.1988
78.0,4,1,-38.93,-116.81,2171.62,50.0,0.0,-0.3731
78.0,5,1,-15.71,-129.38,13.67,50.0,0.002,-0.1271
78.0,6,3,-25.98,-107.36,59.39,50.0,0.0,-0.2772
78.0,8,1,-23.77,-125.11,69.4,50.0,0.0001,-0.2805
78.0,9,1,3.01,-118.93,3.45,50.0,0.5871,0.2381
79.0,0,1,-27.13,-131.22,144.41,50.0,0.0,-0.3485
79.0,1,3,-1.07,-107.99,8.47,50.0,0.2547,0.0784
79.0,10,3,-48.88,-127.09,1394.6,50.0,0.0,-0.387
79.0,11,3,-16.51,-124.1,14.5,50.0,0.0015,-0.1462
79.0,12,3,-25.81,-115.94,61.16,50.0,0.0,-0.2882
79.0,13,3,-16.67,-113.95,14.75,50.0,0.0014,-0.1476
79.0,15,3,-24.77,-106.83,49.9,50.0,0.0001,-0.2626
79.0,16,3,-18.11,-109.68,17.28,50.0,0.0009,-0.1607
79.0,17,3,-27.04,-114.53,78.38,50.0,0.0,-0.3288
79.0,18,3,-32.17,-124.83,236.7,50.0,0.0,-0.387
79.0,19,3,-24.05,-106.34,43.5,50.0,0.0001,-0.2465
79.0,2,3,-27.6,-113.19,88.12,50.0,0.0,-0.3511
79.0,20,3,-14.88,-117.21,12.57,50.0,0.0027,-0.1329
79.0,21,3,-50.39,-138.09,1394.6,50.0,0.0,-0.387
79.0,23,1,-44.98,-144.44,2773.74,50.0,0.0,-0.3629
79.0,24,3,-31.71,-110.64,213.96,50.0,0.0,-0.387
79.0,25,3,-30.84,-111.59,176.54,50.0,0.0,-0.387
79.0,26,3,-21.43,-104.8,27.57,50.0,0.0003,-0.2023
79.0,3,1,-30.01,-126.24,279.23,50.0,0.0,-0.3629
79.0,4,3,-25.75,-118.09,60.37,50.0,0.0001,-0.2863
79.0,5,3,-11.17,-93.38,10.12,50.0,0.0099,-0.1152
79.0,6,3,-10.52,-108.42,9.86,50.0,0.0124,-0.0988
79.0,8,1,-30.36,-131.1,302.04,50.0,0.0,-0.3629
80.0,0,1,-29.96,-133.57,277.02,50.0,0.0,-0.3683
80.0,1,1,-25.55,-104.32,101.63,50.0,0.0,-0.3502
80.0,10,3,-45.79,-132.01,1391.0,50.0,0.0,-0.3778
80.0,11,6,-43.47,-150.0,69.34,50.0,0.0,-0.2904
80.0,12,1,-24.08,-114.18,73.16,50.0,0.0001,-0.285
80.0,13,3,-23.17,-116.99,33.45,50.0,0.0001,-0.2101
80.0,15,3,-16.82,-113.95,11.37,50.0,0.0014,-0.1324
80.0,16,1,-14.36,-116.24,9.77,50.0,0.0032,-0.1072
80.0,17,1,-23.03,-129.16,57.84,50.0,0.0001,-0.2491
80.0,18,1,-39.46,-134.32,2450.45,50.0,0.0,-0.3685
80.0,19,3,-27.1,-121.36,75.87,50.0,0.0,-0.3149
80.0,2,1,-33.44,-140.82,614.09,50.0,0.0,-0.3685
80.0,20,3,-26.89,-113.17,72.5,50.0,0.0,-0.3071
80.0,21,3,-39.63,-140.06,1278.6,50.0,0.0,-0.3778
80.0,23,3,-43.49,-137.91,1391.0,50.0,0.0,-0.3778
80.0,24,3,-19.93,-116.37,18.35,50.0,0.0005,-0.1631
80.0,25,3,-17.23,-118.66,12.02,50.0,0.0012,-0.1359
80.0,26,1,-23.84,-126.78,69.29,50.0,0.0001,-0.2761
80.0,3,3,-22.3,-121.59,28.24,50.0,0.0002,-0.1952
80.0,4,3,-29.88,-122.35,139.57,50.0,0.0,-0.3771
80.0,5,1,-21.3,-115.52,39.63,50.0,0.0003,-0.2038
80.0,6,3,-11.62,-119.45,6.71,50.0,0.0084,-0.0906
80.0,8,3,-31.83,-123.48,215.88,50.0,0.0,-0.3777
81.0,0,3,-26.22,-119.8,69.01,50.0,0.0,-0.3115
81.0,1,3,-8.39,-114.67,11.91,50.0,0.0257,-0.0877
81.0,10,3,-43.19,-126.17,1397.26,50.0,0.0,-0.3926
81.0,11,3,-25.19,-111.87,56.72,50.0,0.0001,-0.2817
81.0,12,3,-24.73,-116.84,52.12,50.0,0.0001,-0.2702
81.0,13,3,-23.69,-112.33,43.39,50.0,0.0001,-0.2474
81.0,15,3,-28.1,-110.62,100.53,50.0,0.0,-0.383
81.0,16,3,-13.47,-96.25,14.03,50.0,0.0044,-0.1425
81.0,17,3,-32.65,-115.27,266.29,50.0,0.0,-0.3926
81.0,18,3,-33.29,-107.71,306.38,50.0,0.0,-0.3942
81.0,19,3,-15.75,-112.92,16.17,50.0,0.002,-0.1507
81.0,2,3,-12.96,-118.19,13.69,50.0,0.0053,-0.1287
81.0,20,3,-19.02,-119.57,22.01,50.0,0.0006,-0.1804
81.0,21,3,-53.68,-136.86,1397.26,50.0,0.0,-0.3926
81.0,23,3,-42.24,-132.96,1397.26,50.0,0.0,-0.3926
81.0,24,3,-10.31,-110.17,12.44,50.0,0.0133,-0.1067
81.0,25,3,-23.13,-116.65,39.44,50.0,0.0002,-0.2366
81.0,26,1,-7.4,-127.9,1.99,50.0,0.0359,-0.0286
81.0,3,3,-15.65,-112.95,16.05,50.0,0.0021,-0.1499
81.0,4,3,-36.42,-119.38,618.96,50.0,0.0,-0.3926
81.0,5,1,-17.7,-133.54,16.79,50.0,0.001,-0.1284
81.0,6,3,-15.17,-101.27,15.52,50.0,0.0024,-0.1523
81.0,8,1,-26.23,-139.98,116.78,50.0,0.0,-0.3384
82.0,0,3,-39.12,-127.27,1136.75,50.0,0.0,-0.375
82.0,1,1,-4.99,-120.2,4.76,50.0,0.0797,-0.0197
82.0,10,3,-40.89,-131.61,1390.12,50.0,0.0,-0.375
82.0,11,1,-22.27,-117.97,50.61,50.0,0.0002,-0.2372
82.0,12,3,-24.85,-122.94,46.2,50.0,0.0001,-0.2413
82.0,13,3,-19.51,-128.82,16.2,50.0,0.0005,-0.1538
82.0,15,3,-29.85,-104.06,137.78,50.0,0.0,-0.3784
82.0,16,3,-4.55,-121.49,4.21,50.0,0.0918,0.002
82.0,17,3,-22.24,-121.28,27.07,50.0,0.0002,-0.1898
82.0,18,1,-14.24,-116.45,11.25,50.0,0.0034,-0.1159
82.0,19,3,-16.41,-112.02,9.88,50.0,0.0016,-0.1243
82.0,2,3,-22.43,-111.02,28.06,50.0,0.0002,-0.1927
82.0,20,1,-39.94,-125.08,2738.94,50.0,0.0,-0.375
82.0,21,1,-48.92,-140.3,2776.48,50.0,0.0,-0.375
82.0,23,1,-32.98,-141.79,555.01,50.0,0.0,-0.375
82.0,24,1,-30.28,-114.07,299.93,50.0,0.0,-0.375
82.0,25,1,-19.35,-125.2,27.79,50.0,0.0006,-0.1766
82.0,26,3,-27.5,-115.33,81.78,50.0,0.0,-0.3259
82.0,27,1,-27.82,-118.03,171.83,50.0,0.0,-0.364
82.0,3,3,-28.69,-122.8,106.3,50.0,0.0,-0.3683
82.0,4,3,-23.6,-112.4,35.56,50.0,0.0001,-0.2137
82.0,5,1,-16.51,-114.3,16.31,50.0,0.0015,-0.1387
82.0,6,1,-19.84,-129.67,30.61,50.0,0.0005,-0.1848
82.0,8,1,-27.06,-119.41,144.64,50.0,0.0,-0.3602
82.0,9,3,-0.38,-63.53,3.96,50.0,0.3028,0.0942
83.0,0,3,-27.3,-117.11,84.7,50.0,0.0,-0.3468
83.0,1,3,-28.16,-110.93,100.88,50.0,0.0,-0.3817
83.0,10,3,-37.17,-125.59,733.26,50.0,0.0,-0.391
83.0,11,3,-25.17,-118.31,55.75,50.0,0.0001,-0.2781
83.0,12,3,-22.02,-115.0,32.25,50.0,0.0002,-0.215
83.0,13,3,-11.01,-112.25,11.94,50.0,0.0104,-0.1097
83.0,15,3,-23.46,-109.97,40.92,50.0,0.0001,-0.2398
83.0,16,3,-7.64,-109.51,10.99,50.0,0.0331,-0.0762
83.0,17,1,-28.36,-128.72,190.54,50.0,0.0,-0.3507
83.0,18,3,-38.03,-123.82,890.97,50.0,0.0,-0.391
83.0,19,3,-21.81,-119.56,31.22,50.0,0.0002,-0.2119
83.0,2,3,-26.74,-128.73,75.66,50.0,0.0,-0.3259
83.0,20,3,-26.66,-114.98,74.46,50.0,0.0,-0.3231
83.0,21,3,-49.73,-137.18,1396.49,50.0,0.0,-0.391
83.0,23,3,-40.68,-132.89,1396.49,50.0,0.0,-0.391
83.0,24,3,-11.45,-111.99,12.13,50.0,0.0089,-0.1135
83.0,25,3,-26.16,-123.3,67.44,50.0,0.0,-0.3065
83.0,26,1,-20.93,-148.11,34.98,50.0,0.0003,-0.1831
83.0,27,1,-22.86,-136.97,54.23,50.0,0.0002,-0.2314
83.0,3,3,-24.62,-113.67,50.36,50.0,0.0001,-0.2645
83.0,4,3,-28.88,-118.6,117.38,50.0,0.0,-0.3853
83.0,5,3,-26.71,-113.87,75.26,50.0,0.0,-0.3249
83.0,6,3,-5.23,-103.88,10.65,50.0,0.0738,-0.0443
83.0,8,3,-25.05,-111.46,54.55,50.0,0.0001,-0.2751
84.0,0,1,-24.33,-132.37,79.66,50.0,0.0001,-0.3076
84.0,1,1,-19.23,-113.18,27.65,50.0,0.0006,-0.1775
84.0,10,3,-31.98,-133.38,221.33,50.0,0.0,-0.3714
84.0,11,1,-28.1,-116.4,183.37,50.0,0.0,-0.3672
84.0,12,3,-26.97,-112.78,71.81,50.0,0.0,-0.2997
84.0,13,1,-26.92,-133.06,140.91,50.0,0.0,-0.3613
84.0,15,3,-12.98,-127.87,5.58,50.0,0.0053,-0.0914
84.0,16,3,-5.36,-127.88,3.3,50.0,0.0706,-0.008
84.0,17,3,-22.29,-111.08,26.3,50.0,0.0002,-0.1849
84.0,18,3,-19.14,-124.72,14.21,50.0,0.0006,-0.1443
84.0,19,1,-14.91,-111.14,13.03,50.0,0.0027,-0.1251
84.0,2,1,-24.93,-125.96,90.7,50.0,0.0,-0.3327
84.0,20,3,-24.0,-115.04,37.63,50.0,0.0001,-0.2163
84.0,21,1,-40.97,-136.89,2777.04,50.0,0.0,-0.3768
84.0,23,1,-49.4,-138.73,2777.04,50.0,0.0,-0.3768
84.0,24,3,-29.69,-119.74,131.87,50.0,0.0,-0.3698
84.0,25,3,-12.42,-111.26,5.24,50.0,0.0064,-0.087
84.0,26,1,-13.75,-115.33,11.02,50.0,0.004,-0.1144
84.0,27,1,-35.34,-133.72,953.19,50.0,0.0,-0.3768
84.0,3,1,-34.71,-124.35,824.39,50.0,0.0,-0.3768
84.0,4,3,-30.45,-121.34,156.73,50.0,0.0,-0.3714
84.0,5,6,-45.73,-150.0,69.34,50.0,0.0,-0.2903
84.0,8,3,-19.5,-118.96,15.19,50.0,0.0005,-0.1482
85.0,0,3,-22.76,-117.34,41.23,50.0,0.0002,-0.2457
85.0,1,3,-16.95,-115.97,21.93,50.0,0.0013,-0.1764
85.0,10,3,-53.05,-125.48,1401.37,50.0,0.0,-0.4
85.0,11,3,-19.84,-111.35,28.42,50.0,0.0005,-0.205
85.0,12,3,-16.5,-108.71,21.26,50.0,0.0015,-0.1735
85.0,13,3,-27.49,-115.96,92.81,50.0,0.0,-0.3729
85.0,14,3,4.86,-58.68,15.1,50.0,0.7311,0.2846
85.0,15,3,-22.85,-106.6,41.76,50.0,0.0002,-0.2497
85.0,16,3,-8.0,-102.75,15.94,50.0,0.0294,-0.104
85.0,17,3,-21.13,-105.37,33.03,50.0,0.0003,-0.2242
85.0,18,3,-28.95,-122.02,123.96,50.0,0.0,-0.3946
85.0,19,3,-15.03,-109.86,19.48,50.0,0.0026,-0.1606
85.0,2,3,-11.47,-118.47,17.02,50.0,0.0089,-0.1323
85.0,20,3,-31.21,-111.79,198.37,50.0,0.0,-0.3999
85.0,21,3,-44.55,-134.38,1401.37,50.0,0.0,-0.4
85.0,22,3,-9.07,-57.65,16.19,50.0,0.0203,-0.1479
85.0,23,3,-38.42,-133.77,978.5,50.0,0.0,-0.4
85.0,24,3,-16.93,-109.66,21.91,50.0,0.0013,-0.1765
85.0,25,3,-17.88,-112.25,23.59,50.0,0.0009,-0.1849
85.0,26,3,-18.92,-107.21,25.89,50.0,0.0007,-0.197
85.0,27,3,-29.1,-121.53,127.86,50.0,0.0,-0.3954
85.0,28,3,-22.85,-118.82,41.81,50.0,0.0002,-0.2474
85.0,3,3,-21.78,-109.85,35.97,50.0,0.0002,-0.2303
85.0,4,3,-30.39,-115.11,166.88,50.0,0.0,-0.3999
85.0,5,3,-11.21,-111.79,16.9,50.0,0.0097,-0.1301
85.0,6,3,3.84,-105.26,15.11,50.0,0.6557,0.2716
85.0,7,3,-1.54,-62.89,15.26,50.0,0.2243,0.0026
85.0,8,3,-13.95,-114.43,18.51,50.0,0.0038,-0.152
85.0,9,3,-3.01,-55.37,15.34,50.0,0.1477,-0.0479
86.0,0,1,-42.34,-121.54,2782.16,50.0,0.0,-0.3896
86.0,1,1,-23.31,-113.6,69.04,50.0,0.0001,-0.294
86.0,10,1,-47.56,-132.49,2782.17,50.0,0.0,-0.3896
86.0,11,1,-20.0,-116.22,37.33,50.0,0.0005,-0.2137
86.0,12,1,-16.41,-115.55,21.7,50.0,0.0016,-0.1636
86.0,13,3,-19.39,-129.36,12.57,50.0,0.0006,-0.1295
86.0,14,1,-3.14,-52.4,10.14,50.0,0.142,-0.05
86.0,15,1,-24.54,-114.53,88.46,50.0,0.0001,-0.3391
86.0,16,1,-13.73,-126.63,16.12,50.0,0.004,-0.1373
86.0,17,1,-21.69,-117.49,50.51,50.0,0.0002,-0.2488
86.0,18,1,-28.28,-118.12,196.15,50.0,0.0,-0.381
86.0,19,1,-19.05,-111.71,31.86,50.0,0.0006,-0.1979
86.0,2,1,-21.3,-119.96,46.97,50.0,0.0003,-0.2397
86.0,20,1,-25.12,-117.75,99.79,50.0,0.0,-0.3647
86.0,21,6,-60.0,-150.0,69.34,50.0,0.0,-0.2902
86.0,22,1,5.11,-67.42,9.63,50.0,0.748,0.2606
86.0,23,3,-56.36,-135.76,1386.82,50.0,0.0,-0.3586
86.0,24,1,-17.85,-120.11,26.49,50.0,0.001,-0.1808
86.0,25,3,-10.69,-137.4,2.14,50.0,0.0117,-0.0551
86.0,26,1,-13.71,-103.1,16.09,50.0,0.0041,-0.1421
86.0,27,1,-26.91,-119.33,145.69,50.0,0.0,-0.3741
86.0,28,3,-33.26,-134.59,293.9,50.0,0.0,-0.3586
86.0,3,1,-17.37,-115.81,24.71,50.0,0.0011,-0.1747
86.0,4,1,-21.05,-117.51,44.87,50.0,0.0003,-0.2342
86.0,5,1,-13.81,-112.68,16.24,50.0,0.0039,-0.1381
86.0,6,3,-4.81,-135.98,0.93,50.0,0.0844,0.0197
86.0,7,1,0.57,-66.95,9.8,50.0,0.3775,0.0779
86.0,8,1,-12.81,-113.99,14.87,50.0,0.0056,-0.1293
86.0,9,1,0.73,-59.65,9.79,50.0,0.3909,0.0791
87.0,0,3,-30.83,-108.92,178.19,50.0,0.0,-0.3921
87.0,1,3,-18.42,-106.97,19.97,50.0,0.0008,-0.1741
87.0,10,3,-40.65,-126.55,1396.64,50.0,0.0,-0.3914
87.0,11,3,-23.76,-116.06,43.33,50.0,0.0001,-0.2465
87.0,12,3,-18.48,-116.06,20.11,50.0,0.0008,-0.1725
87.0,13,3,-30.99,-113.97,184.62,50.0,0.0,-0.3913
87.0,14,3,1.71,-51.72,10.43,50.0,0.4748,0.1496
87.0,15,3,-27.13,-115.79,82.02,50.0,0.0,-0.3409
87.0,17,1,-22.93,-142.13,54.97,50.0,0.0001,-0.2329
87.0,18,3,-29.3,-115.89,128.43,50.0,0.0,-0.3878
87.0,19,1,-16.65,-135.63,13.39,50.0,0.0015,-0.1172
87.0,2,3,-39.27,-114.37,1182.18,50.0,0.0,-0.3914
87.0,20,3,-19.94,-115.57,24.03,50.0,0.0005,-0.1881
87.0,21,3,-31.41,-140.36,202.36,50.0,0.0,-0.3913
87.0,22,3,-0.3,-61.05,10.48,50.0,0.3088,0.0663
87.0,23,1,-42.03,-145.91,2773.18,50.0,0.0,-0.3586
87.0,24,3,-25.39,-117.87,58.32,50.0,0.0001,-0.2847
87.0,25,3,-22.86,-117.27,37.1,50.0,0.0002,-0.2294
87.0,26,3,-3.74,-111.44,10.67,50.0,0.1181,-0.0096
87.0,27,3,-25.51,-109.21,59.7,50.0,0.0001,-0.2886
87.0,28,3,-21.72,-123.42,30.96,50.0,0.0002,-0.2113
87.0,3,1,-28.66,-130.7,204.4,50.0,0.0,-0.3518
87.0,4,3,-39.77,-121.14,1325.77,50.0,0.0,-0.3914
87.0,5,3,-9.42,-109.71,11.55,50.0,0.0181,-0.0961
87.0,7,3,2.78,-63.46,10.4,50.0,0.5677,0.2092
87.0,8,1,-22.42,-131.93,48.96,50.0,0.0002,-0.2183
87.0,9,3,-0.69,-50.37,10.5,50.0,0.2803,0.043
88.0,0,1,-22.04,-133.07,46.56,50.0,0.0002,-0.2213
88.0,1,1,-17.44,-120.75,17.53,50.0,0.0011,-0.1395
88.0,10,3,-55.34,-132.25,1391.77,50.0,0.0,-0.38
88.0,11,3,-14.4,-117.6,9.29,50.0,0.0032,-0.1164
88.0,12,1,-21.78,-116.98,43.9,50.0,0.0002,-0.2147
88.0,13,1,-23.12,-132.18,59.06,50.0,0.0001,-0.2518
88.0,14,3,-3.24,-50.17,5.76,50.0,0.1379,-0.0186
88.0,15,1,-19.47,-112.8,26.72,50.0,0.0005,-0.1685
88.0,17,1,-30.54,-132.59,315.84,50.0,0.0,-0.3683
88.0,18,3,-36.23,-118.7,586.76,50.0,0.0,-0.38
88.0,19,1,-13.85,-110.06,8.88,50.0,0.0039,-0.1022
88.0,2,3,-16.21,-114.85,11.27,50.0,0.0017,-0.1309
88.0,20,3,-21.66,-116.05,25.77,50.0,0.0003,-0.1891
88.0,21,1,-24.57,-145.34,81.48,50.0,0.0001,-0.304
88.0,23,3,-48.46,-130.25,1391.77,50.0,0.0,-0.38
88.0,24,3,-25.29,-105.93,52.33,50.0,0.0001,-0.2637
88.0,25,3,-30.9,-119.97,175.88,50.0,0.0,-0.3799
88.0,26,3,-11.46,-122.82,7.41,50.0,0.0089,-0.093
88.0,27,3,-36.99,-103.92,699.17,50.0,0.0,-0.3843
88.0,28,3,-27.97,-124.03,92.27,50.0,0.0,-0.3543
88.0,29,3,-31.95,-132.83,222.7,50.0,0.0,-0.3799
88.0,3,3,-17.83,-121.18,13.89,50.0,0.001,-0.1452
88.0,4,3,-39.2,-122.43,1158.45,50.0,0.0,-0.38
88.0,5,1,-15.69,-117.86,12.43,50.0,0.002,-0.1198
88.0,8,3,-35.7,-116.83,520.5,50.0,0.0,-0.38
88.0,9,3,-3.23,-54.36,5.76,50.0,0.1383,-0.0153
89.0,0,3,-21.66,-121.42,27.76,50.0,0.0003,-0.1981
89.0,1,3,-15.27,-116.62,12.08,50.0,0.0024,-0.1321
89.0,10,3,-35.53,-130.37,502.25,50.0,0.0,-0.385
89.0,11,3,-26.58,-116.96,70.45,50.0,0.0,-0.3086
89.0,12,3,-24.13,-122.57,43.31,50.0,0.0001,-0.2419
89.0,13,3,-23.93,-112.13,41.71,50.0,0.0001,-0.2377
89.0,14,3,-7.61,-52.5,8.22,50.0,0.0334,-0.105
89.0,15,1,-29.56,-108.21,251.5,50.0,0.0,-0.3624
89.0,17,3,-20.33,-118.9,22.38,50.0,0.0004,-0.1805
89.0,18,3,-22.22,-122.46,30.51,50.0,0.0002,-0.2065
89.0,19,1,-29.41,-120.95,243.29,50.0,0.0,-0.3603
89.0,2,6,-59.42,-150.0,69.34,50.0,0.0,-0.2902
89.0,20,3,-23.5,-113.83,38.44,50.0,0.0001,-0.229
89.0,21,3,-25.85,-115.75,60.72,50.0,0.0,-0.2855
89.0,23,3,-52.1,-131.44,1393.72,50.0,0.0,-0.385
89.0,24,3,-23.89,-116.82,41.41,50.0,0.0001,-0.2369
89.0,25,1,-16.81,-129.26,14.52,50.0,0.0014,-0.1251
89.0,26,3,-15.98,-116.43,12.92,50.0,0.0018,-0.138
89.0,27,3,-35.41,-116.34,489.72,50.0,0.0,-0.385
89.0,28,3,-43.41,-124.71,1393.72,50.0,0.0,-0.385
89.0,29,3,-23.19,-119.83,36.34,50.0,0.0001,-0.2232
89.0,3,1,-19.96,-122.16,28.66,50.0,0.0005,-0.1699
89.0,4,3,-24.78,-114.99,49.13,50.0,0.0001,-0.2568
89.0,5,1,-19.09,-130.91,23.68,50.0,0.0006,-0.1554
89.0,8,1,-27.66,-127.59,162.81,50.0,0.0,-0.3516
89.0,9,3,-2.69,-53.27,7.67,50.0,0.1621,-0.0103
90.0,0,3,-30.67,-116.12,167.75,50.0,0.0,-0.3816
90.0,1,2,-20.81,-150.0,33.53,50.0,0.0003,-0.1723
90.0,10,1,-46.48,-133.97,2774.4,50.0,0.0,-0.3666
90.0,11,3,-29.95,-105.73,143.12,50.0,0.0,-0.3844
90.0,12,3,-28.7,-115.84,108.93,50.0,0.0,-0.375
90.0,13,1,-26.03,-123.13,112.91,50.0,0.0,-0.3467
90.0,15,3,-20.81,-133.54,22.81,50.0,0.0003,-0.1805
90.0,16,1,-1.41,-65.51,2.18,50.0,0.2324,0.045
90.0,17,3,-34.51,-118.5,397.54,50.0,0.0,-0.3816
90.0,18,3,-26.59,-113.6,69.38,50.0,0.0,-0.3032
90.0,19,1,-24.69,-114.44,83.48,50.0,0.0001,-0.3069
90.0,2,3,-18.79,-107.99,16.58,50.0,0.0007,-0.1588
90.0,20,3,-22.95,-111.93,33.45,50.0,0.0002,-0.2128
90.0,21,3,-25.06,-123.62,50.57,50.0,0.0001,-0.2578
90.0,22,3,-3.58,-61.26,6.4,50.0,0.1242,-0.0222
90.0,23,3,-37.71,-135.68,824.65,50.0,0.0,-0.3816
90.0,24,3,-25.92,-119.45,60.21,50.0,0.0,-0.2814
90.0,25,1,-27.07,-123.37,143.1,50.0,0.0,-0.3519
90.0,26,1,-10.2,-119.41,4.71,50.0,0.0138,-0.0683
90.0,27,3,-22.81,-119.44,32.54,50.0,0.0002,-0.2103
90.0,28,1,-34.81,-122.1,841.46,50.0,0.0,-0.3666
90.0,29,3,-24.65,-127.12,46.56,50.0,0.0001,-0.2477
90.0,3,3,-29.5,-107.24,129.68,50.0,0.0,-0.381
90.0,4,3,-33.9,-111.61,346.6,50.0,0.0,-0.3816
90.0,5,1,-17.75,-119.64,18.32,50.0,0.001,-0.141
90.0,6,1,2.25,-71.75,1.95,50.0,0.5217,0.1886
90.0,7,3,-8.76,-60.92,7.13,50.0,0.0226,-0.106
90.0,8,1,-45.0,-129.17,2774.4,50.0,0.0,-0.3666
91.0,0,1,-26.45,-124.52,125.19,50.0,0.0,-0.3531
91.0,1,1,-11.15,-115.21,6.39,50.0,0.0099,-0.0828
91.0,10,3,-38.52,-131.08,991.57,50.0,0.0,-0.3774
91.0,11,3,-29.05,-111.95,115.93,50.0,0.0,-0.3725
91.0,12,3,-24.72,-113.8,45.65,50.0,0.0001,-0.242
91.0,13,1,-12.35,-122.14,7.54,50.0,0.0065,-0.0931
91.0,14,3,-3.38,-55.24,4.88,50.0,0.132,-0.0143
91.0,15,1,-17.51,-128.26,18.42,50.0,0.0011,-0.1442
91.0,17,5,-47.68,-150.0,277.29,50.0,0.0,-0.3516
91.0,18,3,-20.17,-115.07,18.99,50.0,0.0004,-0.1653
91.0,19,1,-19.95,-114.84,30.21,50.0,0.0005,-0.1805
91.0,2,1,-21.47,-139.63,41.68,50.0,0.0003,-0.2112
91.0,20,1,-22.18,-117.49,48.53,50.0,0.0002,-0.2286
91.0,21,3,-18.35,-118.82,14.07,50.0,0.0008,-0.1458
91.0,23,1,-47.45,-142.7,2775.37,50.0,0.0,-0.3709
91.0,24,3,-27.19,-128.62,77.24,50.0,0.0,-0.3177
91.0,25,3,-27.75,-116.1,87.12,50.0,0.0,-0.3402
91.0,26,3,-15.04,-119.83,9.01,50.0,0.0026,-0.117
91.0,27,3,-25.26,-124.19,51.14,50.0,0.0001,-0.2557
91.0,28,1,-34.49,-122.06,782.51,50.0,0.0,-0.3709
91.0,29,3,-20.47,-113.68,20.04,50.0,0.0004,-0.1689
91.0,3,3,-26.81,-115.53,71.11,50.0,0.0,-0.3035
91.0,30,3,-6.98,-110.91,5.27,50.0,0.0413,-0.0426
91.0,4,3,-25.0,-126.4,48.39,50.0,0.0001,-0.2489
91.0,5,1,-19.51,-108.82,27.56,50.0,0.0005,-0.1738
91.0,8,1,-30.81,-113.59,337.09,50.0,0.0,-0.3709
91.0,9,3,-0.6,-58.37,4.73,50.0,0.2871,0.078
92.0,0,3,-19.31,-117.66,21.65,50.0,0.0006,-0.1789
92.0,1,3,-17.25,-109.43,17.19,50.0,0.0012,-0.1593
92.0,10,3,-38.39,-131.41,967.35,50.0,0.0,-0.3903
92.0,11,3,-25.54,-111.34,59.52,50.0,0.0001,-0.2868
92.0,12,3,-30.52,-115.64,166.2,50.0,0.0,-0.3902
92.0,13,1,-24.76,-124.25,83.73,50.0,0.0001,-0.3008
92.0,15,3,-20.66,-120.64,25.96,50.0,0.0004,-0.1946
92.0,16,3,0.58,-55.01,9.94,50.0,0.3782,0.1018
92.0,17,3,-29.27,-119.72,126.88,50.0,0.0,-0.3865
92.0,18,3,-32.87,-109.78,278.19,50.0,0.0,-0.3904
92.0,19,3,-19.79,-113.64,23.04,50.0,0.0005,-0.1843
92.0,2,3,-26.5,-117.77,71.7,50.0,0.0,-0.316
92.0,20,1,-22.05,-118.63,45.19,50.0,0.0002,-0.21
92.0,21,3,-16.1,-111.57,15.47,50.0,0.0018,-0.149
92.0,23,3,-36.71,-134.94,659.21,50.0,0.0,-0.3903
92.0,24,3,-25.4,-120.91,57.89,50.0,0.0001,-0.2828
92.0,25,3,-17.68,-118.27,17.96,50.0,0.001,-0.1628
92.0,26,1,-9.87,-145.32,3.39,50.0,0.0155,-0.0562
92.0,27,3,-29.13,-119.0,123.2,50.0,0.0,-0.3858
92.0,28,3,-29.19,-119.16,125.0,50.0,0.0,-0.3861
92.0,29,1,-14.41,-150.0,8.36,50.0,0.0032,-0.0958
92.0,3,3,-30.99,-114.62,183.79,50.0,0.0,-0.3902
92.0,30,3,-29.56,-107.49,135.06,50.0,0.0,-0.3898
92.0,4,3,-37.36,-120.82,763.98,50.0,0.0,-0.3903
92.0,5,3,-19.14,-103.72,21.19,50.0,0.0006,-0.1816
92.0,6,3,-5.26,-51.26,10.29,50.0,0.0731,-0.081
92.0,8,3,-19.86,-111.82,23.24,50.0,0.0005,-0.185
93.0,0,3,-32.06,-117.1,230.6,50.0,0.0,-0.3854
93.0,1,3,-22.55,-114.59,32.56,50.0,0.0002,-0.2128
93.0,10,3,-48.82,-125.05,1393.93,50.0,0.0,-0.3855
93.0,11,3,-24.46,-104.36,46.3,50.0,0.0001,-0.2541
93.0,12,3,-29.02,-111.57,118.25,50.0,0.0,-0.3805
93.0,13,1,-24.32,-124.79,76.41,50.0,0.0001,-0.2887
93.0,14,3,-1.9,-60.34,7.83,50.0,0.2033,0.0181
93.0,15,3,-29.78,-114.29,139.4,50.0,0.0,-0.3843
93.0,17,3,-20.64,-116.72,23.71,50.0,0.0004,-0.1852
93.0,18,3,-31.52,-119.69,204.3,50.0,0.0,-0.3854
93.0,19,3,-10.53,-114.28,9.19,50.0,0.0123,-0.0949
93.0,2,3,-15.15,-112.46,12.16,50.0,0.0025,-0.1321
93.0,20,1,-17.98,-118.08,18.8,50.0,0.0009,-0.141
93.0,21,1,-18.9,-126.83,22.91,50.0,0.0007,-0.154
93.0,22,3,-4.9,-56.0,8.05,50.0,0.0821,-0.0617
93.0,23,3,-42.07,-133.16,1393.92,50.0,0.0,-0.3855
93.0,24,1,-39.68,-124.93,2576.16,50.0,0.0,-0.3645
93.0,25,3,-30.88,-111.56,177.31,50.0,0.0,-0.3854
93.0,26,1,-8.88,-128.52,3.54,50.0,0.0217,-0.0531
93.0,27,1,-32.8,-139.78,529.23,50.0,0.0,-0.3645
93.0,28,1,-27.74,-130.29,166.0,50.0,0.0,-0.3531
93.0,29,1,-28.97,-129.05,220.33,50.0,0.0,-0.3593
93.0,3,3,-23.74,-107.68,40.39,50.0,0.0001,-0.2362
93.0,30,3,-21.77,-132.3,28.48,50.0,0.0002,-0.2007
93.0,4,3,-27.69,-117.57,89.07,50.0,0.0,-0.3519
93.0,5,3,-25.3,-119.14,54.55,50.0,0.0001,-0.2708
93.0,7,3,-0.29,-62.26,7.76,50.0,0.3095,0.0789
93.0,8,3,-25.65,-119.48,58.51,50.0,0.0001,-0.2805
93.0,9,3,-6.83,-57.84,8.29,50.0,0.0435,-0.0919
94.0,0,3,-28.83,-116.74,111.93,50.0,0.0,-0.3753
94.0,1,3,-13.41,-115.11,8.97,50.0,0.0045,-0.1108
94.0,10,3,-48.87,-125.06,1392.23,50.0,0.0,-0.3812
94.0,11,3,-20.53,-117.44,21.6,50.0,0.0004,-0.1762
94.0,12,3,-28.38,-114.12,101.5,50.0,0.0,-0.373
94.0,13,3,-22.49,-119.26,30.5,50.0,0.0002,-0.2041
94.0,15,1,-21.79,-113.16,43.48,50.0,0.0002,-0.2112
94.0,16,1,-1.98,-51.18,2.03,50.0,0.1988,0.0192
94.0,17,6,-53.69,-150.0,69.33,50.0,0.0,-0.29
94.0,18,3,-32.7,-126.32,264.21,50.0,0.0,-0.3812
94.0,19,3,-15.1,-126.25,10.41,50.0,0.0025,-0.1241
94.0,2,1,-29.25,-114.15,235.04,50.0,0.0,-0.3618
94.0,20,2,-22.57,-150.0,50.28,50.0,0.0002,-0.2147
94.0,21,3,-24.57,-113.84,45.68,50.0,0.0001,-0.2451
94.0,23,3,-40.0,-133.81,1392.23,50.0,0.0,-0.3812
94.0,24,3,-16.92,-112.1,12.75,50.0,0.0013,-0.1392
94.0,25,1,-18.48,-136.16,21.17,50.0,0.0008,-0.1495
94.0,26,1,-15.4,-117.71,11.21,50.0,0.0023,-0.113
94.0,27,3,-20.19,-121.91,20.4,50.0,0.0004,-0.172
94.0,28,3,-30.97,-134.19,179.32,50.0,0.0,-0.3812
94.0,29,3,-24.18,-106.17,42.24,50.0,0.0001,-0.239
94.0,3,3,-24.31,-118.4,43.35,50.0,0.0001,-0.2391
94.0,30,3,-18.64,-110.1,16.05,50.0,0.0007,-0.1551
94.0,31,3,-15.95,-100.9,11.38,50.0,0.0019,-0.1374
94.0,4,3,-28.71,-121.47,108.83,50.0,0.0,-0.3747
94.0,5,1,-21.42,-122.44,40.05,50.0,0.0003,-0.2024
94.0,6,1,0.52,-54.65,1.83,50.0,0.3731,0.107
94.0,8,1,-32.39,-129.51,482.81,50.0,0.0,-0.3656
95.0,0,1,-29.04,-128.41,225.22,50.0,0.0,-0.367
95.0,1,1,-20.77,-115.67,36.11,50.0,0.0003,-0.1975
95.0,10,1,-48.26,-132.06,2775.61,50.0,0.0,-0.3719
95.0,11,3,-30.46,-118.7,159.09,50.0,0.0,-0.378
95.0,12,3,-32.3,-116.59,240.4,50.0,0.0,-0.378
95.0,13,3,-17.07,-107.9,11.88,50.0,0.0013,-0.1366
95.0,14,1,1.62,-65.88,3.18,50.0,0.4671,0.1507
95.0,15,3,-24.06,-121.53,40.1,50.0,0.0001,-0.2282
95.0,16,3,-0.93,-45.72,4.98,50.0,0.264,0.055
95.0,17,1,-17.91,-124.71,20.14,50.0,0.0009,-0.1507
95.0,18,3,-25.26,-122.68,51.39,50.0,0.0001,-0.2569
95.0,19,1,-21.52,-106.35,42.34,50.0,0.0003,-0.2164
95.0,2,1,-15.17,-110.23,12.13,50.0,0.0024,-0.1199
95.0,20,3,-25.52,-108.88,54.21,50.0,0.0001,-0.2646
95.0,21,3,-24.87,-115.25,47.32,50.0,0.0001,-0.2468
95.0,23,3,-28.38,-128.05,100.33,50.0,0.0,-0.3699
95.0,24,3,-22.34,-100.42,28.57,50.0,0.0002,-0.2032
95.0,25,3,-28.54,-117.36,103.85,50.0,0.0,-0.3707
95.0,26,1,-16.37,-114.11,15.04,50.0,0.0016,-0.1323
95.0,27,1,-34.45,-131.69,775.08,50.0,0.0,-0.3719
95.0,28,3,-27.33,-118.4,79.79,50.0,0.0,-0.3242
95.0,29,1,-21.97,-140.41,46.66,50.0,0.0002,-0.2247
95.0,3,3,-20.3,-112.42,19.66,50.0,0.0004,-0.168
95.0,30,3,-24.07,-110.62,40.17,50.0,0.0001,-0.2284
95.0,31,3,-18.65,-106.74,14.98,50.0,0.0007,-0.1522
95.0,4,3,-30.44,-122.06,158.2,50.0,0.0,-0.378
95.0,5,1,-24.51,-115.42,81.37,50.0,0.0001,-0.307
95.0,6,3,-0.33,-47.13,4.96,50.0,0.307,0.0797
95.0,8,1,-19.36,-126.17,26.92,50.0,0.0006,-0.1718
95.0,9,1,1.47,-64.64,3.19,50.0,0.454,0.1435
96.0,0,3,-27.06,-115.66,81.15,50.0,0.0,-0.3396
96.0,1,3,-20.93,-114.6,27.9,50.0,0.0003,-0.2018
96.0,10,3,-39.18,-126.65,1158.27,50.0,0.0,-0.3922
96.0,11,1,-25.29,-140.41,94.02,50.0,0.0,-0.3206
96.0,12,3,-27.34,-115.69,85.86,50.0,0.0,-0.3505
96.0,13,3,-21.36,-113.13,29.71,50.0,0.0003,-0.2077
96.0,15,3,-8.16,-115.65,11.66,50.0,0.0277,-0.0843
96.0,16,3,-2.76,-45.9,11.01,50.0,0.1588,-0.0315
96.0,17,3,-31.81,-117.87,221.03,50.0,0.0,-0.3921
96.0,18,3,-24.18,-111.94,47.01,50.0,0.0001,-0.2568
96.0,19,3,-19.88,-111.65,24.22,50.0,0.0005,-0.189
96.0,2,3,-18.85,-118.96,21.38,50.0,0.0007,-0.1778
96.0,20,1,-11.29,-137.13,4.1,50.0,0.0095,-0.0645
96.0,21,3,-19.28,-114.18,22.49,50.0,0.0006,-0.1824
96.0,22,3,2.82,-66.33,10.81,50.0,0.5716,0.2118
96.0,23,3,-36.12,-122.76,578.46,50.0,0.0,-0.3922
96.0,24,3,-11.04,-105.2,12.51,50.0,0.0103,-0.1157
96.0,25,1,-33.22,-140.1,582.4,50.0,0.0,-0.3562
96.0,26,3,-18.91,-115.78,21.53,50.0,0.0007,-0.1785
96.0,27,3,-31.61,-117.58,211.46,50.0,0.0,-0.3921
96.0,28,3,-38.79,-125.6,1058.82,50.0,0.0,-0.3922
96.0,29,3,-14.11,-120.03,14.32,50.0,0.0035,-0.1369
96.0,3,3,-17.3,-111.55,18.2,50.0,0.0012,-0.1631
96.0,30,3,-32.45,-102.5,254.64,50.0,0.0,-0.3975
96.0,31,3,-31.54,-109.14,208.24,50.0,0.0,-0.3928
96.0,4,3,-22.75,-117.51,36.84,50.0,0.0002,-0.2291
96.0,5,1,-28.18,-131.41,182.52,50.0,0.0,-0.3471
96.0,7,3,2.49,-67.43,10.81,50.0,0.5432,0.1967
96.0,8,3,-16.6,-116.09,17.08,50.0,0.0015,-0.157
97.0,0,1,-38.62,-122.32,2021.1,50.0,0.0,-0.3712
97.0,1,3,-18.97,-126.93,15.97,50.0,0.0006,-0.1543
97.0,10,3,-33.05,-133.32,284.83,50.0,0.0,-0.3788
97.0,11,1,-14.77,-113.64,11.15,50.0,0.0028,-0.1149
97.0,12,1,-35.29,-122.23,939.17,50.0,0.0,-0.3712
97.0,13,3,-35.78,-121.4,529.6,50.0,0.0,-0.3788
97.0,14,3,-0.36,-59.33,5.19,50.0,0.3045,0.0859
97.0,15,3,-23.27,-115.74,34.5,50.0,0.0001,-0.2137
97.0,17,3,-26.54,-111.3,67.55,50.0,0.0,-0.2964
97.0,18,3,-20.5,-104.74,20.6,50.0,0.0004,-0.1753
97.0,19,3,-21.91,-88.98,26.58,50.0,0.0002,-0.2059
97.0,2,1,-22.03,-137.79,47.12,50.0,0.0002,-0.2253
97.0,20,1,-16.56,-109.52,15.39,50.0,0.0015,-0.1337
97.0,21,3,-17.82,-115.52,13.44,50.0,0.001,-0.143
97.0,23,3,-47.62,-129.97,1391.34,50.0,0.0,-0.3788
97.0,24,1,-17.44,-110.95,18.22,50.0,0.0011,-0.1437
97.0,25,3,-17.94,-106.19,13.67,50.0,0.0009,-0.1469
97.0,26,3,-3.68,-110.48,5.36,50.0,0.1205,0.0151
97.0,27,1,-28.93,-130.94,219.39,50.0,0.0,-0.3658
97.0,28,1,-23.12,-128.93,59.72,50.0,0.0001,-0.256
97.0,29,3,-22.73,-114.2,31.04,50.0,0.0002,-0.204
97.0,3,1,-25.01,-112.37,90.75,50.0,0.0,-0.3276
97.0,30,3,-18.79,-115.22,15.54,50.0,0.0007,-0.1524
97.0,31,1,-13.52,-100.88,9.07,50.0,0.0044,-0.11
97.0,32,3,-48.81,-122.6,1391.34,50.0,0.0,-0.3788
97.0,4,3,-28.46,-125.03,102.25,50.0,0.0,-0.371
97.0,5,1,-24.51,-124.87,81.16,50.0,0.0001,-0.3059
97.0,6,1,-1.51,-54.53,3.22,50.0,0.2265,0.0276
97.0,8,3,-31.06,-124.12,181.83,50.0,0.0,-0.3787
97.0,9,3,-7.09,-58.27,5.75,50.0,0.0399,-0.0833
98.0,0,3,-28.4,-119.88,105.38,50.0,0.0,-0.3813
98.0,1,1,-32.47,-125.44,490.52,50.0,0.0,-0.3606
98.0,10,1,-40.9,-138.88,2773.41,50.0,0.0,-0.3606
98.0,11,1,-16.43,-124.27,12.99,50.0,0.0016,-0.1172
98.0,12,1,-23.96,-122.41,69.8,50.0,0.0001,-0.2698
98.0,13,3,-17.08,-113.67,16.47,50.0,0.0013,-0.1556
98.0,14,3,3.73,-66.47,9.43,50.0,0.6469,0.2606
98.0,15,3,-25.4,-110.38,57.5,50.0,0.0001,-0.2811
98.0,16,3,3.59,-51.23,9.43,50.0,0.6357,0.2432
98.0,17,3,-28.67,-114.74,111.49,50.0,0.0,-0.3826
98.0,18,3,-26.57,-116.4,72.29,50.0,0.0,-0.3166
98.0,19,3,-16.63,-107.61,15.77,50.0,0.0015,-0.1534
98.0,2,3,-14.23,-104.03,13.05,50.0,0.0034,-0.1365
98.0,20,3,-13.48,-102.31,12.47,50.0,0.0044,-0.1319
98.0,21,3,-24.91,-116.19,52.3,50.0,0.0001,-0.2682
98.0,23,3,-51.72,-131.05,1395.68,50.0,0.0,-0.3894
98.0,24,3,-15.71,-107.39,14.55,50.0,0.002,-0.1459
98.0,25,3,-31.0,-109.27,183.77,50.0,0.0,-0.3899
98.0,26,3,-2.26,-108.66,9.61,50.0,0.1839,0.0339
98.0,27,3,-36.18,-113.91,584.55,50.0,0.0,-0.3894
98.0,28,3,-39.89,-120.47,1359.61,50.0,0.0,-0.3894
98.0,29,3,-21.36,-112.35,28.32,50.0,0.0003,-0.2021
98.0,3,3,-13.51,-116.43,12.49,50.0,0.0044,-0.1266
98.0,30,3,-29.71,-110.68,139.18,50.0,0.0,-0.3879
98.0,31,3,-11.94,-109.01,11.55,50.0,0.0075,-0.1149
98.0,32,1,-42.81,-142.35,2773.41,50.0,0.0,-0.3606
98.0,4,3,-30.86,-118.31,178.38,50.0,0.0,-0.3893
98.0,5,3,-16.25,-119.04,15.22,50.0,0.0017,-0.1485
98.0,6,3,3.07,-49.64,9.44,50.0,0.5928,0.2174
98.0,8,1,-27.04,-119.2,141.11,50.0,0.0,-0.3457
98.0,9,3,-4.22,-57.7,9.74,50.0,0.1017,-0.054
99.0,0,3,-38.58,-117.65,1005.76,50.0,0.0,-0.3803
99.0,1,1,-21.26,-127.41,39.54,50.0,0.0003,-0.2047
99.0,10,1,-39.89,-137.64,2702.79,50.0,0.0,-0.3697
99.0,11,3,-19.13,-121.78,16.93,50.0,0.0006,-0.1585
99.0,12,3,-29.9,-121.44,141.08,50.0,0.0,-0.3797
99.0,13,3,-17.05,-123.2,12.61,50.0,0.0013,-0.1386
99.0,15,3,-33.75,-103.24,334.62,50.0,0.0,-0.3851
99.0,17,1,-30.98,-131.55,349.77,50.0,0.0,-0.3697
99.0,18,3,-24.79,-124.18,47.37,50.0,0.0001,-0.2487
99.0,19,3,-22.52,-107.32,30.36,50.0,0.0002,-0.205
99.0,2,3,-17.18,-114.82,12.83,50.0,0.0012,-0.1398
99.0,20,1,-2.91,-119.14,3.0,50.0,0.1522,0.0309
99.0,21,3,-13.08,-109.11,8.39,50.0,0.0051,-0.1072
99.0,22,1,-0.63,-65.11,2.77,50.0,0.2846,0.0661
99.0,23,3,-44.45,-130.77,1391.88,50.0,0.0,-0.3803
99.0,24,1,-18.19,-113.58,20.75,50.0,0.0009,-0.1512
99.0,25,3,-23.61,-113.61,37.39,50.0,0.0001,-0.2227
99.0,26,3,-16.36,-109.61,11.58,50.0,0.0016,-0.133
99.0,27,1,-27.31,-132.08,151.64,50.0,0.0,-0.3562
99.0,28,3,-32.41,-126.43,246.91,50.0,0.0,-0.3802
99.0,29,3,-21.03,-113.9,23.16,50.0,0.0003,-0.181
99.0,3,1,-12.27,-124.43,7.14,50.0,0.0067,-0.0905
99.0,30,3,-16.59,-112.19,11.9,50.0,0.0015,-0.1346
99.0,31,1,-4.03,-117.45,3.16,50.0,0.1081,0.0061
99.0,32,3,-36.08,-125.03,567.23,50.0,0.0,-0.3803
99.0,4,3,-16.97,-116.35,12.47,50.0,0.0013,-0.1379
99.0,5,3,-18.29,-120.11,14.92,50.0,0.0008,-0.15
99.0,7,1,3.12,-70.28,2.58,50.0,0.597,0.2196
99.0,8,1,-17.92,-115.96,19.64,50.0,0.0009,-0.1476
100.0,0,1,-25.16,-126.4,92.31,50.0,0.0,-0.325
100.0,1,3,-26.64,-107.46,70.88,50.0,0.0,-0.3104
100.0,10,1,-38.43,-137.55,1932.6,50.0,0.0,-0.3647
100.0,11,3,-33.96,-111.8,351.6,50.0,0.0,-0.3838
100.0,12,1,-35.55,-122.64,997.18,50.0,0.0,-0.3647
100.0,13,3,-13.71,-114.3,10.19,50.0,0.0041,-0.1177
100.0,14,3,3.41,-67.8,6.98,50.0,0.6209,0.2569
100.0,15,3,-35.88,-109.55,543.18,50.0,0.0,-0.3841
100.0,16,3,-7.17,-44.75,7.65,50.0,0.0388,-0.1028
100.0,17,3,-23.97,-108.97,41.53,50.0,0.0001,-0.2371
100.0,18,6,-53.12,-150.0,69.33,50.0,0.0,-0.2899
100.0,19,1,-23.08,-131.33,57.73,50.0,0.0001,-0.2453
100.0,2,3,-20.45,-111.94,22.3,50.0,0.0004,-0.1797
100.0,20,1,-20.37,-134.99,31.64,50.0,0.0004,-0.1793
100.0,21,3,-21.62,-107.37,27.07,50.0,0.0003,-0.1972
100.0,22,1,-0.34,-65.43,1.72,50.0,0.3056,0.0836
100.0,23,3,-41.26,-126.4,1393.23,50.0,0.0,-0.3838
100.0,24,3,-9.49,-110.63,8.17,50.0,0.0176,-0.0822
100.0,25,3,-34.25,-121.59,375.41,50.0,0.0,-0.3838
100.0,26,3,-12.92,-113.57,9.65,50.0,0.0054,-0.1115
100.0,27,3,-33.88,-123.8,345.53,50.0,0.0,-0.3838
100.0,28,1,-32.25,-131.26,466.75,50.0,0.0,-0.3647
100.0,29,3,-23.65,-117.78,39.03,50.0,0.0001,-0.2297
100.0,3,3,-11.46,-104.26,8.88,50.0,0.0089,-0.1039
100.0,30,3,-26.29,-112.28,65.95,50.0,0.0,-0.2969
100.0,31,3,-19.47,-106.77,19.2,50.0,0.0005,-0.1707
100.0,32,1,-39.79,-144.29,2641.43,50.0,0.0,-0.3647
100.0,33,3,-43.92,-129.21,1393.23,50.0,0.0,-0.3838
100.0,4,3,-31.53,-118.05,204.31,50.0,0.0,-0.3837
100.0,5,3,-16.26,-115.98,12.8,50.0,0.0017,-0.1381
100.0,6,3,-1.87,-50.27,7.14,50.0,0.2054,0.0152
100.0,8,1,-28.82,-120.55,212.89,50.0,0.0,-0.3587
100.0,9,3,-6.98,-61.16,7.62,50.0,0.0413,-0.0886
101.0,0,3,-41.5,-119.63,1395.14,50.0,0.0,-0.3882
101.0,1,3,-21.87,-105.65,30.17,50.0,0.0002,-0.2104
101.0,10,3,-41.36,-128.3,1395.14,50.0,0.0,-0.3882
101.0,11,1,-17.15,-123.68,14.99,50.0,0.0012,-0.1233
101.0,12,3,-28.53,-113.35,107.68,50.0,0.0,-0.3808
101.0,13,3,-29.47,-119.06,131.56,50.0,0.0,-0.3855
101.0,15,3,-27.9,-107.14,94.39,50.0,0.0,-0.3684
101.0,17,1,-27.69,-131.05,163.53,50.0,0.0,-0.3472
101.0,18,3,-25.07,-123.14,53.39,50.0,0.0001,-0.2701
101.0,19,3,-11.37,-111.33,10.74,50.0,0.0092,-0.1073
101.0,2,3,-14.98,-111.7,13.2,50.0,0.0026,-0.1359
101.0,20,3,-27.71,-105.54,90.75,50.0,0.0,-0.3613
101.0,21,3,-4.11,-118.22,9.2,50.0,0.1053,-0.012
101.0,23,3,-48.05,-132.09,1395.14,50.0,0.0,-0.3882
101.0,24,1,-19.19,-119.71,23.6,50.0,0.0006,-0.1512
101.0,25,4,-30.46,-150.0,154.37,50.0,0.0,-0.3514
101.0,26,3,-12.63,-112.21,11.38,50.0,0.0059,-0.1175
101.0,27,3,-37.49,-119.18,786.18,50.0,0.0,-0.3882
101.0,28,3,-37.92,-121.68,867.59,50.0,0.0,-0.3882
101.0,29,3,-15.07,-115.43,13.29,50.0,0.0025,-0.1366
101.0,3,3,-15.1,-113.62,13.33,50.0,0.0025,-0.1369
101.0,30,3,-21.38,-108.49,27.9,50.0,0.0003,-0.2013
101.0,31,3,-11.62,-102.84,10.85,50.0,0.0084,-0.1145
101.0,32,3,-39.99,-123.73,1391.23,50.0,0.0,-0.3882
101.0,33,3,-23.4,-124.67,39.16,50.0,0.0001,-0.2331
101.0,4,3,-35.11,-122.63,458.31,50.0,0.0,-0.3882
101.0,5,3,-20.71,-118.02,25.16,50.0,0.0004,-0.1912
101.0,8,1,-18.81,-123.72,21.68,50.0,0.0007,-0.1454
101.0,9,3,-7.71,-60.56,9.66,50.0,0.0323,-0.1066
102.0,0,1,-31.0,-127.27,350.74,50.0,0.0,-0.3662
102.0,1,3,-25.69,-117.11,56.65,50.0,0.0001,-0.2709
102.0,10,1,-52.02,-143.4,2774.3,50.0,0.0,-0.3662
102.0,11,3,-17.66,-109.1,13.35,50.0,0.001,-0.1432
102.0,12,3,-34.73,-112.14,417.19,50.0,0.0,-0.3794
102.0,13,3,-37.91,-126.07,861.54,50.0,0.0,-0.3794
102.0,15,3,-17.69,-109.79,13.4,50.0,0.001,-0.143
102.0,17,3,-32.97,-119.49,280.27,50.0,0.0,-0.3794
102.0,18,3,-14.23,-119.94,8.93,50.0,0.0034,-0.114
102.0,19,3,-22.48,-102.18,29.8,50.0,0.0002,-0.2064
102.0,2,3,-18.92,-115.08,16.07,50.0,0.0007,-0.1548
102.0,20,1,-15.7,-113.68,12.01,50.0,0.002,-0.1169
102.0,21,3,-2.79,-106.92,5.52,50.0,0.1576,0.0352
102.0,23,1,-45.69,-138.97,2774.3,50.0,0.0,-0.3662
102.0,24,6,-50.61,-150.0,69.37,50.0,0.0,-0.2915
102.0,25,1,-21.09,-125.3,37.35,50.0,0.0003,-0.1959
102.0,26,3,-9.78,-108.88,6.58,50.0,0.0159,-0.078
102.0,27,1,-31.27,-136.2,372.84,50.0,0.0,-0.3662
102.0,28,3,-23.36,-123.72,35.3,50.0,0.0001,-0.2164
102.0,29,1,-22.28,-126.82,48.59,50.0,0.0002,-0.2245
102.0,3,3,-9.25,-105.57,6.42,50.0,0.0192,-0.0752
102.0,30,3,-17.35,-105.15,12.79,50.0,0.0011,-0.1432
102.0,31,1,-22.32,-114.09,48.97,50.0,0.0002,-0.2254
102.0,32,3,-35.05,-127.69,448.87,50.0,0.0,-0.3794
102.0,33,3,-36.24,-128.59,588.6,50.0,0.0,-0.3794
102.0,4,3,-32.71,-122.95,263.91,50.0,0.0,-0.3794
102.0,5,5,-37.26,-150.0,147.46,50.0,0.0,-0.3514
102.0,8,1,-29.32,-127.37,238.57,50.0,0.0,-0.3627
103.0,0,3,-9.18,-104.86,12.24,50.0,0.0196,-0.1002
103.0,1,3,-27.07,-110.37,81.63,50.0,0.0,-0.3413
103.0,10,3,-51.44,-128.01,1397.39,50.0,0.0,-0.3928
103.0,11,1,-8.59,-145.3,2.45,50.0,0.024,-0.041
103.0,12,3,-29.08,-112.64,123.15,50.0,0.0,-0.3881
103.0,13,3,-25.09,-111.99,55.86,50.0,0.0001,-0.2797
103.0,14,3,0.56,-66.14,11.2,50.0,0.3762,0.1036
103.0,15,3,-26.6,-98.85,74.43,50.0,0.0,-0.3325
103.0,16,3,-0.49,-50.42,11.24,50.0,0.2951,0.0482
103.0,17,3,-28.18,-108.94,102.23,50.0,0.0,-0.3844
103.0,18,3,-32.98,-105.68,286.42,50.0,0.0,-0.3959
103.0,19,3,-12.63,-104.53,13.63,50.0,0.0059,-0.1305
103.0,2,1,-8.78,-143.25,2.54,50.0,0.0225,-0.0429
103.0,20,1,-22.77,-122.73,52.9,50.0,0.0002,-0.2265
103.0,21,3,-10.15,-108.04,12.53,50.0,0.014,-0.1072
103.0,23,3,-49.07,-130.28,1397.39,50.0,0.0,-0.3928
103.0,24,1,-13.76,-113.25,7.03,50.0,0.004,-0.0868
103.0,25,3,-22.98,-101.36,38.61,50.0,0.0002,-0.2406
103.0,26,3,-22.03,-105.66,33.19,50.0,0.0002,-0.2219
103.0,27,1,-31.03,-136.78,351.68,50.0,0.0,-0.3571
103.0,28,3,-23.46,-120.4,41.81,50.0,0.0001,-0.2433
103.0,29,3,-13.65,-113.16,14.3,50.0,0.0042,-0.1346
103.0,3,3,-11.58,-115.52,13.08,50.0,0.0086,-0.1181
103.0,30,3,-12.46,-109.87,13.53,50.0,0.0063,-0.1253
103.0,31,3,-15.03,-108.79,15.5,50.0,0.0026,-0.1463
103.0,32,3,-32.53,-125.08,259.08,50.0,0.0,-0.3928
103.0,33,3,-40.54,-126.1,1397.39,50.0,0.0,-0.3928
103.0,34,3,-2.19,-109.44,11.31,50.0,0.1874,0.0297
103.0,4,3,-41.97,-117.76,1397.39,50.0,0.0,-0.3928
103.0,5,3,-17.55,-116.08,18.97,50.0,0.0011,-0.1666
103.0,6,3,5.14,-50.84,11.12,50.0,0.7498,0.3063
103.0,8,3,-12.6,-114.49,13.62,50.0,0.006,-0.1264
103.0,9,3,0.53,-63.38,11.2,50.0,0.3742,0.1005
104.0,0,3,-5.27,-122.86,4.95,50.0,0.0727,-0.0154
104.0,1,3,-24.68,-115.06,45.17,50.0,0.0001,-0.2406
104.0,10,3,-42.26,-135.46,1390.79,50.0,0.0,-0.3771
104.0,11,3,-14.04,-123.79,8.01,50.0,0.0036,-0.1088
104.0,12,1,-37.94,-114.96,1727.05,50.0,0.0,-0.3728
104.0,13,3,-26.15,-122.94,61.6,50.0,0.0,-0.2809
104.0,15,3,-18.42,-111.2,14.14,50.0,0.0008,-0.146
104.0,16,1,3.41,-53.14,3.37,50.0,0.6208,0.2144
104.0,17,3,-18.35,-118.92,13.98,50.0,0.0008,-0.1453
104.0,18,3,-13.9,-113.51,7.89,50.0,0.0038,-0.1076
104.0,19,3,-20.1,-120.43,18.69,50.0,0.0004,-0.1641
104.0,2,1,-7.9,-108.37,4.98,50.0,0.0303,-0.0564
104.0,20,1,-8.55,-107.31,5.26,50.0,0.0243,-0.0639
104.0,21,1,-9.78,-141.57,5.91,50.0,0.0159,-0.0737
104.0,23,3,-38.7,-126.74,1032.15,50.0,0.0,-0.3771
104.0,24,1,-12.44,-105.11,8.14,50.0,0.0063,-0.1002
104.0,25,1,-27.54,-124.61,160.5,50.0,0.0,-0.3605
104.0,26,1,-3.19,-125.8,3.84,50.0,0.1398,0.0194
104.0,27,3,-28.53,-119.66,103.27,50.0,0.0,-0.3697
104.0,28,3,-33.32,-123.02,302.36,50.0,0.0,-0.3771
104.0,29,3,-23.5,-116.52,35.51,50.0,0.0001,-0.2152
104.0,3,1,-8.28,-121.2,5.14,50.0,0.0267,-0.0592
104.0,30,3,-20.57,-119.79,20.29,50.0,0.0004,-0.1697
104.0,31,1,-10.84,-108.61,6.64,50.0,0.011,-0.084
104.0,32,1,-36.77,-130.54,1320.92,50.0,0.0,-0.3728
104.0,33,3,-34.09,-125.84,360.36,50.0,0.0,-0.3771
104.0,34,1,-14.59,-127.53,11.24,50.0,0.003,-0.1158
104.0,4,3,-41.61,-115.1,1390.79,50.0,0.0,-0.3771
104.0,5,3,-26.04,-113.15,60.19,50.0,0.0,-0.2775
104.0,6,1,-2.78,-52.34,3.79,50.0,0.1581,-0.0118
104.0,8,3,-20.39,-123.27,19.67,50.0,0.0004,-0.1675
105.0,0,3,-0.93,-112.55,9.83,50.0,0.2641,0.0794
105.0,1,1,-31.63,-120.85,404.02,50.0,0.0,-0.36
105.0,10,3,-42.41,-125.31,1395.97,50.0,0.0,-0.39
105.0,11,3,-17.38,-103.15,17.26,50.0,0.0011,-0.1644
105.0,12,3,-27.88,-113.79,94.72,50.0,0.0,-0.3687
105.0,13,3,-23.61,-113.51,41.49,50.0,0.0001,-0.2406
105.0,15,3,-24.88,-111.46,52.27,50.0,0.0001,-0.2686
105.0,16,3,3.54,-46.64,9.72,50.0,0.6313,0.2362
105.0,17,3,-29.97,-110.39,147.36,50.0,0.0,-0.3898
105.0,18,3,-20.84,-111.95,26.48,50.0,0.0003,-0.1963
105.0,19,3,-13.89,-107.58,13.06,50.0,0.0038,-0.1325
105.0,2,3,-15.82,-109.63,14.96,50.0,0.002,-0.1463
105.0,20,3,-13.59,-109.17,12.84,50.0,0.0042,-0.129
105.0,21,3,-12.66,-112.23,12.23,50.0,0.0059,-0.1211
105.0,23,1,-37.21,-135.82,1457.6,50.0,0.0,-0.36
105.0,24,3,-18.3,-104.3,19.05,50.0,0.0008,-0.1721
105.0,25,3,-12.14,-104.5,11.94,50.0,0.007,-0.1209
105.0,26,3,-16.18,-100.37,15.42,50.0,0.0017,-0.156
105.0,27,3,-29.21,-118.14,125.21,50.0,0.0,-0.3859
105.0,28,3,-35.92,-120.38,551.0,50.0,0.0,-0.39
105.0,29,1,-23.06,-137.36,56.8,50.0,0.0001,-0.2387
105.0,3,3,-5.55,-107.87,10.16,50.0,0.0666,-0.045
105.0,30,3,-9.7,-114.0,10.96,50.0,0.0164,-0.0959
105.0,31,3,-20.99,-96.59,27.07,50.0,0.0003,-0.2079
105.0,32,1,-28.98,-133.53,220.06,50.0,0.0,-0.3548
105.0,33,3,-36.93,-127.35,693.11,50.0,0.0,-0.39
105.0,34,3,-24.56,-92.91,49.28,50.0,0.0001,-0.2732
105.0,4,3,-17.02,-113.02,16.65,50.0,0.0013,-0.1562
105.0,5,1,-22.57,-108.21,50.8,50.0,0.0002,-0.2254
105.0,6,3,-0.03,-45.68,9.8,50.0,0.3291,0.0691
105.0,8,3,-20.05,-114.1,23.7,50.0,0.0004,-0.1867
106.0,0,3,-18.08,-92.11,16.8,50.0,0.0009,-0.1712
106.0,1,3,-21.52,-113.71,27.56,50.0,0.0003,-0.1981
106.0,10,1,-49.52,-123.7,2773.67,50.0,0.0,-0.3625
106.0,11,1,-10.9,-132.11,4.48,50.0,0.0108,-0.0688
106.0,12,3,-27.62,-114.67,88.08,50.0,0.0,-0.3502
106.0,13,3,-23.28,-117.2,37.39,50.0,0.0001,-0.2268
106.0,15,1,-10.5,-142.93,4.19,50.0,0.0124,-0.0653
106.0,16,3,-5.03,-38.41,8.33,50.0,0.0788,-0.0767
106.0,17,3,-25.84,-119.61,61.15,50.0,0.0,-0.2874
106.0,18,3,-19.02,-115.08,18.95,50.0,0.0006,-0.1678
106.0,19,3,-20.5,-116.67,23.45,50.0,0.0004,-0.1846
106.0,2,3,-5.3,-121.57,8.36,50.0,0.0722,-0.0316
106.0,20,1,-9.23,-136.22,3.4,50.0,0.0192,-0.0539
106.0,21,1,-11.77,-121.58,5.24,50.0,0.008,-0.0762
106.0,23,3,-48.98,-134.12,1394.19,50.0,0.0,-0.3861
106.0,24,6,-46.64,-150.0,69.33,50.0,0.0,-0.2899
106.0,25,1,-23.35,-130.44,61.01,50.0,0.0001,-0.251
106.0,26,3,-19.82,-101.6,21.2,50.0,0.0005,-0.1825
106.0,27,3,-33.03,-119.14,286.67,50.0,0.0,-0.3861
106.0,28,3,-26.14,-120.46,64.84,50.0,0.0,-0.2963
106.0,29,1,-25.92,-123.84,109.43,50.0,0.0,-0.342
106.0,3,3,-14.42,-119.77,11.73,50.0,0.0032,-0.1275
106.0,30,3,-21.89,-135.04,29.31,50.0,0.0002,-0.2035
106.0,31,3,-10.9,-112.34,9.6,50.0,0.0108,-0.0993
106.0,32,3,-31.11,-127.49,186.74,50.0,0.0,-0.386
106.0,33,3,-37.69,-120.7,822.78,50.0,0.0,-0.3861
106.0,34,3,-8.78,-112.85,8.94,50.0,0.0224,-0.0793
106.0,35,1,-10.43,-129.53,4.14,50.0,0.0127,-0.0647
106.0,4,3,-15.98,-122.37,13.39,50.0,0.0018,-0.14
106.0,5,3,-24.92,-117.68,50.96,50.0,0.0001,-0.2623
106.0,6,3,4.46,-44.43,7.93,50.0,0.7026,0.2847
106.0,8,3,-27.24,-112.87,81.27,50.0,0.0,-0.3347
107.0,0,3,-3.7,-120.67,7.06,50.0,0.1196,0.0066
107.0,1,1,-21.59,-124.28,41.81,50.0,0.0003,-0.2078
107.0,10,3,-45.7,-130.71,1393.04,50.0,0.0,-0.3833
107.0,11,1,-3.26,-107.79,2.38,50.0,0.1369,0.0254
107.0,12,1,-23.63,-116.71,65.71,50.0,0.0001,-0.266
107.0,13,1,-27.9,-126.89,172.75,50.0,0.0,-0.3561
107.0,14,3,-12.25,-54.08,9.06,50.0,0.0068,-0.1453
107.0,15,3,-21.67,-116.49,27.1,50.0,0.0003,-0.1952
107.0,16,3,-1.75,-37.77,6.94,50.0,0.2123,0.0127
107.0,17,3,-15.42,-112.72,11.57,50.0,0.0022,-0.1304
107.0,18,3,-24.08,-112.71,42.2,50.0,0.0001,-0.2378
107.0,19,3,-18.72,-103.14,17.07,50.0,0.0007,-0.1646
107.0,2,3,-15.34,-103.07,11.48,50.0,0.0023,-0.1347
107.0,20,1,-15.78,-118.27,12.29,50.0,0.002,-0.1183
107.0,21,3,-27.3,-107.99,81.23,50.0,0.0,-0.3336
107.0,23,3,-41.33,-132.59,1393.04,50.0,0.0,-0.3833
107.0,24,1,-9.79,-117.4,4.44,50.0,0.0159,-0.0646
107.0,25,3,-24.32,-112.43,44.25,50.0,0.0001,-0.2431
107.0,26,3,-5.03,-111.93,7.18,50.0,0.0787,-0.0217
107.0,27,3,-33.31,-127.21,303.88,50.0,0.0,-0.3833
107.0,28,3,-27.44,-124.07,83.66,50.0,0.0,-0.3377
107.0,29,1,-20.28,-136.91,31.41,50.0,0.0004,-0.1803
107.0,3,3,-7.91,-117.12,7.59,50.0,0.0302,-0.0645
107.0,30,3,-11.28,-101.96,8.6,50.0,0.0095,-0.1031
107.0,31,3,-15.58,-122.08,11.74,50.0,0.0021,-0.1316
107.0,32,3,-38.82,-130.3,1064.35,50.0,0.0,-0.3833
107.0,33,1,-32.6,-134.76,505.89,50.0,0.0,-0.3666
107.0,34,1,-15.4,-120.94,11.41,50.0,0.0023,-0.1144
107.0,35,3,-14.01,-108.39,10.22,50.0,0.0037,-0.1203
107.0,4,3,-14.01,-115.21,10.23,50.0,0.0037,-0.1192
107.0,5,3,-25.09,-126.42,51.54,50.0,0.0001,-0.2616
107.0,8,1,-33.52,-118.16,625.46,50.0,0.0,-0.3666
108.0,0,3,-13.32,-119.78,11.49,50.0,0.0047,-0.1215
108.0,1,3,-31.24,-112.38,192.85,50.0,0.0,-0.3874
108.0,10,3,-48.4,-124.61,1394.81,50.0,0.0,-0.3875
108.0,11,3,-11.11,-118.83,10.3,50.0,0.0101,-0.1037
108.0,12,3,-30.34,-116.67,158.35,50.0,0.0,-0.3874
108.0,13,1,-21.69,-116.81,41.96,50.0,0.0003,-0.2045
108.0,14,3,-0.43,-60.79,8.65,50.0,0.2996,0.0686
108.0,15,3,-16.4,-120.16,14.56,50.0,0.0016,-0.1461
108.0,16,3,-7.61,-36.48,9.3,50.0,0.0335,-0.1186
108.0,17,3,-24.14,-107.08,44.49,50.0,0.0001,-0.2489
108.0,18,3,-10.49,-119.28,10.06,50.0,0.0125,-0.0983
108.0,19,3,-13.08,-107.21,11.33,50.0,0.0051,-0.1216
108.0,2,3,-12.46,-104.66,10.95,50.0,0.0063,-0.1185
108.0,20,1,-12.24,-114.53,5.72,50.0,0.0068,-0.0803
108.0,21,3,-12.1,-100.34,10.76,50.0,0.0071,-0.1188
108.0,23,3,-45.06,-121.22,1394.81,50.0,0.0,-0.3875
108.0,24,1,-20.29,-123.01,30.72,50.0,0.0004,-0.1748
108.0,25,1,-15.58,-125.43,11.09,50.0,0.0021,-0.1107
108.0,26,1,-20.39,-138.47,31.42,50.0,0.0004,-0.1768
108.0,27,3,-34.83,-118.91,429.72,50.0,0.0,-0.3875
108.0,28,3,-29.58,-120.17,134.42,50.0,0.0,-0.3853
108.0,29,3,-21.94,-108.75,30.17,50.0,0.0002,-0.2078
108.0,3,1,-13.37,-130.98,7.1,50.0,0.0046,-0.09
108.0,30,3,-13.84,-99.14,11.87,50.0,0.0039,-0.1333
108.0,31,3,-17.32,-118.68,15.98,50.0,0.0012,-0.1541
108.0,32,3,-25.53,-125.14,58.08,50.0,0.0001,-0.281
108.0,33,3,-35.21,-122.3,468.47,50.0,0.0,-0.3875
108.0,34,1,-2.77,-123.63,1.59,50.0,0.1586,0.0443
108.0,35,1,-11.61,-122.2,5.09,50.0,0.0085,-0.0749
108.0,4,3,-14.24,-121.57,12.18,50.0,0.0034,-0.1287
108.0,5,3,-23.94,-111.03,42.82,50.0,0.0001,-0.2425
108.0,6,3,4.3,-43.21,8.54,50.0,0.6912,0.2742
108.0,8,3,-20.07,-118.21,22.6,50.0,0.0004,-0.1821
109.0,0,3,-16.69,-108.23,13.39,50.0,0.0014,-0.143
109.0,1,1,-25.92,-124.84,109.76,50.0,0.0,-0.3443
109.0,10,1,-37.2,-135.93,1455.14,50.0,0.0,-0.3648
109.0,11,1,-11.78,-125.6,5.64,50.0,0.008,-0.0794
109.0,12,1,-33.09,-125.7,566.72,50.0,0.0,-0.3648
109.0,13,1,-28.83,-132.84,213.48,50.0,0.0,-0.3589
109.0,15,3,-35.76,-113.07,528.64,50.0,0.0,-0.3838
109.0,17,3,-22.37,-111.31,30.82,50.0,0.0002,-0.2067
109.0,18,3,-7.84,-110.81,7.76,50.0,0.0309,-0.0645
109.0,19,3,-6.08,-118.13,7.48,50.0,0.0558,-0.0405
109.0,2,3,-16.32,-106.93,12.85,50.0,0.0016,-0.1407
109.0,20,3,-13.76,-109.33,10.22,50.0,0.004,-0.1186
109.0,21,3,-14.38,-94.39,10.72,50.0,0.0032,-0.1341
109.0,23,1,-53.39,-136.51,2774.06,50.0,0.0,-0.3648
109.0,24,5,-37.51,-150.0,156.44,50.0,0.0,-0.3513
109.0,25,3,-16.77,-114.71,13.5,50.0,0.0014,-0.1424
109.0,26,1,-6.76,-116.91,2.77,50.0,0.0446,-0.0303
109.0,27,3,-43.0,-115.4,1393.21,50.0,0.0,-0.3838
109.0,28,3,-32.36,-121.56,245.39,50.0,0.0,-0.3837
109.0,29,1,-23.31,-136.87,60.86,50.0,0.0001,-0.2529
109.0,3,3,-14.75,-118.23,11.05,50.0,0.0028,-0.1258
109.0,30,3,-12.4,-116.55,9.33,50.0,0.0064,-0.1074
109.0,31,3,-6.46,-108.91,7.53,50.0,0.0492,-0.0471
109.0,32,3,-34.9,-123.92,435.2,50.0,0.0,-0.3838
109.0,33,3,-34.37,-112.66,386.5,50.0,0.0,-0.3838
109.0,34,1,-7.56,-127.16,3.04,50.0,0.0341,-0.0398
109.0,35,3,-20.28,-107.13,21.71,50.0,0.0004,-0.1797
109.0,36,3,-25.29,-126.27,53.78,50.0,0.0001,-0.2675
109.0,4,3,-17.77,-103.04,15.22,50.0,0.001,-0.1563
109.0,5,3,-22.32,-117.64,30.58,50.0,0.0002,-0.206
109.0,8,3,-22.01,-118.69,28.95,50.0,0.0002,-0.2011
110.0,0,3,-17.13,-114.31,14.64,50.0,0.0012,-0.148
110.0,1,3,-16.61,-117.2,13.83,50.0,0.0015,-0.1435
110.0,10,3,-44.1,-124.66,1393.78,50.0,0.0,-0.3851
110.0,11,3,-14.43,-112.02,11.32,50.0,0.0032,-0.1258
110.0,12,3,-22.29,-113.6,30.98,50.0,0.0002,-0.208
110.0,13,1,-19.36,-119.58,25.4,50.0,0.0006,-0.1617
110.0,14,3,-0.53,-59.22,7.63,50.0,0.2918,0.0677
110.0,15,1,-23.94,-127.99,70.22,50.0,0.0001,-0.2748
110.0,17,1,-26.95,-125.07,138.76,50.0,0.0,-0.3495
110.0,18,3,-18.93,-110.68,18.32,50.0,0.0007,-0.1651
110.0,19,3,-26.74,-113.12,72.97,50.0,0.0,-0.3146
110.0,2,3,-16.88,-116.38,14.23,50.0,0.0013,-0.1458
110.0,20,3,-6.33,-109.37,8.07,50.0,0.0514,-0.0473
110.0,21,3,-18.9,-111.53,18.24,50.0,0.0007,-0.1648
110.0,23,3,-40.94,-126.18,1393.78,50.0,0.0,-0.3851
110.0,24,1,-7.79,-109.17,3.13,50.0,0.0315,-0.043
110.0,25,3,-26.21,-116.29,65.42,50.0,0.0,-0.2968
110.0,26,3,-21.46,-94.35,26.86,50.0,0.0003,-0.2066
110.0,27,3,-46.8,-124.32,1393.77,50.0,0.0,-0.3851
110.0,28,3,-32.89,-125.02,277.34,50.0,0.0,-0.3851
110.0,29,3,-14.8,-124.26,11.66,50.0,0.0028,-0.1287
110.0,3,3,-11.72,-113.29,9.54,50.0,0.0082,-0.1043
110.0,30,3,-23.01,-104.45,35.2,50.0,0.0002,-0.2241
110.0,31,3,-16.97,-99.76,14.37,50.0,0.0013,-0.1539
110.0,32,1,-37.8,-125.78,1671.04,50.0,0.0,-0.3648
110.0,33,1,-24.42,-136.81,78.11,50.0,0.0001,-0.293
110.0,34,1,-3.95,-119.57,2.15,50.0,0.1107,0.0145
110.0,35,1,-20.56,-124.57,33.0,50.0,0.0004,-0.1831
110.0,36,3,-31.01,-126.4,182.32,50.0,0.0,-0.3851
110.0,4,3,-20.58,-119.71,23.33,50.0,0.0004,-0.1838
110.0,5,3,-34.63,-103.52,410.11,50.0,0.0,-0.3897
110.0,8,1,-31.39,-107.1,382.9,50.0,0.0,-0.3669
110.0,9,3,1.51,-55.59,7.56,50.0,0.4575,0.1549
111.0,0,3,-14.56,-110.26,12.62,50.0,0.003,-0.1319
111.0,1,3,-32.17,-119.32,237.28,50.0,0.0,-0.3878
111.0,10,1,-45.32,-140.62,2773.62,50.0,0.0,-0.3621
111.0,11,3,-25.73,-109.54,60.48,50.0,0.0001,-0.2875
111.0,12,3,-27.3,-117.22,83.1,50.0,0.0,-0.3404
111.0,13,3,-18.33,-109.29,18.11,50.0,0.0008,-0.1647
111.0,15,3,-30.17,-109.86,152.98,50.0,0.0,-0.3879
111.0,16,3,-1.98,-31.49,8.87,50.0,0.1987,-0.0035
111.0,17,1,-24.17,-119.3,73.39,50.0,0.0001,-0.2796
111.0,18,3,-24.11,-126.7,44.36,50.0,0.0001,-0.2467
111.0,19,3,-16.05,-108.3,14.24,50.0,0.0018,-0.145
111.0,2,3,-15.9,-112.59,14.05,50.0,0.0019,-0.1426
111.0,20,1,-13.9,-122.59,7.83,50.0,0.0038,-0.0942
111.0,21,3,-12.37,-110.74,11.05,50.0,0.0065,-0.1147
111.0,23,1,-36.6,-132.51,1267.28,50.0,0.0,-0.3621
111.0,24,3,-16.56,-111.94,14.94,50.0,0.0015,-0.1481
111.0,25,1,-17.73,-124.36,17.48,50.0,0.001,-0.1347
111.0,26,3,-10.76,-99.18,10.31,50.0,0.0114,-0.109
111.0,27,3,-19.16,-124.62,20.09,50.0,0.0006,-0.1726
111.0,28,3,-33.38,-121.09,310.69,50.0,0.0,-0.3878
111.0,29,3,-14.37,-119.81,12.46,50.0,0.0032,-0.1304
111.0,3,1,-11.79,-135.62,5.21,50.0,0.008,-0.0759
111.0,30,3,-21.01,-114.31,26.13,50.0,0.0003,-0.1944
111.0,31,3,-9.41,-107.77,9.87,50.0,0.0181,-0.0905
111.0,32,1,-35.62,-140.91,1013.47,50.0,0.0,-0.3621
111.0,33,3,-27.75,-122.65,91.21,50.0,0.0,-0.3589
111.0,34,3,-13.39,-108.76,11.69,50.0,0.0046,-0.1236
111.0,35,1,-17.62,-131.35,17.06,50.0,0.001,-0.1333
111.0,36,3,-35.59,-121.43,510.41,50.0,0.0,-0.3878
111.0,4,3,-9.27,-115.16,9.83,50.0,0.019,-0.0875
111.0,5,3,-30.1,-115.71,150.64,50.0,0.0,-0.3878
111.0,6,3,0.41,-35.66,8.78,50.0,0.3646,0.0885
111.0,8,3,-18.16,-104.87,17.74,50.0,0.0009,-0.1662
112.0,0,3,-22.93,-110.88,33.24,50.0,0.0002,-0.2122
112.0,1,1,-20.84,-130.1,35.84,50.0,0.0003,-0.1938
112.0,10,3,-51.69,-129.11,1392.35,50.0,0.0,-0.3816
112.0,11,1,-9.91,-124.7,4.89,50.0,0.0153,-0.0682
112.0,12,3,-22.97,-113.32,33.52,50.0,0.0002,-0.213
112.0,13,1,-17.98,-119.81,19.6,50.0,0.0009,-0.1465
112.0,14,1,-0.81,-54.96,2.49,50.0,0.2724,0.0548
112.0,15,3,-31.52,-108.02,202.72,50.0,0.0,-0.383
112.0,16,3,1.06,-34.51,6.15,50.0,0.4187,0.1292
112.0,17,1,-11.76,-121.29,6.33,50.0,0.008,-0.0843
112.0,18,3,-28.17,-109.53,97.1,50.0,0.0,-0.3669
112.0,19,3,-10.83,-108.41,7.73,50.0,0.0111,-0.0916
112.0,2,3,-15.17,-134.38,10.61,50.0,0.0025,-0.1252
112.0,20,1,-0.68,-118.19,2.49,50.0,0.2811,0.0983
112.0,21,3,-21.04,-104.66,23.65,50.0,0.0003,-0.1871
112.0,23,3,-33.27,-130.4,300.08,50.0,0.0,-0.3816
112.0,24,1,-21.51,-111.56,41.44,50.0,0.0003,-0.2084
112.0,25,1,-29.59,-117.15,254.67,50.0,0.0,-0.3663
112.0,26,3,-8.85,-105.33,7.12,50.0,0.0219,-0.0752
112.0,27,3,-19.2,-123.49,17.6,50.0,0.0006,-0.1616
112.0,28,3,-40.47,-118.54,1392.35,50.0,0.0,-0.3816
112.0,29,1,-25.31,-133.07,96.36,50.0,0.0,-0.3375
112.0,3,3,-19.34,-116.89,17.97,50.0,0.0006,-0.163
112.0,30,3,-15.66,-105.77,11.16,50.0,0.0021,-0.1322
112.0,31,3,-6.63,-120.93,6.69,50.0,0.0465,-0.0448
112.0,32,1,-43.5,-127.54,2774.77,50.0,0.0,-0.3684
112.0,33,3,-28.97,-126.84,115.3,50.0,0.0,-0.3763
112.0,34,1,-1.55,-121.91,2.56,50.0,0.2242,0.0702
112.0,35,1,-18.18,-128.67,20.42,50.0,0.0009,-0.1492
112.0,36,3,-29.45,-128.31,128.12,50.0,0.0,-0.3788
112.0,37,1,-24.32,-129.56,77.11,50.0,0.0001,-0.294
112.0,4,3,-19.49,-122.3,18.37,50.0,0.0005,-0.1646
112.0,5,3,-24.31,-120.45,43.46,50.0,0.0001,-0.2397
112.0,6,3,-11.9,-27.16,8.2,50.0,0.0076,-0.1494
112.0,8,3,-16.26,-117.93,11.92,50.0,0.0017,-0.1341
113.0,0,3,-14.64,-120.76,13.45,50.0,0.0029,-0.1356
113.0,1,3,-21.66,-112.47,29.73,50.0,0.0003,-0.2065
113.0,10,3,-47.37,-125.96,1395.72,50.0,0.0,-0.3894
113.0,11,3,-15.99,-100.98,14.93,50.0,0.0018,-0.1529
113.0,12,3,-19.71,-112.65,22.39,50.0,0.0005,-0.1817
113.0,13,3,-20.14,-110.33,23.74,50.0,0.0004,-0.1867
113.0,15,3,-25.4,-112.3,57.44,50.0,0.0001,-0.281
113.0,17,3,-23.53,-109.42,40.66,50.0,0.0001,-0.2384
113.0,18,3,-18.19,-121.85,18.57,50.0,0.0009,-0.1659
113.0,19,3,-17.78,-101.06,17.73,50.0,0.001,-0.1684
113.0,2,3,-17.09,-110.23,16.52,50.0,0.0013,-0.1558
113.0,20,1,2.57,-122.7,0.93,50.0,0.5494,0.2374
113.0,21,3,-19.4,-113.48,21.48,50.0,0.0006,-0.1782
113.0,23,3,-46.04,-128.43,1395.72,50.0,0.0,-0.3894
113.0,24,3,-17.8,-114.92,17.77,50.0,0.001,-0.1622
113.0,25,1,-35.86,-121.95,1070.57,50.0,0.0,-0.3605
113.0,26,3,-22.45,-106.34,33.79,50.0,0.0002,-0.2213
113.0,27,1,-29.99,-135.5,277.52,50.0,0.0,-0.3605
113.0,28,3,-30.56,-124.12,167.05,50.0,0.0,-0.3894
113.0,29,3,-13.47,-107.17,12.5,50.0,0.0044,-0.1285
113.0,3,3,-17.71,-103.53,17.6,50.0,0.001,-0.166
113.0,30,3,-23.69,-109.03,41.87,50.0,0.0001,-0.2419
113.0,31,3,-10.71,-110.53,11.05,50.0,0.0116,-0.104
113.0,32,1,-37.65,-140.06,1615.02,50.0,0.0,-0.3605
113.0,33,3,-36.87,-126.68,684.11,50.0,0.0,-0.3894
113.0,34,1,-19.47,-124.88,25.37,50.0,0.0005,-0.158
113.0,35,1,-15.41,-123.48,10.45,50.0,0.0022,-0.1065
113.0,36,3,-30.61,-121.06,169.04,50.0,0.0,-0.3894
113.0,37,3,1.91,-119.26,9.5,50.0,0.4922,0.2045
113.0,4,3,-13.98,-120.11,12.89,50.0,0.0037,-0.1304
113.0,5,3,-32.53,-112.07,257.71,50.0,0.0,-0.3894
113.0,8,1,-18.02,-133.85,18.39,50.0,0.0009,-0.1364
113.0,9,3,-4.5,-51.79,9.81,50.0,0.0933,-0.0642
114.0,0,3,-11.56,-118.08,8.55,50.0,0.0086,-0.099
114.0,1,1,-26.01,-120.11,111.88,50.0,0.0,-0.3431
114.0,10,1,-36.87,-136.37,1348.73,50.0,0.0,-0.3631
114.0,11,1,-12.01,-132.61,5.58,50.0,0.0074,-0.0791
114.0,12,3,-24.72,-107.57,47.69,50.0,0.0001,-0.2533
114.0,13,1,-31.73,-121.76,413.85,50.0,0.0,-0.3631
114.0,14,3,-8.96,-52.12,7.65,50.0,0.0211,-0.1166
114.0,15,1,-14.8,-123.86,9.55,50.0,0.0028,-0.1039
114.0,16,3,4.25,-43.61,6.6,50.0,0.6872,0.2806
114.0,17,3,-11.61,-108.94,8.57,50.0,0.0085,-0.1001
114.0,18,3,-29.67,-107.85,134.92,50.0,0.0,-0.3827
114.0,19,3,-16.45,-101.84,12.68,50.0,0.0016,-0.1438
114.0,2,3,-16.71,-106.18,13.06,50.0,0.0014,-0.143
114.0,20,1,4.98,-119.21,1.23,50.0,0.7396,0.3297
114.0,21,2,-10.81,-150.0,3.49,50.0,0.0112,-0.055
114.0,23,4,-48.19,-150.0,1386.41,50.0,0.0,-0.3526
114.0,24,1,-18.14,-125.08,19.25,50.0,0.0009,-0.1414
114.0,25,3,-25.39,-109.85,54.52,50.0,0.0001,-0.2687
114.0,26,3,-23.65,-106.6,38.71,50.0,0.0001,-0.2306
114.0,27,1,-9.18,-134.51,3.47,50.0,0.0196,-0.0542
114.0,28,3,-33.3,-123.54,302.92,50.0,0.0,-0.3829
114.0,29,3,-25.73,-117.11,58.42,50.0,0.0001,-0.2781
114.0,3,3,-15.18,-114.78,11.13,50.0,0.0024,-0.1276
114.0,30,3,-25.34,-111.81,54.0,50.0,0.0001,-0.2673
114.0,31,3,-10.96,-117.53,8.29,50.0,0.0106,-0.0939
114.0,32,1,-31.63,-129.04,404.31,50.0,0.0,-0.3631
114.0,33,1,-28.17,-133.13,183.2,50.0,0.0,-0.3539
114.0,34,4,-11.93,-150.0,2.27,50.0,0.0076,-0.0588
114.0,35,3,-21.1,-117.26,24.42,50.0,0.0003,-0.1865
114.0,36,3,-27.36,-125.23,82.09,50.0,0.0,-0.3337
114.0,37,3,-21.98,-125.92,28.44,50.0,0.0002,-0.1991
114.0,4,3,-17.38,-114.87,14.14,50.0,0.0011,-0.1461
114.0,5,3,-27.64,-119.44,87.03,50.0,0.0,-0.345
114.0,6,3,-0.85,-40.69,6.72,50.0,0.2693,0.0461
114.0,8,3,-17.67,-114.54,14.67,50.0,0.001,-0.1488
115.0,0,3,-21.04,-105.82,26.55,50.0,0.0003,-0.199
115.0,1,3,-32.79,-113.3,272.46,50.0,0.0,-0.3884
115.0,10,3,-45.46,-129.39,1395.25,50.0,0.0,-0.3884
115.0,11,3,-15.08,-103.75,13.41,50.0,0.0025,-0.1416
115.0,12,1,-29.08,-128.93,224.99,50.0,0.0,-0.3543
115.0,13,3,-24.58,-112.06,48.75,50.0,0.0001,-0.2585
115.0,15,3,-18.83,-120.91,19.54,50.0,0.0007,-0.1703
115.0,17,3,-14.69,-112.4,13.03,50.0,0.0029,-0.1341
115.0,18,3,-7.76,-113.43,9.77,50.0,0.0318,-0.0723
115.0,19,2,-16.25,-150.0,11.87,50.0,0.0017,-0.1059
115.0,2,3,-30.49,-98.92,164.23,50.0,0.0,-0.3963
115.0,21,3,-30.87,-107.27,178.34,50.0,0.0,-0.3903
115.0,23,1,-49.44,-141.36,2773.22,50.0,0.0,-0.3589
115.0,24,3,-24.76,-117.67,50.47,50.0,0.0001,-0.2629
115.0,25,3,-23.18,-110.26,37.75,50.0,0.0001,-0.2294
115.0,26,1,-20.12,-130.92,29.13,50.0,0.0004,-0.1673
115.0,27,3,-20.65,-118.2,25.05,50.0,0.0004,-0.1909
115.0,28,3,-33.88,-119.55,347.32,50.0,0.0,-0.3884
115.0,29,3,-7.06,-98.2,9.65,50.0,0.0403,-0.0718
115.0,3,3,-24.08,-94.84,44.43,50.0,0.0001,-0.2582
115.0,30,3,-20.82,-98.26,25.69,50.0,0.0003,-0.2015
115.0,32,3,-38.96,-122.83,1100.87,50.0,0.0,-0.3884
115.0,33,3,-27.44,-119.9,85.76,50.0,0.0,-0.347
115.0,34,3,-14.34,-102.95,12.71,50.0,0.0033,-0.1363
115.0,35,3,-27.82,-109.94,92.87,50.0,0.0,-0.3632
115.0,36,3,-32.59,-127.83,260.45,50.0,0.0,-0.3884
115.0,37,1,-22.33,-141.58,48.03,50.0,0.0002,-0.2163
115.0,38,3,-18.8,-101.73,19.46,50.0,0.0007,-0.1759
115.0,4,3,-26.12,-115.12,65.67,50.0,0.0,-0.3002
115.0,5,3,-16.64,-118.37,15.34,50.0,0.0015,-0.1499
115.0,8,1,-9.89,-123.48,3.32,50.0,0.0153,-0.0555
116.0,0,1,-19.14,-126.64,25.43,50.0,0.0006,-0.1663
116.0,1,3,-29.53,-117.75,129.28,50.0,0.0,-0.3758
116.0,10,3,-43.52,-131.18,1391.14,50.0,0.0,-0.3782
116.0,11,3,-30.49,-96.39,159.94,50.0,0.0,-0.3878
116.0,12,1,-33.33,-122.29,599.4,50.0,0.0,-0.3705
116.0,13,1,-19.11,-122.84,25.28,50.0,0.0006,-0.1659
116.0,14,1,-0.93,-60.55,2.99,50.0,0.2642,0.0517
116.0,15,3,-22.92,-106.24,31.99,50.0,0.0002,-0.209
116.0,16,3,-5.48,-41.87,5.33,50.0,0.068,-0.0695
116.0,17,1,-25.21,-113.05,94.58,50.0,0.0,-0.3356
116.0,18,3,-24.44,-125.97,43.4,50.0,0.0001,-0.2369
116.0,19,1,-13.74,-132.12,9.22,50.0,0.004,-0.1044
116.0,2,1,-11.78,-116.12,6.84,50.0,0.008,-0.0875
116.0,21,3,-13.57,-98.19,7.99,50.0,0.0043,-0.1152
116.0,23,1,-42.09,-141.41,2775.26,50.0,0.0,-0.3705
116.0,24,2,-9.79,-150.0,2.79,50.0,0.0159,-0.0459
116.0,25,1,-26.87,-121.58,137.51,50.0,0.0,-0.3548
116.0,26,3,-15.47,-116.57,9.73,50.0,0.0022,-0.1218
116.0,27,1,-11.61,-125.87,6.68,50.0,0.0085,-0.086
116.0,28,3,-49.71,-123.08,1391.14,50.0,0.0,-0.3782
116.0,29,3,-8.55,-97.5,5.84,50.0,0.0243,-0.0718
116.0,3,3,-21.07,-99.41,22.57,50.0,0.0003,-0.1855
116.0,30,3,-11.78,-97.94,6.93,50.0,0.008,-0.1012
116.0,32,3,-34.69,-129.1,413.18,50.0,0.0,-0.3782
116.0,33,1,-27.58,-134.22,161.36,50.0,0.0,-0.3583
116.0,34,3,-16.27,-118.03,10.72,50.0,0.0017,-0.1284
116.0,35,1,-28.52,-122.54,199.77,50.0,0.0,-0.363
116.0,36,3,-37.52,-131.47,788.33,50.0,0.0,-0.3782
116.0,37,3,-22.04,-114.71,27.0,50.0,0.0002,-0.1918
116.0,38,3,-9.78,-109.84,6.16,50.0,0.0159,-0.0753
116.0,4,3,-18.5,-121.28,14.65,50.0,0.0008,-0.1485
116.0,5,1,-42.98,-124.45,2775.25,50.0,0.0,-0.3705
116.0,6,3,-6.31,-45.08,5.43,50.0,0.0518,-0.0806
116.0,8,3,-24.96,-114.65,48.28,50.0,0.0001,-0.2492
117.0,0,3,-26.23,-113.19,66.53,50.0,0.0,-0.3012
117.0,1,1,-31.14,-130.63,361.95,50.0,0.0,-0.3628
117.0,10,1,-47.44,-140.76,2773.72,50.0,0.0,-0.3628
117.0,11,3,-13.31,-101.97,11.33,50.0,0.0047,-0.1265
117.0,12,3,-29.21,-115.28,123.87,50.0,0.0,-0.3831
117.0,13,1,-22.52,-122.78,50.64,50.0,0.0002,-0.2264
117.0,14,3,2.39,-62.31,8.43,50.0,0.5339,0.1977
117.0,15,3,-33.79,-114.85,340.29,50.0,0.0,-0.3872
117.0,16,3,3.73,-46.9,8.41,50.0,0.6467,0.2508
117.0,17,3,-20.09,-121.01,22.51,50.0,0.0004,-0.1817
117.0,18,3,-23.3,-115.43,38.01,50.0,0.0001,-0.2293
117.0,19,1,-14.05,-128.0,8.17,50.0,0.0036,-0.0965
117.0,2,1,-18.92,-138.64,22.77,50.0,0.0007,-0.1521
117.0,21,3,-14.34,-96.87,12.13,50.0,0.0033,-0.1383
117.0,23,3,-31.84,-126.87,220.33,50.0,0.0,-0.3871
117.0,24,3,-17.99,-111.91,17.08,50.0,0.0009,-0.1596
117.0,25,1,-9.64,-113.26,3.68,50.0,0.0167,-0.0581
117.0,26,3,-14.4,-113.43,12.18,50.0,0.0032,-0.1294
117.0,27,1,-13.64,-129.82,7.53,50.0,0.0042,-0.0928
117.0,28,3,-31.09,-115.29,186.46,50.0,0.0,-0.3871
117.0,29,1,-12.48,-143.87,6.03,50.0,0.0063,-0.0827
117.0,3,3,-31.23,-108.24,192.24,50.0,0.0,-0.3884
117.0,30,3,-17.44,-109.16,16.06,50.0,0.0011,-0.1552
117.0,32,3,-28.75,-119.66,112.37,50.0,0.0,-0.3808
117.0,33,3,-25.68,-123.02,59.61,50.0,0.0001,-0.2846
117.0,34,3,-10.66,-111.57,9.98,50.0,0.0118,-0.0992
117.0,35,3,-15.95,-118.09,13.82,50.0,0.0019,-0.1417
117.0,36,3,-41.66,-121.16,1394.66,50.0,0.0,-0.3872
117.0,37,3,-19.99,-116.46,22.2,50.0,0.0005,-0.1805
117.0,38,3,-10.88,-116.2,10.06,50.0,0.0109,-0.1011
117.0,4,3,-19.75,-115.25,21.46,50.0,0.0005,-0.1778
117.0,5,3,-30.44,-116.07,161.79,50.0,0.0,-0.3871
117.0,6,3,4.73,-45.26,8.39,50.0,0.7224,0.2957
117.0,8,3,-28.48,-107.91,106.0,50.0,0.0,-0.381
117.0,9,3,2.34,-61.96,8.43,50.0,0.5296,0.1951
118.0,0,3,-21.17,-118.31,22.77,50.0,0.0003,-0.1781
118.0,1,3,-21.29,-120.45,23.27,50.0,0.0003,-0.1797
118.0,10,3,-41.85,-132.5,1390.91,50.0,0.0,-0.3775
118.0,11,3,-27.85,-95.7,89.17,50.0,0.0,-0.3552
118.0,12,1,-9.8,-127.73,5.18,50.0,0.0159,-0.0695
118.0,13,1,-19.12,-117.48,25.16,50.0,0.0006,-0.1652
118.0,15,1,-19.37,-115.32,26.53,50.0,0.0006,-0.1692
118.0,17,4,-24.44,-150.0,38.59,50.0,0.0001,-0.2003
118.0,18,3,-13.61,-120.08,7.79,50.0,0.0042,-0.106
118.0,19,1,-9.26,-114.97,4.88,50.0,0.019,-0.0646
118.0,2,1,-9.43,-112.33,4.97,50.0,0.018,-0.0661
118.0,21,3,-14.84,-104.42,8.83,50.0,0.0027,-0.1196
118.0,23,3,-42.89,-131.59,1390.91,50.0,0.0,-0.3775
118.0,24,1,-16.75,-113.56,15.64,50.0,0.0014,-0.1336
118.0,25,1,-24.93,-120.42,88.79,50.0,0.0,-0.3221
118.0,26,3,-21.29,-119.03,23.28,50.0,0.0003,-0.1798
118.0,27,3,-15.84,-107.68,9.92,50.0,0.0019,-0.1253
118.0,28,3,-32.46,-122.5,249.07,50.0,0.0,-0.3775
118.0,29,1,-12.98,-136.14,8.05,50.0,0.0052,-0.0971
118.0,3,3,-23.18,-108.82,33.42,50.0,0.0001,-0.2106
118.0,30,3,-17.99,-100.06,13.34,50.0,0.0009,-0.1496
118.0,32,1,-38.1,-131.47,1791.43,50.0,0.0,-0.37
118.0,33,3,-49.32,-125.03,1390.9,50.0,0.0,-0.3775
118.0,34,1,-11.94,-122.72,6.88,50.0,0.0075,-0.0882
118.0,35,1,-17.36,-125.48,17.62,50.0,0.0011,-0.1409
118.0,36,3,-33.75,-117.56,333.22,50.0,0.0,-0.3775
118.0,37,3,-16.12,-109.92,10.28,50.0,0.0018,-0.126
118.0,38,3,-10.43,-119.69,6.14,50.0,0.0127,-0.08
118.0,39,1,-23.6,-108.4,66.02,50.0,0.0001,-0.271
118.0,4,3,-35.85,-117.25,538.38,50.0,0.0,-0.3775
118.0,5,5,-56.18,-150.0,277.28,50.0,0.0,-0.3512
118.0,8,3,-22.4,-120.22,28.71,50.0,0.0002,-0.1964
119.0,0,3,-12.62,-109.09,12.81,50.0,0.006,-0.1239
119.0,1,1,-32.09,-129.17,448.62,50.0,0.0,-0.3575
119.0,10,3,-51.07,-124.33,1396.58,50.0,0.0,-0.3912
119.0,11,3,-14.5,-101.44,14.19,50.0,0.0031,-0.1441
119.0,12,3,-18.45,-110.32,19.99,50.0,0.0008,-0.172
119.0,13,1,-14.22,-120.4,7.8,50.0,0.0034,-0.0914
119.0,14,3,-2.03,-60.22,10.49,50.0,0.1964,0.0029
119.0,15,3,-19.73,-115.1,23.3,50.0,0.0005,-0.1854
119.0,16,3,0.83,-50.56,10.38,50.0,0.3987,0.1079
119.0,17,3,-25.38,-119.83,58.16,50.0,0.0001,-0.2842
119.0,18,3,-22.83,-107.22,36.85,50.0,0.0002,-0.2306
119.0,19,1,-23.44,-130.8,61.73,50.0,0.0001,-0.2479
119.0,2,1,-16.04,-143.02,11.62,50.0,0.0018,-0.1092
119.0,21,3,-16.61,-105.34,16.62,50.0,0.0015,-0.1585
119.0,23,3,-43.03,-124.29,1396.58,50.0,0.0,-0.3912
119.0,24,4,-14.04,-150.0,3.6,50.0,0.0036,-0.074
119.0,25,3,-14.5,-117.55,14.18,50.0,0.0031,-0.138
119.0,26,3,-14.32,-107.61,14.03,50.0,0.0033,-0.1383
119.0,27,3,-23.35,-118.23,40.27,50.0,0.0001,-0.2381
119.0,28,3,-34.37,-126.04,389.5,50.0,0.0,-0.3912
119.0,29,3,-14.92,-107.14,14.58,50.0,0.0027,-0.1434
119.0,3,3,-23.6,-104.49,42.05,50.0,0.0001,-0.2469
119.0,30,3,-19.78,-108.19,23.47,50.0,0.0005,-0.1873
119.0,32,3,-26.16,-120.02,67.59,50.0,0.0,-0.307
119.0,33,3,-36.37,-124.65,611.37,50.0,0.0,-0.3912
119.0,34,3,-14.59,-97.44,14.27,50.0,0.003,-0.1477
119.0,35,3,-27.16,-116.93,82.37,50.0,0.0,-0.3416
119.0,36,3,-31.27,-127.83,196.2,50.0,0.0,-0.3912
119.0,37,1,-24.68,-137.4,81.95,50.0,0.0001,-0.2946
119.0,38,3,-11.26,-102.79,12.13,50.0,0.0095,-0.1174
119.0,39,3,-9.16,-120.28,11.42,50.0,0.0197,-0.0931
119.0,4,3,-33.96,-112.03,355.07,50.0,0.0,-0.3912
119.0,5,3,-25.93,-116.87,64.57,50.0,0.0,-0.2998
119.0,6,3,-0.92,-48.31,10.44,50.0,0.2649,0.0333
119.0,8,3,-19.83,-118.54,23.61,50.0,0.0005,-0.1865
119.0,9,3,-0.12,-63.21,10.41,50.0,0.3223,0.0755
120.0,0,3,-23.95,-118.46,41.84,50.0,0.0001,-0.238
120.0,1,3,-23.03,-118.36,35.28,50.0,0.0002,-0.2202
120.0,10,3,-45.16,-131.99,1393.72,50.0,0.0,-0.385
120.0,11,3,-19.69,-109.28,20.33,50.0,0.0005,-0.1735
120.0,12,1,-21.12,-129.17,37.34,50.0,0.0003,-0.1948
120.0,13,1,-13.84,-125.71,8.21,50.0,0.0039,-0.0975
120.0,14,3,3.31,-63.23,7.47,50.0,0.6125,0.2467
120.0,15,3,-24.95,-119.55,50.78,50.0,0.0001,-0.261
120.0,16,3,2.7,-50.51,7.48,50.0,0.561,0.2084
120.0,17,3,-21.02,-109.87,24.95,50.0,0.0003,-0.1893
120.0,18,3,-36.52,-108.19,629.81,50.0,0.0,-0.3863
120.0,19,1,-17.07,-134.09,15.62,50.0,0.0013,-0.1303
120.0,2,1,-10.68,-132.7,4.73,50.0,0.0117,-0.0702
120.0,21,1,-3.87,-135.39,2.16,50.0,0.1136,0.016
120.0,23,1,-53.95,-137.14,2774.08,50.0,0.0,-0.365
120.0,24,1,-19.7,-120.34,27.34,50.0,0.0005,-0.1675
120.0,25,3,-23.39,-113.67,37.68,50.0,0.0001,-0.2269
120.0,26,3,-12.02,-108.87,9.63,50.0,0.0073,-0.1073
120.0,27,3,-22.52,-109.31,32.21,50.0,0.0002,-0.212
120.0,28,3,-29.89,-120.27,142.44,50.0,0.0,-0.3844
120.0,29,3,-22.2,-104.4,30.42,50.0,0.0002,-0.2103
120.0,3,3,-26.25,-101.73,65.88,50.0,0.0,-0.3037
120.0,30,3,-11.48,-117.87,9.37,50.0,0.0089,-0.1021
120.0,32,3,-31.45,-121.31,200.99,50.0,0.0,-0.3849
120.0,33,1,-36.36,-133.17,1200.34,50.0,0.0,-0.365
120.0,34,1,-21.36,-119.28,39.43,50.0,0.0003,-0.2002
120.0,35,3,-36.56,-117.47,634.63,50.0,0.0,-0.385
120.0,36,3,-29.59,-123.59,133.52,50.0,0.0,-0.3829
120.0,37,3,-15.26,-119.1,12.08,50.0,0.0024,-0.1321
120.0,38,3,-14.81,-101.7,11.62,50.0,0.0028,-0.1344
120.0,39,3,-23.74,-116.58,40.2,50.0,0.0001,-0.2337
120.0,4,1,-29.98,-121.14,277.51,50.0,0.0,-0.3649
120.0,5,3,-31.09,-118.77,185.58,50.0,0.0,-0.3849
120.0,6,3,-3.96,-48.83,7.76,50.0,0.1103,-0.0462
120.0,8,3,0.36,-114.5,7.54,50.0,0.3602,0.1414
120.0,9,3,-1.86,-64.46,7.63,50.0,0.2054,0.0232
121.0,0,3,-12.62,-115.05,9.44,50.0,0.0059,-0.1091
121.0,1,1,-26.56,-129.93,127.26,50.0,0.0,-0.349
121.0,10,1,-40.86,-132.3,2774.32,50.0,0.0,-0.3662
121.0,11,3,-24.71,-102.49,47.96,50.0,0.0001,-0.2583
121.0,13,1,-15.86,-119.77,12.42,50.0,0.0019,-0.1186
121.0,14,3,3.13,-66.24,6.96,50.0,0.5973,0.2424
121.0,15,1,-24.94,-109.58,88.25,50.0,0.0,-0.3176
121.0,16,3,4.86,-54.75,6.93,50.0,0.7315,0.3146
121.0,17,1,-29.3,-131.08,237.51,50.0,0.0,-0.3627
121.0,18,3,-22.84,-106.54,33.55,50.0,0.0002,-0.217
121.0,19,1,-15.55,-114.66,11.67,50.0,0.0021,-0.1154
121.0,2,1,-22.06,-139.64,46.29,50.0,0.0002,-0.2188
121.0,21,3,-6.84,-106.09,7.57,50.0,0.0434,-0.0544
121.0,23,1,-45.79,-141.35,2774.32,50.0,0.0,-0.3662
121.0,24,3,-10.31,-107.67,8.39,50.0,0.0133,-0.0914
121.0,25,3,-23.17,-114.03,35.65,50.0,0.0001,-0.2204
121.0,26,1,-13.16,-117.44,7.46,50.0,0.0049,-0.0932
121.0,27,3,-18.1,-118.01,15.85,50.0,0.0009,-0.1543
121.0,28,3,-36.07,-128.24,567.82,50.0,0.0,-0.3837
121.0,29,3,-18.84,-95.53,17.53,50.0,0.0007,-0.172
121.0,3,3,-18.75,-110.34,17.3,50.0,0.0007,-0.1607
121.0,30,3,-18.74,-105.01,17.27,50.0,0.0007,-0.1642
121.0,32,3,-29.99,-122.52,145.13,50.0,0.0,-0.3836
121.0,33,3,-34.08,-118.96,361.53,50.0,0.0,-0.3837
121.0,34,1,-13.09,-127.23,7.37,50.0,0.0051,-0.0926
121.0,35,3,-22.79,-121.43,33.24,50.0,0.0002,-0.2137
121.0,36,3,-24.75,-119.22,48.31,50.0,0.0001,-0.2538
121.0,37,3,-7.06,-119.86,7.61,50.0,0.0403,-0.0546
121.0,38,3,-20.33,-107.82,21.87,50.0,0.0004,-0.1798
121.0,39,3,-4.07,-122.21,7.25,50.0,0.1068,-0.0026
121.0,4,1,-20.35,-118.93,31.76,50.0,0.0004,-0.181
121.0,40,3,-13.72,-108.43,10.17,50.0,0.0041,-0.1188
121.0,5,3,-33.69,-116.15,331.05,50.0,0.0,-0.3837
121.0,6,3,-2.51,-49.73,7.15,50.0,0.1708,-0.0053
121.0,8,3,-12.63,-109.98,9.45,50.0,0.0059,-0.1092
122.0,0,3,-11.69,-108.7,11.72,50.0,0.0082,-0.1143
122.0,1,3,-26.13,-118.99,66.48,50.0,0.0,-0.3034
122.0,10,1,-48.82,-147.19,2773.07,50.0,0.0,-0.3575
122.0,11,3,-15.51,-94.0,14.6,50.0,0.0022,-0.155
122.0,13,3,-15.24,-105.89,14.3,50.0,0.0024,-0.1443
122.0,14,3,4.54,-64.51,9.7,50.0,0.7088,0.2955
122.0,15,3,-16.14,-114.82,15.37,50.0,0.0017,-0.1488
122.0,17,3,-23.23,-114.16,38.82,50.0,0.0001,-0.2333
122.0,18,3,-19.04,-112.52,20.78,50.0,0.0006,-0.1755
122.0,19,3,-17.62,-109.17,17.68,50.0,0.001,-0.1622
122.0,2,3,-19.32,-112.65,21.52,50.0,0.0006,-0.1784
122.0,20,3,-2.26,-47.72,9.9,50.0,0.1836,-0.011
122.0,21,3,-21.67,-102.49,30.04,50.0,0.0003,-0.2131
122.0,23,3,-41.44,-127.32,1395.97,50.0,0.0,-0.39
122.0,24,1,-23.52,-138.28,62.77,50.0,0.0001,-0.2504
122.0,25,4,-21.96,-150.0,21.84,50.0,0.0002,-0.1541
122.0,26,3,-20.15,-101.18,24.01,50.0,0.0004,-0.1941
122.0,27,3,-16.7,-114.54,16.15,50.0,0.0014,-0.1535
122.0,28,3,-34.51,-118.12,401.25,50.0,0.0,-0.39
122.0,29,3,-13.62,-104.6,12.86,50.0,0.0042,-0.1325
122.0,3,3,-20.23,-86.12,24.28,50.0,0.0004,-0.2058
122.0,30,3,-23.67,-107.43,41.92,50.0,0.0001,-0.2436
122.0,31,3,-1.34,-49.91,9.85,50.0,0.2371,0.0214
122.0,32,1,-36.12,-143.99,1135.04,50.0,0.0,-0.3575
122.0,33,3,-46.82,-128.15,1395.97,50.0,0.0,-0.39
122.0,34,1,-10.45,-128.55,3.55,50.0,0.0127,-0.0587
122.0,35,3,-20.33,-117.77,24.63,50.0,0.0004,-0.19
122.0,36,3,-26.86,-124.06,76.91,50.0,0.0,-0.3279
122.0,37,1,-20.33,-140.39,30.38,50.0,0.0004,-0.1694
122.0,38,3,0.9,-108.11,9.77,50.0,0.4045,0.1546
122.0,39,3,-15.41,-102.42,14.49,50.0,0.0023,-0.1482
122.0,4,3,-19.01,-110.16,20.7,50.0,0.0006,-0.1752
122.0,40,3,-11.69,-99.46,11.71,50.0,0.0082,-0.1209
122.0,5,1,-37.22,-130.74,1462.05,50.0,0.0,-0.3575
122.0,8,3,-21.25,-109.03,28.14,50.0,0.0003,-0.2025
122.0,9,3,4.95,-64.1,9.7,50.0,0.7377,0.3135
123.0,0,1,-9.89,-113.55,4.68,50.0,0.0153,-0.0667
123.0,1,1,-29.68,-124.59,259.82,50.0,0.0,-0.3659
123.0,10,3,-46.22,-126.43,1391.77,50.0,0.0,-0.38
123.0,11,3,-16.24,-117.87,11.3,50.0,0.0017,-0.1312
123.0,13,1,-34.91,-118.52,861.02,50.0,0.0,-0.3675
123.0,15,3,-25.43,-118.04,53.84,50.0,0.0001,-0.2645
123.0,17,3,-18.56,-114.44,15.41,50.0,0.0007,-0.1522
123.0,18,3,-34.66,-115.45,411.16,50.0,0.0,-0.38
123.0,19,3,-30.14,-105.59,148.79,50.0,0.0,-0.3831
123.0,2,1,-21.06,-130.08,37.37,50.0,0.0003,-0.1971
123.0,21,3,-15.61,-115.0,10.52,50.0,0.0021,-0.126
123.0,23,1,-41.01,-140.1,2774.57,50.0,0.0,-0.3675
123.0,24,1,-7.06,-123.4,3.38,50.0,0.0402,-0.0377
123.0,25,1,-18.63,-129.5,22.19,50.0,0.0007,-0.1542
123.0,26,3,-16.84,-105.69,12.17,50.0,0.0014,-0.1394
123.0,27,3,-9.03,-114.65,6.58,50.0,0.0206,-0.0709
123.0,28,3,-30.32,-113.33,154.66,50.0,0.0,-0.3799
123.0,29,3,-23.45,-99.91,36.12,50.0,0.0001,-0.2263
123.0,3,1,-19.63,-118.35,27.41,50.0,0.0005,-0.1698
123.0,30,3,-12.12,-105.57,7.73,50.0,0.0071,-0.1016
123.0,32,3,-40.51,-125.77,1391.77,50.0,0.0,-0.38
123.0,33,4,-36.84,-150.0,670.52,50.0,0.0,-0.3512
123.0,34,1,-27.11,-114.37,144.55,50.0,0.0,-0.353
123.0,35,1,-30.69,-113.85,327.24,50.0,0.0,-0.3675
123.0,36,3,-32.56,-123.46,255.6,50.0,0.0,-0.38
123.0,37,3,-30.27,-105.8,153.16,50.0,0.0,-0.3829
123.0,38,3,-16.37,-107.23,11.47,50.0,0.0016,-0.1342
123.0,39,3,-16.67,-130.9,11.91,50.0,0.0014,-0.1348
123.0,4,1,-28.21,-119.41,185.5,50.0,0.0,-0.3585
123.0,40,3,-8.82,-95.75,6.53,50.0,0.0222,-0.0789
123.0,5,3,-38.35,-125.59,953.97,50.0,0.0,-0.38
123.0,8,3,-6.86,-122.06,6.14,50.0,0.0431,-0.0453
124.0,0,3,-9.53,-109.45,9.89,50.0,0.0174,-0.0904
124.0,1,3,-25.74,-116.51,60.64,50.0,0.0001,-0.2875
124.0,10,4,-44.46,-150.0,1386.38,50.0,0.0,-0.3512
124.0,11,5,-36.0,-150.0,110.31,50.0,0.0,-0.3511
124.0,13,1,-14.16,-135.12,7.94,50.0,0.0035,-0.0936
124.0,15,3,-20.02,-113.39,22.58,50.0,0.0004,-0.1821
124.0,17,3,-27.99,-110.35,95.92,50.0,0.0,-0.3695
124.0,18,3,-16.23,-111.47,14.46,50.0,0.0017,-0.1452
124.0,19,3,-13.31,-107.09,11.62,50.0,0.0047,-0.1241
124.0,2,1,-7.02,-112.67,2.1,50.0,0.0408,-0.0269
124.0,20,3,1.98,-36.9,8.72,50.0,0.4981,0.1609
124.0,21,3,-15.87,-104.81,14.0,50.0,0.0019,-0.146
124.0,23,3,-25.7,-132.67,60.14,50.0,0.0001,-0.2863
124.0,24,3,-18.27,-108.31,17.96,50.0,0.0008,-0.1647
124.0,25,3,-35.52,-103.54,502.83,50.0,0.0,-0.3924
124.0,26,3,-14.57,-109.11,12.62,50.0,0.003,-0.1325
124.0,27,1,-25.11,-132.12,90.6,50.0,0.0,-0.3164
124.0,28,3,-35.76,-123.41,531.35,50.0,0.0,-0.3878
124.0,29,3,-21.41,-104.9,27.82,50.0,0.0003,-0.2034
124.0,3,3,-16.68,-111.85,15.1,50.0,0.0014,-0.1491
124.0,30,3,-7.54,-107.07,9.43,50.0,0.0342,-0.0704
124.0,31,3,1.82,-43.99,8.73,50.0,0.4845,0.1563
124.0,32,3,-25.12,-125.18,53.72,50.0,0.0001,-0.2705
124.0,33,3,-42.91,-127.39,1394.94,50.0,0.0,-0.3878
124.0,34,3,-22.7,-109.22,34.48,50.0,0.0002,-0.2203
124.0,35,3,-19.01,-119.63,19.69,50.0,0.0006,-0.1709
124.0,36,3,-43.6,-120.64,1394.94,50.0,0.0,-0.3878
124.0,37,3,-7.96,-117.27,9.51,50.0,0.0298,-0.0733
124.0,38,3,-9.23,-103.87,9.8,50.0,0.0193,-0.0914
124.0,39,1,-19.4,-103.33,24.84,50.0,0.0006,-0.1605
124.0,4,1,-15.13,-130.37,9.74,50.0,0.0025,-0.1027
124.0,40,3,-15.31,-99.89,13.35,50.0,0.0023,-0.145
124.0,41,3,-11.55,-117.8,10.62,50.0,0.0087,-0.1079
124.0,5,1,-27.69,-134.14,163.71,50.0,0.0,-0.3481
124.0,8,3,-13.48,-97.41,11.74,50.0,0.0044,-0.1323
125.0,0,3,-10.54,-112.32,7.67,50.0,0.0123,-0.0881
125.0,1,3,-33.3,-115.12,302.5,50.0,0.0,-0.3817
125.0,10,1,-47.26,-141.19,2774.74,50.0,0.0,-0.3683
125.0,11,3,-18.12,-101.02,15.1,50.0,0.0009,-0.1573
125.0,13,1,-26.23,-110.82,118.6,50.0,0.0,-0.3493
125.0,14,1,0.23,-58.5,2.39,50.0,0.3498,0.0949
125.0,15,3,-25.97,-110.64,60.94,50.0,0.0,-0.2832
125.0,16,3,-3.42,-55.4,6.4,50.0,0.1303,-0.0226
125.0,17,3,-28.79,-103.88,111.08,50.0,0.0,-0.3799
125.0,18,3,-10.34,-110.99,7.6,50.0,0.0131,-0.0864
125.0,19,3,-13.91,-107.75,9.51,50.0,0.0038,-0.1171
125.0,2,3,-14.73,-107.88,10.22,50.0,0.0029,-0.1234
125.0,20,3,-2.03,-49.57,6.32,50.0,0.1962,0.0131
125.0,21,3,-25.86,-102.31,59.49,50.0,0.0,-0.2852
125.0,22,1,-6.57,-99.27,3.4,50.0,0.0474,-0.0404
125.0,23,3,-45.16,-132.56,1392.4,50.0,0.0,-0.3817
125.0,24,1,-11.94,-121.71,6.48,50.0,0.0076,-0.0856
125.0,25,3,-15.87,-108.94,11.46,50.0,0.0019,-0.1319
125.0,26,3,-14.22,-100.94,9.77,50.0,0.0034,-0.1244
125.0,27,3,-24.31,-105.47,43.5,50.0,0.0001,-0.2431
125.0,28,1,-35.61,-136.95,1011.72,50.0,0.0,-0.3683
125.0,29,1,-10.77,-134.25,5.46,50.0,0.0113,-0.0756
125.0,3,3,-19.17,-105.32,17.55,50.0,0.0006,-0.1647
125.0,30,3,-14.23,-113.7,9.78,50.0,0.0034,-0.118
125.0,31,3,3.59,-51.61,6.15,50.0,0.6356,0.2577
125.0,32,1,-41.36,-128.99,2774.74,50.0,0.0,-0.3683
125.0,33,3,-26.65,-126.85,70.21,50.0,0.0,-0.3052
125.0,34,3,-29.81,-107.58,138.74,50.0,0.0,-0.3824
125.0,35,1,-37.92,-122.83,1717.78,50.0,0.0,-0.3683
125.0,36,1,-28.16,-132.51,183.66,50.0,0.0,-0.359
125.0,37,3,-24.35,-113.09,43.84,50.0,0.0001,-0.2408
125.0,38,3,-16.49,-115.0,12.28,50.0,0.0015,-0.1363
125.0,39,3,-10.25,-105.13,7.57,50.0,0.0135,-0.089
125.0,4,1,-33.91,-121.23,684.43,50.0,0.0,-0.3683
125.0,40,1,-14.37,-114.91,9.73,50.0,0.0032,-0.1069
125.0,41,3,-9.49,-110.85,7.33,50.0,0.0176,-0.0784
125.0,5,1,-31.77,-120.21,419.03,50.0,0.0,-0.3683
125.0,6,3,3.57,-55.12,6.15,50.0,0.634,0.2592
125.0,7,1,-8.95,-89.35,4.32,50.0,0.0212,-0.0738
125.0,8,3,-5.15,-118.4,6.55,50.0,0.0756,-0.021
125.0,9,1,1.1,-62.86,2.34,50.0,0.422,0.1324
126.0,0,3,-11.82,-100.94,11.32,50.0,0.0079,-0.1189
126.0,1,1,-21.76,-126.26,42.33,50.0,0.0002,-0.2029
126.0,10,3,-52.27,-129.64,1395.51,50.0,0.0,-0.389
126.0,11,3,-2.52,-109.27,9.45,50.0,0.1703,0.027
126.0,13,1,-12.91,-137.98,6.13,50.0,0.0054,-0.0825
126.0,15,3,-16.24,-109.32,15.04,50.0,0.0017,-0.1481
126.0,17,3,-8.26,-115.4,10.13,50.0,0.0268,-0.0791
126.0,18,3,-28.25,-107.23,101.83,50.0,0.0,-0.3821
126.0,19,3,-14.49,-111.86,13.1,50.0,0.0031,-0.1335
126.0,2,1,-12.52,-126.2,5.66,50.0,0.0062,-0.0791
126.0,21,3,-22.05,-109.33,31.42,50.0,0.0002,-0.212
126.0,22,1,-2.91,-131.27,1.24,50.0,0.1522,0.0444
126.0,23,3,-35.3,-132.38,478.78,50.0,0.0,-0.389
126.0,24,3,-2.05,-108.07,9.42,50.0,0.1953,0.0409
126.0,25,3,-25.01,-117.03,53.11,50.0,0.0001,-0.27
126.0,26,3,-8.15,-112.16,10.11,50.0,0.0278,-0.0779
126.0,27,4,-23.42,-150.0,30.56,50.0,0.0001,-0.179
126.0,28,3,-27.06,-120.28,79.67,50.0,0.0,-0.3335
126.0,29,3,-16.96,-104.07,16.1,50.0,0.0013,-0.1581
126.0,3,3,-12.98,-104.43,11.96,50.0,0.0053,-0.1257
126.0,30,3,-21.2,-102.54,27.48,50.0,0.0003,-0.2045
126.0,31,3,-6.02,-53.06,9.76,50.0,0.057,-0.09
126.0,32,1,-49.53,-135.4,2773.3,50.0,0.0,-0.3597
126.0,33,3,-34.61,-120.43,409.76,50.0,0.0,-0.389
126.0,34,3,-16.79,-114.3,15.82,50.0,0.0014,-0.1523
126.0,35,3,-15.82,-106.68,14.5,50.0,0.002,-0.1465
126.0,36,3,-29.35,-116.64,128.64,50.0,0.0,-0.3857
126.0,37,3,-16.36,-118.77,15.21,50.0,0.0016,-0.1487
126.0,38,3,-5.38,-99.37,9.68,50.0,0.0702,-0.0463
126.0,39,3,-4.97,-117.64,9.64,50.0,0.0801,-0.0312
126.0,4,3,-25.41,-111.78,57.4,50.0,0.0001,-0.2806
126.0,40,3,-4.88,-105.47,9.63,50.0,0.0827,-0.0326
126.0,41,3,-23.66,-114.5,41.4,50.0,0.0001,-0.2397
126.0,5,1,-18.22,-134.16,19.12,50.0,0.0008,-0.1382
126.0,7,3,-8.36,-112.44,10.16,50.0,0.0259,-0.0803
126.0,8,3,-14.71,-95.68,13.31,50.0,0.0029,-0.1455
127.0,0,3,-17.24,-123.93,11.16,50.0,0.0012,-0.1315
127.0,1,3,-12.18,-114.43,6.11,50.0,0.0069,-0.0906
127.0,10,3,-42.79,-133.32,1390.12,50.0,0.0,-0.375
127.0,11,1,-19.39,-101.31,27.96,50.0,0.0006,-0.1834
127.0,13,1,-20.31,-105.51,33.64,50.0,0.0004,-0.1965
127.0,15,3,-28.42,-112.56,100.23,50.0,0.0,-0.367
127.0,17,3,-26.52,-113.45,65.98,50.0,0.0,-0.2894
127.0,18,3,-30.35,-115.43,153.97,50.0,0.0,-0.3749
127.0,19,1,-11.52,-118.62,7.82,50.0,0.0087,-0.0922
127.0,2,1,-8.89,-110.14,6.04,50.0,0.0216,-0.0687
127.0,21,3,-16.42,-112.49,9.9,50.0,0.0016,-0.1244
127.0,22,1,-21.39,-99.43,42.09,50.0,0.0003,-0.2233
127.0,23,1,-42.76,-140.26,2776.48,50.0,0.0,-0.375
127.0,24,1,-0.22,-99.32,4.17,50.0,0.3152,0.0972
127.0,25,1,-29.54,-120.9,253.02,50.0,0.0,-0.3727
127.0,26,3,-14.52,-113.74,7.74,50.0,0.0031,-0.109
127.0,27,3,-16.45,-113.59,9.94,50.0,0.0016,-0.1246
127.0,28,3,-39.12,-122.1,1135.44,50.0,0.0,-0.375
127.0,29,3,-14.97,-100.45,8.17,50.0,0.0026,-0.1194
127.0,3,1,-5.8,-111.67,4.94,50.0,0.0613,-0.0323
127.0,30,3,-9.33,-103.26,5.01,50.0,0.0186,-0.0704
127.0,32,1,-44.16,-129.61,2776.48,50.0,0.0,-0.375
127.0,33,3,-35.68,-127.29,516.94,50.0,0.0,-0.375
127.0,34,1,-21.13,-117.28,39.87,50.0,0.0003,-0.21
127.0,35,1,-26.22,-114.24,119.89,50.0,0.0,-0.356
127.0,36,1,-30.4,-132.86,308.11,50.0,0.0,-0.375
127.0,37,3,-6.88,-105.33,4.49,50.0,0.0428,-0.0406
127.0,38,3,-1.85,-101.59,4.03,50.0,0.2061,0.0673
127.0,39,1,-16.79,-110.22,17.12,50.0,0.0014,-0.1418
127.0,4,1,-26.51,-115.43,128.11,50.0,0.0,-0.3575
127.0,40,1,-11.07,-109.78,7.44,50.0,0.0102,-0.0886
127.0,41,3,-23.82,-112.26,37.2,50.0,0.0001,-0.2181
127.0,42,3,-18.45,-118.66,13.53,50.0,0.0008,-0.1428
127.0,5,3,-22.81,-116.03,30.32,50.0,0.0002,-0.1992
127.0,7,1,-2.7,-98.96,4.4,50.0,0.162,0.0201
127.0,8,1,-19.11,-95.61,26.48,50.0,0.0006,-0.1831
128.0,0,3,-12.27,-106.65,11.67,50.0,0.0067,-0.1191
128.0,1,3,-27.13,-119.0,80.93,50.0,0.0,-0.3366
128.0,10,3,-51.0,-129.37,1395.63,50.0,0.0,-0.3893
128.0,11,3,-14.8,-102.15,13.52,50.0,0.0028,-0.1422
128.0,13,3,-11.54,-108.45,11.31,50.0,0.0087,-0.1118
128.0,15,1,-29.29,-126.35,236.03,50.0,0.0,-0.3571
128.0,17,3,-20.59,-114.86,25.22,50.0,0.0004,-0.1918
128.0,18,3,-26.97,-111.62,78.29,50.0,0.0,-0.3306
128.0,19,1,-20.67,-101.82,33.17,50.0,0.0004,-0.1857
128.0,2,1,-15.89,-116.44,11.6,50.0,0.0019,-0.1116
128.0,20,3,-4.95,-55.29,9.76,50.0,0.0807,-0.0704
128.0,21,3,-24.83,-106.91,51.45,50.0,0.0001,-0.2682
128.0,22,3,-4.06,-118.32,9.68,50.0,0.1071,-0.0128
128.0,23,3,-37.59,-127.6,804.91,50.0,0.0,-0.3893
128.0,24,3,-9.26,-114.95,10.5,50.0,0.0191,-0.0902
128.0,25,3,-18.55,-113.21,19.25,50.0,0.0008,-0.1691
128.0,26,1,-8.61,-114.03,2.84,50.0,0.0238,-0.0455
128.0,27,3,-10.46,-103.0,10.87,50.0,0.0126,-0.1065
128.0,28,3,-38.62,-123.09,1017.68,50.0,0.0,-0.3893
128.0,29,3,-15.87,-100.29,14.69,50.0,0.0019,-0.1521
128.0,3,3,-19.43,-102.56,21.48,50.0,0.0006,-0.1835
128.0,30,3,-19.58,-96.7,21.9,50.0,0.0005,-0.1894
128.0,31,3,-4.41,-58.86,9.71,50.0,0.096,-0.0569
128.0,32,3,-47.68,-125.67,1395.63,50.0,0.0,-0.3893
128.0,33,3,-38.47,-127.84,984.17,50.0,0.0,-0.3893
128.0,34,3,-26.1,-106.66,65.78,50.0,0.0,-0.3035
128.0,35,3,-26.76,-120.44,75.12,50.0,0.0,-0.3232
128.0,36,3,-29.47,-127.51,132.16,50.0,0.0,-0.3866
128.0,37,3,-28.15,-114.44,99.94,50.0,0.0,-0.3798
128.0,38,3,-10.8,-106.7,11.0,50.0,0.0112,-0.1068
128.0,39,3,-16.88,-111.11,16.1,50.0,0.0013,-0.1537
128.0,4,3,-27.06,-110.03,79.75,50.0,0.0,-0.3339
128.0,40,3,-17.62,-101.72,17.35,50.0,0.001,-0.1662
128.0,41,3,-21.42,-108.93,28.56,50.0,0.0003,-0.2036
128.0,42,1,-19.92,-114.15,28.02,50.0,0.0005,-0.1657
128.0,5,1,-38.64,-122.44,2027.85,50.0,0.0,-0.3607
128.0,7,1,-1.45,-125.84,1.2,50.0,0.2301,0.0836
128.0,8,1,-10.4,-121.83,3.86,50.0,0.0129,-0.0621
129.0,0,3,-19.98,-113.79,18.0,50.0,0.0005,-0.1611
129.0,1,3,-17.01,-118.31,11.15,50.0,0.0013,-0.1314
129.0,10,1,-44.02,-138.26,2775.49,50.0,0.0,-0.3714
129.0,11,3,-9.84,-104.5,5.52,50.0,0.0156,-0.0764
129.0,13,1,-19.0,-104.53,24.9,50.0,0.0006,-0.1694
129.0,15,1,-24.9,-128.58,88.65,50.0,0.0,-0.3231
129.0,16,3,-0.08,-56.1,4.32,50.0,0.3254,0.0993
129.0,17,1,-24.48,-128.36,80.72,50.0,0.0001,-0.3051
129.0,18,3,-26.45,-118.33,65.34,50.0,0.0,-0.2889
129.0,19,5,-23.92,-150.0,6.87,50.0,0.0001,-0.1328
129.0,2,1,-16.84,-111.77,16.29,50.0,0.0014,-0.1369
129.0,21,3,-15.8,-95.72,9.46,50.0,0.002,-0.1314
129.0,22,3,-0.14,-99.64,4.32,50.0,0.3211,0.1281
129.0,23,1,-48.08,-137.64,2775.49,50.0,0.0,-0.3714
129.0,24,6,-8.19,-150.0,0.06,50.0,0.0275,0.2121
129.0,25,3,-30.86,-104.79,173.01,50.0,0.0,-0.3798
129.0,26,1,-21.41,-121.57,41.29,50.0,0.0003,-0.2107
129.0,27,1,-24.46,-115.03,80.38,50.0,0.0001,-0.3043
129.0,28,3,-30.46,-128.64,158.44,50.0,0.0,-0.3761
129.0,29,3,-22.43,-95.45,28.46,50.0,0.0002,-0.2051
129.0,3,3,-15.76,-101.68,9.41,50.0,0.002,-0.1268
129.0,30,3,-13.36,-111.41,7.19,50.0,0.0046,-0.1019
129.0,32,3,-34.75,-126.19,418.08,50.0,0.0,-0.3762
129.0,33,3,-39.32,-120.76,1189.32,50.0,0.0,-0.3762
129.0,34,1,-37.71,-122.69,1637.56,50.0,0.0,-0.3714
129.0,35,1,-31.82,-127.13,424.88,50.0,0.0,-0.3714
129.0,36,1,-26.3,-120.94,121.08,50.0,0.0,-0.3528
129.0,37,1,-20.84,-110.37,36.56,50.0,0.0003,-0.1983
129.0,38,3,0.29,-112.0,4.31,50.0,0.3548,0.1538
129.0,39,1,-13.95,-114.41,9.78,50.0,0.0037,-0.1078
129.0,4,3,-25.09,-118.28,48.97,50.0,0.0001,-0.2493
129.0,40,1,-14.77,-107.07,11.21,50.0,0.0028,-0.1174
129.0,41,3,-22.67,-123.22,29.81,50.0,0.0002,-0.1986
129.0,42,1,-27.93,-124.43,175.2,50.0,0.0,-0.361
129.0,5,1,-33.93,-131.15,688.92,50.0,0.0,-0.3714
129.0,6,3,-2.96,-54.87,4.45,50.0,0.15,-0.0013
129.0,7,3,-3.79,-96.66,4.51,50.0,0.1165,0.0073
130.0,0,3,-13.41,-108.86,13.05,50.0,0.0045,-0.1292
130.0,1,3,-25.89,-119.18,63.85,50.0,0.0,-0.2976
130.0,10,3,-40.29,-130.85,1396.31,50.0,0.0,-0.3907
130.0,11,3,-9.49,-100.51,11.24,50.0,0.0176,-0.102
130.0,13,1,-13.46,-140.73,6.68,50.0,0.0045,-0.0853
130.0,15,5,-46.33,-150.0,277.28,50.0,0.0,-0.3511
130.0,17,3,-14.2,-112.62,13.66,50.0,0.0034,-0.1346
130.0,18,3,-27.42,-105.88,86.63,50.0,0.0,-0.3538
130.0,19,3,-7.82,-103.63,10.85,50.0,0.0312,-0.0819
130.0,2,1,-17.79,-118.03,17.21,50.0,0.001,-0.1305
130.0,21,3,-5.59,-102.89,10.51,50.0,0.0656,-0.0507
130.0,22,1,-5.98,-135.32,1.63,50.0,0.0577,-0.0114
130.0,23,3,-46.31,-124.53,1396.31,50.0,0.0,-0.3907
130.0,25,3,-17.81,-106.09,18.37,50.0,0.001,-0.1675
130.0,26,3,-10.03,-109.93,11.4,50.0,0.0146,-0.1004
130.0,27,3,-25.09,-108.23,54.81,50.0,0.0001,-0.2767
130.0,28,3,-32.69,-125.78,267.63,50.0,0.0,-0.3907
130.0,29,3,1.52,-107.08,10.1,50.0,0.4579,0.1813
130.0,3,3,-17.13,-96.37,17.16,50.0,0.0012,-0.1683
130.0,30,3,-9.6,-113.55,11.27,50.0,0.017,-0.0963
130.0,32,1,-40.4,-137.52,2773.13,50.0,0.0,-0.3581
130.0,33,3,-37.27,-127.61,749.9,50.0,0.0,-0.3907
130.0,34,3,-27.5,-113.2,87.99,50.0,0.0,-0.354
130.0,35,3,-23.54,-112.71,41.31,50.0,0.0001,-0.2406
130.0,36,3,-36.9,-123.74,689.51,50.0,0.0,-0.3907
130.0,37,3,-20.2,-118.62,24.51,50.0,0.0004,-0.1898
130.0,38,3,1.39,-99.99,10.1,50.0,0.4469,0.1703
130.0,39,3,-27.67,-122.61,91.07,50.0,0.0,-0.361
130.0,4,3,-26.44,-116.62,71.03,50.0,0.0,-0.3148
130.0,40,3,-12.35,-96.75,12.39,50.0,0.0065,-0.1295
130.0,41,3,-23.02,-113.49,37.83,50.0,0.0002,-0.231
130.0,42,3,-19.2,-106.77,21.55,50.0,0.0006,-0.1809
130.0,43,3,-18.45,-98.2,19.71,50.0,0.0008,-0.1793
130.0,5,1,-34.99,-136.27,874.72,50.0,0.0,-0.3581
130.0,7,3,-1.91,-106.01,10.22,50.0,0.2031,0.0406
131.0,0,1,-22.57,-113.35,52.82,50.0,0.0002,-0.2391
131.0,1,1,-21.41,-121.72,41.15,50.0,0.0003,-0.2099
131.0,10,1,-47.68,-138.58,2775.36,50.0,0.0,-0.3709
131.0,11,3,-4.94,-96.65,4.79,50.0,0.0809,-0.0182
131.0,13,6,-48.21,-150.0,69.33,50.0,0.0,-0.2896
131.0,15,3,-21.31,-106.24,23.09,50.0,0.0003,-0.1814
131.0,16,3,-3.29,-53.55,4.65,50.0,0.1359,-0.012
131.0,17,3,-29.87,-107.92,138.93,50.0,0.0,-0.3775
131.0,18,3,-12.47,-117.63,6.81,50.0,0.0063,-0.0958
131.0,19,1,-7.32,-123.8,4.26,50.0,0.0369,-0.0458
131.0,2,1,-25.0,-104.59,90.42,50.0,0.0,-0.3305
131.0,21,3,-8.29,-102.63,5.3,50.0,0.0266,-0.0628
131.0,22,1,-13.77,-100.92,9.37,50.0,0.004,-0.1118
131.0,23,3,-53.53,-130.52,1390.66,50.0,0.0,-0.3767
131.0,25,1,-18.99,-123.15,24.74,50.0,0.0006,-0.1646
131.0,26,3,-10.63,-113.43,5.96,50.0,0.0119,-0.0805
131.0,27,1,-18.49,-111.32,22.35,50.0,0.0008,-0.1572
131.0,28,3,-33.61,-122.26,322.36,50.0,0.0,-0.3767
131.0,29,1,-10.64,-140.66,5.98,50.0,0.0118,-0.0784
131.0,3,3,-11.34,-110.12,6.25,50.0,0.0093,-0.0866
131.0,30,3,-21.94,-109.66,26.03,50.0,0.0002,-0.1881
131.0,32,3,-32.91,-123.78,275.26,50.0,0.0,-0.3767
131.0,33,3,-23.43,-128.0,34.89,50.0,0.0001,-0.2133
131.0,34,3,-24.37,-116.78,42.32,50.0,0.0001,-0.2329
131.0,35,1,-33.63,-128.3,642.96,50.0,0.0,-0.3709
131.0,36,3,-38.84,-118.47,1066.6,50.0,0.0,-0.3767
131.0,37,3,-16.16,-122.95,10.08,50.0,0.0017,-0.125
131.0,38,3,-11.12,-118.79,6.16,50.0,0.01,-0.0847
131.0,39,1,-20.9,-117.53,36.86,50.0,0.0003,-0.1987
131.0,4,3,-16.88,-118.55,11.13,50.0,0.0013,-0.1312
131.0,40,3,-14.9,-100.59,8.64,50.0,0.0027,-0.1215
131.0,41,1,-17.98,-124.06,20.17,50.0,0.0009,-0.1502
131.0,42,1,-12.74,-120.12,7.97,50.0,0.0057,-0.0963
131.0,43,4,-6.78,-150.0,0.74,50.0,0.0442,-0.0046
131.0,5,1,-25.03,-121.54,91.1,50.0,0.0,-0.3282
131.0,6,3,0.19,-60.56,4.49,50.0,0.3468,0.1132
131.0,7,1,-6.79,-104.27,4.09,50.0,0.0441,-0.0435
132.0,1,1,-17.9,-136.7,17.89,50.0,0.0009,-0.1347
132.0,10,3,-39.68,-127.81,1296.77,50.0,0.0,-0.3895
132.0,11,3,-8.0,-110.06,10.32,50.0,0.0293,-0.0772
132.0,13,3,-1.04,-110.28,9.62,50.0,0.2563,0.0759
132.0,15,3,-20.37,-109.43,24.55,50.0,0.0004,-0.19
132.0,16,3,4.87,-61.85,9.48,50.0,0.7319,0.3091
132.0,17,3,-14.47,-109.12,13.33,50.0,0.0031,-0.1351
132.0,18,3,-12.55,-114.64,11.94,50.0,0.0061,-0.1194
132.0,19,3,-23.48,-97.9,40.32,50.0,0.0001,-0.2458
132.0,2,3,-19.44,-105.31,21.63,50.0,0.0006,-0.1822
132.0,21,3,-7.59,-107.96,10.24,50.0,0.0337,-0.0737
132.0,23,3,-45.5,-132.28,1395.75,50.0,0.0,-0.3895
132.0,24,3,-1.83,-63.04,9.65,50.0,0.2073,0.0147
132.0,25,1,-15.28,-132.59,10.15,50.0,0.0024,-0.105
132.0,26,3,-14.82,-109.7,13.66,50.0,0.0028,-0.1374
132.0,27,3,-22.92,-109.47,36.6,50.0,0.0002,-0.2272
132.0,28,3,-36.5,-123.03,628.17,50.0,0.0,-0.3895
132.0,29,1,-4.78,-146.18,1.62,50.0,0.0852,0.0047
132.0,3,3,-23.36,-93.54,39.49,50.0,0.0001,-0.2467
132.0,30,3,-15.13,-105.15,13.97,50.0,0.0025,-0.1431
132.0,32,3,-27.49,-125.37,87.31,50.0,0.0,-0.3515
132.0,33,3,-28.93,-124.1,117.68,50.0,0.0,-0.3841
132.0,34,1,-29.01,-125.15,221.29,50.0,0.0,-0.3554
132.0,35,1,-29.29,-130.35,236.05,50.0,0.0,-0.3568
132.0,36,3,-27.65,-128.19,90.12,50.0,0.0,-0.3579
132.0,37,1,-13.28,-129.19,6.69,50.0,0.0047,-0.0866
132.0,38,3,-0.97,-118.2,9.61,50.0,0.261,0.0786
132.0,39,3,-16.06,-111.53,15.05,50.0,0.0018,-0.1472
132.0,4,3,-33.71,-117.7,335.5,50.0,0.0,-0.3895
132.0,40,3,-1.34,-99.96,9.63,50.0,0.2372,0.058
132.0,41,3,-26.6,-114.25,72.75,50.0,0.0,-0.3179
132.0,42,3,-21.75,-113.23,30.17,50.0,0.0002,-0.208
132.0,43,3,-16.75,-112.49,16.01,50.0,0.0014,-0.153
132.0,5,3,-18.72,-114.73,19.78,50.0,0.0007,-0.1713
132.0,6,3,-5.51,-55.42,9.94,50.0,0.0673,-0.081
132.0,8,3,-3.27,-60.69,9.74,50.0,0.1366,-0.0294
133.0,1,3,-13.68,-117.03,8.55,50.0,0.0041,-0.11
133.0,10,3,-42.54,-132.89,1391.61,50.0,0.0,-0.3795
133.0,13,1,-17.38,-117.66,17.3,50.0,0.0011,-0.1385
133.0,15,1,-23.64,-118.21,66.18,50.0,0.0001,-0.2685
133.0,16,3,-59.96,-52.3,1391.6,50.0,0.0,-0.4208
133.0,17,4,-24.82,-150.0,42.16,50.0,0.0001,-0.2093
133.0,18,3,-30.66,-118.29,166.64,50.0,0.0,-0.3795
133.0,19,1,-12.87,-102.75,7.49,50.0,0.0055,-0.0986
133.0,2,6,-51.92,-150.0,69.33,50.0,0.0,-0.2896
133.0,21,3,-18.72,-108.76,15.62,50.0,0.0007,-0.1539
133.0,23,3,-42.46,-130.43,1391.61,50.0,0.0,-0.3795
133.0,25,1,-22.46,-118.5,50.96,50.0,0.0002,-0.2321
133.0,26,1,-7.79,-104.0,3.79,50.0,0.0314,-0.0514
133.0,27,3,-17.17,-123.85,12.53,50.0,0.0012,-0.1384
133.0,28,3,-38.18,-127.56,917.94,50.0,0.0,-0.3795
133.0,29,3,-13.61,-101.69,8.49,50.0,0.0042,-0.1154
133.0,3,3,-3.3,-101.01,5.6,50.0,0.1354,0.017
133.0,30,3,-22.73,-107.34,31.32,50.0,0.0002,-0.2072
133.0,32,1,-39.24,-136.51,2330.49,50.0,0.0,-0.3682
133.0,33,3,-40.3,-124.36,1391.61,50.0,0.0,-0.3795
133.0,34,3,-34.7,-111.89,414.6,50.0,0.0,-0.3795
133.0,35,1,-17.58,-125.59,17.99,50.0,0.0011,-0.1409
133.0,36,3,-37.77,-131.57,835.18,50.0,0.0,-0.3795
133.0,37,1,-25.67,-120.41,104.44,50.0,0.0,-0.3464
133.0,38,3,-13.78,-107.83,8.62,50.0,0.004,-0.1123
133.0,39,1,-2.67,-132.25,2.63,50.0,0.1631,0.039
133.0,4,3,-16.17,-117.25,11.05,50.0,0.0017,-0.1298
133.0,40,1,-6.1,-104.45,3.25,50.0,0.0554,-0.0303
133.0,41,1,-34.72,-121.12,824.03,50.0,0.0,-0.3682
133.0,42,1,-14.53,-116.95,9.99,50.0,0.0031,-0.1082
133.0,43,3,-18.13,-115.39,14.33,50.0,0.0009,-0.1472
133.0,44,3,-22.9,-118.72,32.34,50.0,0.0002,-0.2082
133.0,5,3,-39.3,-118.85,1185.04,50.0,0.0,-0.3795
133.0,6,3,4.72,-59.9,5.34,50.0,0.7213,0.3192
134.0,1,3,-17.92,-114.17,17.61,50.0,0.0009,-0.1618
134.0,10,3,-54.11,-129.63,1395.33,50.0,0.0,-0.3886
134.0,13,1,-18.11,-117.73,18.71,50.0,0.0009,-0.1372
134.0,14,3,-3.9,-55.76,9.36,50.0,0.1127,-0.0466
134.0,15,3,-24.44,-107.78,47.59,50.0,0.0001,-0.2573
134.0,16,3,-60.0,-52.28,1395.32,50.0,0.0,-0.4299
134.0,17,3,-22.88,-110.84,35.9,50.0,0.0002,-0.2243
134.0,18,3,-27.12,-109.57,80.46,50.0,0.0,-0.3353
134.0,19,3,-16.34,-106.12,14.99,50.0,0.0016,-0.1506
134.0,2,3,-5.38,-110.81,9.5,50.0,0.0702,-0.038
134.0,20,1,-7.91,-124.15,2.48,50.0,0.0302,-0.0377
134.0,21,3,-19.86,-114.38,22.44,50.0,0.0005,-0.1818
134.0,23,3,-45.12,-122.34,1395.33,50.0,0.0,-0.3886
134.0,25,3,-17.53,-108.87,16.87,50.0,0.0011,-0.1589
134.0,26,3,-23.94,-94.4,43.34,50.0,0.0001,-0.2558
134.0,27,3,-20.51,-116.62,24.63,50.0,0.0004,-0.1896
134.0,28,3,-35.7,-120.24,524.66,50.0,0.0,-0.3886
134.0,29,3,-7.63,-103.95,9.83,50.0,0.0332,-0.0754
134.0,3,3,-19.62,-97.1,21.73,50.0,0.0005,-0.1883
134.0,30,3,-16.48,-103.64,15.19,50.0,0.0015,-0.1535
134.0,31,3,-5.64,-106.62,9.53,50.0,0.0646,-0.0448
134.0,32,1,-34.04,-135.69,703.37,50.0,0.0,-0.3602
134.0,33,3,-44.71,-126.31,1395.32,50.0,0.0,-0.3886
134.0,34,3,-21.85,-116.66,30.24,50.0,0.0002,-0.2077
134.0,35,1,-20.25,-131.5,30.17,50.0,0.0004,-0.1713
134.0,36,3,-33.08,-126.77,290.5,50.0,0.0,-0.3886
134.0,37,1,-25.95,-118.81,109.94,50.0,0.0,-0.3399
134.0,38,3,-20.31,-106.5,23.92,50.0,0.0004,-0.1896
134.0,39,1,-20.44,-132.9,31.42,50.0,0.0004,-0.1748
134.0,4,3,-23.43,-118.16,39.57,50.0,0.0001,-0.2345
134.0,40,3,-11.96,-110.96,11.2,50.0,0.0075,-0.1129
134.0,41,1,-19.36,-130.7,24.7,50.0,0.0006,-0.1557
134.0,42,5,-33.73,-150.0,65.53,50.0,0.0,-0.282
134.0,43,3,-14.2,-110.54,12.67,50.0,0.0034,-0.1306
134.0,44,3,-27.3,-114.95,83.46,50.0,0.0,-0.3419
134.0,5,3,-40.42,-113.14,1395.32,50.0,0.0,-0.3886
134.0,6,3,1.13,-54.48,9.12,50.0,0.4241,0.1295
134.0,9,3,-3.38,-57.22,9.32,50.0,0.1322,-0.0329
135.0,1,3,-14.26,-112.38,9.84,50.0,0.0034,-0.1184
135.0,10,3,-46.32,-134.25,1392.45,50.0,0.0,-0.3818
135.0,13,1,-13.02,-124.99,7.68,50.0,0.0052,-0.0947
135.0,15,1,-20.65,-130.17,34.35,50.0,0.0004,-0.1896
135.0,16,3,-60.0,-57.14,1392.44,50.0,0.0,-0.4195
135.0,17,3,-26.82,-114.29,72.76,50.0,0.0,-0.3112
135.0,18,1,-23.92,-116.39,70.5,50.0,0.0001,-0.2786
135.0,19,1,-22.63,-118.43,52.94,50.0,0.0002,-0.2369
135.0,2,3,-10.75,-120.38,7.79,50.0,0.0114,-0.0901
135.0,20,3,-4.12,-98.25,6.5,50.0,0.1051,-0.0087
135.0,21,3,-29.82,-102.87,139.12,50.0,0.0,-0.3859
135.0,23,1,-39.91,-134.53,2718.63,50.0,0.0,-0.3682
135.0,25,1,-18.71,-123.92,22.75,50.0,0.0007,-0.1564
135.0,26,3,-8.09,-116.61,7.04,50.0,0.0285,-0.0639
135.0,27,3,-28.47,-119.1,103.63,50.0,0.0,-0.374
135.0,28,3,-41.73,-124.33,1392.44,50.0,0.0,-0.3818
135.0,29,1,-9.02,-132.23,4.33,50.0,0.0207,-0.0596
135.0,3,1,-6.0,-120.33,3.22,50.0,0.0573,-0.0249
135.0,30,3,-17.55,-116.46,14.04,50.0,0.0011,-0.1457
135.0,31,3,1.47,-95.59,6.23,50.0,0.4538,0.1875
135.0,32,1,-37.99,-134.6,1748.39,50.0,0.0,-0.3682
135.0,33,3,-29.72,-121.37,136.23,50.0,0.0,-0.3803
135.0,34,3,-28.06,-112.98,94.9,50.0,0.0,-0.3618
135.0,35,3,-22.51,-114.41,30.85,50.0,0.0002,-0.2055
135.0,36,3,-37.55,-126.45,794.63,50.0,0.0,-0.3818
135.0,37,1,-15.29,-122.85,11.49,50.0,0.0024,-0.1155
135.0,38,3,0.24,-106.72,6.27,50.0,0.3505,0.1396
135.0,39,1,-20.98,-117.75,36.84,50.0,0.0003,-0.1963
135.0,4,3,-31.35,-113.01,195.31,50.0,0.0,-0.3817
135.0,40,3,-6.63,-105.23,6.78,50.0,0.0466,-0.0486
135.0,41,1,-18.14,-117.98,20.18,50.0,0.0009,-0.1483
135.0,42,3,-10.43,-102.91,7.67,50.0,0.0128,-0.0924
135.0,43,3,-10.76,-102.75,7.79,50.0,0.0114,-0.0954
135.0,44,1,-18.28,-112.32,20.79,50.0,0.0008,-0.1503
135.0,5,1,-33.23,-123.12,585.82,50.0,0.0,-0.3682
135.0,6,3,-4.6,-57.56,6.54,50.0,0.0902,-0.048
135.0,8,3,-0.44,-51.06,6.29,50.0,0.2983,0.0714
136.0,1,3,-18.85,-108.6,21.97,50.0,0.0007,-0.1812
136.0,10,3,-48.38,-129.65,1397.64,50.0,0.0,-0.3933
136.0,13,3,-14.61,-100.58,15.35,50.0,0.003,-0.1498
136.0,14,3,4.2,-64.11,11.37,50.0,0.6837,0.2731
136.0,15,3,-26.04,-116.76,67.1,50.0,0.0,-0.3075
136.0,16,3,-45.15,-61.32,1397.63,50.0,0.0,-0.4281
136.0,17,1,-13.36,-125.58,6.42,50.0,0.0046,-0.0827
136.0,18,3,-16.85,-110.22,18.05,50.0,0.0014,-0.1614
136.0,19,3,-24.51,-111.93,50.49,50.0,0.0001,-0.2665
136.0,2,3,-18.63,-103.62,21.45,50.0,0.0007,-0.1825
136.0,20,3,-2.11,-94.97,11.56,50.0,0.1919,0.0209
136.0,21,3,-13.19,-107.97,14.23,50.0,0.0049,-0.1334
136.0,23,3,-39.21,-127.36,1168.4,50.0,0.0,-0.3933
136.0,24,3,0.39,-45.11,11.45,50.0,0.3629,0.0804
136.0,25,3,-21.14,-106.25,29.38,50.0,0.0003,-0.2097
136.0,26,3,-17.55,-105.63,19.22,50.0,0.0011,-0.1708
136.0,27,3,-14.26,-114.91,15.03,50.0,0.0034,-0.1403
136.0,28,3,-25.83,-120.33,64.39,50.0,0.0,-0.3011
136.0,29,3,-2.9,-101.59,11.6,50.0,0.1527,0.0023
136.0,3,3,-14.58,-102.31,15.32,50.0,0.003,-0.1484
136.0,30,3,-11.36,-107.07,13.23,50.0,0.0092,-0.1194
136.0,31,3,3.08,-100.2,11.39,50.0,0.593,0.2458
136.0,32,3,-47.05,-120.32,1397.63,50.0,0.0,-0.3933
136.0,33,3,-34.35,-121.04,389.06,50.0,0.0,-0.3933
136.0,34,1,-33.63,-128.56,639.52,50.0,0.0,-0.3566
136.0,35,3,-31.93,-118.64,227.75,50.0,0.0,-0.3933
136.0,36,3,-28.64,-121.58,112.74,50.0,0.0,-0.3864
136.0,37,1,-16.23,-127.6,12.04,50.0,0.0017,-0.1103
136.0,38,3,-19.3,-112.05,23.13,50.0,0.0006,-0.1849
136.0,39,3,-1.77,-112.19,11.54,50.0,0.2111,0.0428
136.0,4,3,-28.08,-117.67,100.46,50.0,0.0,-0.3836
136.0,40,3,-21.84,-101.91,32.52,50.0,0.0002,-0.2227
136.0,41,3,-14.79,-107.17,15.52,50.0,0.0028,-0.1466
136.0,42,3,-12.63,-111.48,13.87,50.0,0.0059,-0.1276
136.0,43,1,-10.64,-133.74,3.62,50.0,0.0118,-0.0594
136.0,44,3,-14.38,-111.61,15.14,50.0,0.0032,-0.1413
136.0,45,3,-20.65,-114.12,27.43,50.0,0.0004,-0.2006
136.0,5,3,-27.97,-120.31,98.24,50.0,0.0,-0.3795
136.0,6,3,4.28,-62.55,11.37,50.0,0.6897,0.2756
136.0,8,3,-3.27,-40.66,11.63,50.0,0.1364,-0.0514
136.0,9,3,-1.91,-62.97,11.55,50.0,0.2029,0.0045
137.0,1,3,-25.34,-112.33,51.43,50.0,0.0001,-0.2548
137.0,10,1,-44.77,-138.57,2776.32,50.0,0.0,-0.3744
137.0,13,1,-20.11,-118.42,32.15,50.0,0.0004,-0.1887
137.0,15,1,-19.12,-126.96,26.34,50.0,0.0006,-0.172
137.0,16,3,-55.23,-58.68,1390.28,50.0,0.0,-0.4122
137.0,17,1,-17.55,-110.77,19.49,50.0,0.0011,-0.15
137.0,18,1,-13.84,-113.55,10.43,50.0,0.0039,-0.1114
137.0,19,3,-19.64,-117.21,16.75,50.0,0.0005,-0.1561
137.0,2,1,-12.84,-109.97,9.05,50.0,0.0055,-0.1027
137.0,20,1,-4.06,-117.69,4.42,50.0,0.1069,-0.0019
137.0,21,3,-12.38,-107.43,6.39,50.0,0.0065,-0.0949
137.0,23,3,-54.06,-128.72,1390.29,50.0,0.0,-0.3755
137.0,24,1,4.42,-53.92,3.79,50.0,0.7001,0.2525
137.0,25,1,-22.35,-116.12,51.3,50.0,0.0002,-0.2385
137.0,26,1,-16.97,-117.65,17.52,50.0,0.0013,-0.143
137.0,27,1,-23.61,-118.3,67.46,50.0,0.0001,-0.2772
137.0,28,3,-31.65,-123.11,206.75,50.0,0.0,-0.3755
137.0,29,1,-9.68,-131.08,6.3,50.0,0.0165,-0.0752
137.0,3,3,-2.27,-108.61,4.22,50.0,0.1832,0.0581
137.0,30,3,-15.67,-115.8,9.11,50.0,0.0021,-0.1191
137.0,31,3,-14.47,-103.41,7.87,50.0,0.0031,-0.1142
137.0,32,1,-38.95,-132.66,2181.22,50.0,0.0,-0.3744
137.0,33,3,-34.11,-128.28,360.84,50.0,0.0,-0.3755
137.0,34,1,-33.54,-123.45,630.38,50.0,0.0,-0.3744
137.0,35,1,-24.56,-123.12,82.93,50.0,0.0001,-0.3129
137.0,36,3,-29.75,-119.91,134.91,50.0,0.0,-0.3742
137.0,37,3,-17.51,-125.62,11.8,50.0,0.0011,-0.1348
137.0,38,3,-8.1,-115.63,4.88,50.0,0.0283,-0.0534
137.0,39,1,-13.12,-107.91,9.41,50.0,0.005,-0.1066
137.0,4,3,-27.75,-117.77,86.49,50.0,0.0,-0.3371
137.0,40,3,-4.03,-105.52,4.34,50.0,0.108,0.0091
137.0,41,1,-23.78,-117.63,69.9,50.0,0.0001,-0.2829
137.0,42,1,-10.99,-118.94,7.2,50.0,0.0105,-0.0868
137.0,43,3,-7.95,-113.31,4.85,50.0,0.0298,-0.0517
137.0,44,1,-40.4,-115.85,2776.31,50.0,0.0,-0.3744
137.0,45,3,-28.73,-129.58,107.41,50.0,0.0,-0.3691
137.0,5,3,-29.92,-112.7,140.16,50.0,0.0,-0.3751
137.0,6,3,-55.14,-61.26,1390.28,50.0,0.0,-0.4104
137.0,8,1,-1.61,-49.07,4.11,50.0,0.2201,0.0155
138.0,1,3,-8.84,-107.35,11.83,50.0,0.022,-0.0936
138.0,10,3,-48.54,-134.32,1397.07,50.0,0.0,-0.3922
138.0,13,3,-30.46,-107.77,164.84,50.0,0.0,-0.3937
138.0,14,1,0.47,-64.85,0.73,50.0,0.3696,0.1226
138.0,15,3,-23.77,-110.25,43.77,50.0,0.0001,-0.2482
138.0,16,3,-58.8,-53.7,1397.06,50.0,0.0,-0.4324
138.0,17,3,-21.44,-105.62,30.06,50.0,0.0003,-0.2119
138.0,18,3,-9.47,-109.47,11.99,50.0,0.0177,-0.0984
138.0,19,3,-28.56,-98.34,110.24,50.0,0.0,-0.3932
138.0,2,3,-15.2,-110.28,15.36,50.0,0.0024,-0.1455
138.0,20,3,-10.5,-92.4,12.32,50.0,0.0124,-0.1202
138.0,21,3,-11.72,-100.4,12.83,50.0,0.0081,-0.1248
138.0,23,3,-44.27,-127.72,1397.07,50.0,0.0,-0.3922
138.0,24,3,-8.99,-47.37,11.86,50.0,0.0209,-0.138
138.0,25,1,-7.12,-128.02,1.93,50.0,0.0395,-0.0258
138.0,26,3,-10.16,-99.81,12.2,50.0,0.014,-0.1118
138.0,27,3,-25.26,-104.46,57.3,50.0,0.0001,-0.2868
138.0,28,3,-47.23,-124.95,1397.06,50.0,0.0,-0.3922
138.0,29,3,-25.84,-105.64,63.95,50.0,0.0,-0.3022
138.0,3,3,-14.02,-99.05,14.27,50.0,0.0037,-0.144
138.0,30,3,-11.08,-108.69,12.55,50.0,0.0102,-0.1136
138.0,31,3,-11.0,-92.76,12.51,50.0,0.0105,-0.1242
138.0,32,3,-42.51,-123.16,1397.06,50.0,0.0,-0.3922
138.0,33,3,-38.46,-118.99,984.2,50.0,0.0,-0.3922
138.0,34,3,-28.34,-116.51,105.41,50.0,0.0,-0.3838
138.0,35,3,-24.74,-117.55,52.09,50.0,0.0001,-0.2698
138.0,36,1,-27.15,-137.82,144.51,50.0,0.0,-0.3435
138.0,37,3,-18.6,-110.05,20.81,50.0,0.0007,-0.1754
138.0,38,3,-9.86,-108.82,12.11,50.0,0.0155,-0.1026
138.0,39,3,-20.43,-111.0,26.06,50.0,0.0004,-0.1956
138.0,4,3,-23.0,-114.4,38.4,50.0,0.0002,-0.2335
138.0,40,3,-5.94,-101.21,11.31,50.0,0.0586,-0.0606
138.0,41,3,-17.94,-109.63,19.39,50.0,0.0009,-0.1692
138.0,42,3,-10.9,-108.4,12.47,50.0,0.0108,-0.1122
138.0,43,1,-10.54,-123.59,3.64,50.0,0.0123,-0.0598
138.0,44,3,-21.12,-109.94,28.72,50.0,0.0003,-0.2045
138.0,45,3,-24.98,-113.45,54.43,50.0,0.0001,-0.2757
138.0,5,1,-31.01,-122.59,350.09,50.0,0.0,-0.3578
138.0,6,3,-53.95,-60.87,1397.06,50.0,0.0,-0.4273
138.0,8,3,-3.42,-52.85,11.07,50.0,0.1303,-0.0442
138.0,9,1,-3.45,-60.64,1.11,50.0,0.1294,-0.0011
139.0,1,1,-24.84,-117.3,87.56,50.0,0.0,-0.3209
139.0,10,3,-45.4,-134.14,1391.16,50.0,0.0,-0.3782
139.0,13,1,-19.52,-120.95,27.81,50.0,0.0005,-0.1743
139.0,14,3,-2.75,-59.62,5.12,50.0,0.1594,0.0044
139.0,15,3,-19.46,-112.94,17.11,50.0,0.0005,-0.1586
139.0,16,3,-59.57,-63.71,1391.16,50.0,0.0,-0.4113
139.0,17,1,-13.44,-115.36,9.1,50.0,0.0045,-0.1037
139.0,18,1,-20.07,-107.95,31.14,50.0,0.0004,-0.1853
139.0,19,3,-11.13,-110.05,6.66,50.0,0.01,-0.0873
139.0,2,1,-17.99,-106.53,20.44,50.0,0.0009,-0.1541
139.0,21,3,-18.37,-117.92,14.39,50.0,0.0008,-0.1473
139.0,22,3,0.65,-66.0,4.97,50.0,0.3841,0.1348
139.0,23,3,-48.26,-130.41,1391.16,50.0,0.0,-0.3782
139.0,25,1,-13.87,-118.25,9.74,50.0,0.0039,-0.1075
139.0,26,1,-11.19,-131.32,6.62,50.0,0.0098,-0.0843
139.0,27,3,-23.18,-107.45,33.7,50.0,0.0001,-0.2129
139.0,28,3,-32.26,-122.46,238.28,50.0,0.0,-0.3782
139.0,29,1,-4.02,-127.43,3.67,50.0,0.1083,0.0031
139.0,3,3,-4.31,-122.29,5.23,50.0,0.099,0.0017
139.0,30,3,-0.92,-114.04,5.03,50.0,0.2647,0.1011
139.0,31,3,-23.21,-107.71,33.86,50.0,0.0001,-0.2132
139.0,32,1,-27.7,-130.14,166.28,50.0,0.0,-0.3602
139.0,33,3,-19.37,-117.67,16.85,50.0,0.0006,-0.1576
139.0,34,1,-26.0,-118.11,113.23,50.0,0.0,-0.3516
139.0,35,3,-19.41,-126.55,16.95,50.0,0.0006,-0.158
139.0,36,3,-37.44,-122.68,772.91,50.0,0.0,-0.3782
139.0,37,3,-10.77,-116.93,6.52,50.0,0.0113,-0.0842
139.0,38,3,1.04,-115.57,4.96,50.0,0.4165,0.1838
139.0,39,1,-7.94,-109.17,4.7,50.0,0.0299,-0.0545
139.0,4,1,-25.45,-120.65,100.31,50.0,0.0,-0.3489
139.0,41,3,0.09,-109.65,4.99,50.0,0.3386,0.1414
139.0,42,3,-14.45,-116.93,8.72,50.0,0.0032,-0.1138
139.0,43,1,-10.5,-118.42,6.08,50.0,0.0124,-0.0784
139.0,44,1,-18.0,-110.37,20.46,50.0,0.0009,-0.1517
139.0,45,1,-11.12,-114.79,6.56,50.0,0.01,-0.0837
139.0,46,1,-27.64,-118.75,163.86,50.0,0.0,-0.3599
139.0,5,1,-35.51,-120.68,989.11,50.0,0.0,-0.3717
139.0,6,3,-47.3,-61.05,1391.16,50.0,0.0,-0.4132
139.0,7,3,0.4,-64.46,4.98,50.0,0.3639,0.1228
139.0,9,3,-3.64,-57.92,5.18,50.0,0.1221,-0.0201
140.0,0,3,3.22,-64.82,9.31,50.0,0.6052,0.2358
140.0,1,3,-34.96,-108.64,443.31,50.0,0.0,-0.3901
140.0,10,3,-43.92,-129.98,1395.56,50.0,0.0,-0.3891
140.0,13,3,-27.05,-109.09,79.49,50.0,0.0,-0.3339
140.0,15,3,-23.23,-108.62,38.4,50.0,0.0001,-0.2326
140.0,16,3,-56.5,-63.26,1395.55,50.0,0.0,-0.4225
140.0,17,1,-13.99,-125.08,7.66,50.0,0.0037,-0.0921
140.0,18,3,-17.05,-112.53,16.29,50.0,0.0013,-0.1548
140.0,19,3,-12.52,-107.33,11.73,50.0,0.0062,-0.1202
140.0,2,3,-7.41,-106.69,10.02,50.0,0.0357,-0.0717
140.0,21,3,-26.22,-107.51,67.37,50.0,0.0,-0.3066
140.0,22,3,2.1,-61.08,9.33,50.0,0.5091,0.1794
140.0,23,1,-35.58,-138.1,1003.34,50.0,0.0,-0.3598
140.0,24,1,0.02,-63.66,0.97,50.0,0.3336,0.1021
140.0,25,3,-8.42,-102.39,10.22,50.0,0.0254,-0.0866
140.0,26,1,-12.77,-132.63,5.96,50.0,0.0056,-0.0814
140.0,27,1,-24.91,-117.09,86.59,50.0,0.0,-0.3074
140.0,28,3,-43.33,-122.3,1395.55,50.0,0.0,-0.3891
140.0,29,3,-2.95,-101.76,9.53,50.0,0.1504,0.0093
140.0,3,3,-9.6,-107.29,10.52,50.0,0.0169,-0.0952
140.0,30,3,-19.31,-101.77,21.08,50.0,0.0006,-0.1825
140.0,31,3,-16.12,-98.89,14.93,50.0,0.0018,-0.1548
140.0,32,1,-19.66,-140.58,26.37,50.0,0.0005,-0.1602
140.0,33,3,-27.77,-116.92,92.13,50.0,0.0,-0.3621
140.0,34,3,-23.61,-111.07,41.12,50.0,0.0001,-0.239
140.0,35,3,-19.91,-113.18,22.83,50.0,0.0005,-0.1833
140.0,36,3,-33.58,-127.73,325.61,50.0,0.0,-0.3891
140.0,37,1,-22.47,-97.21,49.65,50.0,0.0002,-0.2303
140.0,38,3,-13.6,-105.31,12.43,50.0,0.0042,-0.1302
140.0,39,3,-7.17,-101.15,9.98,50.0,0.0389,-0.0725
140.0,4,3,-23.63,-107.9,41.26,50.0,0.0001,-0.2409
140.0,41,3,-14.8,-120.44,13.44,50.0,0.0028,-0.1362
140.0,42,3,-2.46,-108.81,9.5,50.0,0.1733,0.0282
140.0,43,3,-17.9,-108.24,17.81,50.0,0.0009,-0.1638
140.0,44,3,-27.69,-108.9,90.77,50.0,0.0,-0.3598
140.0,45,3,-17.29,-114.12,16.68,50.0,0.0012,-0.1569
140.0,46,3,-31.7,-119.29,214.1,50.0,0.0,-0.3891
140.0,5,1,-33.66,-134.54,644.01,50.0,0.0,-0.3598
140.0,6,3,-60.0,-58.38,1395.55,50.0,0.0,-0.426
140.0,7,3,4.8,-61.87,9.29,50.0,0.727,0.3067
140.0,8,1,0.63,-62.09,0.94,50.0,0.382,0.1242
141.0,1,3,-25.2,-116.39,52.37,50.0,0.0001,-0.263
141.0,10,1,-48.69,-138.03,2774.55,50.0,0.0,-0.3674
141.0,13,3,-20.48,-113.54,21.95,50.0,0.0004,-0.178
141.0,15,3,-25.37,-118.7,54.24,50.0,0.0001,-0.2676
141.0,16,3,-60.0,-56.93,1392.75,50.0,0.0,-0.4205
141.0,17,1,-21.88,-120.01,44.72,50.0,0.0002,-0.2159
141.0,18,3,-11.72,-116.7,8.51,50.0,0.0082,-0.0997
141.0,19,1,-8.69,-129.58,4.0,50.0,0.0232,-0.0552
141.0,2,1,-13.75,-114.0,8.53,50.0,0.004,-0.1
141.0,21,3,-14.4,-112.87,10.27,50.0,0.0032,-0.1209
141.0,23,3,-33.26,-130.85,300.18,50.0,0.0,-0.3826
141.0,25,1,-9.53,-115.25,4.44,50.0,0.0173,-0.0633
141.0,26,3,-17.57,-107.08,14.36,50.0,0.0011,-0.1494
141.0,27,1,-21.25,-129.8,38.93,50.0,0.0003,-0.2011
141.0,28,3,-31.13,-122.37,186.41,50.0,0.0,-0.3825
141.0,29,1,-19.49,-139.63,26.63,50.0,0.0005,-0.1675
141.0,3,3,-14.31,-91.74,10.19,50.0,0.0033,-0.1333
141.0,30,3,-22.98,-108.84,33.95,50.0,0.0002,-0.2157
141.0,31,3,-15.93,-100.21,11.88,50.0,0.0019,-0.1402
141.0,32,3,-32.68,-125.15,263.69,50.0,0.0,-0.3826
141.0,33,3,-18.62,-124.02,16.53,50.0,0.0007,-0.1573
141.0,34,3,-23.38,-114.04,36.66,50.0,0.0001,-0.2224
141.0,35,1,-35.42,-125.88,966.75,50.0,0.0,-0.3674
141.0,36,3,-38.67,-122.71,1026.42,50.0,0.0,-0.3826
141.0,37,3,-16.51,-118.0,12.66,50.0,0.0015,-0.138
141.0,38,3,-4.48,-121.09,6.84,50.0,0.0937,-0.0095
141.0,39,3,-23.41,-119.27,36.83,50.0,0.0001,-0.2229
141.0,4,3,-24.64,-115.01,46.83,50.0,0.0001,-0.2491
141.0,41,3,-20.49,-119.09,21.96,50.0,0.0004,-0.1781
141.0,42,1,-6.5,-110.17,3.19,50.0,0.0485,-0.0306
141.0,43,1,-8.4,-109.82,3.87,50.0,0.0256,-0.0525
141.0,44,1,-30.28,-121.56,297.96,50.0,0.0,-0.3674
141.0,45,1,-24.25,-126.43,75.65,50.0,0.0001,-0.2898
141.0,46,1,-26.82,-128.63,135.42,50.0,0.0,-0.3514
141.0,5,3,-31.49,-114.14,201.93,50.0,0.0,-0.3825
141.0,6,3,-60.0,-62.02,1392.75,50.0,0.0,-0.4169
142.0,0,3,-5.89,-50.57,10.41,50.0,0.0595,-0.0925
142.0,1,3,-21.73,-112.12,30.51,50.0,0.0002,-0.2095
142.0,10,3,-53.69,-132.18,1396.18,50.0,0.0,-0.3904
142.0,13,3,-18.71,-105.18,20.17,50.0,0.0007,-0.1764
142.0,14,3,3.93,-63.41,9.92,50.0,0.6626,0.2657
142.0,15,3,-29.18,-110.08,124.53,50.0,0.0,-0.3862
142.0,16,3,-12.38,-114.96,12.27,50.0,0.0065,-0.1198
142.0,17,3,-31.22,-107.21,193.47,50.0,0.0,-0.3924
142.0,18,3,-23.46,-105.33,40.64,50.0,0.0001,-0.2419
142.0,19,3,-10.69,-116.2,11.5,50.0,0.0117,-0.1057
142.0,2,3,-16.48,-109.43,16.04,50.0,0.0016,-0.1529
142.0,21,3,-18.18,-108.39,18.99,50.0,0.0009,-0.1689
142.0,23,3,-45.67,-128.22,1396.17,50.0,0.0,-0.3904
142.0,25,3,-5.29,-102.51,10.34,50.0,0.0724,-0.0451
142.0,26,1,-2.24,-118.44,1.03,50.0,0.1849,0.0632
142.0,27,1,-17.22,-142.25,15.18,50.0,0.0012,-0.1237
142.0,28,3,-40.72,-117.2,1396.17,50.0,0.0,-0.3904
142.0,29,3,-11.33,-110.5,11.76,50.0,0.0093,-0.1112
142.0,3,3,-5.5,-98.77,10.36,50.0,0.0675,-0.0516
142.0,30,3,-5.3,-111.05,10.34,50.0,0.072,-0.0401
142.0,31,3,-6.46,-102.43,10.49,50.0,0.0492,-0.0643
142.0,32,3,-40.72,-126.75,1396.17,50.0,0.0,-0.3904
142.0,33,1,-34.67,-147.35,812.83,50.0,0.0,-0.3585
142.0,34,1,-35.43,-130.04,967.62,50.0,0.0,-0.3585
142.0,35,3,-30.03,-117.99,149.33,50.0,0.0,-0.3904
142.0,36,3,-30.89,-112.0,180.19,50.0,0.0,-0.3904
142.0,37,3,-28.52,-111.7,108.39,50.0,0.0,-0.3829
142.0,38,3,-9.5,-111.24,11.11,50.0,0.0175,-0.0948
142.0,39,3,-15.16,-110.43,14.42,50.0,0.0025,-0.1416
142.0,4,3,-26.56,-111.52,72.61,50.0,0.0,-0.3183
142.0,42,3,-3.57,-113.45,10.19,50.0,0.1246,-0.0035
142.0,43,1,-12.67,-124.72,5.7,50.0,0.0059,-0.0789
142.0,44,3,-30.28,-111.99,157.68,50.0,0.0,-0.3904
142.0,45,3,-15.14,-117.11,14.4,50.0,0.0025,-0.1415
142.0,46,3,-30.34,-112.94,159.69,50.0,0.0,-0.3904
142.0,5,1,-40.94,-129.27,2773.16,50.0,0.0,-0.3585
142.0,9,3,0.0,-57.53,10.01,50.0,0.332,0.0783
143.0,0,3,-0.78,-50.02,6.34,50.0,0.2741,0.0572
143.0,1,3,-20.73,-117.11,22.58,50.0,0.0004,-0.1798
143.0,10,1,-48.19,-137.85,2774.7,50.0,0.0,-0.3681
143.0,11,3,-4.26,-43.61,6.55,50.0,0.1006,-0.0509
143.0,13,1,-26.32,-130.84,120.89,50.0,0.0,-0.3496
143.0,14,3,-1.85,-59.4,6.39,50.0,0.2064,0.0257
143.0,15,3,-18.03,-118.78,14.99,50.0,0.0009,-0.1504
143.0,16,3,-60.0,-59.54,1392.48,50.0,0.0,-0.4179
143.0,17,3,-17.2,-113.0,13.46,50.0,0.0012,-0.1428
143.0,18,3,-22.68,-104.25,31.86,50.0,0.0002,-0.2126
143.0,19,1,-17.04,-91.84,16.13,50.0,0.0013,-0.1472
143.0,2,1,-20.8,-122.46,35.44,50.0,0.0003,-0.1925
143.0,21,3,-14.97,-101.25,10.53,50.0,0.0026,-0.1304
143.0,22,1,-3.32,-61.71,2.69,50.0,0.1344,-0.011
143.0,23,1,-37.88,-128.49,1704.7,50.0,0.0,-0.3681
143.0,25,3,-21.52,-98.92,25.85,50.0,0.0003,-0.1984
143.0,26,1,-16.33,-100.7,14.01,50.0,0.0016,-0.1329
143.0,27,3,-12.35,-105.61,8.56,50.0,0.0065,-0.1067
143.0,28,3,-44.44,-125.56,1392.48,50.0,0.0,-0.3819
143.0,29,1,-9.11,-121.96,4.36,50.0,0.0201,-0.0603
143.0,30,3,-17.81,-98.84,14.56,50.0,0.001,-0.1563
143.0,31,3,-15.23,-101.15,10.8,50.0,0.0024,-0.1326
143.0,32,1,-32.93,-132.38,547.04,50.0,0.0,-0.3681
143.0,33,3,-32.48,-121.65,251.72,50.0,0.0,-0.3819
143.0,34,1,-22.2,-133.59,48.16,50.0,0.0002,-0.2251
143.0,35,3,-24.84,-117.97,48.44,50.0,0.0001,-0.2527
143.0,36,1,-30.28,-128.35,298.04,50.0,0.0,-0.3681
143.0,37,3,-20.47,-107.22,21.62,50.0,0.0004,-0.1786
143.0,38,3,-13.55,-113.63,9.32,50.0,0.0043,-0.113
143.0,39,3,-6.69,-121.9,6.83,50.0,0.0456,-0.0462
143.0,4,3,-22.88,-114.99,33.06,50.0,0.0002,-0.2119
143.0,42,1,-18.9,-125.58,23.61,50.0,0.0007,-0.159
143.0,43,3,-1.66,-113.01,6.38,50.0,0.2175,0.0682
143.0,44,3,-34.66,-114.17,411.39,50.0,0.0,-0.3819
143.0,45,1,-16.44,-119.51,14.32,50.0,0.0016,-0.1274
143.0,46,1,-30.18,-120.74,291.37,50.0,0.0,-0.3681
143.0,5,3,-25.32,-117.51,53.43,50.0,0.0001,-0.2651
143.0,6,3,-57.12,-58.59,1392.48,50.0,0.0,-0.4186
143.0,7,1,-4.24,-63.77,2.83,50.0,0.1013,-0.0287
143.0,9,3,-8.08,-55.34,7.07,50.0,0.0285,-0.103
144.0,0,3,1.36,-47.03,10.49,50.0,0.4446,0.1296
144.0,1,3,-28.9,-114.51,117.95,50.0,0.0,-0.3859
144.0,10,3,-56.63,-128.72,1396.7,50.0,0.0,-0.3915
144.0,11,3,-1.63,-51.03,10.59,50.0,0.219,0.0089
144.0,13,3,-18.88,-113.23,21.12,50.0,0.0007,-0.1768
144.0,15,3,-27.34,-115.35,85.59,50.0,0.0,-0.3492
144.0,16,3,-22.05,-112.45,32.6,50.0,0.0002,-0.2163
144.0,17,3,-14.96,-110.79,14.74,50.0,0.0026,-0.1422
144.0,18,3,-17.18,-106.65,17.64,50.0,0.0012,-0.163
144.0,19,3,-13.55,-106.23,13.54,50.0,0.0043,-0.1338
144.0,2,3,-13.55,-103.13,13.54,50.0,0.0043,-0.136
144.0,21,3,-11.64,-106.91,12.42,50.0,0.0084,-0.1181
144.0,23,3,-42.39,-126.38,1396.7,50.0,0.0,-0.3915
144.0,25,1,-1.84,-122.97,0.99,50.0,0.2069,0.0745
144.0,26,3,-11.57,-105.96,12.39,50.0,0.0086,-0.1182
144.0,27,3,-14.23,-106.26,14.07,50.0,0.0034,-0.1391
144.0,28,3,-36.8,-120.41,674.36,50.0,0.0,-0.3915
144.0,29,3,-12.05,-108.53,12.62,50.0,0.0073,-0.1203
144.0,30,3,-9.44,-107.76,11.62,50.0,0.0179,-0.0979
144.0,31,3,-4.28,-98.66,10.77,50.0,0.0999,-0.0301
144.0,32,3,-36.03,-124.65,566.34,50.0,0.0,-0.3915
144.0,33,3,-31.28,-119.57,196.63,50.0,0.0,-0.3914
144.0,34,3,-28.6,-111.02,110.78,50.0,0.0,-0.3844
144.0,35,1,-26.38,-126.44,121.1,50.0,0.0,-0.3403
144.0,36,3,-31.61,-118.5,211.05,50.0,0.0,-0.3914
144.0,37,3,-21.5,-112.37,29.97,50.0,0.0003,-0.2082
144.0,38,3,-11.12,-101.13,12.19,50.0,0.01,-0.1179
144.0,39,3,-25.09,-111.89,55.19,50.0,0.0001,-0.277
144.0,4,3,-15.55,-116.66,15.37,50.0,0.0021,-0.1469
144.0,42,3,-18.43,-98.44,20.07,50.0,0.0008,-0.1805
144.0,43,3,-12.35,-110.08,12.78,50.0,0.0065,-0.1216
144.0,44,3,-31.89,-110.69,224.67,50.0,0.0,-0.3914
144.0,45,3,-16.51,-111.52,16.61,50.0,0.0015,-0.1548
144.0,46,3,-30.4,-116.35,162.36,50.0,0.0,-0.3914
144.0,47,1,-10.73,-128.08,3.86,50.0,0.0115,-0.0623
144.0,5,1,-40.23,-128.05,2773.16,50.0,0.0,-0.3585
145.0,1,4,-24.29,-150.0,37.27,50.0,0.0001,-0.1967
145.0,10,3,-45.37,-128.37,1392.63,50.0,0.0,-0.3823
145.0,11,3,-2.64,-52.42,6.58,50.0,0.1648,-0.0045
145.0,13,1,-28.34,-123.25,190.9,50.0,0.0,-0.3572
145.0,15,3,-18.22,-110.36,15.52,50.0,0.0008,-0.1529
145.0,17,1,-25.63,-118.56,102.87,50.0,0.0,-0.3436
145.0,18,3,-35.6,-109.14,509.14,50.0,0.0,-0.3829
145.0,19,3,-2.97,-105.88,6.6,50.0,0.1492,0.0243
145.0,2,3,-16.34,-106.32,12.3,50.0,0.0016,-0.1387
145.0,21,3,-20.81,-116.35,23.02,50.0,0.0003,-0.1816
145.0,23,1,-32.51,-138.85,495.5,50.0,0.0,-0.3656
145.0,25,3,-9.82,-86.11,7.66,50.0,0.0157,-0.0997
145.0,26,3,-19.71,-88.71,19.3,50.0,0.0005,-0.1836
145.0,27,3,-12.1,-100.75,8.57,50.0,0.0071,-0.1089
145.0,28,3,-34.2,-121.36,370.78,50.0,0.0,-0.3823
145.0,29,3,-19.54,-103.6,18.8,50.0,0.0005,-0.171
145.0,30,3,-14.02,-103.74,9.82,50.0,0.0037,-0.1219
145.0,31,3,-10.36,-87.44,7.83,50.0,0.0131,-0.1037
145.0,32,1,-34.73,-129.57,826.42,50.0,0.0,-0.3656
145.0,33,1,-30.87,-118.03,340.47,50.0,0.0,-0.3656
145.0,34,3,-26.38,-119.7,66.5,50.0,0.0,-0.297
145.0,35,3,-24.9,-107.72,49.14,50.0,0.0001,-0.2564
145.0,36,1,-36.84,-134.49,1340.39,50.0,0.0,-0.3656
145.0,37,3,-18.14,-111.69,15.36,50.0,0.0009,-0.1521
145.0,38,3,-0.34,-97.43,6.47,50.0,0.3058,0.1078
145.0,39,3,-13.37,-102.42,9.34,50.0,0.0046,-0.1177
145.0,4,3,-14.73,-111.71,10.45,50.0,0.0029,-0.123
145.0,41,3,-11.41,-99.7,8.24,50.0,0.0091,-0.104
145.0,42,1,-6.34,-111.9,2.79,50.0,0.0511,-0.026
145.0,43,1,-21.55,-105.96,41.21,50.0,0.0003,-0.2082
145.0,44,1,-22.84,-125.06,54.89,50.0,0.0002,-0.2393
145.0,45,3,-25.71,-107.73,57.93,50.0,0.0001,-0.2781
145.0,46,1,-21.89,-126.91,44.48,50.0,0.0002,-0.2137
145.0,47,3,-8.76,-100.16,7.37,50.0,0.0226,-0.0791
145.0,48,3,-25.96,-129.11,61.0,50.0,0.0,-0.2839
145.0,5,1,-35.37,-120.37,957.18,50.0,0.0,-0.3656
145.0,6,3,-18.9,-102.12,17.1,50.0,0.0007,-0.1653
146.0,1,3,-22.72,-114.19,36.42,50.0,0.0002,-0.2276
146.0,10,3,-41.84,-129.13,1396.79,50.0,0.0,-0.3916
146.0,13,3,-24.56,-113.64,50.11,50.0,0.0001,-0.2643
146.0,14,3,-2.24,-58.6,10.71,50.0,0.185,-0.0057
146.0,15,3,-24.92,-109.34,53.54,50.0,0.0001,-0.2735
146.0,16,3,-45.48,-59.63,1396.78,50.0,0.0,-0.4276
146.0,17,3,-24.12,-109.71,46.31,50.0,0.0001,-0.2547
146.0,18,3,-20.54,-100.52,26.18,50.0,0.0004,-0.2026
146.0,19,3,-10.19,-115.59,11.93,50.0,0.0138,-0.1037
146.0,2,3,-16.02,-105.5,16.03,50.0,0.0018,-0.1543
146.0,21,3,-29.31,-112.16,128.64,50.0,0.0,-0.3881
146.0,23,3,-31.82,-118.73,221.1,50.0,0.0,-0.3916
146.0,26,1,-17.45,-139.44,15.77,50.0,0.0011,-0.1239
146.0,27,3,-12.68,-99.51,13.06,50.0,0.0058,-0.1321
146.0,28,3,-26.13,-119.49,67.37,50.0,0.0,-0.3068
146.0,29,3,-15.25,-97.46,15.13,50.0,0.0024,-0.1537
146.0,30,3,-26.76,-105.07,76.22,50.0,0.0,-0.3312
146.0,32,3,-36.69,-118.89,657.81,50.0,0.0,-0.3916
146.0,33,3,-34.62,-123.1,412.1,50.0,0.0,-0.3916
146.0,34,1,-21.37,-121.31,38.38,50.0,0.0003,-0.1894
146.0,35,3,-17.45,-119.94,18.19,50.0,0.0011,-0.1634
146.0,36,3,-39.37,-124.07,1210.55,50.0,0.0,-0.3916
146.0,37,3,-20.9,-116.33,27.56,50.0,0.0003,-0.2005
146.0,38,3,-7.13,-113.1,11.2,50.0,0.0393,-0.0706
146.0,39,3,-21.5,-107.55,30.08,50.0,0.0003,-0.2103
146.0,4,6,-57.92,-150.0,69.33,50.0,0.0,-0.2895
146.0,41,3,-19.32,-101.16,22.33,50.0,0.0006,-0.188
146.0,42,3,-14.0,-104.52,13.97,50.0,0.0037,-0.1388
146.0,43,3,-21.56,-113.57,30.35,50.0,0.0003,-0.2094
146.0,44,3,-20.7,-111.87,26.76,50.0,0.0004,-0.1978
146.0,45,3,-19.95,-112.7,24.21,50.0,0.0005,-0.1888
146.0,46,3,-22.03,-110.37,32.6,50.0,0.0002,-0.2164
146.0,47,3,-2.72,-97.92,10.74,50.0,0.161,0.0081
146.0,48,3,-12.91,-120.53,13.2,50.0,0.0054,-0.1264
146.0,5,1,-26.81,-124.44,133.33,50.0,0.0,-0.3402
146.0,6,3,-44.22,-68.72,1396.78,50.0,0.0,-0.4211
146.0,9,3,0.32,-60.64,10.61,50.0,0.3569,0.0916
147.0,1,3,-25.93,-111.22,59.45,50.0,0.0,-0.2775
147.0,10,1,-41.86,-139.88,2775.09,50.0,0.0,-0.3698
147.0,11,3,-2.77,-62.48,5.43,50.0,0.1583,0.0043
147.0,13,1,-26.12,-121.61,115.94,50.0,0.0,-0.3503
147.0,15,3,-10.95,-110.3,6.9,50.0,0.0107,-0.0873
147.0,17,1,-13.33,-122.87,8.46,50.0,0.0046,-0.0998
147.0,18,3,-13.71,-118.85,8.43,50.0,0.0041,-0.1095
147.0,19,3,-4.19,-95.34,5.53,50.0,0.1028,-0.0077
147.0,2,1,-10.64,-119.12,5.7,50.0,0.0119,-0.0767
147.0,21,3,-27.12,-114.24,76.61,50.0,0.0,-0.3178
147.0,23,3,-38.27,-130.2,936.36,50.0,0.0,-0.3791
147.0,26,3,-12.85,-97.25,7.85,50.0,0.0055,-0.1119
147.0,27,3,-23.1,-112.56,33.48,50.0,0.0002,-0.2111
147.0,28,3,-34.04,-126.67,356.27,50.0,0.0,-0.3791
147.0,29,1,-16.43,-123.46,14.69,50.0,0.0016,-0.1298
147.0,30,3,-6.76,-107.85,5.83,50.0,0.0445,-0.044
147.0,32,1,-32.42,-124.51,485.98,50.0,0.0,-0.3698
147.0,33,1,-34.32,-125.13,752.97,50.0,0.0,-0.3698
147.0,34,1,-27.11,-119.85,145.09,50.0,0.0,-0.3553
147.0,35,3,-21.8,-116.77,26.13,50.0,0.0002,-0.1898
147.0,36,5,-52.47,-150.0,277.28,50.0,0.0,-0.351
147.0,37,3,-17.04,-106.2,12.19,50.0,0.0013,-0.1393
147.0,38,3,-13.27,-124.25,8.11,50.0,0.0048,-0.1061
147.0,39,3,-14.06,-101.77,8.71,50.0,0.0036,-0.1182
147.0,4,3,-19.46,-117.38,17.43,50.0,0.0005,-0.1602
147.0,41,1,-1.6,-115.35,2.88,50.0,0.2208,0.0665
147.0,42,3,-7.15,-106.44,5.89,50.0,0.039,-0.0503
147.0,43,3,-18.93,-106.25,16.02,50.0,0.0007,-0.1572
147.0,44,1,-21.24,-123.21,39.34,50.0,0.0003,-0.2043
147.0,45,3,-27.88,-109.89,90.35,50.0,0.0,-0.3492
147.0,46,1,-29.06,-116.11,225.73,50.0,0.0,-0.365
147.0,47,1,-5.58,-101.23,3.49,50.0,0.0658,-0.0273
147.0,48,1,-23.16,-139.62,59.85,50.0,0.0001,-0.2551
147.0,5,1,-31.16,-131.65,364.67,50.0,0.0,-0.3698
147.0,6,3,-18.27,-110.43,14.47,50.0,0.0008,-0.1479
148.0,1,3,-19.93,-106.85,22.74,50.0,0.0005,-0.1851
148.0,10,3,-47.03,-129.13,1395.39,50.0,0.0,-0.3888
148.0,13,3,-23.64,-108.78,41.15,50.0,0.0001,-0.2398
148.0,14,3,-1.23,-59.68,9.27,50.0,0.2441,0.0346
148.0,15,3,-18.89,-112.05,19.84,50.0,0.0007,-0.1716
148.0,16,3,-60.0,-60.57,1395.39,50.0,0.0,-0.4241
148.0,17,3,-25.56,-104.81,58.97,50.0,0.0001,-0.288
148.0,18,3,-13.24,-108.69,12.02,50.0,0.0048,-0.1243
148.0,2,1,-19.3,-125.23,24.49,50.0,0.0006,-0.156
148.0,21,3,-21.55,-112.45,28.88,50.0,0.0003,-0.2036
148.0,23,3,-31.31,-125.1,196.71,50.0,0.0,-0.3887
148.0,24,3,-12.83,-111.78,11.75,50.0,0.0055,-0.1201
148.0,25,3,-7.8,-56.52,9.92,50.0,0.0314,-0.1116
148.0,27,1,-20.53,-98.86,32.25,50.0,0.0004,-0.1858
148.0,28,3,-37.54,-125.36,796.64,50.0,0.0,-0.3888
148.0,29,3,-13.33,-92.99,12.08,50.0,0.0046,-0.1362
148.0,3,3,4.09,-64.44,9.13,50.0,0.6753,0.2773
148.0,30,3,-17.69,-106.17,17.23,50.0,0.001,-0.1626
148.0,31,3,1.52,-62.77,9.18,50.0,0.4582,0.1536
148.0,32,3,-32.94,-124.68,282.11,50.0,0.0,-0.3888
148.0,33,3,-32.27,-119.08,242.96,50.0,0.0,-0.3887
148.0,34,1,-28.63,-128.2,202.99,50.0,0.0,-0.3543
148.0,35,3,-37.11,-108.68,721.56,50.0,0.0,-0.3897
148.0,36,3,-29.82,-122.49,141.97,50.0,0.0,-0.3878
148.0,37,3,-14.26,-111.79,12.79,50.0,0.0034,-0.1313
148.0,38,3,-8.3,-99.72,10.03,50.0,0.0265,-0.0865
148.0,39,3,-9.26,-119.92,10.26,50.0,0.019,-0.0893
148.0,4,3,-24.3,-113.74,46.38,50.0,0.0001,-0.2527
148.0,41,1,-12.02,-113.07,5.31,50.0,0.0073,-0.0767
148.0,42,1,-7.31,-104.95,2.39,50.0,0.037,-0.0358
148.0,43,1,-1.56,-116.31,1.28,50.0,0.2234,0.0796
148.0,44,1,-28.36,-127.21,191.03,50.0,0.0,-0.3529
148.0,45,1,-27.45,-120.89,155.17,50.0,0.0,-0.3484
148.0,46,1,-33.33,-121.4,598.17,50.0,0.0,-0.3612
148.0,47,3,-7.73,-120.32,9.91,50.0,0.0321,-0.0726
148.0,48,3,-22.09,-112.74,31.52,50.0,0.0002,-0.2117
148.0,49,3,-23.86,-109.54,42.81,50.0,0.0001,-0.2437
148.0,5,3,-21.15,-118.81,27.16,50.0,0.0003,-0.1981
148.0,6,3,-54.79,-66.07,1395.39,50.0,0.0,-0.4202
148.0,8,1,-1.45,-125.64,1.27,50.0,0.2303,0.083
148.0,9,3,1.0,-62.64,9.19,50.0,0.4136,0.1293
149.0,0,3,1.14,-54.14,7.82,50.0,0.4255,0.1355
149.0,1,1,-19.97,-128.66,28.9,50.0,0.0005,-0.1713
149.0,10,3,-40.68,-131.46,1394.02,50.0,0.0,-0.3857
149.0,13,3,-30.63,-117.97,168.11,50.0,0.0,-0.3856
149.0,15,3,-20.68,-117.48,23.92,50.0,0.0004,-0.1861
149.0,16,3,-44.39,-61.39,1394.02,50.0,0.0,-0.4204
149.0,17,3,-20.36,-105.52,22.8,50.0,0.0004,-0.1854
149.0,18,3,-7.54,-101.31,8.51,50.0,0.0343,-0.0706
149.0,2,1,-18.14,-115.49,19.43,50.0,0.0009,-0.1429
149.0,20,3,-4.37,-111.85,8.1,50.0,0.097,-0.0128
149.0,21,3,-22.55,-111.36,32.64,50.0,0.0002,-0.2132
149.0,22,3,-6.57,-105.93,8.35,50.0,0.0475,-0.0543
149.0,23,3,-27.67,-120.47,88.85,50.0,0.0,-0.3516
149.0,24,3,-7.18,-114.43,8.45,50.0,0.0387,-0.0598
149.0,25,3,-1.4,-60.1,7.91,50.0,0.2332,0.0346
149.0,27,3,-9.54,-112.9,8.97,50.0,0.0173,-0.0862
149.0,28,3,-26.73,-121.95,73.0,50.0,0.0,-0.3152
149.0,29,3,-14.54,-100.93,11.67,50.0,0.0031,-0.1341
149.0,3,3,-10.51,-47.37,9.28,50.0,0.0124,-0.1398
149.0,30,3,-17.99,-105.22,16.45,50.0,0.0009,-0.1603
149.0,32,3,-21.2,-116.37,25.98,50.0,0.0003,-0.1929
149.0,33,1,-30.76,-127.45,331.66,50.0,0.0,-0.3643
149.0,34,1,-33.93,-115.49,686.05,50.0,0.0,-0.3643
149.0,35,1,-21.61,-124.98,41.55,50.0,0.0003,-0.205
149.0,36,3,-25.81,-127.55,60.53,50.0,0.0,-0.2856
149.0,37,3,-24.14,-116.35,43.73,50.0,0.0001,-0.2435
149.0,38,3,-4.58,-101.55,8.12,50.0,0.0909,-0.0232
149.0,39,1,-9.17,-110.0,3.65,50.0,0.0196,-0.0556
149.0,4,3,-24.01,-116.23,42.65,50.0,0.0001,-0.2407
149.0,40,1,-5.89,-123.42,2.43,50.0,0.0594,-0.0179
149.0,41,1,-2.16,-101.79,1.81,50.0,0.1891,0.0522
149.0,42,3,-9.33,-105.31,8.91,50.0,0.0186,-0.0875
149.0,43,3,-28.52,-104.97,106.29,50.0,0.0,-0.3818
149.0,44,1,-10.74,-123.42,4.65,50.0,0.0114,-0.0698
149.0,45,3,-19.0,-126.79,18.75,50.0,0.0006,-0.1669
149.0,46,3,-21.5,-122.05,27.29,50.0,0.0003,-0.1971
149.0,47,1,-11.08,-97.47,4.92,50.0,0.0102,-0.0817
149.0,48,3,-16.81,-122.07,14.38,50.0,0.0014,-0.1462
149.0,49,3,-23.36,-110.1,37.76,50.0,0.0001,-0.2276
149.0,5,1,-28.05,-129.12,178.46,50.0,0.0,-0.3545
149.0,6,3,-53.38,-57.6,1394.02,50.0,0.0,-0.4231
149.0,7,3,-8.84,-93.29,8.78,50.0,0.022,-0.0911
149.0,8,1,-14.12,-124.61,8.52,50.0,0.0035,-0.0991
150.0,0,3,-8.96,-46.77,8.38,50.0,0.0211,-0.1237
150.0,1,3,-29.02,-110.25,117.91,50.0,0.0,-0.3797
150.0,10,3,-47.06,-134.54,1393.59,50.0,0.0,-0.3847
150.0,13,3,-26.82,-114.32,73.9,50.0,0.0,-0.3164
150.0,14,3,-1.37,-59.9,7.48,50.0,0.2351,0.0374
150.0,15,1,-28.05,-118.07,178.32,50.0,0.0,-0.3545
150.0,16,3,-55.46,-63.96,1393.59,50.0,0.0,-0.4176
150.0,17,3,-20.21,-107.56,21.83,50.0,0.0004,-0.1802
150.0,18,3,-24.22,-105.17,43.91,50.0,0.0001,-0.2467
150.0,2,3,-18.58,-107.42,17.3,50.0,0.0007,-0.1626
150.0,20,3,-8.12,-114.0,8.19,50.0,0.0281,-0.0694
150.0,21,3,-28.04,-115.02,95.67,50.0,0.0,-0.3661
150.0,22,1,-11.38,-126.86,5.17,50.0,0.0092,-0.0753
150.0,23,5,-41.86,-150.0,277.28,50.0,0.0,-0.351
150.0,24,3,-12.04,-113.47,9.51,50.0,0.0073,-0.1061
150.0,25,3,-5.38,-53.88,7.77,50.0,0.0703,-0.0706
150.0,27,1,-3.76,-112.91,2.01,50.0,0.1176,0.0192
150.0,28,1,-37.12,-125.51,1430.98,50.0,0.0,-0.3643
150.0,29,3,-8.35,-104.31,8.24,50.0,0.0261,-0.076
150.0,3,3,-7.67,-45.65,8.1,50.0,0.0328,-0.1101
150.0,30,3,-19.4,-113.44,19.37,50.0,0.0006,-0.1692
150.0,31,3,-1.82,-52.89,7.5,50.0,0.2082,0.0171
150.0,32,3,-37.9,-122.8,861.63,50.0,0.0,-0.3847
150.0,33,3,-36.28,-119.41,595.95,50.0,0.0,-0.3847
150.0,34,3,-26.07,-109.04,63.4,50.0,0.0,-0.2923
150.0,35,3,-31.14,-106.8,187.63,50.0,0.0,-0.3869
150.0,36,3,-35.33,-124.97,480.06,50.0,0.0,-0.3847
150.0,37,1,-17.84,-112.9,18.24,50.0,0.001,-0.1389
150.0,38,3,-13.78,-99.25,10.61,50.0,0.004,-0.1276
150.0,39,3,-11.84,-118.19,9.41,50.0,0.0078,-0.1045
150.0,4,3,-40.96,-111.58,1393.59,50.0,0.0,-0.3847
150.0,40,1,-10.18,-110.3,4.25,50.0,0.0139,-0.0649
150.0,41,3,-7.31,-117.15,8.04,50.0,0.037,-0.0596
150.0,42,3,-16.31,-111.0,13.22,50.0,0.0016,-0.1401
150.0,43,3,-17.91,-111.5,15.86,50.0,0.0009,-0.1543
150.0,44,1,-23.6,-115.69,64.9,50.0,0.0001,-0.2619
150.0,45,3,-22.31,-114.87,30.88,50.0,0.0002,-0.2074
150.0,46,1,-28.51,-138.24,197.93,50.0,0.0,-0.3568
150.0,47,1,-14.64,-117.88,9.44,50.0,0.0029,-0.1039
150.0,48,1,-35.09,-139.68,895.64,50.0,0.0,-0.3643
150.0,49,3,-34.91,-109.99,436.36,50.0,0.0,-0.3847
150.0,5,1,-28.06,-130.35,178.54,50.0,0.0,-0.3545
150.0,6,3,-43.48,-68.27,1393.59,50.0,0.0,-0.4145
150.0,7,3,-2.97,-108.87,7.56,50.0,0.1492,0.0221
150.0,8,1,-9.66,-122.29,3.92,50.0,0.0166,-0.0602
150.0,9,3,-0.75,-62.09,7.45,50.0,0.2766,0.0621
151.0,0,3,-5.1,-54.88,6.66,50.0,0.0769,-0.06
151.0,1,5,-37.46,-123.83,154.45,50.0,0.0,-0.3519
151.0,10,3,-46.06,-131.4,1392.52,50.0,0.0,-0.382
151.0,11,3,-8.57,-98.85,7.21,50.0,0.0242,-0.0775
151.0,13,1,-21.65,-122.65,42.2,50.0,0.0003,-0.2083
151.0,15,1,-35.57,-121.87,1001.49,50.0,0.0,-0.366
151.0,16,5,-21.67,-133.46,4.11,50.0,0.0003,-0.1155
151.0,17,1,-17.36,-118.5,16.78,50.0,0.0011,-0.1352
151.0,18,3,-19.37,-99.42,18.2,50.0,0.0006,-0.1716
151.0,2,3,-21.55,-111.44,26.0,50.0,0.0003,-0.191
151.0,20,3,-11.33,-104.29,8.09,50.0,0.0093,-0.0995
151.0,21,3,-12.14,-110.49,8.48,50.0,0.007,-0.1021
151.0,22,1,1.77,-100.97,1.84,50.0,0.48,0.1904
151.0,23,3,-24.64,-121.91,46.58,50.0,0.0001,-0.248
151.0,24,3,-7.22,-107.94,6.94,50.0,0.0382,-0.055
151.0,25,3,1.19,-44.96,6.31,50.0,0.4296,0.1379
151.0,27,3,-4.6,-92.5,6.61,50.0,0.0904,-0.0233
151.0,28,3,-28.69,-125.15,108.86,50.0,0.0,-0.3753
151.0,29,3,-1.07,-95.01,6.38,50.0,0.2549,0.0784
151.0,30,3,-28.74,-106.92,109.87,50.0,0.0,-0.3778
151.0,31,3,0.06,-52.05,6.34,50.0,0.3367,0.0927
151.0,32,3,-30.93,-121.05,178.14,50.0,0.0,-0.3819
151.0,33,3,-22.28,-126.2,29.63,50.0,0.0002,-0.2021
151.0,34,3,-31.67,-119.51,210.06,50.0,0.0,-0.3819
151.0,35,1,-24.64,-125.47,82.36,50.0,0.0001,-0.3037
151.0,36,3,-25.15,-119.41,51.64,50.0,0.0001,-0.2607
151.0,37,1,-24.82,-122.98,85.71,50.0,0.0,-0.3114
151.0,38,3,-4.86,-109.96,6.64,50.0,0.083,-0.0161
151.0,39,3,-23.3,-107.43,35.86,50.0,0.0001,-0.2216
151.0,4,3,-25.78,-115.07,58.67,50.0,0.0001,-0.278
151.0,40,3,-14.16,-112.12,9.83,50.0,0.0035,-0.118
151.0,41,3,-13.38,-101.64,9.23,50.0,0.0046,-0.1178
151.0,42,1,-21.46,-113.04,40.52,50.0,0.0003,-0.2039
151.0,43,1,-18.82,-109.3,22.82,50.0,0.0007,-0.1554
151.0,44,1,-16.01,-121.64,12.74,50.0,0.0018,-0.1198
151.0,45,3,-18.51,-115.5,16.04,50.0,0.0008,-0.1551
151.0,46,1,-34.97,-122.24,873.01,50.0,0.0,-0.366
151.0,47,1,-11.95,-124.07,6.01,50.0,0.0075,-0.0825
151.0,48,3,-34.66,-123.48,411.69,50.0,0.0,-0.382
151.0,49,3,-25.79,-107.18,58.78,50.0,0.0001,-0.2803
151.0,5,3,-31.38,-118.76,196.5,50.0,0.0,-0.3819
151.0,50,1,-29.7,-136.79,260.59,50.0,0.0,-0.3645
151.0,6,3,-5.48,-120.08,6.7,50.0,0.0681,-0.0274
151.0,7,1,-4.07,-103.23,2.38,50.0,0.1067,0.0057
151.0,8,1,-11.43,-124.65,5.53,50.0,0.009,-0.0781
152.0,1,3,-13.13,-108.46,9.46,50.0,0.005,-0.1128
152.0,10,1,-50.3,-131.49,2774.47,50.0,0.0,-0.367
152.0,11,3,-14.09,-90.14,10.16,50.0,0.0036,-0.1334
152.0,13,3,-39.16,-115.87,1149.84,50.0,0.0,-0.383
152.0,14,3,-0.79,-62.58,6.76,50.0,0.2735,0.0639
152.0,15,1,-16.1,-132.59,13.17,50.0,0.0018,-0.1222
152.0,16,3,-40.44,-65.5,1392.9,50.0,0.0,-0.4148
152.0,17,3,-10.72,-107.37,8.24,50.0,0.0115,-0.0939
152.0,18,3,-14.57,-101.27,10.57,50.0,0.003,-0.1292
152.0,19,3,-8.11,-56.36,7.5,50.0,0.0282,-0.1046
152.0,2,1,-16.78,-110.86,15.07,50.0,0.0014,-0.1296
152.0,20,3,-7.02,-101.1,7.3,50.0,0.0409,-0.059
152.0,21,3,-11.43,-115.21,8.53,50.0,0.009,-0.098
152.0,22,3,1.79,-111.63,6.69,50.0,0.482,0.211
152.0,23,1,-22.33,-125.05,49.27,50.0,0.0002,-0.2269
152.0,24,1,-6.44,-117.61,3.09,50.0,0.0495,-0.0292
152.0,25,3,3.02,-52.8,6.66,50.0,0.5882,0.229
152.0,26,3,0.39,-62.22,6.72,50.0,0.3627,0.1123
152.0,27,3,-19.85,-117.05,19.98,50.0,0.0005,-0.1711
152.0,28,3,-31.47,-124.03,200.96,50.0,0.0,-0.3829
152.0,29,1,1.41,-132.31,2.05,50.0,0.4484,0.1805
152.0,30,3,-12.8,-105.65,9.25,50.0,0.0056,-0.1122
152.0,31,3,-3.25,-48.98,6.89,50.0,0.1375,-0.0249
152.0,32,3,-43.28,-112.42,1392.9,50.0,0.0,-0.383
152.0,33,1,-26.21,-117.33,117.63,50.0,0.0,-0.3479
152.0,34,1,-30.54,-128.51,316.18,50.0,0.0,-0.367
152.0,35,3,-29.13,-112.33,119.98,50.0,0.0,-0.3785
152.0,36,3,-34.64,-125.38,410.47,50.0,0.0,-0.383
152.0,37,1,-15.77,-125.46,12.34,50.0,0.002,-0.1187
152.0,38,3,-9.99,-120.42,7.99,50.0,0.0148,-0.0855
152.0,39,1,-22.4,-119.63,50.04,50.0,0.0002,-0.2288
152.0,4,3,-32.28,-109.03,241.21,50.0,0.0,-0.3836
152.0,40,3,-10.9,-100.89,8.31,50.0,0.0108,-0.1001
152.0,41,1,-7.31,-116.39,3.36,50.0,0.037,-0.04
152.0,42,3,-18.51,-113.34,16.43,50.0,0.0008,-0.1569
152.0,43,3,-12.22,-112.0,8.91,50.0,0.0068,-0.1045
152.0,44,3,-27.93,-114.58,92.73,50.0,0.0,-0.358
152.0,45,3,-11.64,-127.25,8.63,50.0,0.0084,-0.0998
152.0,46,1,-22.6,-117.46,52.34,50.0,0.0002,-0.2344
152.0,47,1,-14.64,-116.87,9.95,50.0,0.0029,-0.1076
152.0,48,1,-27.2,-126.85,147.44,50.0,0.0,-0.3529
152.0,49,3,-29.89,-103.65,141.81,50.0,0.0,-0.3869
152.0,5,1,-26.91,-119.21,138.13,50.0,0.0,-0.3515
152.0,50,3,-16.27,-116.6,12.48,50.0,0.0017,-0.1367
152.0,6,3,-52.37,-61.71,1392.9,50.0,0.0,-0.4175
152.0,7,1,-12.9,-123.87,7.28,50.0,0.0054,-0.092
152.0,8,1,-14.45,-107.71,9.6,50.0,0.0031,-0.1075
153.0,0,3,4.37,-65.09,11.72,50.0,0.6963,0.2801
153.0,1,3,-31.53,-109.77,208.76,50.0,0.0,-0.3941
153.0,10,3,-46.32,-129.49,1397.99,50.0,0.0,-0.394
153.0,11,3,-13.48,-93.22,14.78,50.0,0.0044,-0.1476
153.0,13,3,-16.62,-113.98,18.05,50.0,0.0015,-0.1608
153.0,14,3,2.86,-65.16,11.75,50.0,0.5743,0.2088
153.0,15,3,-26.51,-114.96,73.81,50.0,0.0,-0.324
153.0,16,3,-17.33,-91.0,19.18,50.0,0.0012,-0.1806
153.0,17,3,-15.09,-107.81,16.16,50.0,0.0025,-0.1498
153.0,18,3,-17.12,-105.79,18.82,50.0,0.0012,-0.1682
153.0,2,3,-11.5,-109.65,13.64,50.0,0.0088,-0.12
153.0,20,3,-7.46,-106.74,12.46,50.0,0.0352,-0.0819
153.0,21,3,-20.69,-109.23,27.92,50.0,0.0004,-0.203
153.0,22,3,-6.28,-95.11,12.27,50.0,0.0523,-0.0739
153.0,23,3,-23.69,-115.87,44.13,50.0,0.0001,-0.2503
153.0,24,3,-15.98,-100.23,17.18,50.0,0.0018,-0.1625
153.0,27,3,-6.07,-102.86,12.24,50.0,0.056,-0.0652
153.0,28,3,-38.88,-122.03,1083.84,50.0,0.0,-0.394
153.0,29,3,-9.48,-96.1,12.92,50.0,0.0176,-0.1118
153.0,30,3,-17.01,-106.67,18.64,50.0,0.0013,-0.1665
153.0,32,3,-38.53,-116.03,999.94,50.0,0.0,-0.394
153.0,33,3,-30.12,-120.67,154.17,50.0,0.0,-0.3939
153.0,34,1,-35.07,-139.07,891.17,50.0,0.0,-0.356
153.0,35,3,-17.28,-116.11,19.1,50.0,0.0012,-0.1666
153.0,36,3,-31.78,-118.8,220.39,50.0,0.0,-0.3939
153.0,37,3,-27.28,-112.31,85.74,50.0,0.0,-0.3517
153.0,38,3,-11.22,-91.35,13.52,50.0,0.0097,-0.1308
153.0,39,3,-21.41,-112.53,30.88,50.0,0.0003,-0.2121
153.0,4,3,-31.76,-106.64,219.67,50.0,0.0,-0.3963
153.0,40,3,-22.19,-107.13,34.64,50.0,0.0002,-0.2257
153.0,41,3,-5.02,-94.76,12.12,50.0,0.0789,-0.0529
153.0,42,3,-7.06,-105.51,12.39,50.0,0.0403,-0.0776
153.0,43,1,-7.96,-133.17,2.09,50.0,0.0297,-0.0332
153.0,44,3,-36.21,-111.16,591.26,50.0,0.0,-0.394
153.0,45,3,-32.62,-116.53,265.1,50.0,0.0,-0.394
153.0,46,1,-17.07,-143.69,14.48,50.0,0.0013,-0.119
153.0,47,3,-3.12,-101.04,11.97,50.0,0.1429,-0.0055
153.0,48,3,-24.95,-122.55,55.0,50.0,0.0001,-0.2784
153.0,49,3,-31.46,-104.57,205.73,50.0,0.0,-0.3978
153.0,5,3,-29.0,-111.12,121.76,50.0,0.0,-0.3889
153.0,50,1,-25.22,-138.35,92.59,50.0,0.0,-0.3172
153.0,6,3,-34.6,-95.48,411.63,50.0,0.0,-0.4043
153.0,7,3,-8.81,-101.31,12.74,50.0,0.0222,-0.1013
153.0,8,3,-9.06,-102.09,12.8,50.0,0.0204,-0.1033
154.0,1,1,-24.5,-120.18,80.9,50.0,0.0001,-0.3047
154.0,10,6,-60.0,-150.0,69.35,50.0,0.0,-0.2905
154.0,11,1,-11.84,-118.55,6.92,50.0,0.0078,-0.0882
154.0,13,3,-29.17,-111.71,119.19,50.0,0.0,-0.3732
154.0,14,3,-4.11,-58.52,4.94,50.0,0.1055,-0.0293
154.0,15,1,-18.17,-109.75,20.88,50.0,0.0009,-0.1524
154.0,16,3,-6.66,-100.99,5.23,50.0,0.0461,-0.0446
154.0,17,1,-21.3,-115.01,40.13,50.0,0.0003,-0.2069
154.0,18,3,-8.8,-112.69,5.64,50.0,0.0223,-0.0642
154.0,2,6,-60.0,-150.0,69.34,50.0,0.0,-0.2905
154.0,20,3,-21.4,-92.59,23.73,50.0,0.0003,-0.1936
154.0,21,3,-13.2,-111.86,7.48,50.0,0.0049,-0.1026
154.0,23,1,-16.95,-124.9,16.43,50.0,0.0013,-0.1369
154.0,24,3,-10.56,-117.07,6.17,50.0,0.0122,-0.081
154.0,27,3,-2.95,-98.3,4.86,50.0,0.1503,0.0278
154.0,28,1,-32.78,-125.27,529.12,50.0,0.0,-0.3706
154.0,29,1,-13.29,-127.89,8.59,50.0,0.0047,-0.1006
154.0,30,3,-22.03,-115.7,26.7,50.0,0.0002,-0.1904
154.0,32,3,-28.54,-117.68,103.57,50.0,0.0,-0.37
154.0,33,3,-32.14,-119.02,231.48,50.0,0.0,-0.3774
154.0,34,1,-21.38,-119.47,40.78,50.0,0.0003,-0.2086
154.0,35,3,-17.48,-109.7,12.35,50.0,0.0011,-0.1378
154.0,36,1,-28.62,-122.29,204.36,50.0,0.0,-0.3636
154.0,37,3,-11.32,-116.36,6.47,50.0,0.0094,-0.0875
154.0,38,3,0.46,-115.76,4.71,50.0,0.3681,0.1589
154.0,39,3,-17.35,-113.24,12.13,50.0,0.0011,-0.1365
154.0,4,3,-21.29,-117.0,23.23,50.0,0.0003,-0.1796
154.0,40,3,-13.53,-101.47,7.71,50.0,0.0043,-0.1113
154.0,41,1,-6.56,-119.27,3.93,50.0,0.0476,-0.036
154.0,42,1,-16.6,-109.33,15.35,50.0,0.0015,-0.1333
154.0,43,1,-27.33,-113.01,152.77,50.0,0.0,-0.3572
154.0,44,1,-14.26,-116.91,10.08,50.0,0.0034,-0.1093
154.0,45,3,-16.05,-113.95,10.18,50.0,0.0018,-0.1253
154.0,46,1,-18.52,-134.63,22.42,50.0,0.0008,-0.1572
154.0,47,3,-8.43,-99.55,5.56,50.0,0.0253,-0.0677
154.0,48,1,-23.55,-125.25,65.43,50.0,0.0001,-0.269
154.0,49,1,-17.43,-118.05,18.04,50.0,0.0011,-0.1427
154.0,5,3,-33.92,-119.87,346.36,50.0,0.0,-0.3774
154.0,50,3,-31.17,-118.69,185.95,50.0,0.0,-0.3774
154.0,51,3,-15.45,-118.43,9.46,50.0,0.0022,-0.1204
154.0,6,3,-24.49,-93.61,43.61,50.0,0.0001,-0.2485
154.0,8,1,-2.82,-121.22,3.2,50.0,0.156,0.0317
154.0,9,3,-0.38,-61.06,4.73,50.0,0.303,0.0886
155.0,1,3,-23.42,-112.97,40.69,50.0,0.0001,-0.2393
155.0,10,1,-39.21,-144.51,2310.14,50.0,0.0,-0.3568
155.0,11,5,-42.92,-150.0,277.28,50.0,0.0,-0.351
155.0,13,3,-32.37,-115.06,249.28,50.0,0.0,-0.3911
155.0,14,3,0.36,-62.42,10.36,50.0,0.3607,0.0958
155.0,15,3,-18.22,-111.31,19.45,50.0,0.0008,-0.1696
155.0,16,3,-21.94,-88.08,31.92,50.0,0.0002,-0.2298
155.0,17,1,-26.7,-117.66,130.15,50.0,0.0,-0.3403
155.0,18,3,-4.0,-101.74,10.59,50.0,0.109,-0.0211
155.0,19,3,-0.08,-50.17,10.38,50.0,0.3253,0.0679
155.0,2,1,-13.07,-135.31,6.04,50.0,0.0051,-0.0804
155.0,20,6,-41.4,-150.0,69.32,50.0,0.0,-0.2895
155.0,21,3,-14.84,-106.05,14.47,50.0,0.0028,-0.1434
155.0,23,3,-27.2,-120.67,83.0,50.0,0.0,-0.343
155.0,24,3,-21.04,-96.68,27.87,50.0,0.0003,-0.2109
155.0,25,3,-1.43,-57.92,10.43,50.0,0.2313,0.0214
155.0,28,3,-39.83,-121.94,1343.04,50.0,0.0,-0.3912
155.0,29,3,0.12,-101.76,10.37,50.0,0.341,0.1133
155.0,30,3,-24.29,-106.13,47.51,50.0,0.0001,-0.2601
155.0,31,3,-1.65,-61.24,10.44,50.0,0.218,0.0163
155.0,32,3,-25.67,-119.46,61.45,50.0,0.0001,-0.2922
155.0,33,3,-24.73,-120.87,51.4,50.0,0.0001,-0.2673
155.0,34,1,-26.94,-136.64,137.58,50.0,0.0,-0.3415
155.0,35,3,-14.82,-109.53,14.45,50.0,0.0028,-0.1408
155.0,36,3,-30.6,-122.69,169.4,50.0,0.0,-0.3911
155.0,37,3,-26.93,-108.76,78.64,50.0,0.0,-0.3338
155.0,38,3,-16.81,-108.63,16.89,50.0,0.0014,-0.1577
155.0,39,3,-33.77,-110.62,340.59,50.0,0.0,-0.3912
155.0,4,3,-32.34,-106.79,247.96,50.0,0.0,-0.3934
155.0,40,3,-8.25,-108.99,11.17,50.0,0.0269,-0.084
155.0,42,3,-23.86,-99.19,43.98,50.0,0.0001,-0.2558
155.0,43,3,-13.01,-108.63,13.01,50.0,0.0052,-0.1272
155.0,44,1,-30.41,-123.33,305.24,50.0,0.0,-0.3568
155.0,45,3,-20.06,-108.26,24.31,50.0,0.0004,-0.1904
155.0,46,3,-17.76,-111.25,18.52,50.0,0.001,-0.1653
155.0,47,3,-1.4,-101.02,10.43,50.0,0.2332,0.0533
155.0,48,3,-27.69,-118.34,91.71,50.0,0.0,-0.3629
155.0,49,3,-17.74,-111.33,18.48,50.0,0.001,-0.1651
155.0,5,3,-10.17,-116.07,11.68,50.0,0.0139,-0.1026
155.0,50,1,-23.28,-140.25,59.48,50.0,0.0001,-0.242
155.0,51,3,-20.26,-105.73,24.95,50.0,0.0004,-0.1945
155.0,6,3,-23.92,-89.36,44.4,50.0,0.0001,-0.264
155.0,8,3,-15.32,-107.04,14.96,50.0,0.0023,-0.1465
155.0,9,3,-4.36,-60.28,10.62,50.0,0.0974,-0.0586
156.0,1,3,-12.82,-109.35,9.39,50.0,0.0056,-0.1103
156.0,10,1,-47.92,-139.68,2774.4,50.0,0.0,-0.3666
156.0,11,3,-14.36,-98.58,10.52,50.0,0.0033,-0.1301
156.0,13,3,-22.45,-118.61,31.11,50.0,0.0002,-0.2073
156.0,15,3,-19.81,-110.02,20.02,50.0,0.0005,-0.1714
156.0,16,3,-24.75,-84.83,48.15,50.0,0.0001,-0.2711
156.0,17,3,-24.52,-111.68,45.99,50.0,0.0001,-0.2476
156.0,2,3,-19.31,-109.57,18.57,50.0,0.0006,-0.1661
156.0,20,3,-20.11,-111.27,20.95,50.0,0.0004,-0.1748
156.0,21,3,-14.66,-108.94,10.79,50.0,0.0029,-0.1251
156.0,23,3,-16.53,-123.95,12.97,50.0,0.0015,-0.1395
156.0,24,3,-15.72,-109.75,11.91,50.0,0.002,-0.133
156.0,28,3,-38.09,-124.37,900.57,50.0,0.0,-0.3833
156.0,29,3,-8.34,-97.66,7.68,50.0,0.0261,-0.0782
156.0,30,3,-25.81,-106.96,59.52,50.0,0.0,-0.2834
156.0,32,3,-30.02,-116.62,145.95,50.0,0.0,-0.3833
156.0,33,3,-21.63,-118.8,26.92,50.0,0.0003,-0.1946
156.0,34,3,-25.0,-110.85,50.56,50.0,0.0001,-0.2592
156.0,35,3,-21.57,-113.55,26.64,50.0,0.0003,-0.1938
156.0,36,1,-32.8,-130.05,530.48,50.0,0.0,-0.3666
156.0,37,3,-31.4,-113.36,198.31,50.0,0.0,-0.3833
156.0,39,3,-20.7,-110.98,23.04,50.0,0.0004,-0.1821
156.0,4,1,-26.8,-118.24,134.43,50.0,0.0,-0.3506
156.0,40,1,-17.69,-117.41,18.08,50.0,0.001,-0.1402
156.0,42,1,-16.85,-121.58,15.23,50.0,0.0014,-0.13
156.0,43,3,-10.42,-109.5,8.26,50.0,0.0128,-0.0903
156.0,44,1,-36.61,-126.45,1272.32,50.0,0.0,-0.3666
156.0,45,1,-28.6,-125.94,202.63,50.0,0.0,-0.3596
156.0,46,3,-11.05,-116.5,8.5,50.0,0.0103,-0.0955
156.0,47,3,-7.08,-99.83,7.44,50.0,0.04,-0.0614
156.0,48,1,-33.69,-137.4,650.25,50.0,0.0,-0.3666
156.0,49,1,-25.87,-121.57,108.94,50.0,0.0,-0.3459
156.0,5,1,-37.61,-123.51,1600.02,50.0,0.0,-0.3666
156.0,50,3,-28.83,-116.01,112.73,50.0,0.0,-0.3774
156.0,51,1,-11.31,-128.76,5.55,50.0,0.0094,-0.0779
156.0,6,3,-17.19,-90.59,13.99,50.0,0.0012,-0.1591
156.0,8,1,-16.6,-120.42,14.47,50.0,0.0015,-0.1271
157.0,0,6,-35.38,-150.0,23.95,50.0,0.0,-0.1993
157.0,1,3,-33.81,-102.24,340.66,50.0,0.0,-0.3911
157.0,10,3,-42.87,-131.93,1393.97,50.0,0.0,-0.3856
157.0,11,3,-10.95,-93.02,9.39,50.0,0.0107,-0.1108
157.0,13,3,-36.17,-112.3,581.52,50.0,0.0,-0.3856
157.0,14,3,-0.78,-57.28,7.82,50.0,0.2745,0.0559
157.0,15,1,-15.36,-107.13,10.34,50.0,0.0023,-0.1081
157.0,16,3,-9.12,-88.41,8.8,50.0,0.02,-0.0972
157.0,17,6,-44.09,-150.0,69.34,50.0,0.0,-0.2904
157.0,2,3,-12.8,-114.03,10.3,50.0,0.0056,-0.1138
157.0,20,3,-9.45,-111.41,8.88,50.0,0.0179,-0.085
157.0,21,3,-14.73,-112.23,11.79,50.0,0.0029,-0.129
157.0,23,3,-28.28,-120.02,101.01,50.0,0.0,-0.3769
157.0,24,3,-15.47,-103.93,12.55,50.0,0.0022,-0.1392
157.0,25,3,-2.55,-62.36,7.91,50.0,0.1692,-0.0007
157.0,28,3,-43.22,-124.78,1393.96,50.0,0.0,-0.3856
157.0,29,3,-8.29,-104.54,8.6,50.0,0.0265,-0.0769
157.0,30,3,-26.41,-103.08,68.28,50.0,0.0,-0.309
157.0,31,3,-5.7,-58.27,8.18,50.0,0.0634,-0.0746
157.0,32,3,-39.95,-115.9,1378.39,50.0,0.0,-0.3856
157.0,33,3,-24.01,-116.24,42.56,50.0,0.0001,-0.2404
157.0,34,1,-15.86,-119.4,11.49,50.0,0.0019,-0.1111
157.0,35,1,-21.57,-105.4,40.63,50.0,0.0003,-0.2026
157.0,36,3,-28.79,-120.14,112.53,50.0,0.0,-0.3794
157.0,37,3,-15.03,-109.09,12.08,50.0,0.0026,-0.132
157.0,38,3,-17.7,-90.84,15.83,50.0,0.001,-0.1676
157.0,39,3,-15.99,-113.48,13.17,50.0,0.0018,-0.1391
157.0,4,1,-18.33,-118.67,19.69,50.0,0.0008,-0.1407
157.0,40,1,-17.22,-120.1,15.42,50.0,0.0012,-0.1263
157.0,42,1,-14.98,-118.46,9.54,50.0,0.0026,-0.1023
157.0,43,3,-8.74,-114.74,8.7,50.0,0.0228,-0.0779
157.0,44,3,-27.32,-112.77,82.54,50.0,0.0,-0.3371
157.0,45,3,-15.32,-110.44,12.38,50.0,0.0023,-0.1337
157.0,46,2,-15.91,-150.0,10.95,50.0,0.0019,-0.1006
157.0,47,1,-6.41,-130.45,2.02,50.0,0.05,-0.0203
157.0,48,3,-20.12,-115.39,21.91,50.0,0.0004,-0.179
157.0,49,1,-10.01,-124.95,3.59,50.0,0.0147,-0.0586
157.0,5,3,-26.71,-118.99,72.61,50.0,0.0,-0.3142
157.0,50,3,-34.22,-112.92,374.24,50.0,0.0,-0.3856
157.0,51,5,-25.84,-150.0,10.67,50.0,0.0001,-0.1503
157.0,52,1,-37.76,-127.66,1656.99,50.0,0.0,-0.3606
157.0,6,3,-23.63,-94.85,39.61,50.0,0.0001,-0.2434
157.0,8,3,-15.36,-107.44,12.43,50.0,0.0023,-0.1358
157.0,9,3,0.88,-59.0,7.77,50.0,0.4031,0.1271
158.0,0,3,-12.01,-101.62,8.31,50.0,0.0074,-0.1065
158.0,1,1,-13.71,-125.09,8.45,50.0,0.0041,-0.0995
158.0,10,1,-41.22,-135.24,2774.53,50.0,0.0,-0.3673
158.0,11,3,-8.74,-103.56,7.15,50.0,0.0228,-0.0755
158.0,13,1,-33.3,-121.39,594.62,50.0,0.0,-0.3673
158.0,15,3,-27.18,-107.97,78.61,50.0,0.0,-0.3262
158.0,16,3,-17.92,-100.64,14.7,50.0,0.0009,-0.1557
158.0,17,3,-21.89,-106.05,27.56,50.0,0.0002,-0.1985
158.0,2,3,-19.0,-115.65,17.13,50.0,0.0006,-0.1597
158.0,20,3,-14.19,-111.38,9.75,50.0,0.0034,-0.1178
158.0,21,3,-12.04,-109.82,8.33,50.0,0.0073,-0.1009
158.0,23,3,-21.33,-123.81,24.93,50.0,0.0003,-0.1875
158.0,24,3,-17.3,-110.18,13.55,50.0,0.0012,-0.1433
158.0,28,3,-40.61,-120.81,1392.41,50.0,0.0,-0.3817
158.0,29,3,-14.5,-103.26,10.02,50.0,0.0031,-0.125
158.0,30,3,-18.04,-112.74,14.95,50.0,0.0009,-0.1502
158.0,32,1,-19.28,-132.57,25.41,50.0,0.0006,-0.1638
158.0,33,3,-31.41,-123.23,197.99,50.0,0.0,-0.3817
158.0,34,3,-29.12,-108.8,119.39,50.0,0.0,-0.3781
158.0,35,3,-19.54,-110.74,18.58,50.0,0.0005,-0.1655
158.0,36,1,-38.67,-127.71,2041.13,50.0,0.0,-0.3673
158.0,37,1,-24.2,-124.72,74.88,50.0,0.0001,-0.2879
158.0,38,3,-6.76,-93.55,6.77,50.0,0.0445,-0.0587
158.0,39,3,-17.33,-114.42,13.61,50.0,0.0012,-0.1436
158.0,4,1,-22.79,-119.64,54.69,50.0,0.0002,-0.2403
158.0,40,1,-21.84,-117.06,44.33,50.0,0.0002,-0.2148
158.0,42,3,-17.73,-109.47,14.33,50.0,0.001,-0.1476
158.0,43,1,-18.15,-115.26,20.06,50.0,0.0009,-0.1472
158.0,44,3,-21.5,-110.99,25.69,50.0,0.0003,-0.1899
158.0,45,1,-18.83,-123.46,23.1,50.0,0.0007,-0.1568
158.0,46,1,-18.82,-118.32,23.05,50.0,0.0007,-0.1567
158.0,47,3,-3.99,-106.05,6.45,50.0,0.1096,0.0
158.0,48,1,-21.94,-133.75,45.3,50.0,0.0002,-0.2173
158.0,49,3,-25.07,-110.62,50.65,50.0,0.0001,-0.2581
158.0,5,1,-41.82,-130.53,2774.53,50.0,0.0,-0.3673
158.0,50,3,-41.05,-116.05,1392.41,50.0,0.0,-0.3817
158.0,51,1,-15.92,-107.4,12.76,50.0,0.0019,-0.1225
158.0,52,3,-44.8,-124.76,1392.41,50.0,0.0,-0.3817
158.0,6,3,-24.12,-99.42,41.93,50.0,0.0001,-0.2434
158.0,7,3,-12.13,-95.41,8.38,50.0,0.0071,-0.112
158.0,8,3,-13.21,-103.34,9.01,50.0,0.0049,-0.1148
159.0,0,3,-7.66,-99.71,10.66,50.0,0.0328,-0.0822
159.0,1,3,-31.85,-106.44,222.02,50.0,0.0,-0.3929
159.0,10,1,-53.13,-145.4,2773.18,50.0,0.0,-0.3586
159.0,11,4,-16.71,-150.0,6.57,50.0,0.0014,-0.0953
159.0,13,3,-28.63,-115.74,111.02,50.0,0.0,-0.3834
159.0,15,3,-24.98,-100.66,53.54,50.0,0.0001,-0.2787
159.0,16,3,-9.49,-93.33,11.09,50.0,0.0176,-0.1065
159.0,17,3,-23.96,-110.3,44.34,50.0,0.0001,-0.2485
159.0,19,3,-7.13,-54.32,10.57,50.0,0.0393,-0.1079
159.0,2,3,-8.86,-115.1,10.92,50.0,0.0219,-0.0883
159.0,20,3,-6.9,-110.72,10.53,50.0,0.0425,-0.065
159.0,21,3,-21.41,-114.99,29.05,50.0,0.0003,-0.2048
159.0,22,3,0.03,-64.79,9.98,50.0,0.3338,0.0846
159.0,23,3,-26.1,-121.59,66.37,50.0,0.0,-0.3034
159.0,24,3,-10.31,-109.6,11.34,50.0,0.0133,-0.1026
159.0,26,3,0.35,-57.05,9.97,50.0,0.3597,0.0931
159.0,27,3,3.13,-67.01,9.91,50.0,0.5979,0.2307
159.0,28,3,-35.29,-125.79,478.29,50.0,0.0,-0.3904
159.0,29,3,-12.16,-98.51,12.13,50.0,0.007,-0.1261
159.0,30,3,-24.76,-104.44,51.36,50.0,0.0001,-0.2706
159.0,32,3,-13.26,-115.43,12.8,50.0,0.0048,-0.1266
159.0,33,3,-26.81,-112.5,76.3,50.0,0.0,-0.3269
159.0,34,3,-19.81,-119.04,23.13,50.0,0.0005,-0.1846
159.0,35,1,-13.13,-119.86,6.29,50.0,0.005,-0.0831
159.0,36,3,-31.47,-119.25,204.53,50.0,0.0,-0.3903
159.0,37,3,-26.33,-110.79,69.46,50.0,0.0,-0.3108
159.0,38,3,-4.77,-104.34,10.27,50.0,0.0854,-0.0341
159.0,39,1,-19.92,-122.57,27.79,50.0,0.0005,-0.1632
159.0,4,1,-16.05,-107.71,11.74,50.0,0.0018,-0.1123
159.0,40,3,-22.94,-102.24,37.15,50.0,0.0002,-0.2344
159.0,41,3,-6.97,-57.61,10.54,50.0,0.0415,-0.1034
159.0,42,3,-24.67,-102.2,50.47,50.0,0.0001,-0.2699
159.0,43,1,-18.29,-124.27,19.29,50.0,0.0008,-0.1378
159.0,44,3,-28.69,-114.12,112.45,50.0,0.0,-0.3837
159.0,45,3,-26.67,-116.84,74.19,50.0,0.0,-0.3219
159.0,46,3,-20.17,-117.66,24.27,50.0,0.0004,-0.1888
159.0,47,3,-5.5,-93.46,10.34,50.0,0.0675,-0.0553
159.0,48,3,-24.69,-121.11,50.71,50.0,0.0001,-0.2649
159.0,49,1,-27.4,-124.55,153.12,50.0,0.0,-0.3456
159.0,5,3,-21.6,-113.16,29.91,50.0,0.0003,-0.2075
159.0,50,3,-34.15,-120.25,370.46,50.0,0.0,-0.3904
159.0,51,1,-10.45,-121.02,3.66,50.0,0.0126,-0.0601
159.0,52,3,-30.62,-117.21,169.68,50.0,0.0,-0.3903
159.0,6,3,-28.14,-83.04,100.24,50.0,0.0,-0.4002
159.0,7,3,-56.05,-59.53,1396.15,50.0,0.0,-0.4264
159.0,8,1,-10.54,-125.46,3.73,50.0,0.0123,-0.0608
159.0,9,3,-4.56,-58.38,10.25,50.0,0.0915,-0.0626
160.0,0,3,-7.98,-103.69,7.48,50.0,0.0295,-0.0693
160.0,1,3,-22.57,-100.32,31.65,50.0,0.0002,-0.2155
160.0,10,1,-50.24,-143.27,2774.47,50.0,0.0,-0.367
160.0,11,3,-8.71,-106.15,7.64,50.0,0.023,-0.0756
160.0,13,3,-32.83,-115.43,272.46,50.0,0.0,-0.383
160.0,14,3,-2.74,-60.99,6.87,50.0,0.1598,-0.0026
160.0,15,3,-23.63,-113.06,38.59,50.0,0.0001,-0.2279
160.0,16,3,-9.71,-98.69,7.91,50.0,0.0163,-0.091
160.0,17,3,-10.16,-109.0,8.05,50.0,0.014,-0.0878
160.0,2,3,-17.43,-97.48,14.29,50.0,0.0011,-0.1557
160.0,20,3,-19.92,-108.8,20.21,50.0,0.0005,-0.1728
160.0,21,3,-20.4,-112.68,21.81,50.0,0.0004,-0.1777
160.0,23,3,-25.33,-129.67,53.9,50.0,0.0001,-0.2672
160.0,24,3,-16.25,-110.43,12.46,50.0,0.0017,-0.1365
160.0,28,3,-28.34,-122.51,101.25,50.0,0.0,-0.3746
160.0,29,3,-12.89,-102.51,9.31,50.0,0.0054,-0.1152
160.0,30,3,-7.71,-110.75,7.43,50.0,0.0323,-0.0616
160.0,31,3,-7.44,-49.6,7.38,50.0,0.0354,-0.1014
160.0,32,3,-1.82,-109.7,6.82,50.0,0.208,0.0606
160.0,33,3,-27.45,-118.51,83.69,50.0,0.0,-0.3375
160.0,34,3,-13.08,-120.17,9.43,50.0,0.0051,-0.1113
160.0,35,1,-18.09,-123.11,19.73,50.0,0.0009,-0.1459
160.0,36,1,-34.03,-126.7,702.85,50.0,0.0,-0.367
160.0,37,3,-21.29,-111.79,25.29,50.0,0.0003,-0.1893
160.0,38,3,-8.61,-103.37,7.62,50.0,0.0238,-0.0765
160.0,39,3,-9.52,-103.46,7.85,50.0,0.0174,-0.0857
160.0,4,1,-34.51,-99.63,785.37,50.0,0.0,-0.3744
160.0,40,1,-9.17,-121.35,4.16,50.0,0.0196,-0.0594
160.0,42,1,-6.11,-119.98,3.0,50.0,0.0554,-0.0247
160.0,43,3,-17.42,-106.32,14.27,50.0,0.0011,-0.1493
160.0,44,3,-25.96,-118.95,61.29,50.0,0.0,-0.2852
160.0,45,3,-32.78,-116.74,269.67,50.0,0.0,-0.383
160.0,46,1,-21.17,-134.69,38.15,50.0,0.0003,-0.1987
160.0,48,1,-34.88,-132.91,854.67,50.0,0.0,-0.367
160.0,49,1,-16.99,-117.02,15.74,50.0,0.0013,-0.1321
160.0,5,3,-21.35,-112.07,25.54,50.0,0.0003,-0.1901
160.0,50,1,-27.79,-127.8,168.4,50.0,0.0,-0.3559
160.0,51,3,3.96,-102.99,6.65,50.0,0.6653,0.3096
160.0,52,1,-39.03,-130.77,2221.65,50.0,0.0,-0.367
160.0,53,1,-1.79,-117.91,2.28,50.0,0.2097,0.0649
160.0,6,3,-19.35,-98.56,18.55,50.0,0.0006,-0.1738
160.0,8,1,-24.32,-124.72,76.78,50.0,0.0001,-0.292
161.0,0,3,-9.92,-105.67,7.97,50.0,0.0152,-0.0879
161.0,1,3,-14.74,-99.09,10.74,50.0,0.0028,-0.1321
161.0,10,1,-49.39,-133.04,2774.1,50.0,0.0,-0.3651
161.0,11,3,-19.57,-95.17,19.16,50.0,0.0005,-0.1786
161.0,13,3,-30.43,-117.27,159.76,50.0,0.0,-0.3829
161.0,15,3,-25.3,-105.43,53.63,50.0,0.0001,-0.2697
161.0,16,3,-18.7,-86.99,16.89,50.0,0.0007,-0.1753
161.0,17,1,-21.4,-114.05,39.75,50.0,0.0003,-0.2012
161.0,18,3,1.29,-48.24,6.7,50.0,0.4383,0.1432
161.0,2,1,-12.81,-131.25,6.8,50.0,0.0056,-0.0886
161.0,20,3,-12.17,-109.79,8.9,50.0,0.007,-0.1043
161.0,21,3,-18.29,-114.92,15.97,50.0,0.0008,-0.1548
161.0,23,1,-31.4,-128.03,384.46,50.0,0.0,-0.3651
161.0,24,3,-1.11,-112.71,6.78,50.0,0.2518,0.0856
161.0,25,1,-11.74,-118.52,5.64,50.0,0.0081,-0.0794
161.0,28,3,-45.49,-122.07,1392.91,50.0,0.0,-0.383
161.0,29,3,-6.33,-94.42,7.2,50.0,0.0514,-0.0541
161.0,30,3,-12.8,-107.42,9.25,50.0,0.0056,-0.111
161.0,31,3,4.94,-45.5,6.64,50.0,0.7366,0.3127
161.0,32,3,-12.84,-117.21,9.28,50.0,0.0055,-0.1094
161.0,33,3,-26.0,-112.93,61.78,50.0,0.0,-0.2863
161.0,34,1,-20.05,-124.55,29.54,50.0,0.0004,-0.1739
161.0,35,3,-29.39,-118.27,127.0,50.0,0.0,-0.3799
161.0,36,4,-31.41,-150.0,192.02,50.0,0.0,-0.3509
161.0,37,2,-20.83,-150.0,33.73,50.0,0.0003,-0.1721
161.0,38,3,-18.38,-88.66,16.15,50.0,0.0008,-0.1709
161.0,39,3,-17.93,-114.06,15.22,50.0,0.0009,-0.1514
161.0,4,1,-29.21,-121.67,232.56,50.0,0.0,-0.3611
161.0,40,3,-4.39,-106.97,6.99,50.0,0.0964,-0.0105
161.0,42,1,-11.99,-127.0,5.89,50.0,0.0074,-0.0816
161.0,43,3,-19.36,-108.01,18.57,50.0,0.0006,-0.1672
161.0,44,1,-31.7,-120.28,411.86,50.0,0.0,-0.3651
161.0,45,3,-35.33,-113.02,479.52,50.0,0.0,-0.383
161.0,46,3,-15.96,-114.16,12.08,50.0,0.0019,-0.1341
161.0,48,1,-46.54,-123.46,2774.1,50.0,0.0,-0.3651
161.0,49,3,-17.64,-108.16,14.66,50.0,0.001,-0.15
161.0,5,3,-15.83,-116.34,11.92,50.0,0.0019,-0.1331
161.0,50,3,-37.94,-116.09,869.56,50.0,0.0,-0.383
161.0,51,3,-0.52,-109.49,6.76,50.0,0.2926,0.1079
161.0,52,3,-32.11,-120.11,232.07,50.0,0.0,-0.3829
161.0,53,1,-4.3,-136.46,2.25,50.0,0.0992,0.0073
161.0,6,3,-22.53,-89.56,31.43,50.0,0.0002,-0.2226
161.0,7,3,-19.6,-105.39,19.25,50.0,0.0005,-0.1717
161.0,8,1,-16.0,-116.69,12.54,50.0,0.0018,-0.1185
161.0,9,3,1.68,-61.37,6.69,50.0,0.4723,0.171
162.0,0,3,-19.27,-100.71,19.5,50.0,0.0006,-0.1766
162.0,1,4,-6.9,-150.0,0.75,50.0,0.0424,-0.006
162.0,10,3,-55.55,-132.24,1394.08,50.0,0.0,-0.3858
162.0,11,3,-18.57,-92.8,17.76,50.0,0.0007,-0.1751
162.0,13,3,-38.05,-117.21,891.78,50.0,0.0,-0.3858
162.0,15,1,-28.22,-116.29,185.31,50.0,0.0,-0.3542
162.0,16,3,-21.32,-91.98,26.57,50.0,0.0003,-0.2077
162.0,17,3,-13.68,-107.39,11.01,50.0,0.0041,-0.1231
162.0,18,3,-1.43,-52.12,7.97,50.0,0.2313,0.0276
162.0,2,1,-3.13,-113.49,1.75,50.0,0.1426,0.0347
162.0,20,3,-18.82,-108.18,18.35,50.0,0.0007,-0.1666
162.0,21,3,-24.23,-115.07,44.51,50.0,0.0001,-0.2457
162.0,23,3,-34.44,-124.0,393.27,50.0,0.0,-0.3858
162.0,24,3,-10.96,-112.22,9.51,50.0,0.0106,-0.0993
162.0,25,1,-2.41,-127.69,1.66,50.0,0.176,0.0527
162.0,27,3,2.26,-63.83,7.85,50.0,0.5224,0.195
162.0,28,3,-32.87,-119.86,276.07,50.0,0.0,-0.3858
162.0,29,3,-11.31,-98.25,9.65,50.0,0.0094,-0.1106
162.0,30,3,-29.11,-110.08,120.68,50.0,0.0,-0.3813
162.0,31,3,-5.29,-48.85,8.25,50.0,0.0723,-0.0747
162.0,32,3,-10.96,-114.45,9.51,50.0,0.0106,-0.0993
162.0,33,3,-25.79,-116.33,60.32,50.0,0.0,-0.2852
162.0,34,3,-18.66,-110.67,17.97,50.0,0.0007,-0.1637
162.0,35,3,-28.82,-113.02,113.5,50.0,0.0,-0.3798
162.0,36,3,-33.15,-120.55,294.14,50.0,0.0,-0.3858
162.0,37,3,-10.5,-110.23,9.34,50.0,0.0124,-0.0953
162.0,38,3,-13.24,-99.23,10.7,50.0,0.0048,-0.1254
162.0,39,3,-23.2,-110.23,36.72,50.0,0.0001,-0.2248
162.0,4,1,-3.39,-121.72,1.78,50.0,0.1317,0.0287
162.0,40,3,-16.66,-109.31,14.21,50.0,0.0015,-0.1457
162.0,42,1,-14.15,-114.46,8.39,50.0,0.0035,-0.0979
162.0,43,1,-21.09,-118.43,36.84,50.0,0.0003,-0.1919
162.0,44,3,-36.63,-115.24,646.03,50.0,0.0,-0.3858
162.0,45,3,-20.3,-116.8,22.64,50.0,0.0004,-0.1817
162.0,46,1,-20.44,-117.57,31.86,50.0,0.0004,-0.1786
162.0,48,1,-30.29,-137.93,297.51,50.0,0.0,-0.3632
162.0,49,3,-33.28,-106.52,302.89,50.0,0.0,-0.3883
162.0,5,1,-26.92,-120.79,137.64,50.0,0.0,-0.3477
162.0,50,3,-31.27,-115.76,193.7,50.0,0.0,-0.3858
162.0,51,3,-7.28,-114.8,8.52,50.0,0.0374,-0.0614
162.0,52,3,-41.1,-122.88,1394.08,50.0,0.0,-0.3858
162.0,53,1,-9.76,-130.02,3.81,50.0,0.016,-0.0597
162.0,6,3,-23.57,-95.57,39.33,50.0,0.0001,-0.2423
162.0,7,3,-19.04,-114.65,18.91,50.0,0.0006,-0.1676
162.0,8,1,-30.03,-115.54,280.5,50.0,0.0,-0.3632
163.0,0,3,-13.41,-105.22,8.71,50.0,0.0045,-0.113
163.0,1,1,-0.54,-107.57,2.3,50.0,0.2911,0.1026
163.0,10,3,-41.73,-133.39,1391.97,50.0,0.0,-0.3805
163.0,11,3,-17.86,-105.57,14.14,50.0,0.001,-0.1495
163.0,13,3,-31.07,-117.18,183.0,50.0,0.0,-0.3805
163.0,15,3,-12.34,-116.65,8.05,50.0,0.0066,-0.1011
163.0,16,3,-15.09,-97.27,10.15,50.0,0.0025,-0.1319
163.0,17,3,-15.73,-116.89,10.86,50.0,0.002,-0.1279
163.0,18,3,-5.92,-54.96,6.21,50.0,0.0588,-0.0716
163.0,19,1,-4.11,-62.34,2.7,50.0,0.1053,-0.0266
163.0,2,1,-4.58,-105.89,2.79,50.0,0.0908,-0.0043
163.0,20,3,-9.25,-98.92,6.84,50.0,0.0191,-0.082
163.0,21,3,-26.0,-115.04,60.92,50.0,0.0,-0.2822
163.0,23,3,-36.47,-125.6,620.54,50.0,0.0,-0.3805
163.0,24,3,-7.82,-96.22,6.51,50.0,0.0311,-0.0684
163.0,26,1,-6.3,-59.56,3.17,50.0,0.0519,-0.0642
163.0,28,3,-42.24,-122.99,1391.97,50.0,0.0,-0.3805
163.0,29,3,-8.45,-98.37,6.64,50.0,0.0252,-0.074
163.0,30,3,-25.17,-117.04,51.23,50.0,0.0001,-0.2586
163.0,31,3,-5.9,-55.65,6.21,50.0,0.0593,-0.0707
163.0,32,2,-11.79,-150.0,4.33,50.0,0.008,-0.063
163.0,33,1,-27.21,-117.2,147.87,50.0,0.0,-0.3536
163.0,34,3,-20.75,-108.8,22.13,50.0,0.0003,-0.1786
163.0,35,1,-17.26,-123.94,16.75,50.0,0.0012,-0.1362
163.0,36,3,-24.06,-120.26,41.0,50.0,0.0001,-0.2325
163.0,37,1,-15.46,-118.38,11.74,50.0,0.0022,-0.1164
163.0,38,3,-10.52,-97.9,7.23,50.0,0.0124,-0.0945
163.0,39,3,-17.53,-125.43,13.53,50.0,0.0011,-0.1434
163.0,4,1,-21.76,-121.17,43.56,50.0,0.0002,-0.2132
163.0,40,3,-13.03,-104.26,8.46,50.0,0.0052,-0.1107
163.0,41,6,1.47,-150.0,0.01,50.0,0.4541,0.7653
163.0,42,3,-7.49,-92.63,6.45,50.0,0.0348,-0.0669
163.0,43,1,-14.37,-123.46,9.58,50.0,0.0032,-0.1059
163.0,44,3,-9.43,-117.26,6.89,50.0,0.018,-0.0758
163.0,45,3,-26.44,-115.06,66.79,50.0,0.0,-0.2961
163.0,46,1,-14.52,-113.43,9.85,50.0,0.0031,-0.1073
163.0,48,3,-25.0,-123.35,49.53,50.0,0.0001,-0.2543
163.0,49,1,-19.74,-111.41,28.11,50.0,0.0005,-0.1719
163.0,5,3,-25.18,-113.62,51.31,50.0,0.0001,-0.2588
163.0,50,3,-34.06,-116.76,359.0,50.0,0.0,-0.3805
163.0,51,1,-4.43,-102.03,2.76,50.0,0.0953,-0.0043
163.0,52,1,-30.02,-124.21,280.35,50.0,0.0,-0.3676
163.0,53,3,-13.15,-112.84,8.54,50.0,0.005,-0.1075
163.0,54,3,-18.2,-117.02,14.82,50.0,0.0009,-0.1496
163.0,6,3,-28.9,-95.84,113.21,50.0,0.0,-0.3851
163.0,7,3,-15.61,-113.11,10.72,50.0,0.0021,-0.127
163.0,8,1,-23.88,-122.37,69.82,50.0,0.0001,-0.2764
163.0,9,1,-0.34,-63.28,2.28,50.0,0.3058,0.0781
164.0,0,3,-20.32,-107.07,24.96,50.0,0.0004,-0.1934
164.0,1,3,-21.23,-99.13,28.41,50.0,0.0003,-0.2107
164.0,10,3,-53.86,-129.3,1396.33,50.0,0.0,-0.3907
164.0,11,3,-19.32,-106.82,21.89,50.0,0.0006,-0.1822
164.0,13,3,-28.57,-115.38,109.74,50.0,0.0,-0.3835
164.0,14,3,-4.31,-61.57,10.4,50.0,0.0991,-0.0557
164.0,15,3,-8.38,-114.13,10.98,50.0,0.0258,-0.0838
164.0,16,3,-31.25,-90.83,195.1,50.0,0.0,-0.4044
164.0,17,1,-23.15,-107.29,57.89,50.0,0.0001,-0.2425
164.0,18,3,-4.69,-59.37,10.43,50.0,0.0877,-0.0652
164.0,2,3,-13.93,-99.48,13.46,50.0,0.0038,-0.1401
164.0,20,3,-6.19,-105.72,10.6,50.0,0.0539,-0.0584
164.0,21,3,-23.68,-111.79,42.39,50.0,0.0001,-0.2435
164.0,23,3,-33.03,-121.89,288.27,50.0,0.0,-0.3907
164.0,24,3,-1.53,-101.68,10.22,50.0,0.2253,0.0502
164.0,28,3,-30.22,-118.03,155.83,50.0,0.0,-0.3907
164.0,29,3,-7.31,-90.79,10.77,50.0,0.037,-0.0849
164.0,30,3,-20.89,-106.63,27.04,50.0,0.0003,-0.2009
164.0,31,3,-2.63,-53.5,10.28,50.0,0.165,-0.0194
164.0,32,3,-7.53,-95.87,10.81,50.0,0.0344,-0.084
164.0,33,3,-21.62,-117.92,30.16,50.0,0.0003,-0.2085
164.0,34,3,-18.24,-108.46,19.28,50.0,0.0008,-0.17
164.0,35,3,-13.27,-110.5,12.98,50.0,0.0047,-0.1274
164.0,36,3,-13.66,-117.11,13.25,50.0,0.0041,-0.1305
164.0,37,1,-27.45,-118.38,154.75,50.0,0.0,-0.3464
164.0,38,3,-10.64,-96.03,11.64,50.0,0.0118,-0.1159
164.0,39,3,-13.63,-108.03,13.23,50.0,0.0042,-0.1316
164.0,4,1,-13.59,-126.4,6.99,50.0,0.0043,-0.0878
164.0,40,3,-10.11,-106.75,11.45,50.0,0.0142,-0.1035
164.0,42,3,-18.95,-96.65,20.91,50.0,0.0007,-0.1855
164.0,43,3,-14.25,-106.16,13.71,50.0,0.0034,-0.1378
164.0,44,3,-27.78,-116.82,93.16,50.0,0.0,-0.3658
164.0,45,3,-20.64,-115.98,26.1,50.0,0.0004,-0.1953
164.0,46,3,-29.52,-102.89,134.04,50.0,0.0,-0.3933
164.0,48,3,-23.31,-123.81,39.76,50.0,0.0001,-0.2364
164.0,49,1,-8.3,-123.59,2.52,50.0,0.0265,-0.0405
164.0,5,1,-27.67,-115.45,162.62,50.0,0.0,-0.3475
164.0,50,1,-19.24,-143.2,23.92,50.0,0.0006,-0.1526
164.0,51,3,-1.47,-100.13,10.22,50.0,0.2287,0.051
164.0,52,3,-42.87,-118.89,1396.33,50.0,0.0,-0.3907
164.0,53,3,-22.89,-101.6,37.01,50.0,0.0002,-0.2347
164.0,54,3,-14.57,-105.82,14.0,50.0,0.003,-0.1406
164.0,6,3,-20.7,-92.97,26.33,50.0,0.0004,-0.2082
164.0,7,3,-25.33,-109.84,57.33,50.0,0.0001,-0.2819
164.0,8,1,-12.53,-123.57,5.62,50.0,0.0062,-0.0786
164.0,9,3,0.99,-59.82,10.13,50.0,0.4125,0.1229
165.0,0,3,-22.07,-112.24,29.46,50.0,0.0002,-0.2029
165.0,1,3,-34.13,-86.49,365.57,50.0,0.0,-0.401
165.0,10,3,-41.76,-131.73,1393.41,50.0,0.0,-0.3842
165.0,11,3,-20.73,-106.8,23.53,50.0,0.0004,-0.1864
165.0,13,1,-32.45,-123.57,489.5,50.0,0.0,-0.3657
165.0,15,1,-23.12,-110.23,58.55,50.0,0.0001,-0.2482
165.0,16,3,-21.24,-90.08,25.56,50.0,0.0003,-0.205
165.0,17,3,-18.5,-109.03,16.93,50.0,0.0008,-0.1598
165.0,2,1,-4.58,-119.81,2.41,50.0,0.0909,0.0013
165.0,20,3,-22.56,-100.73,32.1,50.0,0.0002,-0.2173
165.0,21,3,-27.77,-112.73,90.05,50.0,0.0,-0.3531
165.0,22,1,-8.95,-124.95,3.8,50.0,0.0212,-0.0555
165.0,23,3,-35.12,-122.07,457.83,50.0,0.0,-0.3842
165.0,24,3,-20.99,-87.82,24.51,50.0,0.0003,-0.2033
165.0,28,3,-39.55,-123.63,1257.69,50.0,0.0,-0.3842
165.0,29,3,-17.1,-100.52,14.23,50.0,0.0012,-0.1529
165.0,30,3,-28.49,-108.14,105.14,50.0,0.0,-0.3779
165.0,32,3,-12.06,-117.88,9.34,50.0,0.0072,-0.1055
165.0,33,3,-24.4,-116.41,45.3,50.0,0.0001,-0.2465
165.0,34,1,-22.42,-119.49,50.08,50.0,0.0002,-0.2277
165.0,35,1,-24.02,-116.75,71.53,50.0,0.0001,-0.2787
165.0,36,3,-27.54,-123.01,85.77,50.0,0.0,-0.3433
165.0,37,3,-18.53,-109.2,17.0,50.0,0.0008,-0.16
165.0,38,3,-4.35,-103.69,7.49,50.0,0.0976,-0.0143
165.0,39,1,-10.44,-109.62,4.69,50.0,0.0127,-0.0694
165.0,4,1,-27.34,-119.97,151.83,50.0,0.0,-0.3524
165.0,40,3,-16.58,-107.79,13.43,50.0,0.0015,-0.1432
165.0,42,3,-9.41,-100.11,8.32,50.0,0.0181,-0.0893
165.0,43,3,-18.4,-111.47,16.69,50.0,0.0008,-0.1581
165.0,44,3,-21.0,-112.51,24.56,50.0,0.0003,-0.1876
165.0,45,3,-17.74,-119.81,15.35,50.0,0.001,-0.1519
165.0,46,3,-19.18,-115.63,18.59,50.0,0.0006,-0.1661
165.0,48,1,-40.79,-139.2,2774.22,50.0,0.0,-0.3657
165.0,49,3,-16.22,-107.77,12.91,50.0,0.0017,-0.1401
165.0,5,3,-26.92,-109.41,75.35,50.0,0.0,-0.3198
165.0,50,3,-31.18,-117.89,188.82,50.0,0.0,-0.3842
165.0,51,3,-9.81,-109.29,8.44,50.0,0.0158,-0.0866
165.0,52,1,-28.06,-118.12,179.09,50.0,0.0,-0.356
165.0,53,1,-12.83,-132.79,6.94,50.0,0.0055,-0.0897
165.0,54,1,-10.37,-131.62,4.64,50.0,0.013,-0.0685
165.0,6,3,-10.64,-95.95,8.72,50.0,0.0118,-0.1036
165.0,7,3,-21.64,-107.58,27.34,50.0,0.0003,-0.1982
165.0,8,1,-11.92,-124.72,5.93,50.0,0.0076,-0.0819
166.0,0,3,-12.24,-108.2,10.73,50.0,0.0068,-0.1138
166.0,10,3,-41.53,-132.72,1394.71,50.0,0.0,-0.3872
166.0,11,3,-19.4,-108.8,20.49,50.0,0.0006,-0.1749
166.0,13,3,-28.14,-117.08,98.73,50.0,0.0,-0.3753
166.0,15,1,-17.46,-131.79,16.43,50.0,0.0011,-0.1308
166.0,16,3,-34.05,-85.7,360.48,50.0,0.0,-0.4046
166.0,17,1,-2.25,-119.71,1.43,50.0,0.1845,0.0589
166.0,18,3,-5.3,-63.83,8.87,50.0,0.072,-0.0669
166.0,19,3,1.68,-58.81,8.49,50.0,0.4723,0.1613
166.0,2,3,-24.36,-114.99,46.21,50.0,0.0001,-0.2511
166.0,20,3,-7.93,-108.2,9.27,50.0,0.03,-0.0733
166.0,21,3,-32.47,-112.91,253.35,50.0,0.0,-0.3872
166.0,22,1,-13.9,-124.93,7.79,50.0,0.0038,-0.0938
166.0,23,1,-30.87,-129.84,339.99,50.0,0.0,-0.3618
166.0,24,3,-5.93,-94.82,8.95,50.0,0.0587,-0.0554
166.0,25,3,5.06,-64.76,8.43,50.0,0.7448,0.3239
166.0,26,3,2.74,-64.55,8.47,50.0,0.5644,0.2161
166.0,27,3,-2.85,-64.44,8.67,50.0,0.1546,-0.0111
166.0,28,3,-40.16,-123.38,1394.7,50.0,0.0,-0.3872
166.0,29,3,-6.09,-106.44,8.97,50.0,0.0557,-0.0496
166.0,30,3,-23.38,-106.46,38.59,50.0,0.0001,-0.2334
166.0,31,3,-5.55,-101.4,8.9,50.0,0.0664,-0.0444
166.0,32,3,-11.02,-110.04,10.16,50.0,0.0104,-0.1024
166.0,33,3,-21.26,-110.8,26.94,50.0,0.0003,-0.1967
166.0,34,3,-25.6,-117.76,58.72,50.0,0.0001,-0.2824
166.0,35,1,-27.02,-114.4,140.63,50.0,0.0,-0.3468
166.0,36,3,-17.36,-107.7,15.96,50.0,0.0011,-0.1557
166.0,37,3,-21.48,-110.36,27.91,50.0,0.0003,-0.1998
166.0,38,3,-13.85,-98.96,11.77,50.0,0.0039,-0.1331
166.0,39,1,-14.1,-106.58,8.1,50.0,0.0036,-0.098
166.0,4,1,-19.86,-118.35,27.8,50.0,0.0005,-0.1661
166.0,40,3,-11.03,-113.2,10.16,50.0,0.0103,-0.1025
166.0,41,3,-3.77,-63.81,8.73,50.0,0.1171,-0.0352
166.0,42,3,-11.4,-93.95,10.32,50.0,0.0091,-0.1171
166.0,43,3,-11.74,-103.71,10.47,50.0,0.0081,-0.1129
166.0,44,1,-33.16,-121.26,575.35,50.0,0.0,-0.3618
166.0,45,3,-32.34,-121.76,246.24,50.0,0.0,-0.3872
166.0,46,3,-18.41,-115.44,18.02,50.0,0.0008,-0.1638
166.0,48,1,-29.44,-125.47,244.78,50.0,0.0,-0.359
166.0,49,3,-19.55,-108.63,20.91,50.0,0.0005,-0.1767
166.0,5,3,-29.6,-114.31,134.86,50.0,0.0,-0.3852
166.0,50,3,-25.15,-111.95,53.79,50.0,0.0001,-0.2703
166.0,51,1,-19.31,-113.12,24.62,50.0,0.0006,-0.1569
166.0,52,1,-45.91,-134.44,2773.57,50.0,0.0,-0.3618
166.0,53,3,-12.5,-102.24,10.87,50.0,0.0062,-0.1201
166.0,54,3,-21.51,-114.1,28.03,50.0,0.0003,-0.2001
166.0,55,3,-16.39,-109.42,14.45,50.0,0.0016,-0.146
166.0,6,3,-22.45,-89.17,32.79,50.0,0.0002,-0.2294
166.0,7,3,-27.88,-105.47,93.45,50.0,0.0,-0.3666
166.0,8,3,-17.19,-96.65,15.66,50.0,0.0012,-0.162
166.0,9,6,4.19,-150.0,0.01,50.0,0.683,0.8591
167.0,0,3,-24.14,-109.36,44.33,50.0,0.0001,-0.2467
167.0,1,3,-22.71,-100.4,34.27,50.0,0.0002,-0.2257
167.0,10,1,-39.92,-138.18,2724.61,50.0,0.0,-0.3627
167.0,11,3,-10.22,-104.76,9.86,50.0,0.0137,-0.0992
167.0,13,3,-33.33,-112.9,306.67,50.0,0.0,-0.3872
167.0,15,3,-22.83,-120.25,35.02,50.0,0.0002,-0.2209
167.0,16,3,-21.89,-90.48,29.84,50.0,0.0002,-0.2197
167.0,17,3,-3.5,-103.6,8.71,50.0,0.1272,-0.0003
167.0,18,3,0.13,-60.63,8.53,50.0,0.3422,0.0922
167.0,19,1,-4.04,-61.41,1.81,50.0,0.1076,-0.0192
167.0,2,1,2.51,-115.79,1.24,50.0,0.5441,0.232
167.0,20,3,-8.83,-109.78,9.46,50.0,0.0221,-0.0821
167.0,21,3,-12.63,-112.67,10.95,50.0,0.0059,-0.1156
167.0,22,1,-13.61,-132.47,7.48,50.0,0.0042,-0.0924
167.0,23,1,-27.62,-137.25,161.43,50.0,0.0,-0.3508
167.0,25,3,-2.0,-59.19,8.62,50.0,0.1976,0.0107
167.0,26,1,4.51,-70.47,1.18,50.0,0.7064,0.2845
167.0,27,3,2.9,-69.54,8.46,50.0,0.5781,0.2274
167.0,28,3,-40.91,-118.04,1394.7,50.0,0.0,-0.3872
167.0,29,3,-9.57,-106.28,9.66,50.0,0.0171,-0.092
167.0,30,3,-20.54,-104.76,24.11,50.0,0.0004,-0.191
167.0,31,3,-7.6,-100.69,9.2,50.0,0.0336,-0.0747
167.0,32,3,-8.88,-107.05,9.47,50.0,0.0217,-0.0846
167.0,33,1,-7.7,-119.34,2.74,50.0,0.0325,-0.0386
167.0,34,1,-19.22,-136.15,24.27,50.0,0.0006,-0.1567
167.0,35,3,-14.62,-99.63,12.42,50.0,0.003,-0.1386
167.0,36,3,-23.29,-112.34,38.0,50.0,0.0001,-0.2293
167.0,37,3,-18.66,-111.44,18.6,50.0,0.0007,-0.1663
167.0,38,3,-7.59,-99.93,9.2,50.0,0.0337,-0.0751
167.0,39,3,-16.59,-91.19,14.72,50.0,0.0015,-0.1607
167.0,4,3,-12.68,-108.76,10.98,50.0,0.0058,-0.1169
167.0,40,3,-16.96,-103.57,15.29,50.0,0.0013,-0.155
167.0,43,3,-17.54,-95.98,16.28,50.0,0.0011,-0.1656
167.0,44,3,-27.43,-112.18,85.03,50.0,0.0,-0.3443
167.0,45,1,-26.23,-131.04,117.59,50.0,0.0,-0.3438
167.0,46,1,-22.22,-114.61,47.39,50.0,0.0002,-0.2183
167.0,48,3,-23.81,-125.67,41.71,50.0,0.0001,-0.2393
167.0,49,3,-28.82,-106.19,114.05,50.0,0.0,-0.384
167.0,5,3,-24.56,-113.45,48.06,50.0,0.0001,-0.2558
167.0,50,3,-25.86,-116.03,61.84,50.0,0.0,-0.29
167.0,51,3,-3.97,-96.68,8.75,50.0,0.1103,-0.0163
167.0,52,3,-32.45,-119.18,252.16,50.0,0.0,-0.3872
167.0,53,3,-27.64,-101.79,88.92,50.0,0.0,-0.359
167.0,54,3,-17.76,-111.49,16.67,50.0,0.001,-0.1576
167.0,55,3,-23.69,-112.59,40.81,50.0,0.0001,-0.2369
167.0,7,3,-10.37,-112.16,9.91,50.0,0.013,-0.0968
167.0,8,1,-12.16,-126.11,5.67,50.0,0.007,-0.0799
168.0,0,3,-16.85,-103.37,13.58,50.0,0.0014,-0.1475
168.0,1,3,-41.65,-61.79,1393.15,50.0,0.0,-0.4181
168.0,10,3,-50.02,-133.43,1393.16,50.0,0.0,-0.3836
168.0,11,3,-17.53,-97.56,14.71,50.0,0.0011,-0.1577
168.0,13,1,-26.89,-125.38,137.11,50.0,0.0,-0.3498
168.0,15,2,-26.96,-150.0,137.68,50.0,0.0,-0.3356
168.0,16,3,-38.35,-63.59,954.14,50.0,0.0,-0.4168
168.0,17,1,-9.84,-112.43,4.24,50.0,0.0156,-0.0634
168.0,2,3,-15.89,-94.99,12.24,50.0,0.0019,-0.1454
168.0,20,3,-4.07,-106.61,7.21,50.0,0.1069,-0.0048
168.0,21,3,-24.36,-114.46,44.69,50.0,0.0001,-0.2445
168.0,22,3,-4.55,-115.61,7.25,50.0,0.0919,-0.0127
168.0,23,3,-30.84,-123.43,175.16,50.0,0.0,-0.3836
168.0,28,3,-30.53,-119.78,163.62,50.0,0.0,-0.3836
168.0,29,1,-1.9,-134.72,1.99,50.0,0.2033,0.0638
168.0,30,3,-19.75,-112.63,19.94,50.0,0.0005,-0.1712
168.0,31,3,-17.9,-102.9,15.41,50.0,0.0009,-0.1573
168.0,32,3,-2.8,-106.4,7.12,50.0,0.157,0.027
168.0,33,3,-28.16,-105.25,97.58,50.0,0.0,-0.3729
168.0,34,1,-16.96,-127.54,15.34,50.0,0.0013,-0.1296
168.0,35,3,-15.03,-119.1,11.28,50.0,0.0026,-0.1278
168.0,36,3,-22.58,-105.39,31.95,50.0,0.0002,-0.2132
168.0,37,1,-16.14,-114.23,12.98,50.0,0.0017,-0.1205
168.0,38,3,-6.21,-111.81,7.44,50.0,0.0535,-0.0423
168.0,39,1,-14.93,-130.16,10.19,50.0,0.0027,-0.1082
168.0,4,1,-34.49,-118.02,780.67,50.0,0.0,-0.3654
168.0,40,3,-22.23,-105.59,30.02,50.0,0.0002,-0.2074
168.0,43,1,-10.96,-113.95,5.03,50.0,0.0106,-0.0733
168.0,44,3,-24.78,-115.89,48.52,50.0,0.0001,-0.2543
168.0,45,3,-29.22,-119.97,122.71,50.0,0.0,-0.3796
168.0,46,3,-15.25,-106.79,11.5,50.0,0.0024,-0.1318
168.0,48,1,-30.7,-131.92,327.38,50.0,0.0,-0.3654
168.0,49,3,-8.47,-108.22,7.83,50.0,0.025,-0.0727
168.0,5,1,-31.52,-119.69,395.45,50.0,0.0,-0.3654
168.0,50,1,-38.35,-135.2,1897.54,50.0,0.0,-0.3654
168.0,51,3,-10.79,-101.99,8.52,50.0,0.0113,-0.0995
168.0,52,3,-32.53,-114.39,255.19,50.0,0.0,-0.3836
168.0,53,3,-13.86,-105.81,10.23,50.0,0.0039,-0.1215
168.0,54,3,-29.34,-104.78,125.94,50.0,0.0,-0.384
168.0,55,3,-19.28,-110.6,18.61,50.0,0.0006,-0.166
168.0,6,3,-30.14,-93.35,149.93,50.0,0.0,-0.3955
168.0,7,1,-6.92,-114.62,2.93,50.0,0.0422,-0.0331
168.0,8,1,-13.89,-114.75,8.36,50.0,0.0038,-0.0986
169.0,0,3,-18.76,-109.28,18.54,50.0,0.0007,-0.1666
169.0,1,3,-44.38,-59.25,1394.41,50.0,0.0,-0.4228
169.0,10,1,-50.24,-136.99,2773.67,50.0,0.0,-0.3625
169.0,11,3,-22.71,-106.26,34.0,50.0,0.0002,-0.2203
169.0,13,3,-19.74,-119.09,21.18,50.0,0.0005,-0.1766
169.0,15,3,-12.91,-110.51,10.82,50.0,0.0054,-0.1166
169.0,16,3,-31.93,-63.65,224.31,50.0,0.0,-0.4197
169.0,17,3,-3.44,-93.25,8.41,50.0,0.1295,-0.0049
169.0,2,3,-4.78,-112.74,8.52,50.0,0.0853,-0.0228
169.0,20,3,-6.07,-106.11,8.67,50.0,0.0561,-0.0483
169.0,21,3,-15.44,-112.08,12.96,50.0,0.0022,-0.1365
169.0,22,1,0.02,-130.9,1.34,50.0,0.3335,0.1318
169.0,23,3,-17.06,-122.84,15.15,50.0,0.0013,-0.1501
169.0,28,3,-21.12,-121.43,26.06,50.0,0.0003,-0.1935
169.0,29,3,-17.83,-96.11,16.52,50.0,0.001,-0.1669
169.0,3,3,-12.22,-110.89,10.42,50.0,0.0068,-0.1111
169.0,30,3,-20.59,-103.32,24.01,50.0,0.0004,-0.1914
169.0,31,3,-8.83,-107.94,9.17,50.0,0.0221,-0.0822
169.0,32,3,-5.08,-105.22,8.55,50.0,0.0773,-0.0321
169.0,33,3,-5.15,-113.28,8.56,50.0,0.0756,-0.0299
169.0,34,1,-14.5,-129.89,8.89,50.0,0.0031,-0.1002
169.0,35,3,-17.31,-109.54,15.57,50.0,0.0012,-0.1526
169.0,36,5,-26.16,-150.0,11.47,50.0,0.0001,-0.1536
169.0,37,3,-22.84,-110.18,34.8,50.0,0.0002,-0.2199
169.0,38,3,-13.4,-106.95,11.14,50.0,0.0045,-0.1226
169.0,39,1,-11.06,-132.19,4.62,50.0,0.0102,-0.0702
169.0,4,3,-13.2,-111.14,11.01,50.0,0.0049,-0.1189
169.0,40,3,-14.97,-103.21,12.46,50.0,0.0026,-0.1376
169.0,41,3,1.8,-62.6,8.19,50.0,0.4829,0.171
169.0,43,3,-13.43,-113.08,11.16,50.0,0.0045,-0.1206
169.0,44,3,-31.02,-115.36,183.53,50.0,0.0,-0.3865
169.0,45,3,-36.72,-121.43,659.13,50.0,0.0,-0.3866
169.0,46,3,-18.48,-112.49,17.88,50.0,0.0008,-0.1633
169.0,48,1,-21.74,-140.34,42.43,50.0,0.0002,-0.2057
169.0,49,1,-22.01,-120.06,45.15,50.0,0.0002,-0.2125
169.0,5,3,-24.03,-114.77,43.16,50.0,0.0001,-0.2427
169.0,50,3,-22.47,-119.12,32.57,50.0,0.0002,-0.2135
169.0,51,3,-10.28,-96.41,9.59,50.0,0.0134,-0.1044
169.0,52,1,-25.31,-134.2,95.28,50.0,0.0,-0.3295
169.0,53,3,-17.54,-104.76,15.99,50.0,0.0011,-0.1581
169.0,54,1,-14.88,-130.54,9.6,50.0,0.0027,-0.1038
169.0,55,1,-28.74,-119.61,208.67,50.0,0.0,-0.3561
169.0,56,3,-29.25,-114.57,124.85,50.0,0.0,-0.3827
169.0,6,3,-14.53,-98.63,12.04,50.0,0.0031,-0.1374
169.0,7,3,-10.9,-105.76,9.81,50.0,0.0108,-0.1032
169.0,8,1,-7.63,-120.35,2.68,50.0,0.0332,-0.0375
170.0,0,3,-30.62,-110.09,167.99,50.0,0.0,-0.3865
170.0,1,3,-44.25,-61.22,1394.41,50.0,0.0,-0.4214
170.0,10,3,-44.51,-132.96,1394.41,50.0,0.0,-0.3866
170.0,11,3,-19.11,-103.77,19.4,50.0,0.0006,-0.1741
170.0,13,3,-38.52,-116.19,993.32,50.0,0.0,-0.3866
170.0,14,3,-6.72,-58.13,8.76,50.0,0.0451,-0.0923
170.0,15,3,-18.34,-107.38,17.56,50.0,0.0008,-0.1638
170.0,16,3,-47.67,-58.41,1394.41,50.0,0.0,-0.4234
170.0,19,3,-0.93,-60.42,8.28,50.0,0.2638,0.0503
170.0,2,1,-24.35,-101.34,76.73,50.0,0.0001,-0.2946
170.0,20,3,-7.9,-105.77,8.96,50.0,0.0303,-0.0734
170.0,21,3,-17.48,-108.35,15.86,50.0,0.0011,-0.155
170.0,22,3,-14.74,-93.61,12.24,50.0,0.0028,-0.1426
170.0,23,1,-38.23,-123.57,1847.78,50.0,0.0,-0.3634
170.0,26,3,0.88,-60.89,8.21,50.0,0.4029,0.1265
170.0,28,3,-32.7,-123.17,266.36,50.0,0.0,-0.3866
170.0,29,3,-5.02,-105.91,8.55,50.0,0.0789,-0.0304
170.0,3,3,3.03,-97.0,8.17,50.0,0.5891,0.2545
170.0,30,3,-20.3,-107.73,22.96,50.0,0.0004,-0.1847
170.0,31,3,-10.19,-101.35,9.56,50.0,0.0138,-0.1001
170.0,32,3,-14.13,-105.57,11.69,50.0,0.0035,-0.1293
170.0,33,3,-15.62,-126.41,13.17,50.0,0.0021,-0.138
170.0,34,3,-12.13,-109.83,10.37,50.0,0.0071,-0.1105
170.0,35,3,-30.54,-101.8,165.24,50.0,0.0,-0.3924
170.0,36,3,-22.28,-101.08,31.56,50.0,0.0002,-0.2169
170.0,37,1,-14.51,-113.09,9.06,50.0,0.0031,-0.1015
170.0,38,3,-6.45,-89.85,8.72,50.0,0.0493,-0.0658
170.0,39,1,-10.62,-98.17,4.41,50.0,0.0119,-0.076
170.0,4,1,-35.59,-123.97,1004.72,50.0,0.0,-0.3634
170.0,40,3,-10.98,-102.78,9.85,50.0,0.0105,-0.106
170.0,43,3,-14.89,-103.25,12.38,50.0,0.0027,-0.1369
170.0,44,3,-37.04,-114.39,709.49,50.0,0.0,-0.3866
170.0,45,1,-40.08,-118.32,2773.81,50.0,0.0,-0.3634
170.0,46,1,-14.23,-113.49,8.56,50.0,0.0034,-0.0989
170.0,48,1,-41.21,-135.49,2773.81,50.0,0.0,-0.3634
170.0,49,3,-18.03,-100.3,16.91,50.0,0.0009,-0.1658
170.0,5,1,-22.72,-134.46,53.1,50.0,0.0002,-0.2329
170.0,50,1,-25.99,-132.64,111.32,50.0,0.0,-0.3432
170.0,51,1,-21.46,-103.25,40.02,50.0,0.0003,-0.2051
170.0,52,3,-33.25,-121.8,301.0,50.0,0.0,-0.3866
170.0,53,3,-14.66,-97.94,12.16,50.0,0.0029,-0.1389
170.0,54,3,-17.87,-108.7,16.59,50.0,0.001,-0.1583
170.0,55,3,-33.51,-111.12,319.27,50.0,0.0,-0.3866
170.0,56,3,-21.6,-114.2,28.15,50.0,0.0003,-0.2002
170.0,6,3,-20.64,-90.11,24.18,50.0,0.0004,-0.2015
170.0,7,3,-15.73,-97.0,13.29,50.0,0.002,-0.1481
170.0,8,1,-8.6,-111.76,3.22,50.0,0.0239,-0.0489
170.0,9,3,-1.76,-62.21,8.31,50.0,0.2116,0.0221
171.0,0,3,-22.75,-105.35,32.73,50.0,0.0002,-0.2151
171.0,1,3,-58.88,-59.73,1392.91,50.0,0.0,-0.4189
171.0,10,3,-39.17,-128.36,1152.08,50.0,0.0,-0.383
171.0,11,3,-21.69,-108.9,27.06,50.0,0.0003,-0.1957
171.0,13,1,-29.25,-122.85,235.12,50.0,0.0,-0.3631
171.0,15,1,-19.22,-123.9,25.06,50.0,0.0006,-0.1624
171.0,16,3,-44.11,-61.84,1392.91,50.0,0.0,-0.4174
171.0,19,3,2.5,-62.94,6.68,50.0,0.544,0.2114
171.0,2,1,-5.16,-108.92,2.77,50.0,0.0754,-0.0112
171.0,20,3,-11.66,-90.24,8.65,50.0,0.0083,-0.1141
171.0,21,3,-24.2,-115.16,43.06,50.0,0.0001,-0.2398
171.0,22,3,3.03,-103.05,6.67,50.0,0.5891,0.2653
171.0,23,3,-31.26,-120.62,191.84,50.0,0.0,-0.383
171.0,26,3,-4.23,-55.17,6.98,50.0,0.1015,-0.0441
171.0,28,3,-34.03,-125.04,357.12,50.0,0.0,-0.383
171.0,29,3,-10.17,-103.11,8.06,50.0,0.0139,-0.0921
171.0,3,3,-1.53,-102.22,6.81,50.0,0.2255,0.0652
171.0,30,3,-20.04,-98.71,20.6,50.0,0.0004,-0.1815
171.0,31,3,-10.25,-107.0,8.08,50.0,0.0136,-0.09
171.0,32,3,-19.0,-105.66,17.62,50.0,0.0006,-0.1651
171.0,33,3,-18.8,-120.41,17.13,50.0,0.0007,-0.1599
171.0,34,1,-8.37,-118.67,3.77,50.0,0.0258,-0.0514
171.0,35,3,-17.65,-113.49,14.68,50.0,0.001,-0.1488
171.0,36,3,-18.14,-106.2,15.65,50.0,0.0009,-0.1561
171.0,37,3,-19.78,-102.48,19.79,50.0,0.0005,-0.1758
171.0,38,3,-5.09,-112.23,7.06,50.0,0.0771,-0.0223
171.0,39,3,-7.09,-112.93,7.33,50.0,0.0399,-0.0537
171.0,4,1,-21.3,-122.76,39.25,50.0,0.0003,-0.2015
171.0,40,3,-8.41,-105.03,7.58,50.0,0.0255,-0.0732
171.0,43,3,-8.07,-101.48,7.51,50.0,0.0286,-0.072
171.0,44,1,-34.42,-114.34,769.45,50.0,0.0,-0.3669
171.0,45,3,-31.22,-117.91,190.15,50.0,0.0,-0.383
171.0,46,1,-13.41,-117.35,7.95,50.0,0.0045,-0.0964
171.0,48,3,-26.13,-123.25,63.54,50.0,0.0,-0.2906
171.0,49,1,-24.05,-110.66,72.32,50.0,0.0001,-0.2816
171.0,5,3,-21.77,-111.88,27.44,50.0,0.0002,-0.1961
171.0,50,1,-38.98,-136.18,2191.75,50.0,0.0,-0.3669
171.0,51,1,-2.48,-106.59,2.35,50.0,0.1726,0.0433
171.0,52,1,-38.41,-126.75,1923.22,50.0,0.0,-0.3669
171.0,53,3,-19.69,-107.56,19.52,50.0,0.0005,-0.1712
171.0,54,3,-18.69,-105.73,16.86,50.0,0.0007,-0.1619
171.0,55,1,-26.53,-130.17,126.65,50.0,0.0,-0.3495
171.0,56,3,-13.91,-116.37,10.03,50.0,0.0038,-0.1179
171.0,7,1,-16.75,-121.38,14.98,50.0,0.0014,-0.1293
171.0,8,3,-15.22,-95.42,11.23,50.0,0.0024,-0.1386
172.0,0,3,-20.88,-109.6,24.81,50.0,0.0003,-0.1894
172.0,1,3,-14.22,-114.6,11.5,50.0,0.0034,-0.1256
172.0,10,3,-44.96,-131.54,1394.13,50.0,0.0,-0.3859
172.0,11,3,-22.42,-106.32,32.05,50.0,0.0002,-0.2142
172.0,13,3,-30.79,-117.99,174.03,50.0,0.0,-0.3859
172.0,14,3,-1.26,-59.83,8.01,50.0,0.2423,0.0391
172.0,15,3,-9.43,-121.04,9.04,50.0,0.018,-0.0855
172.0,16,1,2.52,-64.4,1.45,50.0,0.5458,0.1985
172.0,18,3,4.26,-46.61,7.87,50.0,0.688,0.2776
172.0,19,1,-0.45,-65.9,1.61,50.0,0.2982,0.0812
172.0,2,3,-17.18,-103.89,15.08,50.0,0.0012,-0.1543
172.0,20,3,-11.38,-109.87,9.73,50.0,0.0092,-0.1031
172.0,21,3,-12.21,-107.49,10.14,50.0,0.0069,-0.1116
172.0,22,3,-16.52,-108.04,14.05,50.0,0.0015,-0.1456
172.0,23,1,-33.91,-129.46,683.98,50.0,0.0,-0.364
172.0,25,3,4.42,-46.62,7.87,50.0,0.6999,0.2849
172.0,26,1,-5.13,-61.8,2.22,50.0,0.0761,-0.0404
172.0,27,3,-1.16,-64.0,8.01,50.0,0.2484,0.0455
172.0,28,3,-33.05,-121.6,287.59,50.0,0.0,-0.3859
172.0,29,3,-24.98,-103.72,51.5,50.0,0.0001,-0.268
172.0,3,3,-10.97,-107.18,9.56,50.0,0.0105,-0.1016
172.0,30,3,-21.5,-109.12,27.4,50.0,0.0003,-0.1982
172.0,31,3,-11.71,-97.38,9.89,50.0,0.0082,-0.1148
172.0,32,1,-9.37,-137.48,3.71,50.0,0.0184,-0.0571
172.0,33,3,-18.59,-107.31,17.85,50.0,0.0007,-0.1651
172.0,34,3,-8.7,-102.33,8.86,50.0,0.0231,-0.0836
172.0,35,3,-10.78,-102.9,9.49,50.0,0.0113,-0.103
172.0,36,3,-20.26,-104.74,22.55,50.0,0.0004,-0.1852
172.0,37,1,-10.94,-132.69,4.76,50.0,0.0107,-0.0712
172.0,38,3,-4.34,-99.0,8.2,50.0,0.0979,-0.0205
172.0,39,1,-7.18,-119.81,2.76,50.0,0.0387,-0.0343
172.0,4,3,-18.58,-105.13,17.83,50.0,0.0007,-0.1666
172.0,40,3,-12.7,-106.47,10.41,50.0,0.0058,-0.1162
172.0,41,3,1.11,-61.57,7.93,50.0,0.4228,0.1389
172.0,43,3,-7.87,-102.41,8.68,50.0,0.0306,-0.0743
172.0,44,3,-35.39,-111.77,487.51,50.0,0.0,-0.3859
172.0,45,1,-23.29,-128.12,60.42,50.0,0.0001,-0.2511
172.0,46,3,-29.64,-105.51,135.41,50.0,0.0,-0.3873
172.0,48,3,-23.16,-127.33,36.54,50.0,0.0001,-0.2244
172.0,49,1,-20.38,-115.52,31.57,50.0,0.0004,-0.1786
172.0,5,3,-17.85,-105.41,16.27,50.0,0.001,-0.1593
172.0,50,3,-34.93,-113.73,439.1,50.0,0.0,-0.3859
172.0,51,3,-21.04,-107.74,25.44,50.0,0.0003,-0.1929
172.0,52,3,-27.3,-119.73,82.3,50.0,0.0,-0.3369
172.0,53,3,-11.26,-114.91,9.68,50.0,0.0096,-0.102
172.0,54,3,-14.19,-114.4,11.47,50.0,0.0034,-0.1254
172.0,55,1,-24.08,-118.09,72.24,50.0,0.0001,-0.2787
172.0,56,1,-26.25,-121.06,118.3,50.0,0.0,-0.3452
172.0,57,3,-31.57,-112.64,206.61,50.0,0.0,-0.3859
172.0,6,1,-3.01,-62.86,1.87,50.0,0.1476,0.0027
172.0,7,1,2.6,-123.99,1.45,50.0,0.552,0.2341
172.0,8,1,-5.38,-115.8,2.27,50.0,0.0703,-0.0099
172.0,9,3,-0.58,-62.92,7.98,50.0,0.2881,0.0668
173.0,0,3,-18.12,-108.76,15.39,50.0,0.0009,-0.1531
173.0,1,3,-46.9,-54.81,1392.69,50.0,0.0,-0.4219
173.0,10,1,-46.66,-137.3,2774.58,50.0,0.0,-0.3675
173.0,11,3,-23.35,-101.07,36.41,50.0,0.0001,-0.228
173.0,13,3,-28.69,-124.07,108.89,50.0,0.0,-0.3758
173.0,14,1,-0.81,-64.03,2.31,50.0,0.2724,0.0625
173.0,15,3,-15.13,-109.95,10.9,50.0,0.0025,-0.1264
173.0,16,3,-52.23,-48.29,1392.69,50.0,0.0,-0.4265
173.0,17,3,-6.11,-47.19,6.95,50.0,0.0553,-0.0834
173.0,19,3,2.57,-67.29,6.45,50.0,0.5497,0.2187
173.0,2,1,-14.71,-110.59,10.18,50.0,0.0029,-0.109
173.0,21,3,-8.76,-110.8,7.43,50.0,0.0226,-0.0724
173.0,22,3,-20.28,-107.68,21.17,50.0,0.0004,-0.1769
173.0,23,3,-39.91,-123.39,1365.32,50.0,0.0,-0.3824
173.0,28,3,-37.1,-119.17,717.67,50.0,0.0,-0.3824
173.0,29,3,-5.32,-107.53,6.86,50.0,0.0716,-0.0272
173.0,3,3,-7.9,-106.25,7.24,50.0,0.0303,-0.0655
173.0,30,3,-13.75,-99.73,9.67,50.0,0.004,-0.1229
173.0,31,1,-16.26,-95.87,13.69,50.0,0.0017,-0.1347
173.0,32,3,-16.92,-101.87,13.21,50.0,0.0013,-0.1471
173.0,33,3,-18.2,-112.23,15.55,50.0,0.0008,-0.153
173.0,34,1,-27.74,-122.43,166.68,50.0,0.0,-0.3562
173.0,35,3,-14.5,-114.44,10.29,50.0,0.0031,-0.1214
173.0,36,3,-12.81,-123.08,9.04,50.0,0.0056,-0.1082
173.0,37,3,-22.04,-115.63,28.59,50.0,0.0002,-0.1992
173.0,38,3,-15.36,-92.71,11.15,50.0,0.0023,-0.1406
173.0,39,1,-5.45,-119.71,2.95,50.0,0.0686,-0.0158
173.0,4,1,-14.42,-117.26,9.66,50.0,0.0032,-0.1063
173.0,40,3,-30.75,-96.98,171.12,50.0,0.0,-0.3917
173.0,41,3,2.16,-53.77,6.46,50.0,0.5143,0.1895
173.0,43,1,3.96,-117.32,2.07,50.0,0.6655,0.2852
173.0,44,1,-34.81,-118.27,841.37,50.0,0.0,-0.3675
173.0,45,1,-22.27,-123.24,48.7,50.0,0.0002,-0.226
173.0,46,3,-18.61,-119.34,16.46,50.0,0.0007,-0.157
173.0,47,1,-18.3,-99.15,20.73,50.0,0.0008,-0.1573
173.0,48,1,-38.45,-139.98,1942.53,50.0,0.0,-0.3675
173.0,49,1,-10.52,-108.52,5.11,50.0,0.0123,-0.0734
173.0,5,3,-25.8,-114.23,59.16,50.0,0.0001,-0.2795
173.0,50,3,-31.64,-116.79,208.46,50.0,0.0,-0.3824
173.0,51,3,0.45,-121.89,6.51,50.0,0.3679,0.1502
173.0,52,3,-36.32,-114.27,600.73,50.0,0.0,-0.3824
173.0,53,3,-9.14,-105.74,7.53,50.0,0.0199,-0.0793
173.0,54,1,-16.18,-125.59,13.49,50.0,0.0017,-0.1238
173.0,55,1,-18.88,-119.97,23.39,50.0,0.0007,-0.1579
173.0,56,3,-24.33,-117.4,43.94,50.0,0.0001,-0.2416
173.0,57,3,-20.65,-111.87,22.5,50.0,0.0004,-0.1798
173.0,6,3,-37.51,-65.78,787.83,50.0,0.0,-0.414
173.0,7,1,-5.41,-127.43,2.94,50.0,0.0696,-0.0152
174.0,0,3,-18.57,-109.83,18.59,50.0,0.0007,-0.1664
174.0,1,3,-46.43,-51.8,1394.9,50.0,0.0,-0.4293
174.0,10,3,-51.86,-130.59,1394.91,50.0,0.0,-0.3877
174.0,11,3,-16.49,-107.23,14.78,50.0,0.0015,-0.1492
174.0,13,3,-26.49,-120.48,70.35,50.0,0.0,-0.3107
174.0,15,3,-21.26,-109.13,27.12,50.0,0.0003,-0.1981
174.0,16,3,-60.0,-50.25,1394.9,50.0,0.0,-0.4304
174.0,18,1,-3.56,-48.07,1.66,50.0,0.1251,-0.0181
174.0,19,3,-0.83,-64.39,8.77,50.0,0.2711,0.0551
174.0,2,3,-11.36,-117.41,10.5,50.0,0.0092,-0.1062
174.0,21,3,-16.61,-114.22,14.95,50.0,0.0015,-0.1483
174.0,22,3,-20.83,-106.09,25.41,50.0,0.0003,-0.1946
174.0,23,3,-19.78,-123.82,21.79,50.0,0.0005,-0.1791
174.0,25,1,-3.47,-46.73,1.65,50.0,0.1284,-0.0171
174.0,27,1,-4.41,-62.3,1.8,50.0,0.0958,-0.0251
174.0,28,3,-45.39,-120.84,1394.9,50.0,0.0,-0.3877
174.0,3,3,-24.55,-106.72,48.1,50.0,0.0001,-0.2587
174.0,30,3,-23.39,-109.34,38.86,50.0,0.0001,-0.2324
174.0,31,3,-13.83,-108.56,11.95,50.0,0.0039,-0.1269
174.0,32,3,-12.88,-111.96,11.29,50.0,0.0055,-0.1184
174.0,33,3,-23.04,-117.59,36.49,50.0,0.0002,-0.2254
174.0,34,3,-16.88,-97.03,15.36,50.0,0.0013,-0.1599
174.0,35,3,-19.11,-101.62,19.89,50.0,0.0006,-0.1777
174.0,36,3,-13.18,-119.01,11.49,50.0,0.0049,-0.1208
174.0,37,3,-14.6,-110.47,12.6,50.0,0.003,-0.1319
174.0,39,3,-16.64,-112.21,15.0,50.0,0.0015,-0.1485
174.0,4,3,-21.33,-114.94,27.44,50.0,0.0003,-0.1985
174.0,40,3,-17.11,-101.47,15.73,50.0,0.0012,-0.1587
174.0,44,3,-26.25,-114.33,67.06,50.0,0.0,-0.3029
174.0,45,3,-35.09,-113.16,456.44,50.0,0.0,-0.3877
174.0,46,1,-15.8,-127.36,11.59,50.0,0.002,-0.1127
174.0,47,3,-1.97,-103.69,8.82,50.0,0.1992,0.0426
174.0,48,1,-30.76,-131.69,331.48,50.0,0.0,-0.3623
174.0,49,3,-11.0,-105.62,10.35,50.0,0.0105,-0.1062
174.0,5,1,-18.69,-130.83,21.56,50.0,0.0007,-0.148
174.0,50,3,-35.64,-120.08,516.92,50.0,0.0,-0.3877
174.0,51,1,3.88,-122.2,1.13,50.0,0.6588,0.2889
174.0,52,3,-33.87,-118.02,346.27,50.0,0.0,-0.3877
174.0,53,3,-14.0,-104.78,12.09,50.0,0.0037,-0.1309
174.0,54,1,-19.01,-125.65,23.1,50.0,0.0006,-0.1528
174.0,55,3,-30.39,-111.01,160.21,50.0,0.0,-0.3876
174.0,56,3,-22.41,-114.12,32.77,50.0,0.0002,-0.2147
174.0,57,3,-23.28,-111.48,38.12,50.0,0.0001,-0.2299
174.0,6,3,-54.11,-63.07,1394.9,50.0,0.0,-0.4212
174.0,7,3,-17.15,-97.97,15.8,50.0,0.0012,-0.1616
175.0,0,3,-14.29,-107.09,10.57,50.0,0.0033,-0.1239
175.0,1,3,-54.92,-46.35,1393.15,50.0,0.0,-0.4291
175.0,10,3,-40.87,-130.2,1393.15,50.0,0.0,-0.3836
175.0,11,1,-11.6,-123.27,5.29,50.0,0.0085,-0.0765
175.0,13,3,-37.89,-114.02,858.87,50.0,0.0,-0.3836
175.0,15,2,-25.64,-150.0,101.71,50.0,0.0,-0.3298
175.0,16,3,-60.0,-40.48,1393.15,50.0,0.0,-0.4332
175.0,17,3,-1.25,-52.19,7.03,50.0,0.2426,0.0381
175.0,18,1,-7.29,-40.88,2.76,50.0,0.0373,-0.0847
175.0,19,3,-1.58,-58.87,7.05,50.0,0.2222,0.0313
175.0,2,1,-13.57,-111.72,7.59,50.0,0.0043,-0.0935
175.0,21,3,-14.16,-114.84,10.47,50.0,0.0035,-0.1209
175.0,22,3,-20.63,-110.51,22.88,50.0,0.0004,-0.1816
175.0,23,1,-28.92,-121.39,217.59,50.0,0.0,-0.3583
175.0,25,1,2.17,-47.09,1.43,50.0,0.515,0.1717
175.0,26,3,2.61,-62.64,6.92,50.0,0.5528,0.2151
175.0,27,3,-10.87,-51.69,8.54,50.0,0.011,-0.136
175.0,28,3,-44.63,-121.07,1393.15,50.0,0.0,-0.3836
175.0,3,3,-11.4,-114.54,8.77,50.0,0.0091,-0.0989
175.0,30,3,-15.02,-108.7,11.26,50.0,0.0026,-0.1286
175.0,31,3,-10.04,-111.12,8.25,50.0,0.0146,-0.087
175.0,32,3,-15.21,-106.4,11.45,50.0,0.0024,-0.1317
175.0,33,3,-13.54,-121.83,9.98,50.0,0.0043,-0.116
175.0,34,3,-18.24,-118.52,16.1,50.0,0.0008,-0.1554
175.0,35,1,-16.93,-114.9,14.96,50.0,0.0013,-0.127
175.0,36,3,-15.14,-108.71,11.38,50.0,0.0025,-0.1295
175.0,37,1,-11.54,-109.6,5.23,50.0,0.0087,-0.0763
175.0,4,1,-15.75,-119.11,11.69,50.0,0.002,-0.1141
175.0,40,3,-14.96,-106.45,11.19,50.0,0.0026,-0.1297
175.0,41,3,-0.47,-56.13,7.0,50.0,0.2964,0.0708
175.0,44,3,-35.43,-114.48,491.28,50.0,0.0,-0.3836
175.0,45,3,-19.3,-125.83,18.64,50.0,0.0006,-0.1662
175.0,46,5,-42.26,-150.0,277.28,50.0,0.0,-0.3508
175.0,47,1,-2.67,-105.35,1.78,50.0,0.1633,0.0418
175.0,48,1,-34.49,-125.91,781.34,50.0,0.0,-0.3638
175.0,49,1,-9.05,-117.97,3.51,50.0,0.0205,-0.0538
175.0,5,3,-19.84,-109.32,20.23,50.0,0.0005,-0.1727
175.0,50,1,-27.84,-129.9,169.96,50.0,0.0,-0.3529
175.0,52,3,-39.41,-118.09,1216.82,50.0,0.0,-0.3836
175.0,53,3,-4.51,-96.15,7.24,50.0,0.093,-0.0217
175.0,54,3,-4.18,-114.3,7.21,50.0,0.1032,-0.0048
175.0,55,3,-32.43,-116.39,249.19,50.0,0.0,-0.3835
175.0,56,1,-22.6,-117.03,51.7,50.0,0.0002,-0.2299
175.0,57,3,-22.52,-111.86,31.61,50.0,0.0002,-0.2089
175.0,6,3,-60.0,-54.82,1393.15,50.0,0.0,-0.423
175.0,7,3,-9.84,-97.57,8.19,50.0,0.0156,-0.0941
176.0,0,3,-28.31,-106.42,99.69,50.0,0.0,-0.3744
176.0,1,3,-60.0,-43.76,1392.14,50.0,0.0,-0.4284
176.0,10,3,-45.93,-132.45,1392.15,50.0,0.0,-0.381
176.0,11,1,-19.72,-114.53,27.92,50.0,0.0005,-0.1711
176.0,13,1,-38.13,-120.45,1803.91,50.0,0.0,-0.3672
176.0,14,3,-0.44,-58.42,5.99,50.0,0.2984,0.0781
176.0,15,1,-24.27,-115.73,76.0,50.0,0.0001,-0.2904
176.0,16,3,-58.57,-46.4,1392.14,50.0,0.0,-0.4265
176.0,17,3,1.09,-55.37,5.95,50.0,0.4213,0.1425
176.0,19,1,2.59,-63.78,2.05,50.0,0.5514,0.1964
176.0,2,3,-17.59,-113.72,13.81,50.0,0.0011,-0.1447
176.0,20,6,-0.28,-150.0,0.02,50.0,0.3105,0.7064
176.0,21,3,-12.49,-104.27,8.31,50.0,0.0062,-0.1073
176.0,22,3,-22.72,-105.78,31.79,50.0,0.0002,-0.2107
176.0,23,3,-34.2,-122.95,370.32,50.0,0.0,-0.381
176.0,26,1,1.21,-61.06,2.11,50.0,0.431,0.1369
176.0,27,3,-1.63,-50.73,6.04,50.0,0.2194,0.0285
176.0,28,3,-31.24,-118.94,190.28,50.0,0.0,-0.381
176.0,3,3,-12.59,-112.0,8.37,50.0,0.006,-0.104
176.0,30,3,-17.22,-106.51,13.16,50.0,0.0012,-0.1439
176.0,32,3,-0.9,-101.49,6.01,50.0,0.2662,0.091
176.0,33,3,-14.56,-116.57,9.81,50.0,0.003,-0.1194
176.0,34,1,-19.48,-112.94,26.51,50.0,0.0005,-0.167
176.0,35,1,-18.43,-115.53,21.24,50.0,0.0008,-0.151
176.0,36,3,-8.32,-116.18,6.79,50.0,0.0263,-0.0651
176.0,37,3,-22.38,-107.85,29.82,50.0,0.0002,-0.2036
176.0,4,1,-16.97,-118.69,15.73,50.0,0.0013,-0.1322
176.0,40,3,-20.04,-117.71,19.83,50.0,0.0004,-0.1699
176.0,44,1,-17.62,-122.43,17.94,50.0,0.001,-0.1401
176.0,45,3,-29.73,-120.07,136.17,50.0,0.0,-0.3796
176.0,46,3,-16.89,-106.22,12.63,50.0,0.0013,-0.1413
176.0,47,3,-7.64,-100.44,6.65,50.0,0.0331,-0.064
176.0,48,3,-36.94,-122.33,691.81,50.0,0.0,-0.381
176.0,49,1,0.85,-112.17,2.13,50.0,0.4004,0.1573
176.0,5,1,-25.84,-124.4,108.31,50.0,0.0,-0.3463
176.0,50,3,-24.93,-118.57,48.97,50.0,0.0001,-0.2533
176.0,52,2,-30.65,-150.0,322.31,50.0,0.0,-0.3508
176.0,53,3,-18.99,-110.57,16.84,50.0,0.0006,-0.1584
176.0,54,3,-20.67,-107.76,22.03,50.0,0.0004,-0.1792
176.0,55,1,-13.91,-115.14,8.75,50.0,0.0038,-0.1012
176.0,56,3,-23.43,-113.03,36.39,50.0,0.0001,-0.2206
176.0,57,3,-25.86,-120.06,59.26,50.0,0.0,-0.2786
176.0,58,1,-14.39,-137.29,9.53,50.0,0.0032,-0.1056
176.0,6,3,-51.49,-54.49,1392.14,50.0,0.0,-0.4207
176.0,7,3,-2.82,-102.6,6.11,50.0,0.156,0.0283
176.0,9,3,3.01,-60.37,5.91,50.0,0.5872,0.2373
177.0,0,3,-21.75,-102.75,31.07,50.0,0.0002,-0.2168
177.0,1,6,-26.94,-150.0,3.43,50.0,0.0,-0.1389
177.0,10,3,-46.16,-130.01,1396.65,50.0,0.0,-0.3914
177.0,11,3,-13.89,-100.33,13.74,50.0,0.0038,-0.1404
177.0,13,1,-30.94,-124.95,344.4,50.0,0.0,-0.3577
177.0,14,3,-4.48,-59.19,10.73,50.0,0.0939,-0.0623
177.0,15,3,-18.69,-113.96,20.6,50.0,0.0007,-0.1746
177.0,16,3,-60.0,-52.22,1396.64,50.0,0.0,-0.4327
177.0,2,3,-26.66,-107.03,74.65,50.0,0.0,-0.3259
177.0,20,3,2.72,-59.61,10.41,50.0,0.5629,0.2037
177.0,21,3,-25.16,-114.52,55.83,50.0,0.0001,-0.2786
177.0,22,3,-25.42,-97.3,58.67,50.0,0.0001,-0.2946
177.0,23,1,-33.01,-139.84,555.01,50.0,0.0,-0.3577
177.0,24,3,-20.71,-95.59,26.68,50.0,0.0004,-0.2077
177.0,26,3,1.93,-58.47,10.42,50.0,0.4941,0.1649
177.0,28,3,-26.46,-123.05,71.74,50.0,0.0,-0.317
177.0,3,3,-14.19,-100.68,13.98,50.0,0.0034,-0.1425
177.0,30,3,-20.94,-112.15,27.55,50.0,0.0003,-0.2004
177.0,31,3,-10.69,-97.61,11.97,50.0,0.0116,-0.1165
177.0,32,3,-0.43,-102.39,10.49,50.0,0.2991,0.0905
177.0,33,3,-29.32,-110.9,128.98,50.0,0.0,-0.3879
177.0,34,3,-16.46,-112.56,16.47,50.0,0.0016,-0.1541
177.0,35,1,-13.71,-115.49,7.01,50.0,0.0041,-0.0871
177.0,36,3,-24.17,-97.49,46.56,50.0,0.0001,-0.2639
177.0,37,3,-18.15,-107.63,19.4,50.0,0.0009,-0.171
177.0,4,3,-27.61,-110.79,90.31,50.0,0.0,-0.3599
177.0,40,3,-32.01,-103.2,230.71,50.0,0.0,-0.3962
177.0,44,3,-29.22,-114.3,126.31,50.0,0.0,-0.3874
177.0,45,3,-18.71,-121.22,20.64,50.0,0.0007,-0.1748
177.0,46,3,-12.2,-107.2,12.65,50.0,0.0069,-0.1222
177.0,47,3,-18.94,-97.82,21.21,50.0,0.0007,-0.1859
177.0,48,3,-34.43,-124.05,394.52,50.0,0.0,-0.3914
177.0,49,3,-9.69,-97.72,11.63,50.0,0.0164,-0.1073
177.0,5,1,-22.85,-125.28,53.96,50.0,0.0002,-0.2296
177.0,50,3,-23.83,-113.42,43.82,50.0,0.0001,-0.2478
177.0,52,3,-37.74,-118.82,833.93,50.0,0.0,-0.3914
177.0,53,3,-7.0,-93.83,11.04,50.0,0.041,-0.0799
177.0,54,3,-15.25,-106.15,14.99,50.0,0.0024,-0.147
177.0,55,1,-37.64,-128.95,1611.67,50.0,0.0,-0.3577
177.0,56,3,-22.84,-109.58,36.98,50.0,0.0002,-0.2293
177.0,57,3,-26.29,-110.58,69.41,50.0,0.0,-0.3115
177.0,58,3,-6.54,-96.16,10.97,50.0,0.0479,-0.0718
177.0,6,3,-60.0,-46.61,1396.64,50.0,0.0,-0.4367
177.0,7,3,-25.16,-99.15,55.81,50.0,0.0001,-0.2863
177.0,8,3,-2.68,-54.55,10.59,50.0,0.1628,-0.0212
177.0,9,3,-0.42,-59.47,10.49,50.0,0.2997,0.0602
178.0,0,3,-19.22,-111.24,18.56,50.0,0.0006,-0.1659
178.0,1,3,-60.0,-44.29,1393.26,50.0,0.0,-0.4308
178.0,10,3,-37.77,-131.22,836.98,50.0,0.0,-0.3839
178.0,11,3,-8.61,-110.34,7.97,50.0,0.0238,-0.0734
178.0,13,3,-34.63,-120.31,409.82,50.0,0.0,-0.3839
178.0,14,3,-0.6,-59.99,7.12,50.0,0.2871,0.0679
178.0,15,3,-14.96,-113.59,11.31,50.0,0.0026,-0.1277
178.0,16,3,-60.0,-43.18,1393.26,50.0,0.0,-0.4316
178.0,18,1,-9.29,-53.5,4.05,50.0,0.0188,-0.0996
178.0,2,1,-10.26,-107.82,4.64,50.0,0.0135,-0.0696
178.0,21,3,-15.71,-102.32,12.13,50.0,0.002,-0.1392
178.0,22,3,-31.25,-102.41,191.78,50.0,0.0,-0.3893
178.0,23,3,-29.72,-119.2,136.81,50.0,0.0,-0.3824
178.0,24,1,-5.53,-118.78,2.68,50.0,0.0668,-0.0151
178.0,25,1,1.11,-58.28,1.89,50.0,0.4229,0.1326
178.0,28,1,-38.64,-124.58,2027.23,50.0,0.0,-0.3661
178.0,3,3,-13.54,-99.95,10.09,50.0,0.0043,-0.1237
178.0,30,3,-21.48,-102.63,26.45,50.0,0.0003,-0.1987
178.0,31,3,-14.57,-119.26,10.93,50.0,0.003,-0.1246
178.0,32,3,-8.64,-104.52,7.98,50.0,0.0235,-0.0777
178.0,33,1,-9.15,-116.88,3.98,50.0,0.0198,-0.0579
178.0,34,3,-26.01,-113.03,62.23,50.0,0.0,-0.2882
178.0,35,1,-21.2,-110.17,38.23,50.0,0.0003,-0.1981
178.0,36,3,-12.99,-106.95,9.73,50.0,0.0052,-0.1144
178.0,37,3,-16.83,-109.74,13.65,50.0,0.0014,-0.1433
178.0,4,1,-5.71,-117.24,2.72,50.0,0.0631,-0.0177
178.0,40,3,-16.71,-102.01,13.47,50.0,0.0014,-0.1478
178.0,41,1,-3.29,-66.23,2.28,50.0,0.1358,-0.0042
178.0,42,3,0.27,-68.07,7.09,50.0,0.3535,0.1098
178.0,43,3,4.07,-67.13,7.0,50.0,0.6736,0.2873
178.0,44,1,-26.45,-119.9,124.17,50.0,0.0,-0.3483
178.0,45,1,-28.49,-118.33,197.45,50.0,0.0,-0.3585
178.0,46,3,-25.46,-122.43,55.68,50.0,0.0001,-0.2723
178.0,47,1,2.7,-101.63,1.82,50.0,0.5611,0.2297
178.0,48,3,-21.17,-117.98,25.11,50.0,0.0003,-0.1892
178.0,49,1,-14.68,-110.41,9.84,50.0,0.0029,-0.1067
178.0,5,3,-29.62,-112.47,133.9,50.0,0.0,-0.3819
178.0,50,3,-24.38,-110.99,44.98,50.0,0.0001,-0.2454
178.0,52,3,-30.34,-121.41,156.74,50.0,0.0,-0.3838
178.0,53,3,-10.41,-99.79,8.49,50.0,0.0128,-0.0982
178.0,54,3,-10.07,-112.42,8.37,50.0,0.0144,-0.0878
178.0,55,3,-29.26,-110.65,123.82,50.0,0.0,-0.3801
178.0,56,3,-23.95,-118.39,41.38,50.0,0.0001,-0.236
178.0,57,1,-23.0,-126.16,57.03,50.0,0.0001,-0.2449
178.0,58,3,-2.3,-107.6,7.19,50.0,0.1815,0.0421
178.0,59,3,-30.42,-116.46,159.85,50.0,0.0,-0.3838
178.0,6,3,-47.95,-48.41,1393.26,50.0,0.0,-0.4279
178.0,7,3,-9.32,-101.19,8.15,50.0,0.0187,-0.087
178.0,9,3,-6.79,-58.23,7.62,50.0,0.0441,-0.0882
179.0,0,3,-30.48,-110.08,162.16,50.0,0.0,-0.3847
179.0,1,3,-60.0,-47.35,1393.61,50.0,0.0,-0.4295
179.0,10,3,-47.34,-130.76,1393.62,50.0,0.0,-0.3847
179.0,11,1,-10.67,-122.37,4.62,50.0,0.0117,-0.0693
179.0,13,3,-37.35,-117.46,761.28,50.0,0.0,-0.3847
179.0,14,3,-1.71,-61.19,7.51,50.0,0.2147,0.0266
179.0,15,1,-16.41,-116.28,13.51,50.0,0.0016,-0.1219
179.0,2,3,-19.73,-114.03,20.34,50.0,0.0005,-0.173
179.0,21,3,-12.08,-106.5,9.55,50.0,0.0072,-0.109
179.0,22,3,-18.1,-99.91,16.26,50.0,0.0009,-0.1633
179.0,23,1,-28.48,-134.72,196.92,50.0,0.0,-0.3567
179.0,24,1,-7.07,-122.19,2.79,50.0,0.0401,-0.0335
179.0,27,3,-4.66,-56.64,7.71,50.0,0.0887,-0.0551
179.0,28,3,-26.26,-121.57,65.94,50.0,0.0,-0.2977
179.0,3,3,-12.03,-110.63,9.52,50.0,0.0073,-0.1061
179.0,30,3,-6.53,-107.22,7.93,50.0,0.0481,-0.051
179.0,32,1,-11.03,-117.86,4.89,50.0,0.0104,-0.0724
179.0,33,3,-21.41,-106.25,26.5,50.0,0.0003,-0.1967
179.0,34,3,-22.08,-119.82,29.67,50.0,0.0002,-0.2039
179.0,35,1,-12.53,-120.35,6.35,50.0,0.0062,-0.0852
179.0,36,3,-27.64,-119.14,87.79,50.0,0.0,-0.3484
179.0,37,1,-12.64,-129.28,6.48,50.0,0.0059,-0.0862
179.0,4,5,-31.48,-150.0,38.98,50.0,0.0,-0.2285
179.0,40,3,-11.81,-106.28,9.41,50.0,0.0079,-0.107
179.0,41,3,3.62,-64.85,7.36,50.0,0.6382,0.2632
179.0,42,3,-5.9,-63.76,7.85,50.0,0.0593,-0.0724
179.0,43,3,-4.31,-60.36,7.68,50.0,0.0989,-0.0452
179.0,44,3,-26.8,-111.18,73.66,50.0,0.0,-0.3159
179.0,45,3,-27.48,-118.88,84.89,50.0,0.0,-0.3418
179.0,46,3,-13.29,-110.12,10.27,50.0,0.0047,-0.1161
179.0,48,3,-25.89,-119.44,61.12,50.0,0.0,-0.2862
179.0,5,1,-20.16,-128.08,30.17,50.0,0.0004,-0.175
179.0,50,1,-20.51,-125.26,32.53,50.0,0.0004,-0.1815
179.0,52,3,-28.65,-116.87,108.94,50.0,0.0,-0.3779
179.0,53,3,-6.65,-110.2,7.95,50.0,0.0462,-0.0508
179.0,54,1,-23.67,-123.66,65.98,50.0,0.0001,-0.2645
179.0,55,3,-24.94,-109.81,50.6,50.0,0.0001,-0.2605
179.0,56,3,-27.27,-113.18,81.23,50.0,0.0,-0.3334
179.0,57,3,-32.06,-114.87,230.07,50.0,0.0,-0.3847
179.0,58,1,-18.1,-118.88,19.27,50.0,0.0009,-0.1425
179.0,59,3,-29.27,-115.82,124.4,50.0,0.0,-0.381
179.0,6,3,-58.24,-50.22,1393.61,50.0,0.0,-0.4274
179.0,7,3,-5.82,-101.94,7.84,50.0,0.0608,-0.0439
179.0,9,3,-3.73,-59.73,7.64,50.0,0.1188,-0.0324
180.0,0,3,-24.22,-107.04,45.8,50.0,0.0001,-0.2535
180.0,1,3,-60.0,-42.01,1395.48,50.0,0.0,-0.4376
180.0,10,3,-51.6,-130.73,1395.49,50.0,0.0,-0.389
180.0,11,3,-9.82,-99.25,10.52,50.0,0.0157,-0.1027
180.0,13,3,-28.03,-119.86,97.26,50.0,0.0,-0.3735
180.0,15,1,-27.24,-113.85,147.81,50.0,0.0,-0.3471
180.0,16,3,-60.0,-37.35,1395.48,50.0,0.0,-0.439
180.0,2,3,-22.65,-116.58,34.69,50.0,0.0002,-0.2211
180.0,20,3,4.07,-55.7,9.23,50.0,0.6737,0.2696
180.0,21,3,-21.86,-112.33,30.45,50.0,0.0002,-0.2086
180.0,22,3,-23.65,-97.72,41.33,50.0,0.0001,-0.2483
180.0,23,1,-34.74,-120.85,827.45,50.0,0.0,-0.361
180.0,24,3,-17.06,-107.06,16.23,50.0,0.0013,-0.1567
180.0,27,3,-7.36,-62.9,9.94,50.0,0.0364,-0.102
180.0,28,3,-36.14,-120.85,578.62,50.0,0.0,-0.389
180.0,3,3,-21.86,-106.47,30.44,50.0,0.0002,-0.2111
180.0,30,3,-15.98,-111.99,14.68,50.0,0.0018,-0.1455
180.0,32,1,-13.4,-130.07,6.93,50.0,0.0045,-0.0883
180.0,33,3,-15.76,-111.74,14.41,50.0,0.002,-0.1437
180.0,34,3,-14.7,-106.86,13.28,50.0,0.0029,-0.1374
180.0,35,1,-16.41,-125.27,13.0,50.0,0.0016,-0.1175
180.0,36,3,-13.56,-113.52,12.33,50.0,0.0043,-0.1262
180.0,37,3,-19.89,-102.0,22.69,50.0,0.0005,-0.1885
180.0,4,3,-31.24,-113.97,193.45,50.0,0.0,-0.3889
180.0,40,3,-14.65,-99.33,13.23,50.0,0.0029,-0.1424
180.0,41,3,-1.86,-63.88,9.39,50.0,0.2054,0.0153
180.0,44,1,-41.13,-117.92,2773.46,50.0,0.0,-0.361
180.0,45,1,-28.3,-116.9,188.45,50.0,0.0,-0.3524
180.0,46,3,-23.69,-104.69,41.65,50.0,0.0001,-0.2441
180.0,48,3,-26.23,-127.9,67.35,50.0,0.0,-0.3046
180.0,5,3,-25.87,-110.94,62.76,50.0,0.0,-0.2936
180.0,50,1,-19.55,-131.26,25.89,50.0,0.0005,-0.1599
180.0,52,3,-31.96,-116.16,226.69,50.0,0.0,-0.3889
180.0,53,3,-5.88,-96.01,9.72,50.0,0.0597,-0.057
180.0,54,3,-20.5,-101.91,24.74,50.0,0.0004,-0.1959
180.0,55,3,-31.3,-110.77,196.03,50.0,0.0,-0.3889
180.0,56,3,-39.15,-109.01,1148.19,50.0,0.0,-0.3897
180.0,57,3,-26.76,-109.35,74.98,50.0,0.0,-0.323
180.0,58,3,-11.49,-108.64,11.14,50.0,0.0088,-0.1107
180.0,59,3,-24.71,-113.74,50.24,50.0,0.0001,-0.2627
180.0,6,3,-60.0,-33.44,1395.48,50.0,0.0,-0.439
180.0,7,3,-12.6,-91.21,11.71,50.0,0.006,-0.1321
180.0,8,3,-4.43,-54.68,9.57,50.0,0.0952,-0.0599
181.0,0,3,-21.2,-105.24,24.36,50.0,0.0003,-0.189
181.0,1,3,-60.0,-38.12,1392.38,50.0,0.0,-0.4316
181.0,10,3,-41.65,-122.72,1392.39,50.0,0.0,-0.3816
181.0,11,3,-19.04,-101.37,17.2,50.0,0.0006,-0.1661
181.0,13,3,-45.63,-119.27,1392.38,50.0,0.0,-0.3816
181.0,14,3,5.1,-64.18,6.11,50.0,0.7474,0.3355
181.0,15,1,-24.97,-123.46,88.99,50.0,0.0,-0.3202
181.0,16,3,-60.0,-28.55,1392.38,50.0,0.0,-0.4316
181.0,19,1,-0.27,-63.61,2.26,50.0,0.3111,0.081
181.0,2,1,-23.03,-119.28,57.72,50.0,0.0001,-0.2478
181.0,20,1,2.81,-56.53,2.1,50.0,0.5702,0.1999
181.0,21,3,-27.99,-111.24,93.33,50.0,0.0,-0.3581
181.0,22,3,-15.58,-93.01,11.1,50.0,0.0021,-0.1408
181.0,23,3,-30.18,-125.8,150.5,50.0,0.0,-0.3816
181.0,24,3,-15.25,-108.75,10.73,50.0,0.0024,-0.1269
181.0,26,1,2.27,-67.92,2.12,50.0,0.5233,0.1855
181.0,28,1,-40.68,-128.46,2774.57,50.0,0.0,-0.3675
181.0,3,3,-16.48,-100.31,12.25,50.0,0.0015,-0.143
181.0,30,3,-17.85,-102.62,14.54,50.0,0.001,-0.1535
181.0,32,1,-2.29,-129.92,2.44,50.0,0.182,0.0499
181.0,33,3,-24.97,-122.22,49.59,50.0,0.0001,-0.2554
181.0,34,3,-10.22,-111.5,7.54,50.0,0.0137,-0.0852
181.0,35,1,-11.11,-118.96,5.56,50.0,0.0101,-0.0774
181.0,36,3,-13.42,-121.01,9.14,50.0,0.0045,-0.1116
181.0,37,3,-18.54,-104.47,15.99,50.0,0.0008,-0.1588
181.0,4,1,-23.52,-117.85,64.3,50.0,0.0001,-0.2635
181.0,40,3,-19.12,-113.01,17.41,50.0,0.0006,-0.1608
181.0,44,1,-32.07,-117.14,448.93,50.0,0.0,-0.3675
181.0,45,1,-21.5,-121.88,41.16,50.0,0.0003,-0.2069
181.0,46,3,-28.84,-111.52,112.3,50.0,0.0,-0.3757
181.0,48,3,-32.62,-123.48,259.29,50.0,0.0,-0.3816
181.0,5,3,-15.55,-102.99,11.07,50.0,0.0021,-0.1334
181.0,50,1,-38.15,-126.9,1813.03,50.0,0.0,-0.3675
181.0,52,1,-28.8,-134.27,212.13,50.0,0.0,-0.3614
181.0,53,3,-11.85,-102.69,8.21,50.0,0.0078,-0.1043
181.0,54,1,-13.18,-124.9,7.74,50.0,0.0049,-0.0951
181.0,55,3,-32.2,-113.35,236.41,50.0,0.0,-0.3816
181.0,56,2,-30.67,-150.0,323.94,50.0,0.0,-0.3508
181.0,57,3,-3.97,-98.21,6.43,50.0,0.1101,-0.0051
181.0,58,3,-8.18,-97.19,7.0,50.0,0.0275,-0.0738
181.0,59,1,-24.14,-121.31,73.9,50.0,0.0001,-0.2858
181.0,6,3,-60.0,-32.95,1392.38,50.0,0.0,-0.4316
181.0,60,3,-17.56,-91.86,13.99,50.0,0.0011,-0.1585
181.0,7,3,-1.46,-102.94,6.27,50.0,0.2298,0.0706
181.0,9,3,1.56,-61.23,6.17,50.0,0.4614,0.1674
182.0,0,1,-18.42,-121.29,20.6,50.0,0.0008,-0.1466
182.0,1,1,2.83,-29.34,1.46,50.0,0.5724,0.1938
182.0,10,3,-40.41,-131.35,1394.08,50.0,0.0,-0.3858
182.0,11,3,-9.42,-101.49,8.99,50.0,0.018,-0.0913
182.0,13,3,-36.44,-119.1,618.26,50.0,0.0,-0.3858
182.0,14,3,4.0,-67.42,7.81,50.0,0.6678,0.2805
182.0,15,3,-26.92,-116.07,76.02,50.0,0.0,-0.3223
182.0,16,1,-4.73,-38.23,2.16,50.0,0.0868,-0.0492
182.0,17,3,-4.92,-52.86,8.2,50.0,0.0814,-0.065
182.0,18,3,1.11,-59.2,7.87,50.0,0.423,0.1375
182.0,2,3,-22.89,-108.21,34.75,50.0,0.0002,-0.2206
182.0,21,3,-14.48,-119.21,11.66,50.0,0.0031,-0.1275
182.0,22,3,-22.21,-99.86,30.83,50.0,0.0002,-0.2152
182.0,23,3,-31.95,-123.22,224.93,50.0,0.0,-0.3858
182.0,24,3,-20.75,-111.57,24.25,50.0,0.0003,-0.1873
182.0,25,3,-5.71,-58.79,8.29,50.0,0.063,-0.0749
182.0,26,3,-2.32,-60.54,8.01,50.0,0.1805,0.0043
182.0,27,3,0.32,-66.23,7.89,50.0,0.3573,0.107
182.0,28,3,-39.66,-118.46,1288.21,50.0,0.0,-0.3858
182.0,3,3,-10.15,-106.86,9.21,50.0,0.014,-0.0944
182.0,30,3,-13.13,-114.61,10.62,50.0,0.005,-0.1169
182.0,32,1,-5.54,-112.31,2.33,50.0,0.0667,-0.0125
182.0,33,3,-14.89,-115.24,12.05,50.0,0.0027,-0.1307
182.0,34,3,-8.06,-115.28,8.66,50.0,0.0287,-0.0709
182.0,35,1,-28.57,-112.69,200.61,50.0,0.0,-0.3569
182.0,36,3,-17.11,-104.38,14.9,50.0,0.0012,-0.1531
182.0,37,3,-15.8,-102.6,13.04,50.0,0.002,-0.1433
182.0,39,1,1.02,-66.88,1.54,50.0,0.4152,0.1378
182.0,4,1,-26.0,-113.36,111.7,50.0,0.0,-0.344
182.0,40,3,-5.73,-112.03,8.29,50.0,0.0627,-0.0386
182.0,41,3,-1.67,-62.12,7.97,50.0,0.2167,0.0264
182.0,44,1,-25.46,-121.2,98.92,50.0,0.0,-0.3392
182.0,45,3,-28.45,-116.3,104.74,50.0,0.0,-0.378
182.0,46,3,-34.67,-110.99,414.21,50.0,0.0,-0.3858
182.0,47,3,3.18,-55.15,7.83,50.0,0.6018,0.2332
182.0,48,3,-34.62,-115.73,409.05,50.0,0.0,-0.3858
182.0,5,3,-12.99,-108.25,10.53,50.0,0.0052,-0.117
182.0,50,3,-19.63,-111.81,20.51,50.0,0.0005,-0.1739
182.0,51,1,-1.19,-65.07,1.69,50.0,0.2466,0.0552
182.0,52,1,-27.51,-128.18,157.62,50.0,0.0,-0.3516
182.0,54,3,-12.76,-102.62,10.39,50.0,0.0057,-0.1192
182.0,55,3,-34.64,-118.18,411.05,50.0,0.0,-0.3858
182.0,56,3,-27.49,-108.46,85.59,50.0,0.0,-0.3454
182.0,58,1,-7.93,-110.83,3.06,50.0,0.03,-0.043
182.0,59,3,-27.5,-117.28,85.66,50.0,0.0,-0.3445
182.0,6,1,-1.87,-32.5,1.76,50.0,0.2053,0.0165
182.0,7,3,-12.29,-96.84,10.12,50.0,0.0067,-0.1196
182.0,8,1,-2.72,-58.44,1.85,50.0,0.161,0.0066
182.0,9,3,1.5,-59.44,7.86,50.0,0.456,0.1556
183.0,0,3,-14.65,-97.73,12.18,50.0,0.0029,-0.1391
183.0,1,3,-60.0,-31.59,1394.43,50.0,0.0,-0.4366
183.0,10,3,-42.33,-128.52,1394.44,50.0,0.0,-0.3866
183.0,11,3,-9.46,-96.43,9.36,50.0,0.0178,-0.0969
183.0,13,1,-38.92,-126.12,2162.94,50.0,0.0,-0.3616
183.0,15,3,-18.94,-109.88,19.0,50.0,0.0007,-0.1681
183.0,16,3,-60.0,-37.3,1394.43,50.0,0.0,-0.4366
183.0,17,3,3.02,-40.46,8.19,50.0,0.5882,0.2135
183.0,19,3,-4.52,-56.16,8.53,50.0,0.0925,-0.0562
183.0,2,1,-20.88,-115.24,34.92,50.0,0.0003,-0.1854
183.0,21,3,-13.89,-118.56,11.53,50.0,0.0038,-0.1244
183.0,22,3,-30.22,-90.69,153.98,50.0,0.0,-0.4004
183.0,23,3,-21.6,-121.97,28.18,50.0,0.0003,-0.2003
183.0,24,3,-13.85,-106.85,11.5,50.0,0.0039,-0.1263
183.0,26,3,1.57,-61.96,8.22,50.0,0.4624,0.1593
183.0,27,3,-3.48,-58.51,8.44,50.0,0.1279,-0.0309
183.0,28,3,-33.01,-118.24,285.37,50.0,0.0,-0.3866
183.0,3,3,-26.21,-108.57,66.01,50.0,0.0,-0.3005
183.0,30,3,-22.68,-110.38,33.8,50.0,0.0002,-0.2171
183.0,32,3,-14.25,-100.49,11.83,50.0,0.0034,-0.134
183.0,33,1,-28.35,-127.83,190.5,50.0,0.0,-0.3533
183.0,34,1,-21.81,-109.36,42.98,50.0,0.0002,-0.2068
183.0,35,1,-15.05,-109.46,9.82,50.0,0.0026,-0.1047
183.0,36,3,-14.65,-111.4,12.18,50.0,0.0029,-0.1303
183.0,37,1,-26.12,-127.05,114.37,50.0,0.0,-0.3421
183.0,4,1,-25.45,-116.28,98.09,50.0,0.0,-0.335
183.0,40,3,-15.97,-109.34,13.62,50.0,0.0019,-0.1414
183.0,41,3,-1.15,-64.98,8.31,50.0,0.249,0.0452
183.0,42,3,-2.8,-60.69,8.4,50.0,0.1569,-0.0113
183.0,44,3,-25.94,-110.9,62.52,50.0,0.0,-0.2912
183.0,45,3,-27.17,-120.78,80.42,50.0,0.0,-0.3332
183.0,46,3,-23.99,-116.1,42.92,50.0,0.0001,-0.2421
183.0,47,3,0.28,-38.96,8.26,50.0,0.3538,0.0849
183.0,48,3,-37.63,-121.93,810.84,50.0,0.0,-0.3866
183.0,5,3,-19.13,-105.88,19.47,50.0,0.0006,-0.1729
183.0,50,1,-21.68,-134.52,41.75,50.0,0.0003,-0.2032
183.0,52,3,-26.82,-112.71,74.85,50.0,0.0,-0.3203
183.0,53,3,-11.37,-101.2,10.04,50.0,0.0092,-0.1106
183.0,54,3,-10.87,-108.38,9.83,50.0,0.011,-0.1012
183.0,55,1,-25.06,-130.44,89.96,50.0,0.0,-0.3167
183.0,56,6,-60.0,-150.0,69.32,50.0,0.0,-0.2893
183.0,58,3,-18.73,-101.53,18.48,50.0,0.0007,-0.1719
183.0,59,3,-24.48,-106.74,47.02,50.0,0.0001,-0.2551
183.0,6,3,-60.0,-39.19,1394.43,50.0,0.0,-0.4366
184.0,0,3,-13.22,-114.94,9.75,50.0,0.0048,-0.1135
184.0,1,3,-59.57,-43.76,1393.14,50.0,0.0,-0.4309
184.0,10,3,-54.11,-132.18,1393.15,50.0,0.0,-0.3836
184.0,11,1,-3.67,-111.03,2.39,50.0,0.1208,0.0182
184.0,13,3,-34.86,-114.26,431.49,50.0,0.0,-0.3836
184.0,14,3,-0.87,-58.53,7.01,50.0,0.2681,0.0569
184.0,15,3,-30.07,-121.95,147.77,50.0,0.0,-0.3835
184.0,16,3,-60.0,-39.18,1393.14,50.0,0.0,-0.4336
184.0,17,1,3.44,-56.91,1.85,50.0,0.6233,0.2278
184.0,19,1,-1.36,-65.27,2.12,50.0,0.2357,0.0469
184.0,2,3,-20.35,-107.32,21.88,50.0,0.0004,-0.1801
184.0,20,1,-10.43,-48.74,4.81,50.0,0.0127,-0.1137
184.0,21,3,-14.94,-114.03,11.17,50.0,0.0027,-0.127
184.0,22,3,-26.05,-99.72,62.65,50.0,0.0,-0.2963
184.0,23,1,-32.78,-119.71,527.68,50.0,0.0,-0.3664
184.0,24,3,-13.98,-110.46,10.31,50.0,0.0037,-0.1194
184.0,26,1,1.89,-67.98,1.91,50.0,0.4901,0.1712
184.0,27,3,5.04,-65.35,6.87,50.0,0.7434,0.3302
184.0,28,3,-53.78,-119.25,1393.14,50.0,0.0,-0.3836
184.0,3,3,-19.63,-105.73,19.59,50.0,0.0005,-0.1729
184.0,30,3,-24.08,-108.16,42.3,50.0,0.0001,-0.2395
184.0,31,3,-1.37,-60.22,7.03,50.0,0.2353,0.0397
184.0,32,3,-0.51,-96.55,6.99,50.0,0.2933,0.098
184.0,33,3,-29.59,-109.08,132.96,50.0,0.0,-0.3821
184.0,34,1,-20.63,-107.95,33.8,50.0,0.0004,-0.1881
184.0,35,1,-19.88,-110.58,28.69,50.0,0.0005,-0.1726
184.0,36,3,-10.99,-120.16,8.59,50.0,0.0105,-0.0954
184.0,37,3,-12.02,-106.33,9.05,50.0,0.0073,-0.1066
184.0,4,3,-24.28,-113.73,44.0,50.0,0.0001,-0.2426
184.0,40,3,-14.84,-114.38,11.07,50.0,0.0027,-0.1262
184.0,41,3,-7.23,-58.02,7.58,50.0,0.0381,-0.0937
184.0,44,3,-25.82,-114.08,59.84,50.0,0.0,-0.2822
184.0,45,3,-26.71,-117.88,71.89,50.0,0.0,-0.3107
184.0,46,1,-17.13,-125.63,16.08,50.0,0.0012,-0.133
184.0,47,1,3.94,-53.42,1.84,50.0,0.6635,0.2454
184.0,48,1,-24.3,-129.82,76.42,50.0,0.0001,-0.2905
184.0,49,3,4.44,-64.88,6.88,50.0,0.7014,0.3032
184.0,5,1,-15.18,-125.66,10.89,50.0,0.0024,-0.1119
184.0,50,1,-30.67,-119.3,325.51,50.0,0.0,-0.3664
184.0,52,3,-22.84,-117.96,33.53,50.0,0.0002,-0.2143
184.0,53,3,-5.32,-98.23,7.32,50.0,0.0715,-0.036
184.0,54,1,-3.87,-126.44,2.42,50.0,0.1135,0.014
184.0,55,3,-29.92,-111.8,143.03,50.0,0.0,-0.3831
184.0,56,3,-25.66,-111.71,57.88,50.0,0.0001,-0.2774
184.0,58,1,-16.35,-123.83,13.72,50.0,0.0016,-0.124
184.0,59,3,-23.95,-116.73,41.25,50.0,0.0001,-0.2355
184.0,6,3,-60.0,-45.43,1393.14,50.0,0.0,-0.4297
184.0,61,3,4.25,-97.45,6.88,50.0,0.687,0.3176
184.0,8,1,-2.48,-53.44,2.23,50.0,0.1725,0.0061
184.0,9,3,-2.73,-58.15,7.1,50.0,0.1602,-0.0054
185.0,0,3,-24.46,-107.67,44.56,50.0,0.0001,-0.2439
185.0,1,3,-58.5,-51.29,1392.19,50.0,0.0,-0.4231
185.0,10,1,-52.63,-131.59,2774.69,50.0,0.0,-0.368
185.0,11,1,-7.32,-124.07,3.58,50.0,0.0369,-0.0415
185.0,13,3,-33.59,-123.36,322.77,50.0,0.0,-0.3811
185.0,15,1,-28.56,-125.88,201.23,50.0,0.0,-0.3608
185.0,2,3,-13.36,-103.11,8.9,50.0,0.0046,-0.1152
185.0,20,1,-0.43,-50.79,2.38,50.0,0.299,0.0653
185.0,21,3,-20.46,-112.5,21.31,50.0,0.0004,-0.1752
185.0,22,3,-13.58,-96.66,9.05,50.0,0.0043,-0.1215
185.0,23,3,-24.81,-120.68,47.87,50.0,0.0001,-0.2506
185.0,24,1,-14.64,-121.47,10.16,50.0,0.0029,-0.1091
185.0,27,3,-5.63,-60.11,6.4,50.0,0.0646,-0.0642
185.0,28,3,-41.16,-118.83,1392.19,50.0,0.0,-0.3811
185.0,3,3,-18.49,-106.16,15.68,50.0,0.0008,-0.1562
185.0,30,3,-19.54,-105.25,18.36,50.0,0.0005,-0.1678
185.0,33,3,-17.58,-108.87,13.83,50.0,0.0011,-0.1456
185.0,34,3,-10.39,-113.33,7.41,50.0,0.0129,-0.0858
185.0,35,1,-26.46,-120.68,124.69,50.0,0.0,-0.3503
185.0,36,3,-8.91,-121.38,6.97,50.0,0.0215,-0.0716
185.0,37,5,-41.55,-150.0,277.28,50.0,0.0,-0.3508
185.0,4,3,-27.4,-112.87,82.09,50.0,0.0,-0.3322
185.0,40,3,-5.12,-117.09,6.34,50.0,0.0764,-0.0195
185.0,41,3,0.31,-62.74,6.01,50.0,0.3561,0.1124
185.0,44,1,-37.33,-124.36,1501.5,50.0,0.0,-0.368
185.0,45,1,-25.41,-122.33,98.52,50.0,0.0,-0.342
185.0,46,3,-15.13,-108.4,10.41,50.0,0.0025,-0.1253
185.0,48,3,-26.28,-119.18,64.79,50.0,0.0,-0.2919
185.0,5,3,-16.23,-106.87,11.71,50.0,0.0017,-0.1353
185.0,50,3,-38.48,-117.58,982.54,50.0,0.0,-0.3811
185.0,52,1,-36.86,-126.39,1348.94,50.0,0.0,-0.368
185.0,54,1,-5.99,-122.19,3.19,50.0,0.0575,-0.0245
185.0,55,3,-31.41,-114.7,197.67,50.0,0.0,-0.3811
185.0,56,1,-22.49,-114.9,51.3,50.0,0.0002,-0.2328
185.0,58,1,-17.54,-104.9,17.84,50.0,0.0011,-0.1439
185.0,59,3,-42.95,-117.62,1392.19,50.0,0.0,-0.3811
185.0,6,3,-39.03,-58.56,1114.33,50.0,0.0,-0.4179
185.0,61,3,-5.91,-103.76,6.43,50.0,0.0591,-0.0376
185.0,8,1,3.93,-58.72,2.17,50.0,0.6631,0.2466
186.0,0,1,-13.2,-116.02,6.13,50.0,0.0049,-0.0803
186.0,1,3,-60.0,-49.16,1397.26,50.0,0.0,-0.436
186.0,10,3,-48.56,-130.01,1397.27,50.0,0.0,-0.3926
186.0,11,3,-12.35,-105.94,13.35,50.0,0.0065,-0.1268
186.0,13,3,-34.43,-115.71,395.45,50.0,0.0,-0.3926
186.0,14,3,-0.19,-57.65,11.11,50.0,0.3173,0.066
186.0,15,3,-28.49,-120.06,108.96,50.0,0.0,-0.3849
186.0,16,3,-60.0,-40.88,1397.26,50.0,0.0,-0.442
186.0,17,3,-2.83,-61.77,11.23,50.0,0.1558,-0.0228
186.0,19,3,3.76,-62.27,11.01,50.0,0.6492,0.2526
186.0,2,3,-14.25,-95.95,14.66,50.0,0.0034,-0.1488
186.0,20,1,-9.5,-53.12,2.8,50.0,0.0176,-0.0887
186.0,21,3,-18.6,-116.17,21.02,50.0,0.0007,-0.1762
186.0,22,3,-10.66,-103.78,12.58,50.0,0.0118,-0.1142
186.0,23,3,-25.49,-120.67,60.09,50.0,0.0001,-0.29
186.0,24,3,-11.35,-102.08,12.86,50.0,0.0093,-0.1213
186.0,26,3,-1.18,-60.19,11.15,50.0,0.247,0.0291
186.0,27,3,-0.48,-66.17,11.12,50.0,0.2959,0.0604
186.0,28,3,-31.89,-120.6,224.95,50.0,0.0,-0.3925
186.0,29,1,-12.73,-121.08,5.53,50.0,0.0057,-0.0762
186.0,3,3,-18.23,-104.5,20.2,50.0,0.0008,-0.1765
186.0,30,3,-13.09,-96.99,13.79,50.0,0.0051,-0.139
186.0,32,1,-8.81,-117.97,2.44,50.0,0.0222,-0.0416
186.0,33,3,-15.95,-110.31,16.43,50.0,0.0019,-0.1524
186.0,34,3,-16.41,-107.88,17.03,50.0,0.0016,-0.1577
186.0,35,1,-23.02,-125.63,55.96,50.0,0.0001,-0.2325
186.0,36,3,-10.43,-106.05,12.5,50.0,0.0127,-0.1106
186.0,37,3,-18.06,-98.26,19.84,50.0,0.0009,-0.1793
186.0,38,3,-5.16,-112.17,11.42,50.0,0.0755,-0.0418
186.0,4,3,-37.52,-110.8,794.57,50.0,0.0,-0.3926
186.0,40,3,-10.73,-114.95,12.61,50.0,0.0115,-0.1104
186.0,41,3,4.65,-64.53,11.0,50.0,0.7168,0.2953
186.0,44,3,-31.3,-110.82,198.13,50.0,0.0,-0.3925
186.0,45,3,-17.57,-115.64,18.89,50.0,0.0011,-0.1663
186.0,46,3,-14.37,-99.71,14.76,50.0,0.0032,-0.1471
186.0,47,3,-3.1,-64.63,11.25,50.0,0.1436,-0.0283
186.0,48,3,-34.63,-121.24,414.01,50.0,0.0,-0.3926
186.0,49,3,2.43,-64.62,11.04,50.0,0.5379,0.1909
186.0,5,1,-10.83,-115.34,3.69,50.0,0.0111,-0.06
186.0,50,3,-16.9,-116.57,17.76,50.0,0.0013,-0.1604
186.0,51,3,0.25,-61.48,11.09,50.0,0.3515,0.0874
186.0,52,3,-20.36,-114.43,26.05,50.0,0.0004,-0.1956
186.0,53,4,2.45,-150.0,0.14,50.0,0.5396,0.2879
186.0,54,3,-13.62,-95.1,14.16,50.0,0.0042,-0.1445
186.0,55,3,-25.76,-113.0,63.15,50.0,0.0,-0.2975
186.0,56,3,-30.96,-115.34,184.03,50.0,0.0,-0.3925
186.0,58,3,-16.31,-113.53,16.89,50.0,0.0016,-0.1554
186.0,59,6,-60.0,-150.0,69.32,50.0,0.0,-0.2893
186.0,6,3,-53.77,-48.94,1397.26,50.0,0.0,-0.4362
186.0,61,3,-14.11,-98.23,14.54,50.0,0.0035,-0.1461
186.0,8,1,-0.78,-53.4,0.65,50.0,0.2746,0.071
186.0,9,3,0.03,-61.34,11.1,50.0,0.3345,0.078
187.0,0,3,-18.86,-111.98,16.36,50.0,0.0007,-0.1563
187.0,1,3,-60.0,-48.86,1392.0,50.0,0.0,-0.4243
187.0,10,3,-38.89,-131.87,1079.17,50.0,0.0,-0.3806
187.0,11,3,-3.24,-105.07,5.99,50.0,0.1378,0.0195
187.0,13,3,-27.65,-118.64,86.43,50.0,0.0,-0.3416
187.0,15,3,-20.17,-118.99,20.11,50.0,0.0004,-0.1708
187.0,16,3,-56.61,-52.17,1392.0,50.0,0.0,-0.4219
187.0,18,3,-3.44,-96.87,6.01,50.0,0.1296,0.0084
187.0,2,3,-16.17,-99.99,11.44,50.0,0.0017,-0.1389
187.0,20,1,2.8,-55.69,2.15,50.0,0.57,0.1989
187.0,21,3,-31.64,-108.55,207.91,50.0,0.0,-0.3816
187.0,22,3,-10.85,-109.79,7.39,50.0,0.011,-0.0891
187.0,23,1,-23.74,-119.49,67.68,50.0,0.0001,-0.2716
187.0,24,1,-15.22,-109.42,11.24,50.0,0.0024,-0.1146
187.0,25,3,-0.01,-92.65,5.84,50.0,0.331,0.121
187.0,28,3,-39.62,-121.12,1276.52,50.0,0.0,-0.3806
187.0,29,3,-0.95,-97.39,5.87,50.0,0.2623,0.0867
187.0,3,3,-24.18,-98.46,42.0,50.0,0.0001,-0.2434
187.0,30,3,-19.74,-98.67,18.76,50.0,0.0005,-0.1739
187.0,31,3,2.2,-62.06,5.78,50.0,0.5175,0.2003
187.0,32,1,-5.09,-108.67,2.92,50.0,0.0772,-0.0113
187.0,33,3,-17.11,-109.65,12.83,50.0,0.0012,-0.14
187.0,34,1,-15.06,-104.55,10.92,50.0,0.0025,-0.1166
187.0,35,1,-14.2,-115.16,9.32,50.0,0.0034,-0.1046
187.0,36,1,-13.67,-127.21,8.48,50.0,0.0041,-0.0998
187.0,37,1,-5.85,-111.71,3.09,50.0,0.0603,-0.0221
187.0,38,3,-13.75,-104.38,8.99,50.0,0.004,-0.1164
187.0,39,6,5.1,-150.0,0.01,50.0,0.7473,0.8862
187.0,4,3,-23.02,-115.46,33.51,50.0,0.0002,-0.2123
187.0,40,3,-15.53,-111.01,10.66,50.0,0.0022,-0.1265
187.0,42,1,3.84,-112.1,2.11,50.0,0.6558,0.28
187.0,43,3,-4.73,-111.33,6.11,50.0,0.0867,-0.0111
187.0,44,3,-25.58,-113.23,55.76,50.0,0.0001,-0.2698
187.0,45,3,-24.72,-121.67,46.77,50.0,0.0001,-0.2475
187.0,46,3,-3.95,-100.52,6.05,50.0,0.1109,-0.0011
187.0,48,1,-34.74,-122.9,827.64,50.0,0.0,-0.3677
187.0,49,3,0.82,-65.7,5.81,50.0,0.3983,0.1382
187.0,5,1,-14.05,-121.26,9.07,50.0,0.0036,-0.1032
187.0,50,1,-22.57,-128.8,52.12,50.0,0.0002,-0.2345
187.0,52,3,-32.84,-112.09,272.16,50.0,0.0,-0.3806
187.0,53,1,-0.63,-95.62,2.33,50.0,0.2849,0.0909
187.0,54,3,-10.93,-118.92,7.42,50.0,0.0107,-0.0897
187.0,55,1,-26.38,-118.13,122.49,50.0,0.0,-0.3496
187.0,56,3,-22.29,-112.93,29.21,50.0,0.0002,-0.1999
187.0,58,1,-17.41,-105.4,17.31,50.0,0.0011,-0.1415
187.0,59,1,0.2,-127.0,2.28,50.0,0.3475,0.1313
187.0,61,3,-15.73,-104.73,10.89,50.0,0.002,-0.1319
187.0,62,3,-8.01,-112.92,6.58,50.0,0.0292,-0.0609
187.0,8,1,4.07,-57.03,2.11,50.0,0.6736,0.2512
188.0,0,3,-12.17,-111.78,11.72,50.0,0.007,-0.1162
188.0,1,3,-48.31,-55.82,1395.73,50.0,0.0,-0.4282
188.0,10,1,-40.72,-142.54,2773.39,50.0,0.0,-0.3605
188.0,11,1,-14.51,-118.14,8.63,50.0,0.0031,-0.0977
188.0,13,3,-34.09,-118.77,364.71,50.0,0.0,-0.3895
188.0,14,3,-8.73,-59.33,10.47,50.0,0.0228,-0.1214
188.0,15,3,-32.17,-120.83,237.87,50.0,0.0,-0.3894
188.0,16,3,-60.0,-45.95,1395.73,50.0,0.0,-0.4352
188.0,17,3,-0.43,-105.44,9.58,50.0,0.299,0.0964
188.0,18,3,-8.62,-105.79,10.45,50.0,0.0237,-0.0871
188.0,2,3,-17.34,-101.23,16.95,50.0,0.0011,-0.1644
188.0,21,3,-8.29,-107.77,10.37,50.0,0.0266,-0.082
188.0,22,3,-9.63,-94.89,10.71,50.0,0.0168,-0.105
188.0,23,3,-31.15,-122.59,190.23,50.0,0.0,-0.3894
188.0,24,1,-24.02,-104.59,70.75,50.0,0.0001,-0.2758
188.0,25,3,-3.86,-104.75,9.77,50.0,0.1141,-0.0123
188.0,28,3,-39.27,-120.44,1182.42,50.0,0.0,-0.3895
188.0,29,3,-12.33,-98.57,11.81,50.0,0.0066,-0.1257
188.0,3,3,-22.21,-110.45,32.47,50.0,0.0002,-0.2149
188.0,30,3,-15.91,-100.3,14.84,50.0,0.0019,-0.1528
188.0,31,3,0.92,-64.8,9.54,50.0,0.4067,0.1257
188.0,32,3,-1.83,-99.78,9.64,50.0,0.2074,0.041
188.0,33,3,-20.87,-109.36,26.37,50.0,0.0003,-0.1962
188.0,34,3,-7.55,-112.11,10.23,50.0,0.0341,-0.0718
188.0,35,1,-22.4,-123.19,48.99,50.0,0.0002,-0.2202
188.0,36,3,-21.1,-117.02,27.29,50.0,0.0003,-0.1988
188.0,37,1,-1.86,-110.44,1.21,50.0,0.2058,0.0715
188.0,38,3,-6.96,-89.36,10.13,50.0,0.0416,-0.0789
188.0,4,3,-26.55,-115.23,72.12,50.0,0.0,-0.3163
188.0,40,3,-2.52,-112.79,9.68,50.0,0.1705,0.0267
188.0,42,1,-10.05,-113.51,3.6,50.0,0.0145,-0.0588
188.0,43,3,-7.42,-113.97,10.2,50.0,0.0357,-0.0701
188.0,44,3,-29.76,-112.06,140.53,50.0,0.0,-0.3882
188.0,45,3,-24.38,-109.97,47.46,50.0,0.0001,-0.256
188.0,46,3,-17.19,-102.14,16.71,50.0,0.0012,-0.1624
188.0,47,3,-11.55,-92.65,11.42,50.0,0.0086,-0.1236
188.0,48,3,-27.71,-123.03,91.24,50.0,0.0,-0.3604
188.0,49,3,4.34,-68.08,9.48,50.0,0.6939,0.2898
188.0,5,3,-15.2,-102.76,14.03,50.0,0.0024,-0.1453
188.0,50,3,-31.96,-109.05,227.38,50.0,0.0,-0.3901
188.0,52,1,-16.62,-129.89,13.52,50.0,0.0015,-0.1192
188.0,53,3,-11.55,-102.81,11.42,50.0,0.0086,-0.1164
188.0,55,3,-21.89,-114.7,30.88,50.0,0.0002,-0.2101
188.0,56,3,-24.01,-111.23,44.33,50.0,0.0001,-0.2478
188.0,57,3,-1.39,-60.18,9.62,50.0,0.2337,0.0277
188.0,58,1,-12.91,-140.61,6.22,50.0,0.0054,-0.0834
188.0,59,3,-5.47,-102.23,9.92,50.0,0.0683,-0.0467
188.0,6,3,-60.0,-49.04,1395.73,50.0,0.0,-0.433
188.0,60,3,5.03,-67.84,9.47,50.0,0.743,0.3206
188.0,61,3,-9.96,-98.99,10.81,50.0,0.015,-0.1052
188.0,62,3,-7.35,-96.82,10.19,50.0,0.0365,-0.0786
188.0,8,1,-2.05,-62.23,1.23,50.0,0.1953,0.032
188.0,9,3,-4.81,-54.16,9.85,50.0,0.0845,-0.0688
189.0,0,3,-23.63,-105.57,39.27,50.0,0.0001,-0.2341
189.0,1,3,-43.94,-58.04,1393.58,50.0,0.0,-0.4218
189.0,10,3,-60.0,-125.68,1393.59,50.0,0.0,-0.3847
189.0,11,3,-4.89,-110.68,7.71,50.0,0.0823,-0.0214
189.0,13,3,-25.74,-113.75,59.22,50.0,0.0001,-0.2816
189.0,15,3,-30.22,-119.95,153.14,50.0,0.0,-0.3846
189.0,16,3,-60.0,-42.74,1393.58,50.0,0.0,-0.4327
189.0,18,3,-2.73,-107.14,7.54,50.0,0.1602,0.0276
189.0,2,3,-16.01,-86.72,12.81,50.0,0.0018,-0.1542
189.0,20,1,-1.15,-52.93,1.61,50.0,0.2493,0.0485
189.0,21,3,-16.31,-117.72,13.21,50.0,0.0016,-0.1401
189.0,22,3,-8.22,-97.86,8.2,50.0,0.0272,-0.0792
189.0,23,3,-29.72,-122.76,137.19,50.0,0.0,-0.3832
189.0,24,3,-16.22,-101.59,13.09,50.0,0.0017,-0.1453
189.0,25,3,-13.25,-107.09,10.21,50.0,0.0048,-0.1178
189.0,27,1,-4.53,-63.01,2.05,50.0,0.0924,-0.0286
189.0,28,3,-34.75,-120.99,420.92,50.0,0.0,-0.3847
189.0,29,3,-9.32,-92.29,8.47,50.0,0.0187,-0.0948
189.0,3,3,-27.21,-95.84,80.19,50.0,0.0,-0.3411
189.0,30,3,-27.7,-104.44,88.89,50.0,0.0,-0.3548
189.0,32,3,-7.43,-94.71,8.05,50.0,0.0356,-0.072
189.0,33,3,-23.45,-101.5,37.94,50.0,0.0001,-0.2335
189.0,34,1,-5.52,-102.36,2.25,50.0,0.0671,-0.0171
189.0,35,1,-12.4,-112.64,6.08,50.0,0.0064,-0.0832
189.0,36,1,-17.44,-117.86,16.64,50.0,0.0011,-0.133
189.0,38,3,-9.13,-94.24,8.42,50.0,0.0199,-0.0915
189.0,39,6,-5.04,-150.0,0.04,50.0,0.0783,0.4721
189.0,4,3,-20.98,-102.86,24.67,50.0,0.0003,-0.1932
189.0,41,1,1.93,-66.33,1.42,50.0,0.4942,0.1756
189.0,42,1,-10.88,-122.07,4.66,50.0,0.0109,-0.0702
189.0,43,3,-2.33,-111.4,7.52,50.0,0.18,0.0415
189.0,44,1,-32.61,-122.64,507.51,50.0,0.0,-0.3637
189.0,45,3,-25.49,-109.37,56.38,50.0,0.0001,-0.2751
189.0,46,1,-21.15,-126.24,37.43,50.0,0.0003,-0.1939
189.0,47,3,-9.8,-102.8,8.61,50.0,0.0158,-0.0919
189.0,48,1,-38.54,-136.22,1981.41,50.0,0.0,-0.3637
189.0,5,3,-23.73,-105.76,40.04,50.0,0.0001,-0.2361
189.0,50,3,-31.84,-114.29,219.08,50.0,0.0,-0.3846
189.0,52,3,-14.41,-116.9,11.11,50.0,0.0032,-0.1248
189.0,53,3,-17.6,-98.38,15.27,50.0,0.001,-0.1597
189.0,54,3,-8.47,-120.31,8.26,50.0,0.025,-0.0733
189.0,55,1,-39.08,-128.16,2242.34,50.0,0.0,-0.3637
189.0,56,6,-51.38,-150.0,69.34,50.0,0.0,-0.2901
189.0,57,3,1.21,-70.65,7.38,50.0,0.4313,0.1523
189.0,58,3,-1.43,-102.0,7.47,50.0,0.2316,0.0655
189.0,59,1,-8.88,-106.69,3.41,50.0,0.0217,-0.0544
189.0,6,3,-60.0,-47.59,1393.58,50.0,0.0,-0.4293
189.0,60,3,-5.76,-60.59,7.8,50.0,0.0621,-0.0723
189.0,61,3,-25.93,-95.35,61.54,50.0,0.0,-0.2977
189.0,62,1,-9.32,-115.93,3.64,50.0,0.0187,-0.0563
189.0,8,1,-3.04,-55.41,1.82,50.0,0.1462,-0.0029
190.0,0,3,-16.22,-107.82,16.09,50.0,0.0017,-0.1534
190.0,1,3,-38.61,-60.61,1017.4,50.0,0.0,-0.4265
190.0,10,3,-41.65,-127.19,1396.59,50.0,0.0,-0.3912
190.0,11,3,-15.7,-103.18,15.44,50.0,0.002,-0.1525
190.0,13,3,-33.71,-114.51,335.8,50.0,0.0,-0.3912
190.0,15,3,-32.82,-112.13,275.91,50.0,0.0,-0.3912
190.0,16,3,-60.0,-47.33,1396.58,50.0,0.0,-0.436
190.0,18,3,-17.42,-101.79,17.95,50.0,0.0011,-0.1682
190.0,2,3,-19.43,-100.77,22.45,50.0,0.0006,-0.1887
190.0,20,1,-2.38,-53.9,1.06,50.0,0.1777,0.0191
190.0,21,3,-13.55,-109.38,13.43,50.0,0.0043,-0.1311
190.0,22,3,2.97,-96.99,10.35,50.0,0.5839,0.2425
190.0,23,3,-19.15,-125.53,21.68,50.0,0.0006,-0.1791
190.0,24,3,-10.17,-109.57,11.73,50.0,0.0139,-0.1031
190.0,25,3,-17.67,-90.24,18.39,50.0,0.001,-0.1787
190.0,27,3,2.71,-65.17,10.35,50.0,0.5622,0.2076
190.0,28,3,-26.11,-120.71,66.96,50.0,0.0,-0.3055
190.0,29,3,-8.87,-96.4,11.36,50.0,0.0218,-0.0998
190.0,3,3,-21.71,-99.12,30.86,50.0,0.0002,-0.2186
190.0,30,3,-14.72,-105.07,14.4,50.0,0.0029,-0.1433
190.0,32,3,-26.54,-105.88,72.82,50.0,0.0,-0.3223
190.0,33,3,-20.64,-105.86,26.34,50.0,0.0004,-0.1992
190.0,34,3,-13.59,-108.17,13.46,50.0,0.0043,-0.1322
190.0,35,3,-19.36,-108.88,22.26,50.0,0.0006,-0.1822
190.0,36,3,-14.89,-108.81,14.56,50.0,0.0027,-0.142
190.0,38,3,-16.57,-101.05,16.58,50.0,0.0015,-0.1612
190.0,4,3,-34.18,-113.47,373.2,50.0,0.0,-0.3912
190.0,41,3,-3.53,-62.76,10.6,50.0,0.1262,-0.0379
190.0,42,1,-4.96,-115.68,1.46,50.0,0.0806,0.0037
190.0,43,3,-15.83,-108.89,15.6,50.0,0.0019,-0.1495
190.0,44,3,-38.03,-110.03,890.3,50.0,0.0,-0.3912
190.0,45,3,-16.44,-113.78,16.4,50.0,0.0016,-0.1537
190.0,46,3,-23.85,-102.78,43.92,50.0,0.0001,-0.2531
190.0,47,3,-16.1,-100.79,15.94,50.0,0.0018,-0.1575
190.0,48,1,-31.32,-140.36,376.11,50.0,0.0,-0.3587
190.0,5,3,-13.3,-106.32,13.25,50.0,0.0047,-0.1313
190.0,50,1,-31.15,-131.12,361.75,50.0,0.0,-0.3587
190.0,52,3,-30.07,-113.05,151.15,50.0,0.0,-0.3912
190.0,53,3,-1.86,-97.56,10.5,50.0,0.2056,0.0349
190.0,54,3,-13.33,-102.4,13.27,50.0,0.0046,-0.1343
190.0,55,1,-25.18,-117.58,91.9,50.0,0.0,-0.3183
190.0,56,3,-16.45,-110.63,16.41,50.0,0.0016,-0.1538
190.0,57,3,3.68,-66.53,10.33,50.0,0.6433,0.2549
190.0,58,1,-7.43,-118.21,2.13,50.0,0.0355,-0.0305
190.0,59,3,-12.04,-106.2,12.5,50.0,0.0073,-0.1214
190.0,6,3,-60.0,-42.91,1396.58,50.0,0.0,-0.4392
190.0,60,3,-0.03,-62.51,10.42,50.0,0.3298,0.079
190.0,61,3,-7.83,-103.26,11.13,50.0,0.0311,-0.0834
190.0,62,3,-13.02,-106.05,13.07,50.0,0.0052,-0.1293
190.0,63,3,-31.18,-118.86,192.0,50.0,0.0,-0.3912
191.0,0,1,-8.76,-122.59,4.22,50.0,0.0227,-0.0571
191.0,1,3,-11.91,-90.69,7.97,50.0,0.0076,-0.1122
191.0,10,1,-41.54,-129.55,2774.73,50.0,0.0,-0.3682
191.0,11,3,-9.58,-97.94,7.08,50.0,0.0171,-0.0866
191.0,13,3,-38.69,-121.24,1031.96,50.0,0.0,-0.3809
191.0,15,1,-26.77,-132.88,133.9,50.0,0.0,-0.352
191.0,16,3,-60.0,-43.04,1392.11,50.0,0.0,-0.4288
191.0,17,3,3.58,-65.07,5.87,50.0,0.6351,0.2683
191.0,18,3,-11.82,-116.13,7.93,50.0,0.0079,-0.0976
191.0,19,3,2.09,-62.3,5.89,50.0,0.5076,0.1946
191.0,2,3,2.3,-102.65,5.89,50.0,0.5258,0.2334
191.0,20,1,3.35,-55.94,2.24,50.0,0.6158,0.2208
191.0,21,3,-19.6,-113.36,18.47,50.0,0.0005,-0.1648
191.0,22,3,-3.6,-109.08,6.13,50.0,0.1236,0.0128
191.0,23,3,-28.57,-126.6,105.54,50.0,0.0,-0.3737
191.0,24,3,-22.85,-108.21,32.56,50.0,0.0002,-0.2111
191.0,25,1,-7.42,-124.22,3.66,50.0,0.0357,-0.043
191.0,26,3,-53.06,-65.98,1392.11,50.0,0.0,-0.4124
191.0,28,3,-31.38,-121.74,196.41,50.0,0.0,-0.3809
191.0,29,3,-11.72,-109.74,7.88,50.0,0.0081,-0.097
191.0,3,3,-18.42,-103.55,15.46,50.0,0.0008,-0.1571
191.0,30,3,-26.6,-106.71,69.22,50.0,0.0,-0.3046
191.0,31,3,-3.66,-62.41,6.14,50.0,0.1212,-0.0221
191.0,32,1,-5.56,-109.32,3.13,50.0,0.0663,-0.019
191.0,33,3,-19.3,-99.3,17.61,50.0,0.0006,-0.1691
191.0,34,3,-10.77,-108.85,7.47,50.0,0.0113,-0.0896
191.0,35,1,-13.68,-122.96,8.6,50.0,0.0041,-0.1006
191.0,36,1,-12.0,-116.91,6.53,50.0,0.0074,-0.0861
191.0,37,3,3.25,-63.63,5.87,50.0,0.6078,0.2515
191.0,38,1,1.92,-105.88,2.3,50.0,0.4929,0.1969
191.0,39,6,-40.99,-150.0,69.32,50.0,0.0,-0.2893
191.0,4,3,-22.15,-115.76,28.54,50.0,0.0002,-0.1982
191.0,42,3,-2.62,-101.99,6.07,50.0,0.1656,0.0338
191.0,43,1,-20.2,-119.94,31.14,50.0,0.0004,-0.181
191.0,44,1,-37.46,-118.88,1548.13,50.0,0.0,-0.3682
191.0,45,3,-16.28,-117.7,11.7,50.0,0.0017,-0.1331
191.0,46,1,-18.78,-127.92,23.09,50.0,0.0007,-0.1575
191.0,47,1,-11.8,-115.65,6.34,50.0,0.0079,-0.0844
191.0,48,1,-29.21,-131.97,233.02,50.0,0.0,-0.3642
191.0,49,3,4.46,-64.69,5.85,50.0,0.7025,0.3085
191.0,5,3,-20.94,-110.09,23.02,50.0,0.0003,-0.1809
191.0,50,1,-27.25,-121.21,149.38,50.0,0.0,-0.3544
191.0,51,3,-6.58,-108.12,6.45,50.0,0.0473,-0.0443
191.0,52,3,-29.81,-113.45,138.5,50.0,0.0,-0.3799
191.0,53,1,-8.75,-95.86,4.22,50.0,0.0227,-0.0672
191.0,54,1,-11.46,-109.59,6.02,50.0,0.0089,-0.0818
191.0,55,1,-26.44,-122.87,124.37,50.0,0.0,-0.3504
191.0,56,3,-22.47,-109.62,30.31,50.0,0.0002,-0.2036
191.0,58,3,-13.18,-115.6,8.7,50.0,0.0049,-0.1085
191.0,59,1,-15.34,-120.76,11.62,50.0,0.0023,-0.1161
191.0,6,3,-54.97,-43.14,1392.11,50.0,0.0,-0.4287
191.0,61,3,-19.41,-105.49,17.91,50.0,0.0006,-0.1658
191.0,62,3,-1.73,-113.66,6.02,50.0,0.2135,0.0676
191.0,63,1,-26.03,-130.93,113.3,50.0,0.0,-0.3483
191.0,8,1,-1.64,-52.25,2.53,50.0,0.2184,0.0263
192.0,0,3,-19.71,-109.82,23.26,50.0,0.0005,-0.1854
192.0,1,3,-21.28,-89.02,28.89,50.0,0.0003,-0.2197
192.0,10,3,-51.02,-127.72,1396.59,50.0,0.0,-0.3912
192.0,11,3,-11.14,-105.9,12.09,50.0,0.01,-0.1141
192.0,13,3,-31.14,-113.36,190.4,50.0,0.0,-0.3912
192.0,14,3,4.32,-63.14,10.33,50.0,0.6927,0.282
192.0,15,3,-30.73,-115.24,174.45,50.0,0.0,-0.3912
192.0,16,3,-60.0,-38.47,1396.58,50.0,0.0,-0.4412
192.0,18,3,-11.78,-102.07,12.38,50.0,0.008,-0.1222
192.0,19,3,2.52,-60.78,10.35,50.0,0.5456,0.1952
192.0,2,3,-15.25,-101.73,14.93,50.0,0.0024,-0.1499
192.0,20,1,2.28,-57.93,0.74,50.0,0.5246,0.1904
192.0,21,3,-20.27,-113.31,25.04,50.0,0.0004,-0.1917
192.0,22,3,-12.58,-102.26,12.8,50.0,0.006,-0.1285
192.0,23,1,-39.96,-140.02,2745.92,50.0,0.0,-0.3587
192.0,24,3,-17.82,-99.93,18.69,50.0,0.001,-0.1732
192.0,25,3,-11.64,-100.47,12.31,50.0,0.0084,-0.1222
192.0,26,3,-60.0,-64.14,1396.58,50.0,0.0,-0.424
192.0,27,3,2.58,-63.6,10.35,50.0,0.5504,0.1999
192.0,28,3,-39.69,-119.62,1300.68,50.0,0.0,-0.3912
192.0,3,3,-23.62,-107.82,42.2,50.0,0.0001,-0.2449
192.0,30,3,-22.05,-105.6,32.51,50.0,0.0002,-0.2191
192.0,31,3,-0.09,-62.74,10.42,50.0,0.325,0.0766
192.0,32,3,-4.03,-94.44,10.64,50.0,0.1081,-0.0271
192.0,33,3,-18.62,-103.51,20.39,50.0,0.0007,-0.1783
192.0,34,3,-17.88,-111.98,18.8,50.0,0.0009,-0.1665
192.0,35,1,-11.12,-124.46,4.18,50.0,0.01,-0.066
192.0,36,1,-12.28,-131.13,5.28,50.0,0.0067,-0.0759
192.0,38,3,-13.14,-93.0,13.14,50.0,0.005,-0.1395
192.0,39,1,3.24,-119.6,0.7,50.0,0.607,0.2676
192.0,4,3,-36.19,-113.36,587.23,50.0,0.0,-0.3912
192.0,41,3,-3.45,-60.72,10.59,50.0,0.1293,-0.0373
192.0,42,3,-15.6,-102.47,15.33,50.0,0.0021,-0.1522
192.0,43,3,-12.6,-106.9,12.81,50.0,0.006,-0.1254
192.0,44,3,-28.77,-114.03,114.64,50.0,0.0,-0.385
192.0,45,3,-21.54,-116.91,30.05,50.0,0.0003,-0.2083
192.0,46,1,-14.72,-119.62,8.81,50.0,0.0029,-0.0975
192.0,47,3,-14.86,-100.11,14.53,50.0,0.0027,-0.1479
192.0,48,3,-21.14,-122.64,28.3,50.0,0.0003,-0.2028
192.0,49,3,-2.59,-58.91,10.54,50.0,0.1669,-0.0154
192.0,5,3,-29.43,-107.51,131.73,50.0,0.0,-0.3901
192.0,50,3,-37.31,-112.85,756.72,50.0,0.0,-0.3912
192.0,51,3,-6.94,-111.18,10.97,50.0,0.0419,-0.0673
192.0,52,1,-28.99,-131.71,220.29,50.0,0.0,-0.3536
192.0,53,3,-1.85,-101.21,10.5,50.0,0.2065,0.038
192.0,54,3,-18.85,-115.9,20.94,50.0,0.0007,-0.176
192.0,55,3,-31.81,-111.59,220.78,50.0,0.0,-0.3912
192.0,56,1,-13.46,-125.1,6.75,50.0,0.0044,-0.0861
192.0,58,3,-3.06,-100.47,10.56,50.0,0.1456,0.0013
192.0,59,3,-9.46,-109.24,11.51,50.0,0.0178,-0.0966
192.0,6,3,-60.0,-42.41,1396.58,50.0,0.0,-0.4395
192.0,61,3,-8.12,-105.54,11.19,50.0,0.0281,-0.0852
192.0,62,1,-3.08,-126.89,1.15,50.0,0.1446,0.0415
192.0,63,3,-28.45,-119.35,107.35,50.0,0.0,-0.3834
192.0,9,3,2.09,-61.98,10.36,50.0,0.5079,0.1753
193.0,0,3,-19.13,-110.44,17.87,50.0,0.0006,-0.1629
193.0,10,1,-53.12,-135.4,2774.2,50.0,0.0,-0.3656
193.0,11,1,-6.16,-116.0,2.75,50.0,0.0543,-0.0235
193.0,13,3,-22.05,-113.44,28.76,50.0,0.0002,-0.2
193.0,14,3,-1.68,-58.67,6.73,50.0,0.2164,0.0293
193.0,15,1,-25.37,-126.32,97.19,50.0,0.0,-0.3367
193.0,16,3,-60.0,-41.16,1392.82,50.0,0.0,-0.432
193.0,18,3,-10.96,-101.54,8.26,50.0,0.0106,-0.0998
193.0,2,3,-14.43,-101.16,10.38,50.0,0.0032,-0.1278
193.0,21,3,-22.85,-119.21,33.24,50.0,0.0002,-0.213
193.0,22,3,-2.47,-99.98,6.77,50.0,0.1729,0.0335
193.0,23,3,-20.68,-117.0,22.76,50.0,0.0004,-0.1808
193.0,24,3,-22.78,-108.63,32.84,50.0,0.0002,-0.2128
193.0,25,3,-12.63,-108.25,9.07,50.0,0.0059,-0.1087
193.0,26,3,-24.02,-117.51,41.53,50.0,0.0001,-0.2356
193.0,27,3,1.44,-67.42,6.62,50.0,0.4508,0.164
193.0,28,3,-26.65,-123.79,70.6,50.0,0.0,-0.3071
193.0,3,3,-16.92,-106.74,13.35,50.0,0.0013,-0.1442
193.0,30,3,-15.9,-102.73,11.93,50.0,0.0019,-0.1385
193.0,31,3,3.09,-65.1,6.59,50.0,0.5945,0.2417
193.0,32,3,-8.61,-104.76,7.54,50.0,0.0238,-0.0752
193.0,33,3,-22.4,-112.85,30.64,50.0,0.0002,-0.2055
193.0,34,1,-7.68,-104.95,3.23,50.0,0.0327,-0.0458
193.0,35,1,-11.88,-94.96,5.87,50.0,0.0077,-0.0921
193.0,36,1,-21.32,-128.54,39.17,50.0,0.0003,-0.2001
193.0,39,1,-13.85,-115.27,8.32,50.0,0.0039,-0.0984
193.0,4,1,-27.02,-119.3,141.15,50.0,0.0,-0.3506
193.0,41,3,-8.9,-52.86,7.61,50.0,0.0215,-0.1153
193.0,42,1,-19.39,-122.08,25.69,50.0,0.0006,-0.1632
193.0,43,3,-17.27,-112.72,13.92,50.0,0.0012,-0.145
193.0,44,5,-49.21,-150.0,277.28,50.0,0.0,-0.3508
193.0,45,1,-23.58,-119.04,64.85,50.0,0.0001,-0.263
193.0,46,1,-12.56,-125.92,6.6,50.0,0.0061,-0.0871
193.0,47,3,-9.73,-91.36,7.83,50.0,0.0162,-0.096
193.0,48,3,-21.8,-121.68,27.53,50.0,0.0002,-0.1962
193.0,49,3,2.55,-57.99,6.59,50.0,0.5478,0.2104
193.0,5,3,-20.53,-109.41,22.19,50.0,0.0004,-0.1793
193.0,50,1,-15.14,-124.23,10.65,50.0,0.0025,-0.1104
193.0,51,3,2.28,-104.13,6.6,50.0,0.5244,0.2304
193.0,52,3,-28.67,-113.04,108.58,50.0,0.0,-0.376
193.0,54,3,-21.38,-117.03,25.57,50.0,0.0003,-0.1901
193.0,55,1,-34.36,-123.34,758.55,50.0,0.0,-0.3656
193.0,56,1,-17.23,-121.04,16.25,50.0,0.0012,-0.133
193.0,58,3,-19.01,-98.35,17.55,50.0,0.0006,-0.17
193.0,59,3,-23.71,-113.21,39.08,50.0,0.0001,-0.2291
193.0,6,3,-60.0,-41.22,1392.82,50.0,0.0,-0.4319
193.0,61,3,-10.77,-99.09,8.18,50.0,0.0113,-0.0999
193.0,62,1,-11.02,-119.12,5.11,50.0,0.0104,-0.074
193.0,63,3,-39.3,-120.79,1185.14,50.0,0.0,-0.3828
193.0,64,3,-25.61,-120.16,57.01,50.0,0.0001,-0.2746
193.0,9,3,3.42,-58.47,6.58,50.0,0.6214,0.2524
194.0,0,1,-21.85,-124.45,43.57,50.0,0.0002,-0.2085
194.0,1,1,-8.06,-119.01,2.85,50.0,0.0287,-0.0422
194.0,10,3,-53.51,-127.76,1394.81,50.0,0.0,-0.3875
194.0,11,3,-19.18,-105.75,19.99,50.0,0.0006,-0.1752
194.0,13,3,-26.55,-117.52,71.17,50.0,0.0,-0.3124
194.0,15,3,-29.08,-115.7,120.62,50.0,0.0,-0.3828
194.0,16,3,-60.0,-39.24,1394.8,50.0,0.0,-0.4375
194.0,18,3,-19.14,-99.32,19.88,50.0,0.0006,-0.1793
194.0,19,3,0.28,-62.39,8.63,50.0,0.3542,0.0995
194.0,2,3,-10.11,-92.63,9.93,50.0,0.0142,-0.1073
194.0,20,1,2.02,-59.08,1.23,50.0,0.5017,0.1756
194.0,21,3,-28.92,-112.29,116.58,50.0,0.0,-0.382
194.0,22,3,-12.78,-103.47,11.14,50.0,0.0056,-0.1219
194.0,23,3,-38.4,-123.05,968.16,50.0,0.0,-0.3875
194.0,24,3,-13.81,-107.32,11.84,50.0,0.0039,-0.1272
194.0,25,3,-17.73,-108.27,16.72,50.0,0.001,-0.159
194.0,26,3,-45.82,-64.6,1394.8,50.0,0.0,-0.4199
194.0,27,3,-0.26,-65.65,8.65,50.0,0.3117,0.0787
194.0,28,3,-29.68,-120.02,137.43,50.0,0.0,-0.3858
194.0,3,3,-15.42,-105.33,13.34,50.0,0.0022,-0.1414
194.0,30,3,-8.88,-106.61,9.58,50.0,0.0217,-0.0853
194.0,32,3,-9.87,-97.4,9.85,50.0,0.0155,-0.1016
194.0,33,3,-18.72,-112.69,18.83,50.0,0.0007,-0.1674
194.0,34,1,-7.1,-111.4,2.5,50.0,0.0397,-0.0314
194.0,35,1,-8.9,-103.6,3.23,50.0,0.0215,-0.0553
194.0,36,1,-19.96,-129.62,28.53,50.0,0.0005,-0.1688
194.0,39,1,-5.13,-119.01,1.97,50.0,0.0763,-0.0038
194.0,4,3,-27.5,-109.86,86.4,50.0,0.0,-0.3477
194.0,42,1,-16.82,-107.03,14.42,50.0,0.0014,-0.1262
194.0,43,1,-27.54,-112.93,158.59,50.0,0.0,-0.3501
194.0,44,3,-36.01,-118.5,561.23,50.0,0.0,-0.3875
194.0,45,3,-28.18,-119.77,99.59,50.0,0.0,-0.3774
194.0,46,3,-17.11,-99.96,15.63,50.0,0.0012,-0.1594
194.0,47,1,-13.7,-100.46,7.57,50.0,0.0041,-0.0997
194.0,48,3,-23.73,-115.72,41.24,50.0,0.0001,-0.2382
194.0,5,3,-21.72,-112.23,29.11,50.0,0.0002,-0.2037
194.0,50,3,-37.91,-113.63,866.14,50.0,0.0,-0.3875
194.0,51,3,-8.23,-111.55,9.43,50.0,0.0271,-0.0759
194.0,52,3,-24.31,-112.2,45.94,50.0,0.0001,-0.2506
194.0,54,3,-16.88,-115.16,15.26,50.0,0.0013,-0.1502
194.0,55,3,-20.26,-112.09,23.23,50.0,0.0004,-0.1843
194.0,56,3,-28.25,-109.0,101.1,50.0,0.0,-0.3793
194.0,57,3,-9.78,-103.55,9.82,50.0,0.0159,-0.0964
194.0,58,3,-9.69,-99.42,9.8,50.0,0.0165,-0.0985
194.0,59,1,-13.27,-129.82,6.96,50.0,0.0048,-0.0891
194.0,6,3,-60.0,-33.22,1394.8,50.0,0.0,-0.4375
194.0,60,3,-11.49,-99.74,10.46,50.0,0.0088,-0.1142
194.0,61,3,-10.17,-103.88,9.95,50.0,0.0139,-0.0998
194.0,62,3,-11.05,-113.63,10.27,50.0,0.0103,-0.1031
194.0,63,3,-35.64,-117.26,516.7,50.0,0.0,-0.3875
194.0,64,3,-26.61,-115.48,71.95,50.0,0.0,-0.3143
195.0,0,1,-18.4,-120.14,21.11,50.0,0.0008,-0.1505
195.0,1,3,-33.56,-92.63,321.0,50.0,0.0,-0.3944
195.0,10,3,-43.3,-131.88,1392.53,50.0,0.0,-0.382
195.0,11,3,-11.76,-107.44,8.3,50.0,0.008,-0.1009
195.0,13,1,-27.48,-121.83,157.2,50.0,0.0,-0.3545
195.0,14,3,-7.05,-58.58,6.93,50.0,0.0404,-0.0882
195.0,15,1,-31.16,-128.87,363.85,50.0,0.0,-0.3672
195.0,16,3,-60.0,-26.48,1392.52,50.0,0.0,-0.432
195.0,17,3,-1.6,-55.0,6.42,50.0,0.2212,0.0308
195.0,18,3,-25.23,-103.13,52.4,50.0,0.0001,-0.2676
195.0,19,3,-4.84,-58.36,6.64,50.0,0.0837,-0.0525
195.0,2,3,-15.17,-105.77,10.78,50.0,0.0025,-0.129
195.0,20,1,-1.86,-54.23,2.33,50.0,0.2055,0.0226
195.0,21,3,-19.74,-110.65,19.28,50.0,0.0005,-0.1682
195.0,23,1,-26.93,-132.55,138.58,50.0,0.0,-0.3518
195.0,24,3,-1.55,-106.83,6.42,50.0,0.2241,0.0695
195.0,25,3,-10.82,-108.3,7.9,50.0,0.0111,-0.0924
195.0,26,3,-44.12,-61.08,1392.52,50.0,0.0,-0.417
195.0,27,3,-4.84,-61.58,6.64,50.0,0.0837,-0.0503
195.0,28,3,-28.04,-120.24,94.58,50.0,0.0,-0.3613
195.0,3,1,-12.47,-117.56,6.81,50.0,0.0063,-0.0886
195.0,30,3,-11.38,-103.46,8.13,50.0,0.0092,-0.1006
195.0,31,3,-0.69,-61.35,6.38,50.0,0.2809,0.0687
195.0,32,3,-4.54,-111.77,6.62,50.0,0.092,-0.0097
195.0,33,1,-19.7,-115.79,27.78,50.0,0.0005,-0.1706
195.0,34,1,-10.08,-109.2,4.73,50.0,0.0144,-0.0685
195.0,35,1,-12.31,-99.74,6.63,50.0,0.0066,-0.0946
195.0,36,1,-14.96,-123.18,10.6,50.0,0.0026,-0.1109
195.0,37,3,-3.06,-62.63,6.5,50.0,0.1454,-0.0085
195.0,39,1,-11.05,-124.79,5.44,50.0,0.0103,-0.0765
195.0,4,3,-29.42,-108.63,127.59,50.0,0.0,-0.38
195.0,42,3,-15.49,-111.19,11.14,50.0,0.0022,-0.1286
195.0,43,3,-22.48,-112.23,30.79,50.0,0.0002,-0.2055
195.0,44,3,-25.63,-112.6,56.88,50.0,0.0001,-0.2737
195.0,45,3,-22.61,-118.0,31.51,50.0,0.0002,-0.2076
195.0,46,3,-14.27,-107.14,9.93,50.0,0.0034,-0.1209
195.0,47,1,-7.4,-108.45,3.43,50.0,0.036,-0.0423
195.0,48,3,-27.93,-123.03,92.21,50.0,0.0,-0.356
195.0,5,3,-12.15,-107.5,8.5,50.0,0.007,-0.104
195.0,50,3,-16.05,-118.81,11.8,50.0,0.0018,-0.1331
195.0,51,4,-5.83,-150.0,0.6,50.0,0.0606,0.0101
195.0,52,3,-22.66,-114.92,31.78,50.0,0.0002,-0.2084
195.0,54,1,-16.63,-103.85,14.68,50.0,0.0015,-0.1326
195.0,55,1,-26.49,-123.22,125.5,50.0,0.0,-0.3496
195.0,56,3,-22.69,-106.15,31.98,50.0,0.0002,-0.2117
195.0,57,3,-12.27,-88.78,8.57,50.0,0.0067,-0.1184
195.0,58,1,-12.35,-115.12,6.67,50.0,0.0065,-0.0876
195.0,59,3,-28.02,-115.36,94.05,50.0,0.0,-0.3601
195.0,6,3,-60.0,-30.52,1392.52,50.0,0.0,-0.432
195.0,60,3,-17.14,-108.99,13.39,50.0,0.0012,-0.1432
195.0,61,3,-5.61,-109.2,6.73,50.0,0.0652,-0.0303
195.0,62,1,-13.64,-127.11,8.31,50.0,0.0042,-0.0987
195.0,63,1,-39.15,-126.23,2283.91,50.0,0.0,-0.3672
195.0,64,1,-34.7,-122.71,819.91,50.0,0.0,-0.3672
195.0,8,1,-1.37,-59.35,2.28,50.0,0.2351,0.0412
195.0,9,3,0.71,-62.41,6.33,50.0,0.3886,0.1282
196.0,0,3,-11.04,-108.15,9.68,50.0,0.0103,-0.1019
196.0,1,3,-6.89,-94.73,8.59,50.0,0.0426,-0.0677
196.0,10,3,-49.88,-129.1,1394.21,50.0,0.0,-0.3861
196.0,11,1,-13.57,-125.5,7.47,50.0,0.0043,-0.0925
196.0,13,3,-21.77,-119.54,28.77,50.0,0.0002,-0.2019
196.0,15,1,-35.63,-139.14,1015.78,50.0,0.0,-0.3631
196.0,16,3,-60.0,-34.87,1394.21,50.0,0.0,-0.4361
196.0,17,1,-3.31,-67.09,1.75,50.0,0.1348,-0.0001
196.0,18,3,-6.44,-109.73,8.52,50.0,0.0496,-0.0505
196.0,19,3,-54.6,-60.72,1394.21,50.0,0.0,-0.4213
196.0,2,3,-13.33,-95.35,10.89,50.0,0.0047,-0.1295
196.0,21,3,-23.98,-109.34,42.55,50.0,0.0001,-0.2412
196.0,23,1,-32.89,-132.1,541.11,50.0,0.0,-0.3631
196.0,24,3,-9.61,-102.93,9.18,50.0,0.0169,-0.0927
196.0,25,3,-16.61,-108.88,14.27,50.0,0.0015,-0.1461
196.0,26,3,-48.73,-59.88,1394.21,50.0,0.0,-0.4219
196.0,28,3,-31.07,-117.16,185.41,50.0,0.0,-0.3861
196.0,3,3,-26.08,-105.06,64.18,50.0,0.0,-0.2982
196.0,30,3,-10.22,-101.35,9.37,50.0,0.0137,-0.0995
196.0,31,3,-0.51,-64.46,8.06,50.0,0.2933,0.0704
196.0,32,3,-10.04,-100.39,9.31,50.0,0.0146,-0.0985
196.0,33,1,-11.74,-120.46,5.3,50.0,0.0081,-0.0768
196.0,34,5,-39.16,-150.0,228.32,50.0,0.0,-0.3507
196.0,35,1,-3.79,-121.92,1.82,50.0,0.1164,0.0202
196.0,36,1,-18.63,-107.01,21.4,50.0,0.0007,-0.1504
196.0,37,1,-1.28,-64.24,1.52,50.0,0.2407,0.0531
196.0,39,1,-20.51,-112.07,32.36,50.0,0.0004,-0.1798
196.0,4,3,-15.51,-113.15,12.85,50.0,0.0022,-0.1362
196.0,42,1,-7.5,-119.62,2.72,50.0,0.0347,-0.0368
196.0,43,3,-23.65,-114.3,40.06,50.0,0.0001,-0.2341
196.0,44,3,-25.51,-112.84,57.27,50.0,0.0001,-0.278
196.0,45,3,-28.73,-118.72,111.38,50.0,0.0,-0.3797
196.0,46,3,-9.5,-93.29,9.15,50.0,0.0175,-0.0986
196.0,47,3,-3.48,-96.66,8.22,50.0,0.1279,-0.0027
196.0,48,3,-26.2,-125.17,65.72,50.0,0.0,-0.2984
196.0,49,3,0.05,-55.85,8.04,50.0,0.3355,0.0872
196.0,5,3,-15.28,-105.46,12.59,50.0,0.0024,-0.1376
196.0,50,1,-28.18,-134.21,183.54,50.0,0.0,-0.3539
196.0,51,3,-19.81,-110.22,21.17,50.0,0.0005,-0.1765
196.0,52,3,-17.48,-109.56,15.68,50.0,0.0011,-0.1533
196.0,54,3,-14.2,-116.06,11.56,50.0,0.0034,-0.1259
196.0,55,3,-22.3,-113.91,31.48,50.0,0.0002,-0.21
196.0,56,3,-13.16,-111.77,10.78,50.0,0.0049,-0.1177
196.0,57,3,-10.4,-99.36,9.43,50.0,0.0129,-0.1025
196.0,58,3,0.11,-105.49,8.04,50.0,0.3405,0.1254
196.0,59,3,-13.58,-113.62,11.08,50.0,0.0043,-0.121
196.0,6,3,-60.0,-30.44,1394.21,50.0,0.0,-0.4361
196.0,60,3,-16.15,-94.69,13.62,50.0,0.0017,-0.1524
196.0,61,1,-8.31,-115.2,3.04,50.0,0.0264,-0.0455
196.0,62,1,-13.29,-127.32,7.08,50.0,0.0047,-0.0901
196.0,63,3,-34.36,-116.78,386.59,50.0,0.0,-0.3861
196.0,64,3,-34.85,-110.86,431.6,50.0,0.0,-0.3861
196.0,65,1,-1.71,-111.59,1.57,50.0,0.2142,0.0725
196.0,8,3,3.38,-57.8,7.96,50.0,0.6186,0.2442
197.0,0,1,-23.89,-123.83,69.12,50.0,0.0001,-0.2706
197.0,1,3,-19.31,-91.99,19.4,50.0,0.0006,-0.1824
197.0,10,3,-44.33,-131.27,1393.88,50.0,0.0,-0.3854
197.0,11,3,-19.5,-110.49,19.95,50.0,0.0005,-0.1717
197.0,13,3,-24.17,-112.63,43.79,50.0,0.0001,-0.2435
197.0,15,3,-23.84,-119.85,41.11,50.0,0.0001,-0.2364
197.0,16,3,-60.0,-32.62,1393.88,50.0,0.0,-0.4354
197.0,18,3,-11.15,-113.52,9.39,50.0,0.0099,-0.1001
197.0,19,3,-47.18,-57.27,1393.88,50.0,0.0,-0.4231
197.0,21,3,-8.95,-106.24,8.67,50.0,0.0212,-0.0824
197.0,23,3,-34.96,-118.66,441.52,50.0,0.0,-0.3854
197.0,24,3,-15.02,-104.62,11.99,50.0,0.0026,-0.1347
197.0,25,3,-10.28,-109.18,9.06,50.0,0.0134,-0.0931
197.0,26,3,-35.36,-62.33,483.77,50.0,0.0,-0.4194
197.0,27,3,1.53,-55.72,7.67,50.0,0.4589,0.1553
197.0,28,3,-32.2,-117.63,237.77,50.0,0.0,-0.3853
197.0,3,1,-19.89,-114.64,28.21,50.0,0.0005,-0.1684
197.0,30,3,-15.33,-106.59,12.31,50.0,0.0023,-0.1358
197.0,31,3,-3.68,-54.62,7.9,50.0,0.1205,-0.0361
197.0,32,3,-1.6,-109.59,7.78,50.0,0.2211,0.0637
197.0,33,3,-22.33,-100.61,31.27,50.0,0.0002,-0.2157
197.0,34,3,-5.2,-101.92,8.04,50.0,0.0744,-0.0344
197.0,35,3,-26.75,-89.87,73.21,50.0,0.0,-0.3298
197.0,36,1,-14.6,-130.08,9.15,50.0,0.003,-0.1019
197.0,38,3,-6.42,-59.45,8.19,50.0,0.0499,-0.0847
197.0,39,1,-0.55,-117.99,1.47,50.0,0.2904,0.1102
197.0,4,3,-16.92,-110.91,14.41,50.0,0.0013,-0.1466
197.0,41,3,-4.64,-48.43,7.98,50.0,0.0891,-0.0618
197.0,42,1,-3.07,-122.81,1.72,50.0,0.1449,0.0362
197.0,43,3,-23.07,-107.57,35.67,50.0,0.0002,-0.2233
197.0,44,3,-32.83,-109.79,273.3,50.0,0.0,-0.3855
197.0,45,3,-11.34,-121.26,9.47,50.0,0.0093,-0.1016
197.0,47,3,-15.69,-94.95,12.72,50.0,0.002,-0.147
197.0,48,3,-26.16,-113.78,64.88,50.0,0.0,-0.2957
197.0,5,3,-17.18,-109.98,14.82,50.0,0.0012,-0.1489
197.0,50,3,-21.99,-109.22,29.48,50.0,0.0002,-0.2043
197.0,51,1,-5.8,-110.18,2.21,50.0,0.0613,-0.015
197.0,52,3,-21.28,-108.06,26.19,50.0,0.0003,-0.1948
197.0,54,3,-17.62,-112.31,15.61,50.0,0.001,-0.1529
197.0,55,1,-24.02,-124.29,71.2,50.0,0.0001,-0.2754
197.0,56,1,-30.11,-114.75,285.75,50.0,0.0,-0.3631
197.0,57,1,-17.88,-123.3,18.17,50.0,0.001,-0.1378
197.0,58,1,-15.24,-120.71,10.44,50.0,0.0024,-0.1081
197.0,59,3,-10.92,-117.97,9.3,50.0,0.0107,-0.0981
197.0,6,3,-60.0,-32.32,1393.88,50.0,0.0,-0.4354
197.0,60,3,3.01,-106.32,7.64,50.0,0.5877,0.2626
197.0,61,3,-15.98,-108.69,13.07,50.0,0.0018,-0.1396
197.0,62,1,-19.16,-118.97,24.0,50.0,0.0006,-0.1562
197.0,63,3,-33.06,-121.28,287.72,50.0,0.0,-0.3854
197.0,64,1,-27.53,-127.11,158.16,50.0,0.0,-0.3507
197.0,65,6,-45.71,-150.0,69.32,50.0,0.0,-0.2892
198.0,0,3,-19.39,-107.36,20.98,50.0,0.0006,-0.178
198.0,1,3,-18.89,-96.69,19.67,50.0,0.0007,-0.1804
198.0,10,3,-38.73,-128.38,1042.98,50.0,0.0,-0.3884
198.0,11,3,-14.74,-106.82,13.08,50.0,0.0028,-0.1367
198.0,13,1,-21.8,-120.51,42.91,50.0,0.0002,-0.206
198.0,15,1,-35.99,-135.16,1101.53,50.0,0.0,-0.3615
198.0,16,3,-60.0,-39.56,1395.24,50.0,0.0,-0.4384
198.0,18,3,-21.31,-105.79,27.69,50.0,0.0003,-0.2026
198.0,19,3,-53.52,-65.23,1395.24,50.0,0.0,-0.4204
198.0,21,3,-23.48,-106.45,39.83,50.0,0.0001,-0.2376
198.0,23,3,-29.61,-120.17,135.61,50.0,0.0,-0.3864
198.0,24,3,-9.74,-95.71,10.25,50.0,0.0162,-0.1035
198.0,25,3,-10.21,-109.26,10.4,50.0,0.0137,-0.0982
198.0,26,3,-52.33,-62.55,1395.24,50.0,0.0,-0.4223
198.0,28,3,-35.58,-119.94,509.69,50.0,0.0,-0.3884
198.0,29,3,4.2,-65.77,8.98,50.0,0.6839,0.284
198.0,3,3,-24.87,-103.75,51.49,50.0,0.0001,-0.2699
198.0,30,3,-9.32,-102.34,10.13,50.0,0.0187,-0.0947
198.0,31,3,-5.85,-42.79,9.48,50.0,0.0603,-0.0935
198.0,32,3,-13.99,-101.26,12.42,50.0,0.0037,-0.1348
198.0,33,1,-12.53,-128.32,5.9,50.0,0.0062,-0.0815
198.0,34,1,-1.07,-127.01,1.28,50.0,0.2543,0.0945
198.0,35,3,-11.72,-111.64,11.0,50.0,0.0082,-0.1105
198.0,36,1,-10.58,-106.04,4.11,50.0,0.0121,-0.0676
198.0,39,1,-19.24,-119.02,24.23,50.0,0.0006,-0.1555
198.0,4,3,-30.86,-113.48,178.1,50.0,0.0,-0.3884
198.0,41,3,-6.89,-42.15,9.62,50.0,0.0426,-0.1096
198.0,42,3,-5.86,-105.39,9.48,50.0,0.0601,-0.049
198.0,43,1,-24.73,-124.28,83.31,50.0,0.0001,-0.3016
198.0,44,3,-29.89,-112.67,144.21,50.0,0.0,-0.3878
198.0,45,3,-22.12,-116.25,31.55,50.0,0.0002,-0.2116
198.0,47,3,-8.31,-98.6,9.88,50.0,0.0264,-0.0867
198.0,48,3,-29.26,-116.89,125.99,50.0,0.0,-0.3846
198.0,5,3,-22.13,-112.72,31.58,50.0,0.0002,-0.2117
198.0,50,3,-29.39,-113.49,129.3,50.0,0.0,-0.3853
198.0,51,3,-16.4,-106.43,14.99,50.0,0.0016,-0.1505
198.0,52,1,-25.09,-120.11,90.36,50.0,0.0,-0.3176
198.0,54,3,-15.28,-112.57,13.63,50.0,0.0024,-0.1387
198.0,55,3,-32.88,-112.69,278.26,50.0,0.0,-0.3884
198.0,56,3,-22.34,-107.81,32.72,50.0,0.0002,-0.2166
198.0,57,3,-12.2,-107.72,11.25,50.0,0.0069,-0.1161
198.0,58,3,-2.73,-104.89,9.2,50.0,0.1604,0.019
198.0,59,3,-13.09,-116.29,11.77,50.0,0.0051,-0.1215
198.0,6,3,-60.0,-44.43,1395.24,50.0,0.0,-0.4353
198.0,60,3,-11.98,-99.79,11.13,50.0,0.0074,-0.12
198.0,61,3,-22.95,-103.92,36.28,50.0,0.0002,-0.2296
198.0,62,1,-15.9,-127.45,11.73,50.0,0.0019,-0.1127
198.0,63,3,-32.41,-123.58,250.36,50.0,0.0,-0.3884
198.0,64,3,-15.21,-116.56,13.54,50.0,0.0024,-0.1382
198.0,65,1,0.73,-115.1,1.15,50.0,0.3909,0.1604
198.0,8,3,0.72,-55.13,9.05,50.0,0.3895,0.1116
199.0,0,3,-15.05,-100.82,10.87,50.0,0.0026,-0.1326
199.0,1,1,-19.87,-121.32,28.86,50.0,0.0005,-0.1739
199.0,10,3,-35.82,-128.82,535.79,50.0,0.0,-0.3826
199.0,11,1,-20.5,-103.72,33.08,50.0,0.0004,-0.19
199.0,13,3,-35.29,-117.28,475.5,50.0,0.0,-0.3826
199.0,15,1,-32.73,-131.71,521.87,50.0,0.0,-0.3674
199.0,16,3,-60.0,-43.5,1392.73,50.0,0.0,-0.4301
199.0,17,3,-7.05,-109.31,7.14,50.0,0.0405,-0.0528
199.0,18,3,-23.82,-111.57,39.82,50.0,0.0001,-0.2309
199.0,19,3,-43.53,-57.93,1392.73,50.0,0.0,-0.4198
199.0,20,3,-0.33,-41.8,6.58,50.0,0.3065,0.0679
199.0,21,3,-20.98,-111.23,23.82,50.0,0.0003,-0.1843
199.0,23,1,-23.63,-130.27,65.87,50.0,0.0001,-0.2671
199.0,24,3,-9.71,-90.65,7.73,50.0,0.0163,-0.0959
199.0,25,1,-21.55,-125.08,41.57,50.0,0.0003,-0.2079
199.0,26,3,-60.0,-55.87,1392.73,50.0,0.0,-0.4213
199.0,27,3,2.35,-55.92,6.51,50.0,0.5302,0.1996
199.0,28,3,-34.88,-121.58,433.0,50.0,0.0,-0.3826
199.0,3,1,-22.73,-115.49,53.91,50.0,0.0002,-0.2386
199.0,30,3,-19.08,-110.68,17.64,50.0,0.0006,-0.162
199.0,31,3,-1.5,-50.57,6.63,50.0,0.2273,0.0301
199.0,32,3,-1.45,-105.98,6.62,50.0,0.2303,0.0714
199.0,33,3,-15.52,-116.78,11.38,50.0,0.0022,-0.1298
199.0,34,1,-0.21,-107.24,2.24,50.0,0.3154,0.1144
199.0,35,1,-7.25,-102.11,3.43,50.0,0.0378,-0.0454
199.0,36,1,-12.7,-107.63,7.12,50.0,0.0058,-0.0925
199.0,37,1,-5.91,-119.76,3.04,50.0,0.059,-0.0225
199.0,39,1,-18.74,-106.74,22.69,50.0,0.0007,-0.158
199.0,4,3,-18.89,-112.17,17.17,50.0,0.0007,-0.16
199.0,40,3,-0.42,-41.94,6.58,50.0,0.3003,0.0646
199.0,41,3,-1.05,-51.66,6.61,50.0,0.2557,0.0469
199.0,42,3,-7.86,-105.26,7.28,50.0,0.0307,-0.066
199.0,43,3,-23.82,-108.47,39.86,50.0,0.0001,-0.2321
199.0,44,3,-33.43,-114.39,311.64,50.0,0.0,-0.3826
199.0,45,1,-12.01,-100.96,6.37,50.0,0.0074,-0.0914
199.0,47,3,-11.21,-94.3,8.27,50.0,0.0097,-0.1067
199.0,48,3,-32.14,-127.01,233.4,50.0,0.0,-0.3825
199.0,5,3,-19.08,-103.23,17.65,50.0,0.0006,-0.1669
199.0,50,1,-21.54,-125.89,41.51,50.0,0.0003,-0.2077
199.0,51,1,-23.18,-111.08,59.57,50.0,0.0001,-0.2522
199.0,52,3,-26.26,-107.66,65.03,50.0,0.0,-0.2954
199.0,54,1,-7.9,-120.33,3.67,50.0,0.0303,-0.0471
199.0,55,1,-26.12,-123.1,115.38,50.0,0.0,-0.3479
199.0,56,3,-11.91,-98.1,8.59,50.0,0.0076,-0.1098
199.0,57,3,-12.25,-110.6,8.77,50.0,0.0068,-0.104
199.0,59,3,-22.01,-122.0,28.46,50.0,0.0002,-0.199
199.0,6,3,-58.69,-43.76,1392.73,50.0,0.0,-0.4299
199.0,60,3,-14.85,-104.44,10.67,50.0,0.0027,-0.1284
199.0,61,1,-15.35,-116.78,11.47,50.0,0.0023,-0.115
199.0,62,1,-26.69,-116.64,131.2,50.0,0.0,-0.3508
199.0,63,3,-46.32,-119.8,1392.73,50.0,0.0,-0.3826
199.0,64,3,-23.81,-117.04,39.74,50.0,0.0001,-0.2307
199.0,65,1,-17.24,-106.66,16.66,50.0,0.0012,-0.1381
199.0,66,3,-9.59,-118.82,7.7,50.0,0.017,-0.081
199.0,8,3,-7.42,-48.14,7.2,50.0,0.0356,-0.1014
200.0,0,3,-21.98,-107.3,33.15,50.0,0.0002,-0.2207
200.0,1,3,-16.42,-97.98,17.34,50.0,0.0016,-0.1661
200.0,10,3,-38.45,-129.5,982.42,50.0,0.0,-0.3932
200.0,11,3,-23.29,-106.54,40.8,50.0,0.0001,-0.2433
200.0,13,3,-24.75,-110.86,52.68,50.0,0.0001,-0.272
200.0,14,3,-5.2,-55.77,11.71,50.0,0.0746,-0.0824
200.0,15,3,-31.33,-117.15,199.55,50.0,0.0,-0.3931
200.0,16,3,-60.0,-45.68,1397.55,50.0,0.0,-0.4391
200.0,17,1,-12.95,-103.76,5.89,50.0,0.0053,-0.0838
200.0,18,3,-22.69,-110.94,37.04,50.0,0.0002,-0.2302
200.0,19,3,-58.63,-61.75,1397.55,50.0,0.0,-0.4277
200.0,21,3,-3.72,-106.73,11.58,50.0,0.1189,-0.0151
200.0,23,3,-31.11,-122.48,190.18,50.0,0.0,-0.3931
200.0,24,3,-9.2,-108.15,12.41,50.0,0.0194,-0.0987
200.0,25,3,-15.01,-107.09,15.65,50.0,0.0026,-0.148
200.0,26,3,-60.0,-61.0,1397.55,50.0,0.0,-0.4282
200.0,27,3,-1.73,-50.55,11.46,50.0,0.2135,0.002
200.0,28,3,-29.38,-117.54,131.39,50.0,0.0,-0.39
200.0,3,3,-15.04,-105.32,15.69,50.0,0.0026,-0.1495
200.0,30,3,-27.19,-109.37,83.9,50.0,0.0,-0.3472
200.0,31,3,-1.35,-48.82,11.44,50.0,0.2365,0.0139
200.0,32,3,-12.06,-106.24,13.49,50.0,0.0072,-0.1254
200.0,33,3,-23.63,-110.8,43.27,50.0,0.0001,-0.2475
200.0,34,3,-1.59,-100.21,11.45,50.0,0.2216,0.0421
200.0,35,3,1.01,-98.56,11.36,50.0,0.4143,0.1466
200.0,36,3,-3.04,-106.29,11.53,50.0,0.1461,0.0019
200.0,37,1,-4.94,-92.89,1.28,50.0,0.081,-0.0059
200.0,39,1,-21.59,-120.88,40.42,50.0,0.0003,-0.1952
200.0,4,3,-16.84,-111.98,17.96,50.0,0.0014,-0.1611
200.0,41,3,-3.67,-57.69,11.58,50.0,0.121,-0.0488
200.0,42,3,-14.78,-105.25,15.42,50.0,0.0028,-0.1475
200.0,43,3,-20.62,-105.69,27.23,50.0,0.0004,-0.203
200.0,44,3,-23.62,-116.07,43.13,50.0,0.0001,-0.2472
200.0,45,3,-10.82,-115.42,12.93,50.0,0.0111,-0.1124
200.0,48,3,-32.54,-115.44,260.29,50.0,0.0,-0.3932
200.0,5,3,-13.47,-108.5,14.34,50.0,0.0044,-0.135
200.0,50,1,-27.34,-118.45,150.85,50.0,0.0,-0.3434
200.0,51,3,-27.25,-104.65,84.77,50.0,0.0,-0.3526
200.0,52,3,-24.14,-108.55,47.2,50.0,0.0001,-0.259
200.0,53,3,-4.17,-97.04,11.62,50.0,0.1035,-0.0323
200.0,54,3,-24.32,-108.75,48.78,50.0,0.0001,-0.2629
200.0,55,1,-30.61,-129.99,319.46,50.0,0.0,-0.3568
200.0,56,3,-25.55,-103.22,61.05,50.0,0.0001,-0.2976
200.0,57,3,0.11,-109.16,11.39,50.0,0.3407,0.1144
200.0,58,1,-8.58,-118.46,2.41,50.0,0.0241,-0.0405
200.0,59,3,-21.74,-107.81,31.96,50.0,0.0002,-0.2167
200.0,6,3,-59.73,-45.59,1397.55,50.0,0.0,-0.4392
200.0,60,3,-14.55,-100.13,15.21,50.0,0.003,-0.1494
200.0,61,3,-25.75,-107.27,63.38,50.0,0.0,-0.3004
200.0,62,3,-18.98,-106.52,22.23,50.0,0.0006,-0.1837
200.0,63,3,-33.71,-117.35,337.02,50.0,0.0,-0.3932
200.0,64,3,-21.29,-116.19,29.93,50.0,0.0003,-0.2088
200.0,65,3,-8.34,-98.88,12.2,50.0,0.0261,-0.0963
200.0,66,3,-8.94,-96.46,12.34,50.0,0.0213,-0.1044
200.0,8,3,-0.82,-51.25,11.42,50.0,0.2715,0.0351
200.0,9,3,-0.73,-59.47,11.41,50.0,0.278,0.0446
201.0,0,1,-23.93,-117.7,71.94,50.0,0.0001,-0.2868
201.0,1,3,-5.77,-97.61,4.34,50.0,0.0619,-0.0294
201.0,10,1,-51.69,-135.0,2776.04,50.0,0.0,-0.3735
201.0,11,1,-29.11,-112.11,229.48,50.0,0.0,-0.369
201.0,13,1,-13.94,-123.65,10.31,50.0,0.0038,-0.1108
201.0,14,3,-0.69,-62.3,3.97,50.0,0.2809,0.0813
201.0,15,1,-38.67,-121.37,2044.57,50.0,0.0,-0.3735
201.0,16,3,-60.0,-43.75,1390.11,50.0,0.0,-0.4223
201.0,17,1,0.8,-109.8,3.66,50.0,0.3966,0.146
201.0,18,3,-29.03,-116.49,114.59,50.0,0.0,-0.37
201.0,19,1,-2.18,-62.29,3.9,50.0,0.1878,0.0099
201.0,20,1,-0.87,-49.03,3.77,50.0,0.2683,0.0409
201.0,21,3,-13.75,-121.16,7.11,50.0,0.004,-0.103
201.0,23,3,-26.14,-124.83,60.88,50.0,0.0,-0.2773
201.0,24,1,-16.39,-103.56,15.52,50.0,0.0016,-0.1395
201.0,25,1,-23.59,-117.69,66.83,50.0,0.0001,-0.2749
201.0,28,3,-25.76,-118.74,56.04,50.0,0.0001,-0.2656
201.0,3,1,-20.69,-115.7,35.96,50.0,0.0004,-0.1984
201.0,30,2,-27.02,-150.0,139.89,50.0,0.0,-0.3358
201.0,31,3,-0.35,-43.36,3.96,50.0,0.3056,0.0813
201.0,32,1,-11.15,-119.24,7.06,50.0,0.0099,-0.0867
201.0,33,3,-14.22,-101.92,7.48,50.0,0.0034,-0.1124
201.0,34,3,-7.74,-113.51,4.64,50.0,0.0321,-0.0483
201.0,35,1,-8.61,-121.08,5.46,50.0,0.0238,-0.0636
201.0,36,1,-4.72,-98.7,4.26,50.0,0.087,-0.0207
201.0,37,1,-15.12,-111.69,12.46,50.0,0.0025,-0.1218
201.0,39,1,-27.0,-112.73,142.29,50.0,0.0,-0.3584
201.0,4,3,-16.21,-114.81,9.62,50.0,0.0017,-0.1226
201.0,42,1,-5.26,-110.24,4.37,50.0,0.073,-0.0217
201.0,43,3,-27.28,-111.26,77.97,50.0,0.0,-0.3172
201.0,44,3,-17.7,-113.92,11.98,50.0,0.001,-0.1357
201.0,45,3,-17.9,-115.69,12.37,50.0,0.0009,-0.1375
201.0,48,3,-17.4,-120.64,11.43,50.0,0.0011,-0.1329
201.0,5,3,-15.31,-104.97,8.53,50.0,0.0023,-0.1189
201.0,50,3,-20.34,-116.36,18.81,50.0,0.0004,-0.1634
201.0,51,3,-14.1,-112.33,7.38,50.0,0.0036,-0.1057
201.0,52,1,-28.88,-123.56,217.61,50.0,0.0,-0.3678
201.0,54,1,-20.7,-110.06,36.03,50.0,0.0004,-0.1986
201.0,55,3,-25.34,-116.59,51.27,50.0,0.0001,-0.254
201.0,56,3,-26.82,-99.39,70.43,50.0,0.0,-0.3074
201.0,57,3,-13.12,-111.41,6.66,50.0,0.005,-0.0981
201.0,58,3,-16.16,-103.75,9.55,50.0,0.0017,-0.1267
201.0,59,1,-5.72,-109.94,4.48,50.0,0.0628,-0.0289
201.0,6,3,-44.69,-51.97,1390.11,50.0,0.0,-0.4164
201.0,60,3,-6.24,-101.38,4.4,50.0,0.0529,-0.0342
201.0,61,3,-11.79,-109.25,5.91,50.0,0.008,-0.0879
201.0,62,1,-20.21,-113.63,32.56,50.0,0.0004,-0.1891
201.0,63,1,-43.73,-122.25,2776.04,50.0,0.0,-0.3735
201.0,64,3,-21.33,-118.14,22.65,50.0,0.0003,-0.1762
201.0,65,1,-11.88,-95.23,7.72,50.0,0.0077,-0.1035
201.0,66,1,-5.17,-106.56,4.35,50.0,0.0752,-0.0227
201.0,8,1,-2.95,-51.07,3.99,50.0,0.1503,-0.018
201.0,9,3,0.04,-62.77,3.95,50.0,0.3347,0.1111
202.0,0,3,-28.84,-105.0,117.82,50.0,0.0,-0.3917
202.0,1,3,-23.04,-108.13,39.63,50.0,0.0002,-0.2393
202.0,10,3,-37.36,-127.12,766.45,50.0,0.0,-0.394
202.0,11,3,-15.33,-108.23,16.43,50.0,0.0023,-0.1515
202.0,13,3,-21.16,-116.81,29.79,50.0,0.0003,-0.2087
202.0,15,3,-33.42,-115.46,316.11,50.0,0.0,-0.394
202.0,16,3,-21.68,-104.85,32.09,50.0,0.0003,-0.2196
202.0,17,3,-6.82,-98.39,12.37,50.0,0.0436,-0.0796
202.0,18,3,-10.09,-108.99,13.12,50.0,0.0143,-0.1084
202.0,19,3,-50.83,-64.73,1398.0,50.0,0.0,-0.4264
202.0,2,3,-1.87,-51.54,11.91,50.0,0.2053,-0.0037
202.0,20,3,-2.32,-44.84,11.93,50.0,0.1808,-0.0228
202.0,21,3,-22.51,-110.81,36.43,50.0,0.0002,-0.2289
202.0,23,3,-20.88,-115.86,28.67,50.0,0.0003,-0.205
202.0,24,3,-4.99,-108.4,12.14,50.0,0.0796,-0.0427
202.0,25,3,-14.46,-109.63,15.57,50.0,0.0031,-0.1436
202.0,26,3,-59.07,-58.7,1398.0,50.0,0.0,-0.4307
202.0,27,3,-3.83,-53.23,12.03,50.0,0.115,-0.0576
202.0,28,3,-28.9,-118.32,119.2,50.0,0.0,-0.3884
202.0,3,3,-2.64,-100.9,11.95,50.0,0.1645,0.0075
202.0,30,3,-17.91,-109.32,20.26,50.0,0.0009,-0.1729
202.0,31,3,1.64,-57.39,11.79,50.0,0.4689,0.145
202.0,32,3,-10.67,-108.44,13.32,50.0,0.0117,-0.1139
202.0,33,3,-15.47,-96.5,16.58,50.0,0.0022,-0.161
202.0,36,3,-11.68,-93.89,13.74,50.0,0.0083,-0.1328
202.0,37,3,-17.92,-91.39,20.29,50.0,0.0009,-0.1858
202.0,39,1,-20.2,-141.83,29.36,50.0,0.0004,-0.1644
202.0,4,3,-24.29,-114.74,48.9,50.0,0.0001,-0.2629
202.0,40,3,-2.22,-43.84,11.93,50.0,0.1857,-0.0206
202.0,42,1,-7.9,-124.65,2.01,50.0,0.0303,-0.0316
202.0,43,1,-24.59,-114.16,80.13,50.0,0.0001,-0.2882
202.0,44,3,-25.59,-113.3,61.97,50.0,0.0001,-0.2957
202.0,45,3,-15.64,-104.94,16.79,50.0,0.0021,-0.1564
202.0,47,3,-0.73,-57.28,11.86,50.0,0.2779,0.0412
202.0,48,3,-28.87,-122.42,118.54,50.0,0.0,-0.3883
202.0,49,3,-3.91,-58.63,12.04,50.0,0.1123,-0.0555
202.0,5,3,-10.46,-101.68,13.24,50.0,0.0126,-0.1169
202.0,50,3,-20.19,-114.01,26.17,50.0,0.0004,-0.1964
202.0,51,3,-19.37,-107.93,23.7,50.0,0.0006,-0.1886
202.0,52,1,-15.58,-131.95,10.33,50.0,0.0021,-0.1018
202.0,54,1,-13.94,-128.22,7.17,50.0,0.0038,-0.0862
202.0,55,3,-30.77,-109.45,177.27,50.0,0.0,-0.3944
202.0,56,3,-19.52,-97.46,24.11,50.0,0.0005,-0.1977
202.0,57,3,-8.17,-96.35,12.61,50.0,0.0277,-0.0979
202.0,58,3,-5.15,-103.67,12.15,50.0,0.0756,-0.0491
202.0,59,3,-26.85,-104.12,78.88,50.0,0.0,-0.3401
202.0,6,6,-56.05,-150.0,69.32,50.0,0.0,-0.2892
202.0,60,3,-17.0,-98.37,18.66,50.0,0.0013,-0.1725
202.0,61,3,-14.47,-99.32,15.58,50.0,0.0031,-0.1511
202.0,62,3,-7.95,-107.7,12.57,50.0,0.0298,-0.0873
202.0,63,3,-35.85,-119.7,544.39,50.0,0.0,-0.394
202.0,64,3,-35.31,-113.93,482.03,50.0,0.0,-0.394
202.0,65,3,-9.54,-108.1,12.95,50.0,0.0173,-0.1038
202.0,66,3,-11.64,-92.65,13.72,50.0,0.0084,-0.1334
202.0,67,3,-37.16,-122.99,732.62,50.0,0.0,-0.394
202.0,8,3,0.9,-48.48,11.8,50.0,0.4053,0.1042
203.0,0,1,-21.96,-118.04,45.97,50.0,0.0002,-0.2208
203.0,1,3,-13.65,-102.06,8.36,50.0,0.0042,-0.1146
203.0,10,3,-46.37,-129.59,1391.45,50.0,0.0,-0.3791
203.0,11,3,-11.62,-102.41,7.17,50.0,0.0084,-0.0983
203.0,13,3,-23.13,-120.34,33.63,50.0,0.0002,-0.2115
203.0,14,1,4.19,-65.46,2.47,50.0,0.6827,0.2595
203.0,15,1,-40.17,-127.78,2774.99,50.0,0.0,-0.3694
203.0,16,3,-60.0,-49.88,1391.45,50.0,0.0,-0.422
203.0,17,3,-23.92,-106.76,39.37,50.0,0.0001,-0.2294
203.0,18,3,-25.36,-115.39,52.77,50.0,0.0001,-0.2612
203.0,2,1,-2.21,-59.92,2.85,50.0,0.1863,0.0137
203.0,20,1,2.43,-46.44,2.53,50.0,0.5374,0.1741
203.0,21,3,-12.2,-104.92,7.45,50.0,0.0069,-0.1011
203.0,23,3,-31.06,-108.39,182.26,50.0,0.0,-0.3802
203.0,24,3,-11.55,-103.67,7.13,50.0,0.0086,-0.0968
203.0,25,1,-7.8,-118.81,4.07,50.0,0.0314,-0.0489
203.0,26,3,-15.72,-111.25,10.33,50.0,0.002,-0.1254
203.0,28,3,-29.55,-121.53,130.01,50.0,0.0,-0.3768
203.0,3,3,-17.33,-100.97,12.65,50.0,0.0012,-0.1455
203.0,30,3,-7.72,-102.56,5.97,50.0,0.0322,-0.0602
203.0,31,3,4.05,-62.92,5.19,50.0,0.672,0.2918
203.0,32,1,-7.17,-129.61,3.84,50.0,0.0388,-0.0418
203.0,33,3,-14.31,-119.04,8.89,50.0,0.0033,-0.1141
203.0,36,3,-12.56,-118.86,7.65,50.0,0.0061,-0.1004
203.0,37,3,-15.11,-109.47,9.65,50.0,0.0025,-0.1208
203.0,39,6,-30.04,-150.0,7.01,50.0,0.0,-0.1638
203.0,4,3,-23.78,-116.04,38.22,50.0,0.0001,-0.224
203.0,40,1,0.23,-48.66,2.64,50.0,0.3499,0.0863
203.0,42,3,1.41,-108.52,5.24,50.0,0.4488,0.1987
203.0,43,3,-25.12,-111.93,50.25,50.0,0.0001,-0.2549
203.0,44,3,-35.92,-118.32,546.57,50.0,0.0,-0.3791
203.0,45,1,-14.59,-121.97,10.37,50.0,0.003,-0.1106
203.0,46,1,-5.13,-58.08,3.3,50.0,0.0761,-0.0505
203.0,48,3,-26.77,-119.48,71.03,50.0,0.0,-0.3048
203.0,49,3,-6.61,-49.38,5.78,50.0,0.0468,-0.0835
203.0,5,1,-8.8,-123.18,4.5,50.0,0.0223,-0.0592
203.0,50,1,-27.01,-123.48,141.69,50.0,0.0,-0.3544
203.0,51,3,-25.42,-111.61,53.39,50.0,0.0001,-0.2627
203.0,52,1,-26.47,-116.54,125.37,50.0,0.0,-0.3517
203.0,54,1,-12.27,-109.54,7.08,50.0,0.0067,-0.0904
203.0,55,3,-38.36,-114.6,956.36,50.0,0.0,-0.3791
203.0,56,1,-13.63,-112.73,8.79,50.0,0.0042,-0.1018
203.0,57,1,-10.32,-118.38,5.38,50.0,0.0132,-0.0733
203.0,58,3,-9.87,-112.88,6.5,50.0,0.0155,-0.0775
203.0,59,3,-0.84,-106.4,5.31,50.0,0.2704,0.1002
203.0,6,3,-60.0,-44.76,1391.45,50.0,0.0,-0.4257
203.0,60,3,-9.53,-110.23,6.4,50.0,0.0173,-0.0744
203.0,61,1,-15.72,-112.62,12.74,50.0,0.002,-0.1216
203.0,62,3,-24.09,-112.33,40.69,50.0,0.0001,-0.2306
203.0,63,1,-37.51,-127.56,1564.43,50.0,0.0,-0.3694
203.0,64,6,-60.0,-150.0,69.33,50.0,0.0,-0.29
203.0,65,1,-3.15,-104.63,2.96,50.0,0.1418,0.0218
203.0,66,1,-14.59,-101.72,10.37,50.0,0.003,-0.1165
203.0,67,3,-39.03,-119.82,1115.13,50.0,0.0,-0.3791
203.0,8,1,-9.15,-51.36,4.67,50.0,0.0198,-0.1045
203.0,9,1,-3.05,-64.29,2.95,50.0,0.1457,-0.0048
204.0,0,3,-29.04,-111.96,123.27,50.0,0.0,-0.3898
204.0,1,3,-10.54,-103.27,13.63,50.0,0.0123,-0.1178
204.0,10,3,-60.0,-130.08,1398.36,50.0,0.0,-0.3947
204.0,11,3,-14.02,-93.47,15.56,50.0,0.0037,-0.1531
204.0,13,3,-35.21,-111.74,472.29,50.0,0.0,-0.3947
204.0,14,3,4.22,-59.2,12.09,50.0,0.6847,0.2674
204.0,15,1,-35.3,-139.66,940.7,50.0,0.0,-0.3553
204.0,16,3,-60.0,-49.27,1398.35,50.0,0.0,-0.4381
204.0,17,3,-23.46,-108.44,42.79,50.0,0.0001,-0.2483
204.0,18,3,-21.59,-107.84,32.03,50.0,0.0003,-0.2175
204.0,19,3,-47.53,-67.76,1398.35,50.0,0.0,-0.4249
204.0,2,3,-7.22,-58.89,12.79,50.0,0.0381,-0.1145
204.0,20,1,-0.68,-48.78,0.62,50.0,0.2816,0.0717
204.0,21,3,-17.32,-102.41,19.54,50.0,0.0012,-0.1738
204.0,23,3,-25.92,-121.42,66.2,50.0,0.0,-0.3065
204.0,24,3,-5.26,-104.38,12.52,50.0,0.0731,-0.0519
204.0,25,3,-11.39,-105.04,13.97,50.0,0.0091,-0.1239
204.0,26,3,-45.91,-64.43,1398.35,50.0,0.0,-0.4272
204.0,28,3,-36.37,-123.4,613.01,50.0,0.0,-0.3947
204.0,3,3,-17.25,-104.81,19.41,50.0,0.0012,-0.1714
204.0,30,3,-27.79,-103.56,95.38,50.0,0.0,-0.3789
204.0,31,3,-1.88,-59.17,12.26,50.0,0.2046,-0.0
204.0,32,3,-19.18,-103.92,23.53,50.0,0.0006,-0.1908
204.0,33,3,-9.91,-101.84,13.41,50.0,0.0153,-0.1131
204.0,37,3,-18.24,-102.56,21.3,50.0,0.0008,-0.1822
204.0,38,3,-20.03,-88.8,26.03,50.0,0.0004,-0.2111
204.0,39,1,-10.94,-131.65,3.75,50.0,0.0107,-0.0604
204.0,4,3,-38.01,-109.2,888.89,50.0,0.0,-0.3953
204.0,40,1,0.59,-49.24,0.53,50.0,0.3793,0.119
204.0,41,3,-7.72,-58.95,12.87,50.0,0.0322,-0.1207
204.0,42,3,-8.19,-103.18,12.97,50.0,0.0275,-0.0946
204.0,43,3,-29.51,-109.05,135.93,50.0,0.0,-0.3928
204.0,44,3,-31.04,-113.52,188.3,50.0,0.0,-0.3946
204.0,45,3,-15.49,-109.22,16.96,50.0,0.0022,-0.1534
204.0,46,3,-1.47,-60.38,12.24,50.0,0.2292,0.0149
204.0,47,3,-1.17,-36.8,12.23,50.0,0.2479,0.0109
204.0,48,1,-36.59,-147.0,1263.53,50.0,0.0,-0.3553
204.0,5,3,-22.86,-107.31,38.84,50.0,0.0002,-0.2381
204.0,50,3,-16.01,-113.53,17.59,50.0,0.0018,-0.1572
204.0,51,3,-10.75,-108.1,13.7,50.0,0.0114,-0.1162
204.0,52,3,-26.57,-106.08,75.04,50.0,0.0,-0.3302
204.0,54,3,-10.97,-108.85,13.79,50.0,0.0106,-0.1176
204.0,55,3,-20.63,-112.2,28.08,50.0,0.0004,-0.2031
204.0,56,3,-19.09,-103.57,23.3,50.0,0.0006,-0.1901
204.0,57,3,-7.9,-103.06,12.91,50.0,0.0303,-0.0914
204.0,58,3,-10.38,-105.51,13.57,50.0,0.013,-0.1148
204.0,59,3,-11.55,-102.8,14.04,50.0,0.0086,-0.1268
204.0,6,3,-59.41,-47.58,1398.35,50.0,0.0,-0.4393
204.0,60,3,-16.87,-99.6,18.79,50.0,0.0014,-0.1718
204.0,61,3,-13.06,-108.7,14.86,50.0,0.0051,-0.1347
204.0,62,1,-16.56,-124.13,12.85,50.0,0.0015,-0.1123
204.0,63,3,-37.67,-120.31,822.66,50.0,0.0,-0.3947
204.0,64,3,-34.5,-116.42,402.47,50.0,0.0,-0.3947
204.0,65,3,-8.19,-95.27,12.97,50.0,0.0275,-0.1002
204.0,66,3,-8.84,-102.16,13.12,50.0,0.022,-0.1024
204.0,67,3,-33.14,-116.83,297.41,50.0,0.0,-0.3947
204.0,7,3,-6.02,-98.07,12.61,50.0,0.057,-0.0693
204.0,9,3,-0.78,-57.72,12.22,50.0,0.2742,0.0381
205.0,0,1,-29.76,-108.69,264.64,50.0,0.0,-0.3691
205.0,1,3,-11.93,-94.67,7.06,50.0,0.0076,-0.105
205.0,10,3,-49.97,-129.28,1391.19,50.0,0.0,-0.3783
205.0,11,3,-18.74,-107.75,15.28,50.0,0.0007,-0.1528
205.0,13,3,-21.83,-112.64,26.0,50.0,0.0002,-0.1889
205.0,14,3,1.98,-59.33,4.97,50.0,0.4983,0.1918
205.0,15,3,-24.95,-118.04,48.26,50.0,0.0001,-0.2493
205.0,16,3,-60.0,-50.85,1391.19,50.0,0.0,-0.4206
205.0,17,1,-12.69,-111.96,7.55,50.0,0.0058,-0.0936
205.0,18,3,-7.15,-114.74,5.61,50.0,0.0391,-0.0464
205.0,19,3,-53.17,-62.16,1391.19,50.0,0.0,-0.4125
205.0,21,3,-23.48,-101.87,35.77,50.0,0.0001,-0.2227
205.0,23,1,-23.75,-125.99,68.12,50.0,0.0001,-0.2742
205.0,24,1,-13.65,-107.86,8.82,50.0,0.0042,-0.1035
205.0,25,1,-31.76,-107.64,418.09,50.0,0.0,-0.3711
205.0,26,3,-51.11,-60.24,1391.19,50.0,0.0,-0.4139
205.0,28,3,-33.58,-119.62,321.12,50.0,0.0,-0.3783
205.0,3,2,-18.48,-150.0,19.7,50.0,0.0008,-0.1317
205.0,30,3,-16.37,-101.11,10.91,50.0,0.0016,-0.1358
205.0,32,3,-10.36,-108.99,6.4,50.0,0.0131,-0.0815
205.0,33,3,-15.65,-101.85,9.99,50.0,0.0021,-0.1293
205.0,37,3,-17.57,-97.28,12.82,50.0,0.0011,-0.149
205.0,38,3,-8.97,-105.27,5.99,50.0,0.0211,-0.0708
205.0,39,6,-49.66,-150.0,69.32,50.0,0.0,-0.2892
205.0,4,3,-21.02,-114.54,22.43,50.0,0.0003,-0.1775
205.0,42,1,-20.48,-100.23,33.38,50.0,0.0004,-0.195
205.0,43,3,-17.32,-114.83,12.38,50.0,0.0012,-0.1377
205.0,44,3,-29.07,-112.24,116.79,50.0,0.0,-0.3736
205.0,45,1,-9.8,-127.24,5.04,50.0,0.0158,-0.0686
205.0,48,1,-36.28,-119.0,1180.36,50.0,0.0,-0.3694
205.0,5,3,-24.91,-97.09,47.8,50.0,0.0001,-0.2574
205.0,50,1,-19.47,-115.89,26.91,50.0,0.0005,-0.1699
205.0,51,3,-23.89,-109.37,38.85,50.0,0.0001,-0.2256
205.0,52,1,-18.98,-122.26,24.32,50.0,0.0006,-0.1622
205.0,54,1,-21.12,-104.17,38.29,50.0,0.0003,-0.2053
205.0,55,1,-32.13,-114.46,455.35,50.0,0.0,-0.3694
205.0,56,3,-13.84,-97.41,8.25,50.0,0.0039,-0.1182
205.0,57,1,-8.17,-111.86,4.21,50.0,0.0277,-0.0528
205.0,58,1,-9.55,-113.48,4.9,50.0,0.0172,-0.0664
205.0,59,3,-24.95,-102.41,48.26,50.0,0.0001,-0.2547
205.0,6,3,-60.0,-48.56,1391.19,50.0,0.0,-0.4222
205.0,60,3,-6.17,-114.9,5.47,50.0,0.0542,-0.0324
205.0,61,3,-24.33,-108.25,42.5,50.0,0.0001,-0.2359
205.0,62,1,-30.29,-127.48,298.56,50.0,0.0,-0.3694
205.0,63,1,-25.43,-124.26,99.09,50.0,0.0,-0.3446
205.0,64,1,-25.33,-124.82,97.09,50.0,0.0,-0.3401
205.0,65,1,-3.33,-95.35,2.99,50.0,0.1342,0.011
205.0,66,1,-14.55,-98.25,10.3,50.0,0.003,-0.1186
205.0,67,3,-28.65,-121.77,106.45,50.0,0.0,-0.3715
205.0,68,3,-8.45,-120.94,5.86,50.0,0.0252,-0.0619
205.0,7,3,4.71,-102.57,4.93,50.0,0.7207,0.3513
205.0,8,1,1.68,-57.61,2.57,50.0,0.4723,0.1509
205.0,9,3,3.74,-62.06,4.94,50.0,0.6473,0.2778
206.0,0,3,-31.7,-110.34,216.0,50.0,0.0,-0.3925
206.0,1,3,-17.06,-96.23,17.97,50.0,0.0013,-0.1715
206.0,10,3,-42.17,-129.08,1397.23,50.0,0.0,-0.3925
206.0,11,3,-15.28,-100.38,15.6,50.0,0.0024,-0.1537
206.0,13,3,-16.97,-109.35,17.82,50.0,0.0013,-0.1613
206.0,14,3,1.27,-62.95,11.02,50.0,0.4365,0.1345
206.0,15,3,-35.29,-115.13,479.63,50.0,0.0,-0.3925
206.0,16,3,-55.72,-54.26,1397.22,50.0,0.0,-0.4324
206.0,17,3,-10.85,-107.06,12.61,50.0,0.011,-0.1134
206.0,18,3,-24.04,-107.48,46.09,50.0,0.0001,-0.2564
206.0,19,3,-53.56,-66.07,1397.22,50.0,0.0,-0.4239
206.0,21,3,-12.48,-101.67,13.38,50.0,0.0062,-0.1307
206.0,23,1,-45.24,-136.83,2773.06,50.0,0.0,-0.3574
206.0,24,3,-12.49,-107.87,13.38,50.0,0.0062,-0.1264
206.0,25,3,-38.37,-111.51,963.99,50.0,0.0,-0.3925
206.0,26,3,-41.84,-64.22,1397.22,50.0,0.0,-0.4252
206.0,27,3,1.23,-64.4,11.02,50.0,0.433,0.1337
206.0,28,3,-34.05,-117.93,363.07,50.0,0.0,-0.3925
206.0,3,3,-6.1,-110.05,11.49,50.0,0.0555,-0.0576
206.0,30,3,-20.75,-104.25,27.41,50.0,0.0003,-0.2044
206.0,31,3,-1.79,-55.75,11.13,50.0,0.21,0.005
206.0,32,1,-22.36,-136.15,48.26,50.0,0.0002,-0.2155
206.0,33,3,-14.29,-109.86,14.65,50.0,0.0033,-0.1391
206.0,37,3,-18.68,-96.2,21.16,50.0,0.0007,-0.1867
206.0,38,3,-22.31,-98.73,34.52,50.0,0.0002,-0.2306
206.0,39,3,-11.9,-105.86,13.07,50.0,0.0077,-0.123
206.0,4,3,-22.56,-110.06,35.9,50.0,0.0002,-0.2266
206.0,41,3,1.36,-64.42,11.02,50.0,0.444,0.1396
206.0,42,3,-10.96,-104.32,12.65,50.0,0.0106,-0.1163
206.0,43,3,-29.34,-111.17,129.98,50.0,0.0,-0.3891
206.0,44,3,-28.41,-113.89,107.16,50.0,0.0,-0.3845
206.0,45,3,-16.92,-101.32,17.74,50.0,0.0013,-0.1666
206.0,47,3,-1.34,-52.81,11.11,50.0,0.2371,0.0183
206.0,48,3,-16.16,-124.92,16.66,50.0,0.0017,-0.154
206.0,49,3,-0.75,-57.16,11.08,50.0,0.2763,0.0433
206.0,5,3,-17.73,-93.33,19.14,50.0,0.001,-0.1796
206.0,50,3,-24.42,-116.43,49.26,50.0,0.0001,-0.2628
206.0,51,3,-14.55,-107.57,14.87,50.0,0.003,-0.1427
206.0,52,3,-10.55,-105.43,12.5,50.0,0.0122,-0.112
206.0,54,3,-22.22,-108.84,34.02,50.0,0.0002,-0.2219
206.0,55,1,-16.22,-138.5,12.08,50.0,0.0017,-0.1111
206.0,56,3,-19.24,-93.99,22.57,50.0,0.0006,-0.1941
206.0,57,3,-10.44,-104.85,12.46,50.0,0.0127,-0.1114
206.0,58,3,-4.39,-106.85,11.3,50.0,0.0965,-0.0287
206.0,59,3,-19.86,-106.73,24.35,50.0,0.0005,-0.1918
206.0,6,3,-60.0,-50.48,1397.22,50.0,0.0,-0.4351
206.0,60,3,-22.79,-100.96,37.28,50.0,0.0002,-0.237
206.0,61,1,-25.89,-122.36,108.06,50.0,0.0,-0.3368
206.0,62,1,-7.67,-117.11,2.09,50.0,0.0328,-0.0317
206.0,63,3,-36.81,-118.5,675.88,50.0,0.0,-0.3925
206.0,64,3,-29.75,-117.06,141.75,50.0,0.0,-0.3912
206.0,65,1,-11.13,-135.43,4.07,50.0,0.01,-0.0645
206.0,66,3,-10.69,-101.31,12.55,50.0,0.0116,-0.1162
206.0,67,3,-29.93,-122.22,147.5,50.0,0.0,-0.3921
206.0,68,3,-21.37,-94.3,29.93,50.0,0.0003,-0.2197
206.0,7,3,-15.43,-102.19,15.77,50.0,0.0022,-0.1536
206.0,9,3,-6.67,-56.16,11.57,50.0,0.0459,-0.1046
207.0,0,3,-20.33,-111.16,21.49,50.0,0.0004,-0.1765
207.0,1,3,-8.94,-102.4,7.62,50.0,0.0213,-0.0804
207.0,10,1,-51.87,-139.44,2774.35,50.0,0.0,-0.3664
207.0,11,3,-13.72,-101.91,9.8,50.0,0.0041,-0.1218
207.0,13,6,-57.49,-150.0,69.32,50.0,0.0,-0.2892
207.0,14,3,3.84,-63.81,6.58,50.0,0.6554,0.276
207.0,15,3,-37.13,-120.47,722.33,50.0,0.0,-0.3828
207.0,16,3,-60.0,-50.46,1392.83,50.0,0.0,-0.4254
207.0,17,3,-21.59,-112.09,26.55,50.0,0.0003,-0.1932
207.0,18,3,-19.4,-117.94,18.61,50.0,0.0006,-0.1659
207.0,19,3,-13.85,-106.18,9.91,50.0,0.0039,-0.1198
207.0,2,1,-17.48,-122.8,17.29,50.0,0.0011,-0.1372
207.0,20,1,-5.82,-43.19,2.81,50.0,0.0608,-0.0675
207.0,21,3,-17.11,-108.87,13.67,50.0,0.0012,-0.1445
207.0,23,3,-16.22,-120.35,12.34,50.0,0.0017,-0.136
207.0,24,3,-14.89,-99.13,10.82,50.0,0.0027,-0.133
207.0,25,1,-20.01,-113.65,29.52,50.0,0.0005,-0.1749
207.0,27,3,3.01,-64.83,6.6,50.0,0.5873,0.2374
207.0,28,3,-31.74,-119.9,213.72,50.0,0.0,-0.3828
207.0,3,3,-1.86,-103.93,6.75,50.0,0.2057,0.0554
207.0,30,3,-9.77,-106.1,7.85,50.0,0.016,-0.0859
207.0,31,3,-0.66,-39.72,6.69,50.0,0.2827,0.0531
207.0,32,3,-7.33,-107.65,7.29,50.0,0.0367,-0.0582
207.0,33,3,-6.5,-109.61,7.16,50.0,0.0485,-0.0455
207.0,37,3,-17.18,-99.88,13.79,50.0,0.0012,-0.1515
207.0,38,3,-20.45,-99.83,21.93,50.0,0.0004,-0.1853
207.0,39,1,-6.37,-114.86,2.95,50.0,0.0507,-0.0274
207.0,4,3,-25.12,-113.01,51.58,50.0,0.0001,-0.2613
207.0,40,1,-10.98,-44.97,5.23,50.0,0.0105,-0.1212
207.0,42,3,-12.69,-109.68,9.12,50.0,0.0058,-0.1082
207.0,43,1,-16.76,-118.53,14.9,50.0,0.0014,-0.1286
207.0,44,3,-31.38,-108.55,197.05,50.0,0.0,-0.3838
207.0,45,3,-8.14,-113.64,7.44,50.0,0.028,-0.0663
207.0,46,3,-9.73,-109.11,7.84,50.0,0.0162,-0.0834
207.0,47,3,3.81,-41.01,6.58,50.0,0.653,0.2583
207.0,48,3,-29.81,-114.47,139.31,50.0,0.0,-0.3818
207.0,49,3,-2.34,-64.73,6.77,50.0,0.1796,0.0122
207.0,5,3,-11.08,-96.07,8.32,50.0,0.0102,-0.1048
207.0,50,1,-14.84,-121.05,10.21,50.0,0.0027,-0.1087
207.0,51,3,-25.58,-105.84,56.68,50.0,0.0001,-0.2768
207.0,52,1,-11.29,-124.62,5.49,50.0,0.0095,-0.0774
207.0,54,1,-19.87,-126.38,28.65,50.0,0.0005,-0.1724
207.0,55,1,-19.28,-124.56,25.25,50.0,0.0006,-0.1626
207.0,56,1,-6.66,-123.41,3.04,50.0,0.0461,-0.0312
207.0,57,1,-7.0,-121.22,3.14,50.0,0.0411,-0.0354
207.0,58,1,0.1,-124.61,2.01,50.0,0.3397,0.1295
207.0,59,1,-13.21,-113.17,7.56,50.0,0.0049,-0.0938
207.0,6,3,-49.08,-52.21,1392.83,50.0,0.0,-0.4241
207.0,60,3,-3.06,-102.82,6.81,50.0,0.1455,0.0188
207.0,61,3,-20.39,-108.8,21.72,50.0,0.0004,-0.1782
207.0,62,1,-18.86,-110.82,23.1,50.0,0.0007,-0.1561
207.0,63,1,-30.41,-128.2,306.39,50.0,0.0,-0.3664
207.0,64,3,-22.19,-109.87,29.51,50.0,0.0002,-0.2023
207.0,65,1,-3.36,-129.2,2.35,50.0,0.133,0.0251
207.0,66,3,-8.82,-93.91,7.59,50.0,0.0222,-0.0852
207.0,67,3,-23.56,-116.49,38.01,50.0,0.0001,-0.2263
207.0,68,3,-4.3,-114.51,6.91,50.0,0.0994,-0.006
207.0,7,3,-12.65,-103.38,9.09,50.0,0.0059,-0.1124
207.0,8,1,-3.32,-50.85,2.34,50.0,0.1346,-0.0163
207.0,9,3,0.59,-61.25,6.65,50.0,0.379,0.1207
208.0,0,3,-30.91,-113.6,177.07,50.0,0.0,-0.3815
208.0,1,3,-21.22,-97.7,24.42,50.0,0.0003,-0.1946
208.0,10,3,-33.33,-125.77,304.28,50.0,0.0,-0.3816
208.0,11,1,-15.2,-107.79,11.35,50.0,0.0024,-0.1166
208.0,13,3,-17.96,-103.47,14.73,50.0,0.0009,-0.1538
208.0,14,3,-7.19,-60.69,6.79,50.0,0.0386,-0.0877
208.0,15,3,-44.42,-123.34,1392.37,50.0,0.0,-0.3816
208.0,16,3,-60.0,-50.06,1392.36,50.0,0.0,-0.4244
208.0,17,1,-25.61,-113.1,103.17,50.0,0.0,-0.3463
208.0,18,3,-20.57,-104.95,21.88,50.0,0.0004,-0.1809
208.0,19,3,-45.48,-65.07,1392.36,50.0,0.0,-0.4137
208.0,2,1,-14.2,-128.77,9.46,50.0,0.0034,-0.1055
208.0,20,1,-10.36,-45.56,5.17,50.0,0.0131,-0.1182
208.0,21,3,-20.28,-101.72,20.84,50.0,0.0004,-0.1796
208.0,23,1,-31.97,-129.56,438.78,50.0,0.0,-0.3684
208.0,24,1,-13.87,-106.56,8.93,50.0,0.0039,-0.105
208.0,25,3,-21.25,-107.21,24.56,50.0,0.0003,-0.1882
208.0,26,3,-43.54,-60.95,1392.36,50.0,0.0,-0.4166
208.0,28,3,-21.83,-117.92,27.21,50.0,0.0002,-0.1945
208.0,3,1,-5.0,-103.83,3.04,50.0,0.0794,-0.0142
208.0,30,3,-13.36,-103.55,9.07,50.0,0.0046,-0.1156
208.0,32,1,-19.51,-109.94,26.96,50.0,0.0005,-0.1693
208.0,33,3,1.33,-105.8,6.16,50.0,0.4412,0.1884
208.0,34,3,-1.55,-63.19,6.26,50.0,0.2239,0.039
208.0,35,3,2.74,-65.83,6.13,50.0,0.5641,0.2272
208.0,37,1,-7.57,-105.7,3.75,50.0,0.034,-0.0479
208.0,38,3,-17.89,-103.85,14.6,50.0,0.0009,-0.1529
208.0,39,1,-18.13,-117.03,20.2,50.0,0.0009,-0.1485
208.0,4,3,-24.01,-112.59,40.97,50.0,0.0001,-0.2332
208.0,42,1,-3.3,-106.83,2.75,50.0,0.1351,0.0212
208.0,43,1,-19.62,-111.11,27.55,50.0,0.0005,-0.171
208.0,44,1,-28.77,-112.52,210.85,50.0,0.0,-0.3622
208.0,45,3,-7.46,-108.99,6.84,50.0,0.0352,-0.0567
208.0,46,3,-15.38,-101.55,10.85,50.0,0.0023,-0.133
208.0,48,3,-41.31,-123.19,1392.36,50.0,0.0,-0.3816
208.0,49,3,3.97,-65.25,6.11,50.0,0.6656,0.2853
208.0,5,3,-8.19,-95.11,6.98,50.0,0.0275,-0.0753
208.0,50,3,-20.9,-121.69,23.14,50.0,0.0003,-0.1816
208.0,51,3,-19.67,-107.5,18.92,50.0,0.0005,-0.1685
208.0,52,1,-15.7,-121.69,12.48,50.0,0.002,-0.12
208.0,54,1,-14.88,-108.05,10.69,50.0,0.0027,-0.1132
208.0,55,3,-29.94,-113.36,142.91,50.0,0.0,-0.3812
208.0,56,3,-8.54,-104.39,7.06,50.0,0.0244,-0.0726
208.0,57,3,-18.29,-108.39,15.42,50.0,0.0008,-0.1535
208.0,58,1,-18.29,-109.46,20.86,50.0,0.0008,-0.151
208.0,59,3,-23.95,-104.38,40.5,50.0,0.0001,-0.236
208.0,6,3,-60.0,-55.98,1392.36,50.0,0.0,-0.4202
208.0,60,3,-14.24,-101.45,9.75,50.0,0.0034,-0.124
208.0,61,3,-14.12,-107.59,9.65,50.0,0.0035,-0.1187
208.0,62,1,-20.76,-120.93,35.22,50.0,0.0003,-0.1922
208.0,63,3,-40.39,-119.63,1392.37,50.0,0.0,-0.3816
208.0,64,3,-25.21,-118.03,52.12,50.0,0.0001,-0.2616
208.0,65,1,-7.41,-114.28,3.69,50.0,0.0358,-0.0431
208.0,66,3,-16.29,-123.51,11.97,50.0,0.0017,-0.1344
208.0,67,1,-16.09,-130.93,13.44,50.0,0.0018,-0.124
208.0,68,1,-0.52,-114.35,2.46,50.0,0.2931,0.1042
208.0,69,3,-33.96,-121.18,350.79,50.0,0.0,-0.3816
208.0,7,3,-25.82,-90.97,59.06,50.0,0.0,-0.2922
208.0,8,1,-3.36,-51.57,2.76,50.0,0.1327,-0.0196
208.0,9,3,3.3,-62.23,6.12,50.0,0.6121,0.2518
209.0,0,3,-26.51,-111.68,69.57,50.0,0.0,-0.3068
209.0,1,1,-17.01,-125.57,15.11,50.0,0.0013,-0.1272
209.0,10,1,-26.89,-138.57,136.66,50.0,0.0,-0.3476
209.0,11,3,-7.38,-109.45,8.3,50.0,0.0362,-0.062
209.0,13,3,-19.33,-100.45,19.43,50.0,0.0006,-0.1764
209.0,14,3,2.18,-61.85,7.62,50.0,0.5154,0.1907
209.0,15,3,-31.57,-119.4,206.48,50.0,0.0,-0.3852
209.0,16,3,-60.0,-47.3,1393.84,50.0,0.0,-0.4301
209.0,17,3,-20.37,-113.25,22.65,50.0,0.0004,-0.1815
209.0,18,3,-16.86,-113.78,14.27,50.0,0.0014,-0.1459
209.0,19,3,-50.37,-58.2,1393.84,50.0,0.0,-0.4223
209.0,2,3,-7.42,-104.97,8.31,50.0,0.0357,-0.0657
209.0,20,3,-2.34,-42.15,7.78,50.0,0.1795,-0.0084
209.0,21,3,-31.23,-110.47,191.5,50.0,0.0,-0.3852
209.0,23,3,-30.76,-114.66,172.81,50.0,0.0,-0.3852
209.0,24,3,-6.93,-107.65,8.23,50.0,0.042,-0.0574
209.0,25,1,-27.37,-124.84,152.51,50.0,0.0,-0.35
209.0,26,3,-60.0,-59.0,1393.84,50.0,0.0,-0.4217
209.0,27,3,-1.87,-61.79,7.75,50.0,0.205,0.0205
209.0,28,3,-21.95,-119.99,29.26,50.0,0.0002,-0.2029
209.0,3,1,-7.19,-123.82,2.64,50.0,0.0386,-0.0334
209.0,30,3,-18.19,-104.9,16.68,50.0,0.0009,-0.1616
209.0,31,3,-8.01,-54.5,8.42,50.0,0.0293,-0.1089
209.0,32,1,-13.98,-102.25,8.13,50.0,0.0037,-0.102
209.0,33,3,-15.3,-92.04,12.24,50.0,0.0023,-0.1458
209.0,34,3,-4.93,-61.71,7.97,50.0,0.0812,-0.0578
209.0,35,3,2.42,-61.12,7.61,50.0,0.5371,0.2021
209.0,37,1,-2.66,-122.23,1.69,50.0,0.1639,0.0462
209.0,38,3,-15.79,-99.43,12.81,50.0,0.002,-0.1445
209.0,39,3,-15.4,-106.04,12.35,50.0,0.0023,-0.1366
209.0,4,6,-57.57,-150.0,69.33,50.0,0.0,-0.2899
209.0,40,3,-6.78,-41.91,8.2,50.0,0.0443,-0.1022
209.0,41,3,5.05,-67.53,7.57,50.0,0.7442,0.3292
209.0,42,3,-14.16,-104.22,11.15,50.0,0.0035,-0.128
209.0,43,3,-35.62,-111.33,512.87,50.0,0.0,-0.3853
209.0,44,1,-28.56,-112.64,200.19,50.0,0.0,-0.356
209.0,45,1,-5.02,-129.65,2.06,50.0,0.079,-0.003
209.0,46,3,-5.92,-95.61,8.08,50.0,0.0589,-0.051
209.0,47,3,-0.55,-61.39,7.69,50.0,0.2909,0.0684
209.0,48,3,-34.37,-120.15,387.09,50.0,0.0,-0.3853
209.0,49,3,1.16,-65.85,7.64,50.0,0.4267,0.1453
209.0,5,6,-47.6,-150.0,69.33,50.0,0.0,-0.2899
209.0,50,1,-26.02,-118.42,112.0,50.0,0.0,-0.3432
209.0,51,3,-14.09,-109.03,11.1,50.0,0.0036,-0.1241
209.0,52,3,-13.66,-103.47,10.77,50.0,0.0041,-0.1247
209.0,54,1,-19.64,-116.84,26.69,50.0,0.0005,-0.1642
209.0,55,1,-34.72,-121.81,823.7,50.0,0.0,-0.3632
209.0,56,3,-15.16,-91.98,12.09,50.0,0.0025,-0.1447
209.0,57,3,-19.53,-110.57,19.99,50.0,0.0005,-0.1718
209.0,58,1,-12.32,-116.45,5.92,50.0,0.0066,-0.0819
209.0,59,1,-12.64,-111.89,6.28,50.0,0.0059,-0.0846
209.0,6,3,-60.0,-52.28,1393.84,50.0,0.0,-0.4265
209.0,60,3,-15.35,-106.61,12.29,50.0,0.0023,-0.1358
209.0,61,3,-22.92,-100.6,34.71,50.0,0.0002,-0.2255
209.0,62,3,-12.67,-116.04,10.11,50.0,0.0059,-0.1122
209.0,63,3,-38.22,-121.04,927.28,50.0,0.0,-0.3853
209.0,64,3,-33.44,-116.38,313.73,50.0,0.0,-0.3853
209.0,65,3,-23.47,-120.65,38.38,50.0,0.0001,-0.229
209.0,66,1,-8.82,-102.89,3.3,50.0,0.0222,-0.0559
209.0,67,1,-39.0,-130.23,2203.86,50.0,0.0,-0.3632
209.0,68,1,1.84,-102.98,1.35,50.0,0.4858,0.1984
209.0,69,3,-34.76,-130.07,422.51,50.0,0.0,-0.3853
209.0,7,3,-2.21,-108.41,7.77,50.0,0.1864,0.043
209.0,9,3,-6.88,-55.88,8.22,50.0,0.0427,-0.0937
210.0,0,3,-40.74,-113.86,1393.53,50.0,0.0,-0.3845
210.0,1,3,-14.17,-98.2,10.86,50.0,0.0035,-0.1311
210.0,10,3,-35.25,-127.85,472.06,50.0,0.0,-0.3845
210.0,11,3,-9.77,-94.64,8.55,50.0,0.016,-0.0972
210.0,13,1,-19.5,-117.34,26.13,50.0,0.0005,-0.1638
210.0,15,1,-48.23,-132.3,2774.03,50.0,0.0,-0.3647
210.0,16,3,-59.8,-53.22,1393.53,50.0,0.0,-0.4251
210.0,17,3,-25.98,-105.76,62.22,50.0,0.0,-0.2917
210.0,18,3,-18.77,-113.67,17.67,50.0,0.0007,-0.1624
210.0,19,3,-56.5,-57.41,1393.53,50.0,0.0,-0.4221
210.0,2,1,-4.63,-103.95,2.23,50.0,0.0896,-0.0025
210.0,21,3,-7.19,-108.97,7.96,50.0,0.0385,-0.0586
210.0,23,3,-31.79,-125.95,216.58,50.0,0.0,-0.3845
210.0,24,3,-24.04,-103.76,42.42,50.0,0.0001,-0.2437
210.0,25,1,-16.03,-122.21,12.55,50.0,0.0018,-0.1183
210.0,26,3,-54.45,-55.52,1393.53,50.0,0.0,-0.4235
210.0,27,3,3.61,-63.6,7.28,50.0,0.6373,0.2621
210.0,28,3,-26.57,-118.43,70.21,50.0,0.0,-0.3076
210.0,29,3,-6.84,-56.88,7.9,50.0,0.0434,-0.091
210.0,3,3,-7.49,-104.67,8.01,50.0,0.0349,-0.0654
210.0,30,3,-16.09,-100.85,12.87,50.0,0.0018,-0.1445
210.0,31,3,2.62,-59.14,7.3,50.0,0.5542,0.2116
210.0,32,1,-17.52,-128.95,17.09,50.0,0.0011,-0.1353
210.0,33,1,-12.16,-103.77,6.0,50.0,0.007,-0.0869
210.0,38,3,-12.58,-105.69,9.75,50.0,0.006,-0.1133
210.0,39,1,-14.08,-120.3,8.54,50.0,0.0036,-0.0993
210.0,4,3,-21.85,-112.51,28.47,50.0,0.0002,-0.2001
210.0,41,3,-1.38,-62.66,7.42,50.0,0.2342,0.0392
210.0,42,3,-14.86,-102.74,11.48,50.0,0.0027,-0.1333
210.0,43,3,-25.1,-108.7,52.11,50.0,0.0001,-0.2649
210.0,44,3,-36.21,-114.8,586.32,50.0,0.0,-0.3845
210.0,45,3,-8.34,-113.81,8.18,50.0,0.0261,-0.0716
210.0,46,3,-17.2,-115.12,14.51,50.0,0.0012,-0.1475
210.0,47,3,4.18,-66.76,7.27,50.0,0.6821,0.291
210.0,48,1,-24.28,-135.76,75.76,50.0,0.0001,-0.2874
210.0,49,3,4.84,-65.87,7.27,50.0,0.7302,0.3203
210.0,5,3,-47.75,-61.99,1393.53,50.0,0.0,-0.4188
210.0,50,3,-18.62,-114.79,17.33,50.0,0.0007,-0.1609
210.0,51,1,-14.11,-116.79,8.59,50.0,0.0035,-0.0996
210.0,52,1,-24.12,-129.38,73.09,50.0,0.0001,-0.2813
210.0,53,3,-2.1,-62.98,7.45,50.0,0.1924,0.0154
210.0,54,1,-15.92,-107.53,12.26,50.0,0.0019,-0.1188
210.0,55,1,-30.99,-129.29,349.48,50.0,0.0,-0.3647
210.0,56,1,-2.96,-123.7,1.98,50.0,0.1498,0.0367
210.0,57,3,-12.77,-96.0,9.86,50.0,0.0057,-0.1217
210.0,58,3,-14.23,-104.85,10.91,50.0,0.0034,-0.1268
210.0,59,3,-17.37,-113.95,14.81,50.0,0.0011,-0.1491
210.0,6,3,-60.0,-52.7,1393.53,50.0,0.0,-0.4255
210.0,60,3,-17.07,-104.69,14.3,50.0,0.0013,-0.1502
210.0,61,3,-12.0,-113.08,9.43,50.0,0.0074,-0.1055
210.0,62,4,-13.37,-150.0,3.09,50.0,0.0046,-0.0683
210.0,63,3,-29.07,-118.03,119.19,50.0,0.0,-0.3798
210.0,64,3,-29.83,-119.18,140.52,50.0,0.0,-0.3836
210.0,65,3,-8.0,-118.59,8.11,50.0,0.0293,-0.0678
210.0,67,1,-26.16,-133.51,115.91,50.0,0.0,-0.3454
210.0,69,1,-44.01,-140.55,2774.03,50.0,0.0,-0.3647
210.0,7,3,-51.26,-62.67,1393.53,50.0,0.0,-0.4183
210.0,8,3,0.47,-54.23,7.35,50.0,0.3689,0.1071
211.0,0,3,-33.23,-115.43,300.64,50.0,0.0,-0.3884
211.0,1,3,-17.6,-102.65,16.89,50.0,0.001,-0.1636
211.0,10,3,-31.38,-122.58,199.36,50.0,0.0,-0.3883
211.0,11,1,-4.07,-116.36,1.55,50.0,0.1069,0.0174
211.0,13,1,-9.9,-129.26,3.56,50.0,0.0153,-0.0579
211.0,14,3,-2.8,-58.91,9.18,50.0,0.1569,-0.0158
211.0,15,3,-37.27,-122.41,748.81,50.0,0.0,-0.3884
211.0,17,3,-20.35,-109.5,23.95,50.0,0.0004,-0.1875
211.0,18,3,-20.08,-108.86,23.03,50.0,0.0004,-0.1847
211.0,19,3,-51.06,-63.5,1395.21,50.0,0.0,-0.4216
211.0,20,1,2.96,-51.12,0.96,50.0,0.5834,0.2114
211.0,21,3,-15.76,-100.14,14.14,50.0,0.002,-0.1496
211.0,23,3,-25.89,-119.85,62.73,50.0,0.0,-0.2931
211.0,24,3,-9.18,-104.51,10.07,50.0,0.0196,-0.0916
211.0,25,3,-32.83,-112.35,275.16,50.0,0.0,-0.3884
211.0,26,3,-46.57,-59.44,1395.21,50.0,0.0,-0.4245
211.0,27,3,0.42,-60.67,9.04,50.0,0.3649,0.1024
211.0,28,3,-32.86,-117.18,276.54,50.0,0.0,-0.3884
211.0,29,3,-2.41,-62.12,9.16,50.0,0.1761,-0.0021
211.0,3,3,-15.2,-102.63,13.51,50.0,0.0024,-0.1433
211.0,30,3,-9.38,-105.12,10.12,50.0,0.0183,-0.0932
211.0,31,3,2.88,-63.82,8.98,50.0,0.5766,0.2203
211.0,32,3,-13.39,-108.12,11.94,50.0,0.0046,-0.1251
211.0,37,3,-3.14,-63.45,9.2,50.0,0.142,-0.0218
211.0,38,3,-12.21,-105.42,11.23,50.0,0.0069,-0.1177
211.0,39,1,-13.2,-94.37,6.64,50.0,0.0049,-0.0976
211.0,4,3,-26.4,-112.15,69.49,50.0,0.0,-0.3092
211.0,41,3,-5.77,-56.98,9.44,50.0,0.0617,-0.0821
211.0,42,3,-24.41,-106.87,47.16,50.0,0.0001,-0.2567
211.0,43,1,-16.19,-113.36,12.39,50.0,0.0017,-0.115
211.0,44,3,-31.03,-117.45,184.68,50.0,0.0,-0.3883
211.0,45,1,-11.13,-102.45,4.45,50.0,0.01,-0.0741
211.0,46,3,-0.23,-101.77,9.06,50.0,0.3145,0.1043
211.0,48,3,-40.27,-119.94,1395.22,50.0,0.0,-0.3884
211.0,49,3,-1.38,-60.67,9.1,50.0,0.2343,0.0306
211.0,5,3,-49.29,-61.77,1395.21,50.0,0.0,-0.4228
211.0,50,1,-19.06,-137.62,23.17,50.0,0.0006,-0.1517
211.0,51,3,-22.07,-111.13,31.25,50.0,0.0002,-0.2106
211.0,52,1,-16.86,-120.02,14.32,50.0,0.0014,-0.1224
211.0,53,3,-1.47,-60.84,9.11,50.0,0.2286,0.0275
211.0,54,1,-11.37,-126.37,4.65,50.0,0.0092,-0.0707
211.0,55,1,-27.31,-130.47,150.25,50.0,0.0,-0.3473
211.0,56,1,-5.88,-123.53,1.92,50.0,0.0596,-0.0133
211.0,57,3,-11.31,-107.88,10.8,50.0,0.0094,-0.1086
211.0,58,3,-21.9,-101.89,30.39,50.0,0.0002,-0.2138
211.0,59,3,-14.06,-104.61,12.45,50.0,0.0036,-0.1329
211.0,60,3,-10.59,-99.36,10.51,50.0,0.012,-0.1085
211.0,61,3,-9.04,-104.38,10.03,50.0,0.0206,-0.0903
211.0,62,3,-16.83,-112.79,15.6,50.0,0.0014,-0.1515
211.0,63,3,3.03,-49.89,8.98,50.0,0.5889,0.2173
211.0,64,3,-22.03,-115.44,31.04,50.0,0.0002,-0.21
211.0,65,1,-12.1,-114.92,5.35,50.0,0.0071,-0.077
211.0,67,1,-42.24,-134.21,2773.44,50.0,0.0,-0.3608
211.0,69,3,-37.11,-123.8,721.22,50.0,0.0,-0.3884
211.0,7,3,-38.42,-59.9,972.61,50.0,0.0,-0.4242
211.0,70,3,-9.88,-46.66,10.27,50.0,0.0154,-0.1397
211.0,8,1,0.47,-54.6,1.08,50.0,0.3691,0.1113
211.0,9,3,3.3,-62.37,8.97,50.0,0.6116,0.2392
212.0,0,1,-22.2,-118.78,48.61,50.0,0.0002,-0.2282
212.0,1,3,-14.18,-101.81,8.99,50.0,0.0035,-0.12
212.0,10,3,-38.57,-131.9,1002.93,50.0,0.0,-0.3797
212.0,11,3,-14.65,-104.16,9.41,50.0,0.0029,-0.122
212.0,13,1,-24.75,-126.62,85.38,50.0,0.0001,-0.3146
212.0,14,3,-1.24,-56.94,5.54,50.0,0.2432,0.0487
212.0,15,1,-48.19,-129.55,2775.2,50.0,0.0,-0.3703
212.0,17,1,-28.35,-112.5,192.17,50.0,0.0,-0.362
212.0,18,3,-32.39,-110.6,245.98,50.0,0.0,-0.3796
212.0,19,3,-37.11,-65.61,717.31,50.0,0.0,-0.4114
212.0,20,1,-1.68,-48.01,3.0,50.0,0.2162,0.0191
212.0,21,3,-2.01,-109.37,5.58,50.0,0.1975,0.0601
212.0,23,1,-25.46,-129.52,100.17,50.0,0.0,-0.3475
212.0,24,3,-18.83,-107.1,15.96,50.0,0.0007,-0.1565
212.0,25,1,-18.03,-115.6,20.22,50.0,0.0009,-0.1499
212.0,26,3,-43.4,-57.5,1391.66,50.0,0.0,-0.4172
212.0,28,3,-33.04,-117.65,284.83,50.0,0.0,-0.3797
212.0,29,3,0.11,-60.0,5.49,50.0,0.3401,0.1043
212.0,3,3,-14.76,-107.04,9.51,50.0,0.0028,-0.1208
212.0,30,3,-16.99,-102.21,12.29,50.0,0.0013,-0.1426
212.0,31,3,-1.89,-61.69,5.57,50.0,0.2042,0.0299
212.0,32,1,-6.91,-102.94,3.97,50.0,0.0424,-0.045
212.0,37,3,-2.59,-60.65,5.61,50.0,0.1669,0.0073
212.0,38,3,-15.62,-110.34,10.42,50.0,0.0021,-0.1256
212.0,39,1,-2.26,-112.26,3.07,50.0,0.1836,0.0467
212.0,4,3,-27.72,-114.91,87.28,50.0,0.0,-0.3427
212.0,40,1,0.9,-46.19,2.82,50.0,0.4047,0.1093
212.0,42,3,-10.84,-112.13,7.05,50.0,0.011,-0.0873
212.0,43,3,-24.09,-112.34,40.96,50.0,0.0001,-0.2317
212.0,44,3,-36.92,-117.98,687.34,50.0,0.0,-0.3797
212.0,45,3,-10.08,-120.27,6.78,50.0,0.0144,-0.0805
212.0,46,1,-7.93,-110.46,4.33,50.0,0.03,-0.0516
212.0,47,1,0.15,-101.36,2.86,50.0,0.3436,0.1196
212.0,48,3,-35.79,-119.71,530.84,50.0,0.0,-0.3797
212.0,49,3,-4.31,-55.57,5.74,50.0,0.099,-0.0397
212.0,5,3,-43.56,-59.39,1391.66,50.0,0.0,-0.4158
212.0,50,3,-35.84,-121.24,537.34,50.0,0.0,-0.3797
212.0,51,1,-27.55,-117.25,160.17,50.0,0.0,-0.358
212.0,52,1,-26.39,-129.85,123.45,50.0,0.0,-0.3522
212.0,54,1,-24.5,-110.37,80.8,50.0,0.0001,-0.3042
212.0,55,1,-21.87,-115.97,45.28,50.0,0.0002,-0.2199
212.0,56,1,-7.87,-105.62,4.3,50.0,0.0306,-0.0541
212.0,57,3,-10.46,-109.28,6.91,50.0,0.0126,-0.0845
212.0,58,1,-0.14,-117.89,2.88,50.0,0.3207,0.1148
212.0,59,3,-16.73,-106.87,11.89,50.0,0.0014,-0.1371
212.0,6,3,-18.1,-111.56,14.31,50.0,0.0009,-0.1472
212.0,60,3,-26.13,-107.26,62.25,50.0,0.0,-0.2866
212.0,61,1,-10.93,-110.2,6.05,50.0,0.0107,-0.0799
212.0,62,3,-24.68,-107.58,46.05,50.0,0.0001,-0.2466
212.0,64,3,-32.68,-121.27,262.37,50.0,0.0,-0.3797
212.0,65,1,-31.21,-122.13,368.67,50.0,0.0,-0.3703
212.0,67,1,-29.59,-130.31,255.12,50.0,0.0,-0.3682
212.0,69,1,-30.11,-138.27,287.29,50.0,0.0,-0.3703
212.0,7,3,-54.9,-58.38,1391.66,50.0,0.0,-0.4166
212.0,9,3,2.78,-63.62,5.43,50.0,0.5675,0.2308
213.0,0,3,-32.0,-110.46,231.07,50.0,0.0,-0.3934
213.0,1,3,-6.14,-100.59,11.98,50.0,0.0547,-0.0669
213.0,10,3,-27.66,-126.21,92.27,50.0,0.0,-0.3662
213.0,11,3,-13.25,-103.73,14.34,50.0,0.0048,-0.1372
213.0,13,3,-10.88,-103.75,13.11,50.0,0.0109,-0.118
213.0,14,3,-1.74,-62.42,11.61,50.0,0.2128,0.0095
213.0,15,3,-43.76,-118.94,1397.71,50.0,0.0,-0.3935
213.0,16,3,3.18,-57.42,11.47,50.0,0.6015,0.2197
213.0,17,3,-18.37,-110.37,20.93,50.0,0.0008,-0.1757
213.0,18,3,-18.28,-113.14,20.74,50.0,0.0008,-0.1748
213.0,19,3,-47.83,-63.46,1397.71,50.0,0.0,-0.4267
213.0,2,3,-7.37,-58.84,12.17,50.0,0.0362,-0.114
213.0,20,3,-3.1,-41.46,11.69,50.0,0.1438,-0.0465
213.0,21,3,-13.25,-111.21,14.34,50.0,0.0048,-0.1327
213.0,23,3,-29.41,-121.26,132.35,50.0,0.0,-0.3905
213.0,24,3,-21.76,-107.52,32.21,50.0,0.0002,-0.2178
213.0,25,3,-19.41,-114.34,23.5,50.0,0.0006,-0.1864
213.0,26,3,-27.74,-67.27,93.74,50.0,0.0,-0.4001
213.0,28,3,-19.27,-116.46,23.12,50.0,0.0006,-0.1849
213.0,29,3,-0.18,-57.25,11.55,50.0,0.3181,0.0644
213.0,3,3,-6.6,-99.65,12.04,50.0,0.0469,-0.0744
213.0,30,3,-20.07,-97.62,25.49,50.0,0.0004,-0.2027
213.0,31,3,0.15,-64.97,11.54,50.0,0.3439,0.0839
213.0,32,3,-17.27,-108.73,18.8,50.0,0.0012,-0.1663
213.0,33,3,2.87,-64.93,11.47,50.0,0.5758,0.2105
213.0,37,3,-1.76,-52.49,11.61,50.0,0.2116,0.0017
213.0,38,3,-21.68,-108.7,31.84,50.0,0.0003,-0.2158
213.0,4,3,-25.08,-109.76,56.04,50.0,0.0001,-0.2808
213.0,40,3,4.99,-52.15,11.44,50.0,0.7403,0.2997
213.0,42,1,-6.53,-113.43,1.54,50.0,0.048,-0.0153
213.0,43,3,-20.67,-111.96,27.6,50.0,0.0004,-0.2012
213.0,44,3,-24.01,-108.49,46.33,50.0,0.0001,-0.2569
213.0,46,3,-6.51,-98.92,12.03,50.0,0.0484,-0.0736
213.0,48,3,-26.17,-115.82,68.83,50.0,0.0,-0.3118
213.0,49,3,3.16,-54.7,11.47,50.0,0.5998,0.2168
213.0,5,3,-41.13,-61.49,1397.71,50.0,0.0,-0.4281
213.0,50,3,-28.65,-113.17,112.91,50.0,0.0,-0.3866
213.0,51,3,-15.45,-107.11,16.28,50.0,0.0022,-0.1522
213.0,52,3,-12.39,-101.98,13.82,50.0,0.0065,-0.1317
213.0,53,3,-2.48,-52.31,11.65,50.0,0.1726,-0.0212
213.0,54,1,-12.16,-129.04,4.85,50.0,0.007,-0.0705
213.0,55,1,-29.65,-122.89,255.84,50.0,0.0,-0.3533
213.0,57,3,-26.24,-112.77,69.71,50.0,0.0,-0.3139
213.0,58,3,-19.3,-100.01,23.22,50.0,0.0006,-0.1924
213.0,59,3,-12.36,-109.85,13.8,50.0,0.0065,-0.1258
213.0,6,3,-60.0,-51.73,1397.71,50.0,0.0,-0.4351
213.0,60,3,-25.13,-107.09,56.61,50.0,0.0001,-0.2841
213.0,61,3,2.66,-101.19,11.48,50.0,0.5571,0.226
213.0,62,3,-12.92,-102.29,14.13,50.0,0.0054,-0.1357
213.0,64,3,-30.5,-114.36,166.81,50.0,0.0,-0.3934
213.0,65,3,-10.81,-101.01,13.08,50.0,0.0112,-0.1193
213.0,66,3,0.63,-61.26,11.52,50.0,0.382,0.102
213.0,67,3,-32.39,-115.98,251.79,50.0,0.0,-0.3934
213.0,68,3,4.49,-64.36,11.45,50.0,0.7053,0.2862
213.0,69,3,-25.06,-119.8,55.83,50.0,0.0001,-0.2802
213.0,7,3,-55.67,-58.82,1397.71,50.0,0.0,-0.43
213.0,9,3,0.01,-64.02,11.54,50.0,0.3325,0.0771
214.0,0,3,-12.73,-113.75,7.09,50.0,0.0057,-0.0985
214.0,1,3,-24.39,-105.09,42.59,50.0,0.0001,-0.2374
214.0,10,3,-37.69,-130.71,818.58,50.0,0.0,-0.3771
214.0,11,4,-13.73,-150.0,3.35,50.0,0.004,-0.0711
214.0,13,1,-19.03,-102.26,25.08,50.0,0.0006,-0.1715
214.0,15,3,-41.25,-121.59,1390.79,50.0,0.0,-0.3771
214.0,16,3,2.06,-57.15,4.57,50.0,0.5053,0.1961
214.0,17,1,-17.17,-116.06,17.36,50.0,0.0012,-0.1408
214.0,18,3,-22.96,-108.16,31.87,50.0,0.0002,-0.2065
214.0,19,3,-12.91,-102.27,7.2,50.0,0.0054,-0.1054
214.0,20,1,-3.97,-47.77,3.58,50.0,0.1101,-0.0398
214.0,21,3,-22.29,-113.86,27.95,50.0,0.0002,-0.1939
214.0,23,1,-22.29,-126.77,49.9,50.0,0.0002,-0.2324
214.0,24,3,-36.44,-109.92,614.84,50.0,0.0,-0.3772
214.0,25,3,-32.57,-115.59,254.79,50.0,0.0,-0.3771
214.0,28,3,-5.89,-116.91,5.03,50.0,0.0594,-0.026
214.0,3,3,-15.58,-111.47,9.5,50.0,0.0021,-0.121
214.0,30,3,-24.71,-105.35,45.54,50.0,0.0001,-0.2448
214.0,31,3,-4.3,-61.5,4.86,50.0,0.0992,-0.031
214.0,32,3,-16.12,-111.41,10.16,50.0,0.0018,-0.1253
214.0,34,1,-2.93,-56.09,3.43,50.0,0.1511,-0.0108
214.0,35,1,2.85,-57.79,3.01,50.0,0.5735,0.1967
214.0,38,1,-8.14,-113.41,4.7,50.0,0.028,-0.0556
214.0,4,3,-26.45,-108.89,65.78,50.0,0.0,-0.2916
214.0,40,1,-2.89,-47.8,3.42,50.0,0.1529,-0.0157
214.0,42,1,-8.18,-111.03,4.72,50.0,0.0276,-0.056
214.0,43,1,-26.46,-111.61,125.58,50.0,0.0,-0.3537
214.0,44,3,-29.66,-117.76,132.61,50.0,0.0,-0.3754
214.0,46,3,-11.06,-100.59,6.26,50.0,0.0102,-0.0916
214.0,48,3,-22.31,-124.76,28.07,50.0,0.0002,-0.1943
214.0,5,3,-10.81,-101.12,6.16,50.0,0.0112,-0.089
214.0,50,3,-23.91,-117.63,38.59,50.0,0.0001,-0.2235
214.0,51,3,-20.06,-109.61,18.54,50.0,0.0004,-0.1638
214.0,52,3,-17.28,-111.7,11.9,50.0,0.0012,-0.1353
214.0,54,1,-22.78,-99.98,55.44,50.0,0.0002,-0.2531
214.0,55,3,-24.99,-111.83,48.19,50.0,0.0001,-0.2482
214.0,57,3,-17.38,-108.39,12.07,50.0,0.0011,-0.1374
214.0,58,1,-1.39,-123.23,3.26,50.0,0.2339,0.0706
214.0,59,1,-16.54,-107.11,15.4,50.0,0.0015,-0.1355
214.0,6,3,0.56,-56.2,4.6,50.0,0.3765,0.1255
214.0,60,3,-23.94,-97.23,38.87,50.0,0.0001,-0.2333
214.0,61,3,-5.24,-106.33,4.95,50.0,0.0734,-0.0175
214.0,62,1,-22.53,-111.69,52.54,50.0,0.0002,-0.2389
214.0,63,1,-7.45,-56.24,4.43,50.0,0.0354,-0.0864
214.0,64,3,-23.72,-117.16,37.16,50.0,0.0001,-0.2197
214.0,65,5,-34.84,-150.0,84.56,50.0,0.0,-0.3197
214.0,67,3,-21.48,-117.61,23.96,50.0,0.0003,-0.1818
214.0,69,1,-45.92,-133.93,2775.49,50.0,0.0,-0.3714
214.0,70,1,0.2,-56.75,3.14,50.0,0.3474,0.0878
214.0,71,1,-22.52,-125.02,52.42,50.0,0.0002,-0.2386
214.0,8,1,-1.0,-52.45,3.23,50.0,0.259,0.0419
215.0,0,3,-27.09,-112.58,79.21,50.0,0.0,-0.3309
215.0,1,3,-13.33,-101.97,11.33,50.0,0.0047,-0.1266
215.0,10,3,-22.63,-128.32,33.72,50.0,0.0002,-0.2172
215.0,11,1,-15.89,-117.08,11.89,50.0,0.0019,-0.1143
215.0,13,3,-10.38,-92.66,9.86,50.0,0.013,-0.109
215.0,14,3,-5.61,-55.82,8.85,50.0,0.0652,-0.0778
215.0,15,3,-38.27,-119.98,938.78,50.0,0.0,-0.3871
215.0,17,1,-18.89,-118.2,22.61,50.0,0.0007,-0.1517
215.0,18,3,-14.64,-113.18,12.39,50.0,0.0029,-0.1312
215.0,19,3,-50.91,-61.42,1394.64,50.0,0.0,-0.4218
215.0,2,3,4.13,-52.89,8.39,50.0,0.6783,0.274
215.0,20,1,2.4,-48.68,1.27,50.0,0.5347,0.1835
215.0,21,3,-26.64,-114.26,72.29,50.0,0.0,-0.3147
215.0,23,3,-30.99,-117.71,182.36,50.0,0.0,-0.3871
215.0,24,3,-23.9,-108.99,42.38,50.0,0.0001,-0.2417
215.0,25,3,-22.87,-104.33,35.17,50.0,0.0002,-0.2254
215.0,26,3,-45.16,-64.39,1394.64,50.0,0.0,-0.4197
215.0,27,3,-2.79,-54.92,8.61,50.0,0.1576,-0.0159
215.0,28,3,-23.24,-116.12,37.58,50.0,0.0001,-0.2281
215.0,3,3,2.61,-104.83,8.41,50.0,0.5528,0.2387
215.0,30,3,-12.43,-100.5,10.78,50.0,0.0064,-0.1206
215.0,31,3,-7.27,-57.85,9.08,50.0,0.0375,-0.1009
215.0,32,3,-14.57,-104.55,12.32,50.0,0.003,-0.1345
215.0,34,1,1.25,-59.05,1.32,50.0,0.4352,0.1434
215.0,35,1,2.71,-58.05,1.26,50.0,0.562,0.2034
215.0,37,3,4.88,-56.34,8.38,50.0,0.7326,0.3102
215.0,38,3,-16.02,-106.83,13.89,50.0,0.0018,-0.1445
215.0,4,3,-22.55,-111.11,33.31,50.0,0.0002,-0.216
215.0,40,1,-0.93,-47.07,1.46,50.0,0.264,0.0526
215.0,41,3,0.11,-57.24,8.47,50.0,0.3401,0.0889
215.0,42,3,-19.6,-99.56,21.0,50.0,0.0005,-0.1835
215.0,43,3,-20.04,-112.59,22.36,50.0,0.0004,-0.1811
215.0,44,3,-29.32,-114.64,126.95,50.0,0.0,-0.3836
215.0,46,3,-9.88,-103.08,9.69,50.0,0.0154,-0.097
215.0,48,3,-25.05,-121.09,52.72,50.0,0.0001,-0.2675
215.0,5,3,-26.28,-85.93,67.19,50.0,0.0,-0.3199
215.0,50,1,-37.78,-119.71,1662.2,50.0,0.0,-0.3628
215.0,51,1,-24.37,-116.58,77.03,50.0,0.0001,-0.2886
215.0,52,3,-22.13,-104.82,30.99,50.0,0.0002,-0.2129
215.0,54,3,-16.33,-105.36,14.3,50.0,0.0016,-0.1482
215.0,55,3,-24.39,-103.33,46.41,50.0,0.0001,-0.2563
215.0,57,3,-26.97,-108.77,77.31,50.0,0.0,-0.3273
215.0,58,1,-22.74,-108.86,53.26,50.0,0.0002,-0.2336
215.0,59,1,-23.41,-117.61,61.86,50.0,0.0001,-0.2534
215.0,60,3,-18.01,-108.18,17.11,50.0,0.0009,-0.161
215.0,61,3,4.4,-105.33,8.38,50.0,0.6981,0.3235
215.0,62,3,-17.52,-116.55,16.18,50.0,0.0011,-0.1552
215.0,63,3,-4.35,-56.27,8.72,50.0,0.0977,-0.0535
215.0,64,3,-23.45,-112.96,39.05,50.0,0.0001,-0.2321
215.0,65,3,-21.0,-105.46,25.82,50.0,0.0003,-0.1962
215.0,66,3,3.35,-61.03,8.4,50.0,0.6163,0.2432
215.0,67,3,-28.12,-112.99,98.19,50.0,0.0,-0.374
215.0,68,3,-1.54,-55.04,8.54,50.0,0.2249,0.0236
215.0,69,1,-34.19,-141.2,728.24,50.0,0.0,-0.3628
215.0,7,3,-15.35,-98.81,13.1,50.0,0.0023,-0.1448
215.0,70,3,-3.38,-56.51,8.64,50.0,0.132,-0.0306
215.0,71,1,-10.01,-130.85,3.91,50.0,0.0147,-0.0615
215.0,8,1,-3.1,-53.8,1.69,50.0,0.1436,-0.0044
215.0,9,3,-0.5,-60.57,8.5,50.0,0.2939,0.066
216.0,0,1,-27.32,-115.46,151.5,50.0,0.0,-0.3537
216.0,1,3,-7.69,-98.74,7.08,50.0,0.0325,-0.0678
216.0,10,1,-22.67,-138.03,53.16,50.0,0.0002,-0.2365
216.0,11,1,-24.33,-115.38,77.12,50.0,0.0001,-0.2928
216.0,14,3,2.26,-61.87,6.34,50.0,0.5226,0.2004
216.0,15,3,-37.89,-121.32,859.11,50.0,0.0,-0.3821
216.0,17,3,-20.1,-109.77,20.44,50.0,0.0004,-0.1727
216.0,18,3,-24.11,-113.01,42.02,50.0,0.0001,-0.2364
216.0,19,3,-48.06,-61.3,1392.56,50.0,0.0,-0.4169
216.0,21,3,-3.55,-110.43,6.58,50.0,0.1254,0.0125
216.0,22,1,-18.41,-120.48,21.13,50.0,0.0008,-0.1506
216.0,23,1,-31.7,-133.73,412.43,50.0,0.0,-0.3671
216.0,24,1,-22.33,-112.28,49.34,50.0,0.0002,-0.2272
216.0,25,3,-21.04,-109.11,23.88,50.0,0.0003,-0.185
216.0,26,3,-58.46,-57.4,1392.56,50.0,0.0,-0.4197
216.0,28,3,-20.03,-115.19,20.23,50.0,0.0004,-0.1718
216.0,29,3,-1.32,-54.02,6.45,50.0,0.2384,0.0397
216.0,3,3,-0.25,-110.53,6.41,50.0,0.3128,0.1208
216.0,30,3,-18.03,-103.25,15.07,50.0,0.0009,-0.1556
216.0,31,3,-1.13,-57.25,6.44,50.0,0.2503,0.0487
216.0,32,3,-24.87,-105.55,48.86,50.0,0.0001,-0.2571
216.0,35,1,-8.26,-58.05,3.75,50.0,0.0269,-0.0876
216.0,37,3,4.29,-53.69,6.31,50.0,0.6903,0.291
216.0,38,3,-17.0,-105.23,13.22,50.0,0.0013,-0.1448
216.0,4,3,-18.41,-108.25,15.88,50.0,0.0008,-0.1557
216.0,42,1,-15.19,-105.31,11.06,50.0,0.0024,-0.1164
216.0,43,3,-14.58,-112.34,10.25,50.0,0.003,-0.1215
216.0,44,3,-24.57,-109.26,46.0,50.0,0.0001,-0.2472
216.0,46,3,-21.75,-111.25,27.02,50.0,0.0002,-0.1943
216.0,47,1,2.95,-64.94,2.02,50.0,0.5825,0.2124
216.0,48,3,-34.82,-127.24,426.46,50.0,0.0,-0.3821
216.0,49,3,-5.47,-55.14,6.75,50.0,0.0682,-0.0667
216.0,5,3,-13.85,-100.27,9.63,50.0,0.0039,-0.1227
216.0,50,3,-29.46,-113.77,128.62,50.0,0.0,-0.3794
216.0,51,3,-31.45,-107.63,199.67,50.0,0.0,-0.3838
216.0,52,3,-29.25,-108.06,122.86,50.0,0.0,-0.3797
216.0,53,3,-6.52,-51.28,6.89,50.0,0.0483,-0.0861
216.0,54,1,-9.86,-114.51,4.59,50.0,0.0155,-0.066
216.0,55,3,-20.87,-112.87,23.22,50.0,0.0003,-0.1821
216.0,56,1,-12.07,-60.81,6.37,50.0,0.0072,-0.1203
216.0,57,6,-58.56,-150.0,69.32,50.0,0.0,-0.2892
216.0,58,3,-8.93,-103.18,7.35,50.0,0.0213,-0.0785
216.0,59,3,-10.1,-103.43,7.69,50.0,0.0143,-0.0897
216.0,60,3,-21.08,-106.06,24.03,50.0,0.0003,-0.1876
216.0,61,1,-15.98,-106.87,12.88,50.0,0.0018,-0.1233
216.0,62,1,-14.96,-123.91,10.59,50.0,0.0026,-0.1109
216.0,63,3,-7.3,-54.49,7.01,50.0,0.0371,-0.0946
216.0,64,1,-25.54,-129.29,101.09,50.0,0.0,-0.3447
216.0,65,1,-23.7,-114.05,66.84,50.0,0.0001,-0.2691
216.0,66,3,2.48,-59.21,6.34,50.0,0.5417,0.209
216.0,67,3,-30.19,-120.13,150.95,50.0,0.0,-0.3821
216.0,68,3,-0.44,-60.01,6.41,50.0,0.2987,0.0774
216.0,69,3,-40.95,-132.09,1392.57,50.0,0.0,-0.3821
216.0,7,3,-24.75,-96.71,47.64,50.0,0.0001,-0.2603
216.0,70,3,-4.07,-62.22,6.62,50.0,0.1066,-0.034
216.0,71,1,-23.2,-119.65,59.85,50.0,0.0001,-0.2526
216.0,8,1,4.56,-56.41,1.97,50.0,0.7103,0.2705
216.0,9,3,1.81,-63.2,6.35,50.0,0.4837,0.18
217.0,0,3,-25.41,-113.01,56.35,50.0,0.0001,-0.2761
217.0,1,3,-21.2,-93.69,26.4,50.0,0.0003,-0.2063
217.0,10,3,-35.36,-122.21,484.07,50.0,0.0,-0.3866
217.0,11,1,-11.84,-98.95,5.33,50.0,0.0078,-0.085
217.0,13,3,-1.58,-63.4,8.31,50.0,0.2222,0.0291
217.0,14,3,-8.53,-56.41,9.1,50.0,0.0244,-0.1158
217.0,15,1,-42.37,-136.92,2773.7,50.0,0.0,-0.3627
217.0,16,3,2.34,-61.2,8.18,50.0,0.5299,0.1958
217.0,17,3,-15.29,-116.1,12.8,50.0,0.0024,-0.1353
217.0,18,3,-34.76,-110.15,422.95,50.0,0.0,-0.3866
217.0,19,3,-34.32,-65.23,382.78,50.0,0.0,-0.4185
217.0,2,3,-4.07,-41.86,8.47,50.0,0.1066,-0.0567
217.0,20,1,3.7,-53.85,1.19,50.0,0.6448,0.2413
217.0,21,3,-16.53,-109.35,14.35,50.0,0.0015,-0.146
217.0,22,3,-21.48,-106.65,27.61,50.0,0.0003,-0.2009
217.0,23,3,-21.55,-121.28,27.93,50.0,0.0003,-0.1995
217.0,24,3,-16.34,-107.59,14.08,50.0,0.0016,-0.1456
217.0,25,3,-24.4,-111.38,46.33,50.0,0.0001,-0.2509
217.0,26,3,-40.39,-64.88,1394.41,50.0,0.0,-0.4188
217.0,27,3,-1.75,-55.11,8.32,50.0,0.2122,0.0174
217.0,28,3,-14.03,-110.41,11.62,50.0,0.0036,-0.1254
217.0,3,6,-37.34,-150.0,37.6,50.0,0.0,-0.2256
217.0,30,3,-15.37,-98.79,12.89,50.0,0.0023,-0.144
217.0,32,3,-25.36,-113.06,55.74,50.0,0.0001,-0.2746
217.0,33,3,-0.24,-48.51,8.25,50.0,0.3133,0.0691
217.0,34,3,4.35,-57.28,8.15,50.0,0.6944,0.2879
217.0,35,3,-2.29,-57.47,8.34,50.0,0.1823,0.0017
217.0,38,3,-14.87,-97.37,12.37,50.0,0.0027,-0.141
217.0,4,3,-21.57,-109.12,28.03,50.0,0.0003,-0.2004
217.0,41,3,-2.61,-61.33,8.36,50.0,0.1659,-0.0053
217.0,42,3,-15.47,-101.12,13.0,50.0,0.0022,-0.1431
217.0,43,1,-17.14,-118.88,15.46,50.0,0.0012,-0.1281
217.0,44,3,-19.78,-113.98,21.29,50.0,0.0005,-0.177
217.0,46,3,-11.72,-106.0,10.18,50.0,0.0081,-0.1099
217.0,48,3,-31.8,-116.23,218.1,50.0,0.0,-0.3865
217.0,49,1,-0.2,-66.09,1.38,50.0,0.3168,0.0921
217.0,5,3,-25.75,-92.38,60.16,50.0,0.0001,-0.298
217.0,50,3,-20.68,-117.5,24.34,50.0,0.0004,-0.1878
217.0,51,3,-29.83,-103.96,141.41,50.0,0.0,-0.39
217.0,54,1,-18.48,-118.76,20.65,50.0,0.0008,-0.1455
217.0,55,1,-27.65,-123.34,162.47,50.0,0.0,-0.3509
217.0,57,3,-15.86,-109.38,13.46,50.0,0.0019,-0.1404
217.0,58,1,-15.55,-111.98,11.05,50.0,0.0021,-0.1106
217.0,59,1,-12.49,-121.88,6.02,50.0,0.0062,-0.0826
217.0,6,3,1.61,-55.91,8.2,50.0,0.4658,0.1569
217.0,60,3,-20.74,-102.59,24.54,50.0,0.0003,-0.1938
217.0,61,3,-8.82,-104.57,9.17,50.0,0.0222,-0.0845
217.0,62,1,-24.94,-113.18,87.55,50.0,0.0,-0.3124
217.0,64,3,-28.15,-111.0,98.75,50.0,0.0,-0.3747
217.0,65,1,-17.41,-119.56,16.39,50.0,0.0011,-0.1314
217.0,67,3,-28.45,-121.98,105.1,50.0,0.0,-0.3787
217.0,69,3,-37.74,-127.66,832.82,50.0,0.0,-0.3866
217.0,7,3,-16.44,-103.57,14.22,50.0,0.0016,-0.1493
217.0,71,3,-4.27,-108.94,8.48,50.0,0.1003,-0.013
217.0,9,3,4.82,-61.87,8.15,50.0,0.7288,0.3127
218.0,0,3,-20.69,-113.34,25.01,50.0,0.0004,-0.1906
218.0,1,3,-15.27,-100.13,13.41,50.0,0.0024,-0.1449
218.0,10,6,-60.0,-150.0,69.32,50.0,0.0,-0.2892
218.0,11,3,-7.33,-101.96,9.5,50.0,0.0367,-0.0719
218.0,13,3,-3.51,-56.88,9.05,50.0,0.127,-0.0353
218.0,14,3,0.41,-58.33,8.86,50.0,0.3642,0.101
218.0,15,3,-41.46,-119.78,1395.04,50.0,0.0,-0.388
218.0,17,3,-17.15,-106.46,15.95,50.0,0.0012,-0.1562
218.0,18,3,-31.97,-113.53,227.08,50.0,0.0,-0.388
218.0,19,3,-51.49,-59.46,1395.04,50.0,0.0,-0.4241
218.0,21,3,-5.8,-110.09,9.27,50.0,0.0612,-0.044
218.0,22,3,-18.17,-107.47,17.84,50.0,0.0009,-0.1648
218.0,23,3,-21.17,-120.4,26.89,50.0,0.0003,-0.1969
218.0,24,2,-22.77,-150.0,52.58,50.0,0.0002,-0.2194
218.0,25,1,-39.04,-109.25,2223.25,50.0,0.0,-0.3611
218.0,26,3,-51.18,-58.15,1395.04,50.0,0.0,-0.4251
218.0,28,3,-16.66,-110.31,15.17,50.0,0.0015,-0.1493
218.0,29,3,-3.34,-63.05,9.04,50.0,0.1336,-0.0267
218.0,3,3,-11.56,-93.16,10.73,50.0,0.0086,-0.1205
218.0,30,3,-9.77,-104.29,10.06,50.0,0.016,-0.0968
218.0,31,3,4.56,-58.13,8.78,50.0,0.7101,0.2955
218.0,32,3,-19.48,-110.86,21.03,50.0,0.0005,-0.1764
218.0,37,3,-3.28,-50.86,9.04,50.0,0.1362,-0.0337
218.0,38,3,-12.97,-103.04,11.49,50.0,0.0053,-0.1247
218.0,39,3,-5.17,-55.52,9.2,50.0,0.0752,-0.0719
218.0,4,3,-31.45,-107.41,202.32,50.0,0.0,-0.3898
218.0,42,3,-7.66,-103.28,9.55,50.0,0.0329,-0.075
218.0,43,3,-8.24,-104.32,9.67,50.0,0.0271,-0.0811
218.0,44,3,-28.65,-102.87,110.32,50.0,0.0,-0.3863
218.0,45,3,-3.12,-60.19,9.03,50.0,0.1428,-0.0229
218.0,46,1,-14.96,-107.08,9.49,50.0,0.0026,-0.1041
218.0,47,1,-3.6,-53.16,1.43,50.0,0.1236,-0.0131
218.0,48,1,-25.14,-141.75,91.43,50.0,0.0,-0.319
218.0,49,3,-6.7,-63.17,9.39,50.0,0.0454,-0.0911
218.0,5,3,4.42,-107.79,8.78,50.0,0.7003,0.3249
218.0,50,3,-26.98,-109.22,77.88,50.0,0.0,-0.3291
218.0,51,3,-22.82,-108.62,35.3,50.0,0.0002,-0.2232
218.0,53,3,-2.26,-61.07,8.97,50.0,0.1839,0.0025
218.0,54,3,-12.19,-97.63,11.04,50.0,0.0069,-0.1224
218.0,55,3,-20.46,-112.04,24.15,50.0,0.0004,-0.1877
218.0,57,3,-26.2,-108.68,66.56,50.0,0.0,-0.3029
218.0,58,3,-11.86,-98.23,10.87,50.0,0.0078,-0.1193
218.0,59,1,-8.09,-124.48,2.59,50.0,0.0284,-0.04
218.0,60,3,-17.93,-104.21,17.34,50.0,0.0009,-0.1648
218.0,61,3,-15.19,-107.77,13.33,50.0,0.0024,-0.1388
218.0,62,3,-20.17,-110.1,23.16,50.0,0.0004,-0.1843
218.0,64,3,-18.86,-105.28,19.42,50.0,0.0007,-0.1732
218.0,65,1,-18.98,-129.52,22.75,50.0,0.0006,-0.1502
218.0,66,3,4.7,-51.37,8.78,50.0,0.7199,0.2969
218.0,67,3,-35.01,-117.32,447.71,50.0,0.0,-0.388
218.0,68,3,-7.66,-48.53,9.55,50.0,0.0329,-0.1141
218.0,69,3,-28.94,-128.4,117.27,50.0,0.0,-0.3826
218.0,7,3,-25.18,-97.65,54.45,50.0,0.0001,-0.2814
218.0,71,1,-12.38,-128.96,5.61,50.0,0.0065,-0.079
219.0,0,3,-23.94,-112.22,41.53,50.0,0.0001,-0.2369
219.0,1,3,-15.23,-98.67,11.84,50.0,0.0024,-0.139
219.0,10,3,-21.66,-126.02,27.52,50.0,0.0003,-0.1971
219.0,11,1,-2.51,-111.51,1.81,50.0,0.1712,0.0489
219.0,15,4,-31.9,-150.0,214.68,50.0,0.0,-0.3513
219.0,16,3,1.37,-61.68,7.31,50.0,0.4453,0.1538
219.0,17,1,-7.09,-112.78,2.74,50.0,0.0399,-0.0333
219.0,18,3,-26.06,-111.43,63.19,50.0,0.0,-0.291
219.0,19,3,-41.1,-62.2,1393.51,50.0,0.0,-0.4186
219.0,21,3,-5.48,-98.95,7.7,50.0,0.0679,-0.0399
219.0,22,3,-8.08,-101.88,8.1,50.0,0.0285,-0.0744
219.0,23,3,-29.67,-118.15,135.76,50.0,0.0,-0.3828
219.0,24,3,-19.49,-104.58,19.54,50.0,0.0005,-0.1738
219.0,25,1,-24.03,-116.96,71.39,50.0,0.0001,-0.2768
219.0,26,3,-50.42,-62.77,1393.51,50.0,0.0,-0.4182
219.0,27,1,-3.13,-62.49,1.89,50.0,0.1423,-0.0005
219.0,28,3,-8.12,-108.3,8.11,50.0,0.0281,-0.0703
219.0,3,3,-14.44,-103.38,11.07,50.0,0.0032,-0.1294
219.0,30,3,-14.79,-100.42,11.39,50.0,0.0028,-0.1343
219.0,31,3,-9.96,-53.24,8.59,50.0,0.015,-0.1284
219.0,32,3,-29.05,-105.45,118.54,50.0,0.0,-0.3829
219.0,37,3,0.42,-60.52,7.33,50.0,0.3655,0.1099
219.0,38,3,-21.36,-104.29,26.16,50.0,0.0003,-0.197
219.0,4,3,-18.06,-109.94,16.07,50.0,0.0009,-0.1553
219.0,41,1,1.75,-68.13,1.49,50.0,0.4783,0.1688
219.0,42,1,-8.23,-112.56,3.17,50.0,0.0271,-0.046
219.0,43,3,-26.41,-110.01,67.81,50.0,0.0,-0.302
219.0,44,3,-15.57,-111.91,12.22,50.0,0.0021,-0.1337
219.0,46,3,-22.59,-106.44,32.37,50.0,0.0002,-0.2142
219.0,48,3,-26.04,-121.73,62.93,50.0,0.0,-0.2903
219.0,5,1,-13.68,-120.69,7.8,50.0,0.0041,-0.0949
219.0,50,3,-35.46,-116.14,494.28,50.0,0.0,-0.3845
219.0,51,3,-17.35,-111.48,14.75,50.0,0.0011,-0.1488
219.0,52,4,-10.2,-141.99,1.53,50.0,0.0138,-0.0427
219.0,54,1,-21.16,-102.84,37.52,50.0,0.0003,-0.1996
219.0,55,3,-19.22,-101.97,18.81,50.0,0.0006,-0.1727
219.0,56,3,3.83,-44.28,7.26,50.0,0.6547,0.2586
219.0,57,3,-22.41,-108.94,31.38,50.0,0.0002,-0.2095
219.0,58,1,-12.36,-131.57,6.1,50.0,0.0065,-0.0834
219.0,59,3,-16.21,-110.65,13.01,50.0,0.0017,-0.1389
219.0,6,3,-0.95,-56.97,7.38,50.0,0.2627,0.0511
219.0,60,3,-12.09,-101.32,9.46,50.0,0.0072,-0.1124
219.0,61,3,-1.25,-103.82,7.39,50.0,0.2427,0.0734
219.0,62,1,-14.9,-118.19,9.9,50.0,0.0027,-0.1061
219.0,64,3,-19.97,-114.02,20.98,50.0,0.0005,-0.1753
219.0,65,1,-14.67,-114.14,9.45,50.0,0.0029,-0.1039
219.0,66,1,-2.26,-55.53,1.78,50.0,0.1839,0.0167
219.0,67,3,-24.47,-117.68,46.01,50.0,0.0001,-0.2485
219.0,68,1,-1.04,-51.96,1.67,50.0,0.2564,0.0508
219.0,69,3,-37.43,-121.06,774.73,50.0,0.0,-0.3845
219.0,7,3,-29.73,-101.21,137.54,50.0,0.0,-0.3893
219.0,71,3,-12.5,-112.88,9.68,50.0,0.0062,-0.1095
219.0,72,3,2.06,-108.61,7.29,50.0,0.5049,0.2198
219.0,8,3,-0.15,-51.7,7.35,50.0,0.3206,0.0792
219.0,9,3,0.3,-60.89,7.33,50.0,0.3557,0.1048
220.0,0,3,-11.25,-110.44,10.05,50.0,0.0096,-0.1035
220.0,1,3,-15.51,-99.71,13.13,50.0,0.0022,-0.1448
220.0,10,1,-29.16,-135.47,229.76,50.0,0.0,-0.3582
220.0,11,3,-5.65,-101.5,8.7,50.0,0.0644,-0.0451
220.0,15,3,-44.24,-120.92,1394.5,50.0,0.0,-0.3868
220.0,17,3,-18.82,-108.73,18.77,50.0,0.0007,-0.168
220.0,18,3,-27.53,-114.37,86.77,50.0,0.0,-0.3478
220.0,19,3,-48.79,-55.8,1394.49,50.0,0.0,-0.4255
220.0,20,1,0.08,-49.2,1.33,50.0,0.3384,0.0907
220.0,21,3,-16.82,-100.52,14.86,50.0,0.0014,-0.1551
220.0,22,4,-15.83,-150.0,5.38,50.0,0.0019,-0.0877
220.0,23,1,-20.65,-134.02,33.31,50.0,0.0004,-0.1819
220.0,24,1,-21.46,-114.94,39.91,50.0,0.0003,-0.1992
220.0,25,3,-32.54,-116.47,256.77,50.0,0.0,-0.3868
220.0,26,3,-40.31,-62.36,1394.49,50.0,0.0,-0.4208
220.0,28,3,-24.93,-111.61,51.32,50.0,0.0001,-0.2638
220.0,29,3,-12.26,-93.72,10.53,50.0,0.0068,-0.1234
220.0,3,3,-15.32,-101.5,12.92,50.0,0.0023,-0.142
220.0,30,3,-8.4,-105.27,9.15,50.0,0.0256,-0.0798
220.0,32,3,-14.22,-111.19,11.86,50.0,0.0034,-0.1272
220.0,38,3,-17.07,-100.45,15.26,50.0,0.0013,-0.1574
220.0,4,3,-30.22,-112.73,153.97,50.0,0.0,-0.3867
220.0,40,1,4.81,-51.28,1.14,50.0,0.7277,0.2823
220.0,42,3,-20.63,-104.15,24.23,50.0,0.0004,-0.1917
220.0,43,3,-9.16,-104.69,9.34,50.0,0.0197,-0.0883
220.0,44,3,-16.97,-108.92,15.1,50.0,0.0013,-0.1504
220.0,46,3,-8.14,-107.49,9.1,50.0,0.028,-0.0753
220.0,47,3,2.33,-53.57,8.27,50.0,0.5288,0.1894
220.0,48,3,-31.74,-122.54,215.3,50.0,0.0,-0.3867
220.0,5,3,-10.47,-103.61,9.74,50.0,0.0126,-0.1013
220.0,50,1,-18.14,-127.82,19.15,50.0,0.0009,-0.1405
220.0,51,3,-12.27,-112.18,10.54,50.0,0.0067,-0.1119
220.0,52,3,-18.76,-104.41,18.62,50.0,0.0007,-0.1704
220.0,53,3,-7.79,-92.4,9.03,50.0,0.0314,-0.0821
220.0,54,1,-18.02,-105.17,18.66,50.0,0.0009,-0.1424
220.0,55,3,-16.54,-106.55,14.45,50.0,0.0015,-0.1484
220.0,56,3,-0.47,-52.19,8.34,50.0,0.296,0.0619
220.0,57,3,-35.74,-108.55,528.31,50.0,0.0,-0.3878
220.0,58,3,-1.2,-103.26,8.37,50.0,0.2462,0.0707
220.0,59,3,-9.62,-105.72,9.47,50.0,0.0168,-0.0921
220.0,60,3,-25.38,-104.66,56.07,50.0,0.0001,-0.2794
220.0,61,3,-10.89,-103.19,9.9,50.0,0.0109,-0.1053
220.0,62,3,-13.85,-113.63,11.56,50.0,0.0039,-0.1243
220.0,63,3,2.12,-64.33,8.27,50.0,0.5102,0.1869
220.0,64,3,-15.89,-107.13,13.58,50.0,0.0019,-0.1426
220.0,65,3,-19.87,-117.12,21.65,50.0,0.0005,-0.1784
220.0,67,1,-27.96,-132.32,174.47,50.0,0.0,-0.3522
220.0,69,3,-35.17,-124.26,463.97,50.0,0.0,-0.3868
220.0,7,3,-13.11,-109.39,11.04,50.0,0.005,-0.119
220.0,70,3,-2.41,-61.54,8.43,50.0,0.1758,0.0004
220.0,71,3,-11.61,-107.27,10.21,50.0,0.0085,-0.1085
220.0,72,3,-4.16,-104.01,8.56,50.0,0.1039,-0.0145
220.0,73,3,-27.94,-116.66,94.4,50.0,0.0,-0.3652
220.0,8,1,-5.73,-48.56,2.11,50.0,0.0626,-0.0571
221.0,0,3,-33.38,-110.59,307.43,50.0,0.0,-0.3803
221.0,1,3,-4.02,-89.46,5.92,50.0,0.1084,-0.0101
221.0,10,3,-28.73,-118.38,108.96,50.0,0.0,-0.3738
221.0,11,1,-10.89,-109.42,5.88,50.0,0.0108,-0.0792
221.0,14,3,3.24,-60.52,5.62,50.0,0.6067,0.2498
221.0,15,3,-36.97,-125.23,696.07,50.0,0.0,-0.3803
221.0,17,1,-15.62,-109.47,12.59,50.0,0.0021,-0.1215
221.0,18,3,-32.97,-115.59,280.37,50.0,0.0,-0.3803
221.0,19,3,-51.6,-56.78,1391.87,50.0,0.0,-0.4183
221.0,20,1,-2.18,-47.25,2.92,50.0,0.1878,0.0049
221.0,21,3,-20.25,-105.57,20.25,50.0,0.0004,-0.1743
221.0,22,3,-22.58,-104.03,30.66,50.0,0.0002,-0.2082
221.0,23,3,-29.89,-114.77,140.66,50.0,0.0,-0.3797
221.0,24,1,-16.47,-110.0,14.77,50.0,0.0016,-0.1301
221.0,25,1,-24.56,-108.48,81.68,50.0,0.0001,-0.3068
221.0,26,3,-43.1,-63.89,1391.87,50.0,0.0,-0.4132
221.0,28,3,-17.15,-119.39,12.76,50.0,0.0012,-0.1395
221.0,29,3,-15.33,-97.03,10.3,50.0,0.0023,-0.1335
221.0,3,3,1.33,-104.81,5.66,50.0,0.442,0.1903
221.0,30,3,-11.19,-97.43,7.39,50.0,0.0098,-0.1002
221.0,31,3,-8.96,-58.36,6.66,50.0,0.0211,-0.1076
221.0,32,1,-26.96,-129.14,140.22,50.0,0.0,-0.3544
221.0,33,1,-24.97,-126.08,89.5,50.0,0.0,-0.3234
221.0,38,3,-8.22,-101.86,6.49,50.0,0.0272,-0.0685
221.0,4,3,-17.63,-102.49,13.6,50.0,0.001,-0.1492
221.0,40,1,-4.18,-44.95,3.19,50.0,0.103,-0.0434
221.0,42,1,-11.61,-104.55,6.49,50.0,0.0085,-0.0888
221.0,43,1,-3.27,-110.24,3.05,50.0,0.1365,0.0223
221.0,44,1,-18.25,-108.26,20.99,50.0,0.0008,-0.1533
221.0,46,3,-23.28,-105.6,35.05,50.0,0.0001,-0.2195
221.0,48,3,-23.78,-119.92,38.67,50.0,0.0001,-0.2261
221.0,49,3,4.18,-64.27,5.61,50.0,0.6821,0.2968
221.0,5,1,-16.14,-118.06,13.86,50.0,0.0017,-0.1265
221.0,50,1,-28.2,-123.24,185.54,50.0,0.0,-0.3606
221.0,51,3,-20.87,-102.48,22.5,50.0,0.0003,-0.1842
221.0,52,3,-9.22,-105.9,6.73,50.0,0.0193,-0.0762
221.0,53,3,-4.76,-94.6,5.98,50.0,0.0858,-0.0221
221.0,54,1,-8.44,-107.6,4.41,50.0,0.0252,-0.0578
221.0,55,1,-24.27,-121.07,76.56,50.0,0.0001,-0.294
221.0,57,3,-20.84,-109.31,22.4,50.0,0.0003,-0.179
221.0,58,3,-10.52,-104.97,7.13,50.0,0.0124,-0.0891
221.0,59,1,-8.64,-124.05,4.5,50.0,0.0236,-0.0581
221.0,60,3,-25.35,-97.86,53.09,50.0,0.0001,-0.2716
221.0,61,3,-15.35,-100.07,10.32,50.0,0.0023,-0.1315
221.0,62,3,-25.3,-110.46,52.5,50.0,0.0001,-0.2615
221.0,64,3,-32.85,-115.5,272.94,50.0,0.0,-0.3803
221.0,65,1,-24.51,-109.63,80.75,50.0,0.0001,-0.3038
221.0,67,3,-36.1,-117.85,570.52,50.0,0.0,-0.3803
221.0,69,1,-28.94,-129.23,219.75,50.0,0.0,-0.3643
221.0,7,3,-27.04,-109.32,75.7,50.0,0.0,-0.3172
221.0,70,3,1.91,-65.6,5.65,50.0,0.4925,0.1898
221.0,71,1,-20.16,-120.78,31.24,50.0,0.0004,-0.1824
221.0,72,3,-12.57,-95.97,8.08,50.0,0.0061,-0.1125
221.0,73,1,-26.14,-129.41,116.57,50.0,0.0,-0.3503
221.0,8,1,-4.71,-47.61,3.28,50.0,0.0872,-0.0512
222.0,0,1,-25.95,-121.68,109.54,50.0,0.0,-0.336
222.0,1,3,-47.38,-63.81,1397.08,50.0,0.0,-0.4252
222.0,10,3,-37.7,-116.33,827.21,50.0,0.0,-0.3922
222.0,13,3,-7.71,-42.34,11.6,50.0,0.0324,-0.1274
222.0,14,3,-3.46,-59.43,11.08,50.0,0.129,-0.0404
222.0,15,1,-37.6,-131.88,1596.32,50.0,0.0,-0.3563
222.0,16,3,-2.85,-58.43,11.04,50.0,0.1548,-0.0251
222.0,17,3,-22.69,-103.51,36.53,50.0,0.0002,-0.2329
222.0,18,3,-25.65,-113.67,61.69,50.0,0.0001,-0.2936
222.0,19,3,-60.0,-58.49,1397.08,50.0,0.0,-0.429
222.0,20,3,1.65,-43.21,10.87,50.0,0.4696,0.1389
222.0,21,3,-25.96,-100.31,65.51,50.0,0.0,-0.3098
222.0,22,3,2.38,-103.3,10.85,50.0,0.5335,0.2169
222.0,23,5,-55.87,-150.0,277.29,50.0,0.0,-0.3514
222.0,24,3,-16.15,-109.77,16.5,50.0,0.0017,-0.1535
222.0,25,5,-32.57,-150.0,50.16,50.0,0.0,-0.2515
222.0,26,3,-60.0,-60.16,1397.08,50.0,0.0,-0.4278
222.0,27,3,1.31,-65.69,10.87,50.0,0.4398,0.1389
222.0,28,3,-17.26,-117.19,18.17,50.0,0.0012,-0.1629
222.0,29,3,-11.08,-94.49,12.56,50.0,0.0102,-0.1238
222.0,3,1,-8.56,-110.57,2.37,50.0,0.0242,-0.0398
222.0,30,3,-9.79,-93.53,12.1,50.0,0.0159,-0.113
222.0,32,3,-24.3,-108.17,48.12,50.0,0.0001,-0.2609
222.0,33,3,-31.49,-115.13,206.18,50.0,0.0,-0.3922
222.0,37,3,-11.85,-91.46,12.91,50.0,0.0078,-0.1324
222.0,38,3,-15.84,-104.24,16.11,50.0,0.0019,-0.1549
222.0,4,3,-14.7,-108.73,14.87,50.0,0.0029,-0.1425
222.0,41,3,-2.5,-62.89,11.02,50.0,0.1714,-0.0118
222.0,42,1,-13.24,-112.55,6.23,50.0,0.0048,-0.0813
222.0,43,3,-5.95,-103.8,11.33,50.0,0.0583,-0.0591
222.0,44,3,-19.47,-102.53,23.06,50.0,0.0005,-0.1899
222.0,46,3,-20.61,-106.53,26.75,50.0,0.0004,-0.2004
222.0,47,3,0.38,-64.42,10.9,50.0,0.3622,0.096
222.0,48,3,-24.22,-124.35,47.43,50.0,0.0001,-0.2578
222.0,50,3,-41.66,-117.66,1397.08,50.0,0.0,-0.3922
222.0,51,3,-19.99,-105.96,24.6,50.0,0.0005,-0.1932
222.0,52,3,-18.83,-99.44,21.38,50.0,0.0007,-0.1853
222.0,53,3,-13.26,-94.85,13.72,50.0,0.0048,-0.1411
222.0,54,3,-6.73,-102.64,11.43,50.0,0.045,-0.0716
222.0,55,3,-17.66,-111.93,18.87,50.0,0.001,-0.1665
222.0,56,3,-2.88,-61.71,11.05,50.0,0.1536,-0.0235
222.0,57,3,-22.04,-108.68,32.97,50.0,0.0002,-0.2187
222.0,58,3,-9.51,-101.32,12.02,50.0,0.0175,-0.1047
222.0,59,3,-12.52,-103.55,13.26,50.0,0.0062,-0.1291
222.0,6,3,1.23,-59.83,10.88,50.0,0.4333,0.1311
222.0,60,3,-15.8,-104.75,16.06,50.0,0.002,-0.1542
222.0,61,3,-5.5,-108.0,11.27,50.0,0.0676,-0.0486
222.0,62,3,-15.12,-108.98,15.28,50.0,0.0025,-0.1456
222.0,64,3,-23.94,-112.99,45.14,50.0,0.0001,-0.2518
222.0,65,1,-25.66,-135.69,102.53,50.0,0.0,-0.3345
222.0,66,3,2.77,-60.52,10.84,50.0,0.5667,0.2048
222.0,67,3,-27.39,-120.67,86.71,50.0,0.0,-0.3525
222.0,69,3,-27.35,-124.79,86.03,50.0,0.0,-0.3509
222.0,7,3,-25.32,-110.95,57.98,50.0,0.0001,-0.2845
222.0,71,3,-18.66,-109.44,20.95,50.0,0.0007,-0.1764
222.0,72,3,-5.7,-104.17,11.29,50.0,0.0632,-0.0548
222.0,73,3,-38.45,-121.98,981.83,50.0,0.0,-0.3922
222.0,9,3,1.14,-43.0,10.88,50.0,0.4249,0.1146
223.0,0,6,-60.0,-150.0,69.32,50.0,0.0,-0.2892
223.0,1,3,-21.0,-84.96,23.13,50.0,0.0003,-0.1989
223.0,10,3,-29.13,-126.44,119.08,50.0,0.0,-0.3761
223.0,11,1,-25.05,-112.35,91.0,50.0,0.0,-0.3259
223.0,13,3,2.54,-55.5,5.74,50.0,0.5471,0.2122
223.0,15,3,-36.09,-123.54,569.21,50.0,0.0,-0.3805
223.0,16,3,-0.45,-57.65,5.82,50.0,0.2979,0.0781
223.0,17,3,-10.65,-108.33,7.28,50.0,0.0118,-0.0883
223.0,18,3,-25.28,-115.99,52.47,50.0,0.0001,-0.2616
223.0,19,3,-14.44,-95.26,9.52,50.0,0.0032,-0.1281
223.0,21,3,-10.05,-108.21,7.07,50.0,0.0145,-0.083
223.0,22,3,-8.5,-106.26,6.65,50.0,0.0247,-0.0689
223.0,23,3,-31.68,-114.44,209.58,50.0,0.0,-0.3805
223.0,24,1,-26.7,-115.3,131.99,50.0,0.0,-0.3522
223.0,25,1,-20.63,-112.7,34.31,50.0,0.0004,-0.19
223.0,27,1,-3.32,-59.8,2.83,50.0,0.1346,-0.0132
223.0,28,3,-23.47,-99.67,36.47,50.0,0.0001,-0.2278
223.0,29,1,-6.76,-120.26,3.56,50.0,0.0445,-0.0358
223.0,3,3,-15.04,-104.43,10.09,50.0,0.0026,-0.1263
223.0,32,1,-25.3,-122.36,96.2,50.0,0.0,-0.3375
223.0,33,3,-25.6,-110.01,55.99,50.0,0.0001,-0.2703
223.0,38,1,-25.01,-119.55,90.2,50.0,0.0,-0.3241
223.0,39,1,-2.29,-43.09,2.71,50.0,0.1824,0.0005
223.0,4,3,-23.57,-113.82,37.21,50.0,0.0001,-0.2224
223.0,41,1,-8.24,-62.94,4.09,50.0,0.027,-0.0862
223.0,42,3,-15.33,-104.29,10.4,50.0,0.0023,-0.1288
223.0,43,3,-16.88,-112.05,12.43,50.0,0.0013,-0.1376
223.0,44,1,-24.16,-117.76,74.55,50.0,0.0001,-0.2884
223.0,45,1,2.19,-39.35,2.39,50.0,0.5163,0.1604
223.0,46,3,-16.23,-105.94,11.49,50.0,0.0017,-0.1349
223.0,48,3,-17.95,-118.95,14.31,50.0,0.0009,-0.1472
223.0,5,1,-14.56,-117.72,10.17,50.0,0.003,-0.1093
223.0,50,3,-35.09,-113.56,453.74,50.0,0.0,-0.3805
223.0,51,1,-20.99,-103.76,37.07,50.0,0.0003,-0.2019
223.0,52,1,-16.65,-99.06,15.07,50.0,0.0015,-0.1385
223.0,54,1,-12.72,-116.72,7.43,50.0,0.0058,-0.0929
223.0,55,3,-19.77,-114.08,18.81,50.0,0.0005,-0.1659
223.0,57,3,-18.03,-104.27,14.48,50.0,0.0009,-0.1521
223.0,58,3,-11.09,-103.83,7.45,50.0,0.0101,-0.0953
223.0,59,1,-23.13,-101.76,59.23,50.0,0.0001,-0.2585
223.0,6,3,-2.11,-55.78,5.89,50.0,0.1917,0.017
223.0,60,3,-17.89,-99.41,14.2,50.0,0.0009,-0.1543
223.0,62,1,-22.89,-113.83,56.24,50.0,0.0001,-0.2454
223.0,64,3,-25.2,-120.05,51.56,50.0,0.0001,-0.2594
223.0,65,1,-21.49,-113.54,41.33,50.0,0.0003,-0.2084
223.0,66,3,-3.29,-57.78,5.96,50.0,0.1357,-0.0154
223.0,67,3,-20.85,-116.37,22.52,50.0,0.0003,-0.179
223.0,68,3,1.92,-57.23,5.75,50.0,0.4934,0.1838
223.0,69,3,-31.96,-124.58,223.4,50.0,0.0,-0.3805
223.0,7,3,-26.3,-115.15,64.8,50.0,0.0,-0.2914
223.0,71,1,-26.61,-124.59,129.34,50.0,0.0,-0.3517
223.0,72,1,-11.35,-113.7,6.03,50.0,0.0093,-0.0812
223.0,73,3,-33.15,-125.86,292.21,50.0,0.0,-0.3805
223.0,8,1,-6.68,-41.4,3.54,50.0,0.0457,-0.0838
223.0,9,3,-7.83,-52.67,6.51,50.0,0.0311,-0.0996
224.0,0,3,-19.67,-111.53,23.0,50.0,0.0005,-0.1842
224.0,1,3,-52.39,-56.69,1396.44,50.0,0.0,-0.429
224.0,10,3,-25.76,-120.57,62.35,50.0,0.0,-0.2942
224.0,11,3,-3.97,-99.9,10.48,50.0,0.1102,-0.0212
224.0,13,3,4.57,-66.13,10.18,50.0,0.7105,0.2958
224.0,14,3,-0.58,-60.68,10.29,50.0,0.2881,0.0555
224.0,15,3,-36.15,-119.03,581.76,50.0,0.0,-0.3909
224.0,16,3,0.2,-62.4,10.27,50.0,0.3472,0.089
224.0,17,3,-25.01,-103.63,54.09,50.0,0.0001,-0.2784
224.0,18,3,-22.37,-112.47,34.06,50.0,0.0002,-0.2203
224.0,19,3,-53.35,-62.34,1396.44,50.0,0.0,-0.425
224.0,20,3,1.19,-35.09,10.24,50.0,0.4293,0.1174
224.0,21,3,-16.85,-112.77,16.86,50.0,0.0014,-0.1567
224.0,22,3,-11.08,-100.28,11.92,50.0,0.0102,-0.1171
224.0,23,1,-24.39,-129.81,76.82,50.0,0.0001,-0.2837
224.0,24,3,-10.09,-106.1,11.56,50.0,0.0143,-0.1042
224.0,25,3,-38.46,-97.97,983.17,50.0,0.0,-0.3995
224.0,26,3,-54.75,-53.22,1396.44,50.0,0.0,-0.4315
224.0,28,3,-18.71,-109.24,20.44,50.0,0.0007,-0.1745
224.0,29,3,-4.04,-109.41,10.49,50.0,0.1077,-0.0161
224.0,3,3,-7.27,-100.12,10.88,50.0,0.0375,-0.0781
224.0,32,3,-14.3,-108.03,13.87,50.0,0.0033,-0.1373
224.0,33,1,-28.27,-120.07,186.65,50.0,0.0,-0.3496
224.0,38,3,-25.23,-107.81,56.37,50.0,0.0001,-0.2811
224.0,4,3,-29.08,-112.73,122.43,50.0,0.0,-0.3862
224.0,40,3,-0.09,-35.78,10.28,50.0,0.3246,0.0607
224.0,42,3,-10.9,-97.6,11.85,50.0,0.0108,-0.1175
224.0,43,3,-9.21,-102.53,11.3,50.0,0.0194,-0.0983
224.0,44,1,-20.48,-131.8,31.55,50.0,0.0004,-0.1733
224.0,46,3,-22.29,-103.15,33.64,50.0,0.0002,-0.224
224.0,48,3,-29.38,-123.37,130.33,50.0,0.0,-0.3878
224.0,50,3,-20.73,-118.0,26.54,50.0,0.0004,-0.1968
224.0,51,3,-13.64,-99.65,13.35,50.0,0.0042,-0.1381
224.0,52,1,-24.26,-133.34,74.53,50.0,0.0001,-0.2785
224.0,54,3,-21.88,-94.48,31.51,50.0,0.0002,-0.2238
224.0,55,3,-14.74,-108.51,14.27,50.0,0.0029,-0.1404
224.0,57,3,-26.56,-109.43,72.96,50.0,0.0,-0.3199
224.0,58,1,-8.17,-109.37,2.37,50.0,0.0277,-0.0386
224.0,59,3,-10.39,-99.04,11.66,50.0,0.0129,-0.112
224.0,6,3,-0.3,-63.29,10.28,50.0,0.3089,0.0688
224.0,60,3,-22.38,-102.26,34.14,50.0,0.0002,-0.2261
224.0,61,3,5.0,-97.2,10.17,50.0,0.7405,0.3371
224.0,62,3,-17.74,-106.77,18.39,50.0,0.001,-0.1669
224.0,64,3,-13.6,-110.64,13.32,50.0,0.0042,-0.1304
224.0,65,4,-25.5,-150.0,49.25,50.0,0.0001,-0.2264
224.0,66,3,-7.35,-51.94,10.89,50.0,0.0365,-0.1136
224.0,67,3,-22.73,-112.23,36.16,50.0,0.0002,-0.2264
224.0,68,3,1.1,-58.17,10.24,50.0,0.422,0.1264
224.0,69,3,-33.49,-120.11,319.95,50.0,0.0,-0.3909
224.0,7,3,-18.28,-101.95,19.48,50.0,0.0008,-0.1755
224.0,71,3,-17.81,-110.51,18.52,50.0,0.001,-0.1653
224.0,72,3,-19.16,-108.68,21.57,50.0,0.0006,-0.1796
224.0,73,3,-39.43,-122.88,1225.81,50.0,0.0,-0.3909
224.0,74,3,0.26,-60.89,10.26,50.0,0.3526,0.0908
224.0,8,3,0.14,-50.44,10.27,50.0,0.3431,0.0782
224.0,9,3,-3.34,-57.53,10.44,50.0,0.1335,-0.0363
225.0,0,3,-24.73,-113.77,46.14,50.0,0.0001,-0.2441
225.0,1,3,-60.0,-52.6,1391.23,50.0,0.0,-0.4194
225.0,10,3,-31.85,-124.3,217.41,50.0,0.0,-0.3784
225.0,11,3,-14.33,-112.39,8.69,50.0,0.0033,-0.1132
225.0,13,3,-2.79,-64.21,5.19,50.0,0.1576,0.0063
225.0,14,3,-0.51,-62.27,5.08,50.0,0.2933,0.0824
225.0,15,3,-34.67,-123.48,411.12,50.0,0.0,-0.3784
225.0,17,3,-9.45,-100.94,6.16,50.0,0.0178,-0.079
225.0,18,3,-34.9,-110.32,433.79,50.0,0.0,-0.3784
225.0,19,3,-55.11,-62.36,1391.23,50.0,0.0,-0.4125
225.0,21,3,-12.88,-103.84,7.63,50.0,0.0054,-0.1063
225.0,22,3,-23.52,-108.25,36.1,50.0,0.0001,-0.2191
225.0,23,1,-19.12,-130.29,25.56,50.0,0.0006,-0.1675
225.0,24,1,-25.64,-112.1,104.46,50.0,0.0,-0.3496
225.0,25,1,-24.75,-117.21,85.71,50.0,0.0001,-0.3165
225.0,26,3,-43.19,-57.23,1391.23,50.0,0.0,-0.4161
225.0,27,1,-0.55,-65.3,3.22,50.0,0.2904,0.0663
225.0,28,3,-19.62,-113.83,17.63,50.0,0.0005,-0.1607
225.0,3,1,-7.11,-109.05,4.34,50.0,0.0396,-0.0449
225.0,32,1,-16.06,-120.56,14.11,50.0,0.0018,-0.1284
225.0,33,1,-18.69,-121.09,23.44,50.0,0.0007,-0.1611
225.0,34,1,-6.19,-100.93,4.07,50.0,0.0538,-0.039
225.0,35,1,-1.72,-100.37,3.32,50.0,0.2137,0.0534
225.0,38,3,-18.54,-110.45,14.85,50.0,0.0008,-0.1494
225.0,4,3,-15.23,-117.24,9.56,50.0,0.0024,-0.1203
225.0,40,3,-2.83,-39.04,5.19,50.0,0.1558,-0.0121
225.0,41,1,-4.1,-61.76,3.63,50.0,0.1056,-0.0326
225.0,42,3,-11.53,-103.72,6.91,50.0,0.0087,-0.0955
225.0,43,1,-4.68,-113.96,3.73,50.0,0.0881,-0.0089
225.0,44,3,-16.31,-109.23,10.87,50.0,0.0016,-0.1297
225.0,45,1,-4.0,-42.46,3.61,50.0,0.1092,-0.0443
225.0,46,3,-5.41,-107.68,5.41,50.0,0.0696,-0.0217
225.0,48,1,-29.71,-127.81,262.48,50.0,0.0,-0.3701
225.0,50,1,-36.12,-126.64,1138.38,50.0,0.0,-0.3715
225.0,51,3,-13.46,-109.36,8.01,50.0,0.0044,-0.1069
225.0,52,3,-21.32,-105.67,23.71,50.0,0.0003,-0.1848
225.0,54,1,-11.38,-103.65,6.73,50.0,0.0092,-0.0902
225.0,55,3,-29.04,-99.03,116.19,50.0,0.0,-0.3814
225.0,57,3,-15.74,-108.97,10.14,50.0,0.002,-0.1252
225.0,59,3,-16.86,-108.69,11.66,50.0,0.0014,-0.1347
225.0,60,3,-23.85,-106.52,38.57,50.0,0.0001,-0.2269
225.0,61,3,-8.65,-108.96,5.95,50.0,0.0235,-0.065
225.0,62,3,-2.53,-106.75,5.18,50.0,0.1701,0.0442
225.0,64,3,-12.54,-116.14,7.42,50.0,0.0061,-0.0992
225.0,65,1,-25.74,-113.15,106.91,50.0,0.0,-0.3501
225.0,66,1,2.31,-61.68,3.06,50.0,0.5268,0.1768
225.0,67,3,-28.07,-122.33,93.78,50.0,0.0,-0.3562
225.0,68,1,-1.28,-57.94,3.28,50.0,0.2411,0.0368
225.0,69,1,-27.63,-125.98,163.65,50.0,0.0,-0.3596
225.0,7,3,-24.12,-112.12,40.72,50.0,0.0001,-0.2301
225.0,71,1,-16.83,-127.15,16.29,50.0,0.0014,-0.1369
225.0,72,1,-15.94,-125.36,13.81,50.0,0.0019,-0.1271
225.0,73,1,-24.79,-128.41,86.55,50.0,0.0,-0.3185
225.0,8,3,-3.65,-51.55,5.25,50.0,0.1215,-0.0254
225.0,9,3,-1.64,-58.66,5.13,50.0,0.2186,0.0381
226.0,0,3,-31.19,-103.55,192.87,50.0,0.0,-0.3963
226.0,1,3,-51.73,-53.14,1396.84,50.0,0.0,-0.4324
226.0,10,3,-35.04,-127.63,453.31,50.0,0.0,-0.3918
226.0,11,3,0.68,-103.79,10.65,50.0,0.3869,0.1384
226.0,14,3,-0.94,-59.52,10.71,50.0,0.2631,0.0392
226.0,15,3,-42.04,-123.58,1396.84,50.0,0.0,-0.3918
226.0,16,3,0.71,-56.99,10.65,50.0,0.389,0.1061
226.0,17,3,-16.42,-105.58,16.63,50.0,0.0016,-0.1578
226.0,18,3,-22.8,-112.03,36.97,50.0,0.0002,-0.2292
226.0,19,3,-54.02,-56.04,1396.84,50.0,0.0,-0.4303
226.0,20,3,3.44,-39.79,10.59,50.0,0.6231,0.2232
226.0,21,3,-4.79,-98.79,10.96,50.0,0.0851,-0.0411
226.0,22,3,-6.59,-105.7,11.17,50.0,0.0471,-0.0665
226.0,23,3,-38.87,-119.45,1079.19,50.0,0.0,-0.3918
226.0,24,1,-22.43,-125.3,49.06,50.0,0.0002,-0.2182
226.0,25,3,-24.67,-103.28,51.18,50.0,0.0001,-0.272
226.0,26,3,-53.08,-51.43,1396.84,50.0,0.0,-0.4336
226.0,27,3,4.91,-63.25,10.57,50.0,0.7345,0.3073
226.0,28,3,-27.53,-114.44,89.07,50.0,0.0,-0.3574
226.0,29,3,-10.51,-99.49,12.1,50.0,0.0124,-0.1143
226.0,3,3,-7.51,-102.64,11.32,50.0,0.0346,-0.081
226.0,30,3,-2.7,-59.81,10.8,50.0,0.1616,-0.019
226.0,32,3,-16.76,-104.7,17.13,50.0,0.0014,-0.1614
226.0,33,3,-20.08,-112.55,24.66,50.0,0.0004,-0.1905
226.0,34,1,-12.03,-124.53,4.97,50.0,0.0073,-0.0731
226.0,35,3,-6.72,-110.25,11.19,50.0,0.0451,-0.0653
226.0,38,3,-14.29,-101.56,14.27,50.0,0.0033,-0.1435
226.0,4,3,-19.54,-103.8,23.01,50.0,0.0005,-0.1888
226.0,40,3,2.15,-42.55,10.62,50.0,0.5136,0.1634
226.0,41,3,-4.71,-58.74,10.95,50.0,0.0873,-0.0681
226.0,42,3,-14.18,-96.27,14.17,50.0,0.0035,-0.1464
226.0,43,3,-4.44,-102.06,10.93,50.0,0.0949,-0.0317
226.0,44,3,-11.44,-99.48,12.47,50.0,0.009,-0.1223
226.0,46,3,-18.78,-104.55,21.02,50.0,0.0007,-0.1803
226.0,47,3,2.01,-96.6,10.62,50.0,0.5011,0.1952
226.0,48,1,-44.58,-137.99,2773.14,50.0,0.0,-0.3582
226.0,50,3,-34.38,-109.61,390.28,50.0,0.0,-0.392
226.0,51,3,-14.0,-104.45,14.03,50.0,0.0037,-0.1392
226.0,52,1,-21.67,-129.54,41.31,50.0,0.0003,-0.1988
226.0,53,3,-1.41,-67.16,10.73,50.0,0.2325,0.0275
226.0,54,1,-1.97,-125.98,0.97,50.0,0.1996,0.0712
226.0,55,3,-17.49,-113.32,18.33,50.0,0.0011,-0.164
226.0,57,3,-20.09,-108.19,24.68,50.0,0.0004,-0.1919
226.0,58,3,-16.03,-84.62,16.1,50.0,0.0018,-0.1695
226.0,59,3,-14.42,-100.53,14.38,50.0,0.0032,-0.1452
226.0,60,3,-10.22,-107.31,12.0,50.0,0.0137,-0.1062
226.0,61,3,-13.56,-89.02,13.69,50.0,0.0043,-0.1467
226.0,62,3,-11.8,-111.36,12.64,50.0,0.0079,-0.1178
226.0,63,3,-2.03,-61.76,10.76,50.0,0.1961,0.0028
226.0,64,3,-17.99,-104.94,19.27,50.0,0.0009,-0.1722
226.0,65,3,-31.95,-110.18,227.73,50.0,0.0,-0.3917
226.0,66,3,-3.02,-51.78,10.82,50.0,0.1473,-0.0335
226.0,67,3,-24.7,-117.27,51.48,50.0,0.0001,-0.2679
226.0,68,3,3.46,-55.79,10.59,50.0,0.6251,0.2356
226.0,69,1,-39.3,-141.14,2357.84,50.0,0.0,-0.3582
226.0,7,3,-22.29,-108.55,34.03,50.0,0.0002,-0.2218
226.0,71,1,-21.56,-134.14,40.23,50.0,0.0003,-0.1961
226.0,72,3,-7.56,-108.63,11.33,50.0,0.0341,-0.0773
226.0,73,3,-33.86,-130.55,348.03,50.0,0.0,-0.3918
226.0,74,1,-9.97,-61.93,3.29,50.0,0.0149,-0.0896
226.0,75,3,-34.15,-90.71,371.25,50.0,0.0,-0.4055
226.0,9,3,0.18,-59.67,10.67,50.0,0.3463,0.0849
227.0,0,1,-28.59,-123.66,202.08,50.0,0.0,-0.3586
227.0,1,3,-60.0,-47.5,1392.85,50.0,0.0,-0.4275
227.0,10,1,-27.65,-131.41,162.87,50.0,0.0,-0.3539
227.0,11,3,-8.78,-97.38,7.6,50.0,0.0225,-0.0824
227.0,13,3,-3.67,-107.54,6.87,50.0,0.121,0.0066
227.0,15,1,-33.09,-127.27,566.21,50.0,0.0,-0.3657
227.0,17,3,-7.95,-102.0,7.42,50.0,0.0298,-0.0699
227.0,18,3,-27.13,-110.78,78.12,50.0,0.0,-0.3246
227.0,19,3,-53.06,-55.14,1392.85,50.0,0.0,-0.4221
227.0,21,3,-18.37,-111.66,16.09,50.0,0.0008,-0.1554
227.0,22,3,-17.37,-103.01,14.12,50.0,0.0011,-0.151
227.0,23,1,-27.88,-130.31,171.75,50.0,0.0,-0.3551
227.0,24,3,-18.92,-109.37,17.36,50.0,0.0007,-0.1613
227.0,25,3,-27.53,-109.07,85.08,50.0,0.0,-0.3412
227.0,26,3,-55.15,-49.38,1392.85,50.0,0.0,-0.4262
227.0,28,3,-30.57,-115.08,164.79,50.0,0.0,-0.3828
227.0,29,3,-11.5,-106.19,8.51,50.0,0.0088,-0.1011
227.0,3,3,-6.8,-101.22,7.22,50.0,0.0439,-0.0558
227.0,32,1,-21.0,-120.18,36.53,50.0,0.0003,-0.1934
227.0,33,1,-28.68,-113.25,206.26,50.0,0.0,-0.3591
227.0,34,1,-9.98,-126.43,4.39,50.0,0.0149,-0.0651
227.0,35,3,-4.68,-109.12,6.96,50.0,0.0881,-0.0146
227.0,37,3,2.43,-59.52,6.62,50.0,0.5376,0.2057
227.0,38,3,-10.26,-113.17,8.03,50.0,0.0135,-0.0877
227.0,4,3,-24.37,-106.58,44.48,50.0,0.0001,-0.2458
227.0,40,3,1.65,-43.96,6.64,50.0,0.4694,0.1572
227.0,42,3,3.65,-95.6,6.6,50.0,0.6409,0.2901
227.0,43,3,-10.24,-98.32,8.02,50.0,0.0136,-0.0959
227.0,44,3,-20.85,-100.52,23.43,50.0,0.0003,-0.19
227.0,46,1,-15.44,-107.4,11.33,50.0,0.0022,-0.1155
227.0,47,3,-6.37,-95.43,7.15,50.0,0.0507,-0.0537
227.0,48,3,-24.43,-125.82,45.0,50.0,0.0001,-0.2447
227.0,50,1,-26.44,-117.79,123.88,50.0,0.0,-0.3479
227.0,51,3,-30.59,-110.05,165.43,50.0,0.0,-0.3828
227.0,52,3,-17.66,-110.09,14.65,50.0,0.001,-0.1487
227.0,55,3,-15.48,-109.22,11.46,50.0,0.0022,-0.1306
227.0,56,3,1.14,-63.38,6.65,50.0,0.4257,0.1473
227.0,57,3,-14.35,-107.95,10.33,50.0,0.0033,-0.1225
227.0,58,1,-12.08,-110.24,6.1,50.0,0.0072,-0.0832
227.0,59,3,-20.36,-99.57,21.6,50.0,0.0004,-0.1844
227.0,6,1,3.95,-64.82,1.71,50.0,0.6641,0.2547
227.0,60,3,-16.23,-102.76,12.37,50.0,0.0017,-0.1413
227.0,62,3,-29.31,-104.57,124.89,50.0,0.0,-0.3832
227.0,63,1,4.0,-63.97,1.71,50.0,0.6679,0.2561
227.0,64,3,-12.63,-123.1,9.1,50.0,0.0059,-0.1076
227.0,65,1,-22.72,-118.16,53.55,50.0,0.0002,-0.2361
227.0,67,3,-29.87,-119.2,141.01,50.0,0.0,-0.3822
227.0,69,3,-38.46,-131.45,978.96,50.0,0.0,-0.3829
227.0,7,3,-22.17,-111.24,29.43,50.0,0.0002,-0.202
227.0,71,1,-9.1,-122.71,3.88,50.0,0.0202,-0.0569
227.0,72,3,-5.48,-105.21,7.04,50.0,0.0679,-0.0325
227.0,73,2,-35.95,-150.0,1090.85,50.0,0.0,-0.3507
227.0,74,1,-3.58,-67.35,2.25,50.0,0.1241,-0.0095
227.0,75,3,-25.19,-105.54,52.36,50.0,0.0001,-0.2665
228.0,0,3,-29.52,-110.64,131.89,50.0,0.0,-0.3831
228.0,1,3,-60.0,-40.71,1393.98,50.0,0.0,-0.4351
228.0,10,1,-36.97,-128.12,1380.38,50.0,0.0,-0.3644
228.0,11,3,-10.74,-99.27,9.33,50.0,0.0114,-0.1046
228.0,13,1,-14.68,-117.24,9.52,50.0,0.0029,-0.1044
228.0,15,3,-38.12,-120.84,907.38,50.0,0.0,-0.3856
228.0,16,3,2.06,-62.1,7.76,50.0,0.5049,0.1846
228.0,17,3,-4.27,-108.99,8.05,50.0,0.1003,-0.0111
228.0,18,3,-25.67,-112.66,58.82,50.0,0.0001,-0.2813
228.0,19,3,-57.19,-52.46,1393.98,50.0,0.0,-0.4267
228.0,20,3,-3.35,-40.5,7.98,50.0,0.1334,-0.0383
228.0,21,3,-18.6,-106.25,17.72,50.0,0.0007,-0.1653
228.0,22,3,-14.62,-107.17,11.7,50.0,0.003,-0.1301
228.0,23,3,-21.59,-121.51,27.67,50.0,0.0003,-0.1982
228.0,24,3,-24.36,-108.86,45.53,50.0,0.0001,-0.2489
228.0,25,3,-21.95,-99.86,29.4,50.0,0.0002,-0.2108
228.0,26,3,-60.0,-45.35,1393.98,50.0,0.0,-0.4318
228.0,27,1,3.05,-60.91,1.49,50.0,0.5906,0.2173
228.0,28,3,-5.63,-111.41,8.19,50.0,0.0648,-0.0365
228.0,29,3,-17.36,-98.84,15.22,50.0,0.0011,-0.1588
228.0,3,1,-8.71,-120.77,3.44,50.0,0.023,-0.0513
228.0,30,3,-9.31,-56.76,8.86,50.0,0.0187,-0.1218
228.0,32,1,-18.63,-131.3,21.6,50.0,0.0007,-0.1499
228.0,33,3,-21.23,-106.58,26.09,50.0,0.0003,-0.1956
228.0,34,1,-2.74,-123.83,1.89,50.0,0.1598,0.0425
228.0,35,3,-14.56,-109.38,11.64,50.0,0.003,-0.1281
228.0,38,3,-10.04,-102.79,9.08,50.0,0.0146,-0.0958
228.0,4,3,-20.78,-114.16,24.26,50.0,0.0003,-0.1872
228.0,40,3,3.37,-43.39,7.73,50.0,0.6178,0.2344
228.0,41,1,-2.71,-57.04,1.89,50.0,0.1614,0.0055
228.0,42,3,1.03,-98.52,7.78,50.0,0.4155,0.162
228.0,43,3,-9.71,-93.13,8.98,50.0,0.0163,-0.0997
228.0,44,3,-9.66,-100.02,8.96,50.0,0.0166,-0.0942
228.0,46,3,-13.97,-103.62,11.14,50.0,0.0037,-0.1276
228.0,47,1,-16.83,-111.27,14.74,50.0,0.0014,-0.1267
228.0,48,1,-28.88,-137.47,215.52,50.0,0.0,-0.3587
228.0,50,3,-38.92,-121.13,1088.11,50.0,0.0,-0.3856
228.0,51,3,-24.64,-104.11,48.08,50.0,0.0001,-0.2588
228.0,52,3,-9.72,-110.36,8.98,50.0,0.0163,-0.0877
228.0,54,1,-5.55,-97.63,2.37,50.0,0.0665,-0.0218
228.0,55,3,-11.41,-108.24,9.6,50.0,0.0091,-0.1039
228.0,57,3,-14.77,-109.29,11.84,50.0,0.0028,-0.1298
228.0,58,3,-14.72,-94.89,11.79,50.0,0.0029,-0.1397
228.0,59,1,-16.65,-107.58,14.2,50.0,0.0015,-0.1263
228.0,60,3,-20.86,-106.48,24.59,50.0,0.0003,-0.1908
228.0,62,3,-10.05,-111.49,9.08,50.0,0.0145,-0.0908
228.0,64,3,-15.99,-110.76,13.19,50.0,0.0018,-0.1391
228.0,65,1,-25.36,-113.82,96.6,50.0,0.0,-0.3343
228.0,66,1,-2.68,-56.42,1.88,50.0,0.1629,0.0059
228.0,67,3,-31.01,-116.47,182.61,50.0,0.0,-0.3855
228.0,68,1,3.18,-62.53,1.49,50.0,0.6017,0.2239
228.0,69,1,-23.7,-128.24,66.41,50.0,0.0001,-0.2655
228.0,7,1,-19.97,-129.28,28.9,50.0,0.0005,-0.1714
228.0,71,3,-24.38,-116.35,45.65,50.0,0.0001,-0.2484
228.0,72,3,-17.92,-106.66,16.28,50.0,0.0009,-0.1584
228.0,73,3,-41.21,-131.11,1393.98,50.0,0.0,-0.3856
228.0,74,3,1.21,-63.55,7.78,50.0,0.4314,0.1456
228.0,75,1,-17.18,-126.21,15.85,50.0,0.0012,-0.1308
229.0,0,3,-32.0,-107.46,229.39,50.0,0.0,-0.3916
229.0,1,3,-56.08,-49.51,1395.9,50.0,0.0,-0.433
229.0,10,3,-35.37,-121.62,487.17,50.0,0.0,-0.3898
229.0,13,3,-4.9,-114.54,10.03,50.0,0.082,-0.0314
229.0,15,3,-37.59,-121.28,805.42,50.0,0.0,-0.3898
229.0,17,3,-9.77,-95.88,10.92,50.0,0.016,-0.1063
229.0,18,3,-38.84,-112.7,1071.34,50.0,0.0,-0.3898
229.0,19,3,-56.38,-53.04,1395.9,50.0,0.0,-0.4305
229.0,20,3,-3.51,-39.51,9.91,50.0,0.127,-0.0509
229.0,21,3,-6.28,-106.08,10.19,50.0,0.0522,-0.0579
229.0,22,3,-8.61,-107.21,10.61,50.0,0.0238,-0.0866
229.0,23,3,-22.29,-120.77,33.09,50.0,0.0002,-0.2169
229.0,24,3,-10.91,-110.68,11.31,50.0,0.0108,-0.1065
229.0,25,3,-19.71,-109.23,22.57,50.0,0.0005,-0.183
229.0,26,3,-59.1,-52.16,1395.9,50.0,0.0,-0.4312
229.0,27,3,-12.58,-52.49,12.12,50.0,0.006,-0.1613
229.0,28,3,-15.56,-102.83,14.59,50.0,0.0021,-0.1488
229.0,29,3,-15.22,-104.8,14.22,50.0,0.0024,-0.1447
229.0,3,1,-0.78,-112.33,1.07,50.0,0.2745,0.1062
229.0,30,3,2.24,-60.92,9.68,50.0,0.5207,0.1843
229.0,32,3,-0.13,-113.4,9.74,50.0,0.322,0.1115
229.0,33,3,-27.48,-114.92,87.15,50.0,0.0,-0.3514
229.0,34,1,-13.5,-118.21,6.96,50.0,0.0044,-0.0881
229.0,35,3,-1.89,-109.6,9.81,50.0,0.204,0.0454
229.0,38,3,-17.24,-100.64,16.94,50.0,0.0012,-0.1646
229.0,39,1,1.93,-45.93,0.91,50.0,0.4937,0.1654
229.0,4,3,-8.73,-106.89,10.64,50.0,0.0228,-0.0881
229.0,40,3,-5.27,-40.77,10.07,50.0,0.0728,-0.0878
229.0,41,3,-0.9,-58.3,9.77,50.0,0.2658,0.0437
229.0,42,1,-11.21,-113.94,4.42,50.0,0.0097,-0.0685
229.0,44,3,0.29,-102.48,9.73,50.0,0.3549,0.1239
229.0,45,1,-0.69,-51.09,1.07,50.0,0.2803,0.067
229.0,46,1,-22.79,-104.78,53.46,50.0,0.0002,-0.2345
229.0,47,3,-16.54,-101.93,15.86,50.0,0.0015,-0.1576
229.0,48,3,-43.31,-111.51,1395.9,50.0,0.0,-0.3898
229.0,50,3,-28.77,-114.89,114.07,50.0,0.0,-0.3836
229.0,51,3,-6.52,-103.62,10.23,50.0,0.0482,-0.0632
229.0,52,3,-12.91,-106.72,12.32,50.0,0.0054,-0.1252
229.0,53,3,1.72,-62.35,9.69,50.0,0.4751,0.1604
229.0,55,3,-19.6,-104.28,22.26,50.0,0.0005,-0.1853
229.0,57,3,-18.99,-106.23,20.58,50.0,0.0006,-0.1774
229.0,58,3,-13.64,-90.21,12.81,50.0,0.0042,-0.1427
229.0,59,3,-24.41,-105.21,47.87,50.0,0.0001,-0.2607
229.0,60,3,-18.57,-98.9,19.57,50.0,0.0007,-0.1783
229.0,62,1,-13.95,-109.78,7.63,50.0,0.0038,-0.0923
229.0,64,3,-23.85,-110.47,43.21,50.0,0.0001,-0.2451
229.0,65,1,-21.14,-128.03,36.79,50.0,0.0003,-0.189
229.0,67,3,-23.69,-114.83,42.02,50.0,0.0001,-0.2419
229.0,69,3,-40.99,-123.62,1395.9,50.0,0.0,-0.3898
229.0,7,3,-24.26,-106.58,46.56,50.0,0.0001,-0.2564
229.0,71,3,-30.75,-117.14,174.2,50.0,0.0,-0.3898
229.0,72,3,-19.16,-107.22,21.03,50.0,0.0006,-0.1784
229.0,73,3,-50.37,-128.81,1395.9,50.0,0.0,-0.3898
229.0,75,3,-31.13,-102.88,189.39,50.0,0.0,-0.3949
229.0,76,3,-41.96,-111.73,1395.9,50.0,0.0,-0.3898
229.0,8,3,-12.75,-97.5,12.22,50.0,0.0057,-0.1305
230.0,0,3,-16.57,-111.16,12.15,50.0,0.0015,-0.1358
230.0,1,3,-49.98,-61.23,1392.16,50.0,0.0,-0.4159
230.0,10,1,-35.59,-128.52,1007.58,50.0,0.0,-0.3682
230.0,13,3,-23.79,-114.79,39.06,50.0,0.0001,-0.2278
230.0,14,1,3.98,-72.52,2.22,50.0,0.6665,0.2579
230.0,15,1,-48.7,-131.33,2774.73,50.0,0.0,-0.3682
230.0,17,3,-8.8,-102.02,6.92,50.0,0.0223,-0.0761
230.0,18,3,-40.06,-112.43,1392.16,50.0,0.0,-0.3811
230.0,19,3,-47.72,-60.77,1392.16,50.0,0.0,-0.4163
230.0,20,3,3.91,-42.31,5.91,50.0,0.6611,0.2671
230.0,21,3,-17.45,-111.46,13.57,50.0,0.0011,-0.1436
230.0,22,3,-12.68,-104.22,8.43,50.0,0.0058,-0.1089
230.0,23,3,-23.78,-124.68,39.0,50.0,0.0001,-0.2276
230.0,24,3,-27.21,-110.01,78.71,50.0,0.0,-0.3244
230.0,25,3,-16.82,-109.16,12.53,50.0,0.0014,-0.1386
230.0,28,3,-12.54,-114.8,8.35,50.0,0.0061,-0.1037
230.0,29,1,-8.78,-122.91,4.23,50.0,0.0225,-0.0573
230.0,3,1,-19.99,-104.02,29.79,50.0,0.0005,-0.1814
230.0,32,3,-17.86,-113.2,14.34,50.0,0.001,-0.1473
230.0,33,3,-23.39,-120.39,36.12,50.0,0.0001,-0.2199
230.0,34,3,-25.53,-95.1,55.39,50.0,0.0001,-0.2799
230.0,35,3,-5.81,-106.2,6.39,50.0,0.0609,-0.0342
230.0,38,3,-18.3,-105.81,15.24,50.0,0.0008,-0.1545
230.0,39,1,-0.74,-48.92,2.45,50.0,0.2773,0.0531
230.0,4,3,-16.63,-113.65,12.24,50.0,0.0015,-0.1363
230.0,40,3,2.06,-45.02,5.94,50.0,0.5052,0.1807
230.0,44,3,-14.25,-98.28,9.55,50.0,0.0034,-0.1254
230.0,45,1,-5.08,-51.45,3.02,50.0,0.0774,-0.0527
230.0,46,1,-2.73,-112.58,2.65,50.0,0.1603,0.0374
230.0,47,1,-14.72,-99.2,10.36,50.0,0.0029,-0.1178
230.0,48,1,-34.72,-130.9,824.57,50.0,0.0,-0.3682
230.0,50,3,-29.26,-113.85,122.74,50.0,0.0,-0.3773
230.0,51,3,-21.54,-111.53,25.61,50.0,0.0003,-0.1893
230.0,52,3,-11.72,-105.03,7.92,50.0,0.0082,-0.1006
230.0,55,1,-18.63,-126.06,22.35,50.0,0.0007,-0.1553
230.0,57,1,-13.63,-118.26,8.53,50.0,0.0042,-0.1002
230.0,58,3,-5.69,-102.11,6.38,50.0,0.0635,-0.035
230.0,59,1,-13.99,-111.0,9.09,50.0,0.0037,-0.1034
230.0,60,3,-19.11,-105.29,17.16,50.0,0.0006,-0.1631
230.0,62,3,-18.76,-112.3,16.28,50.0,0.0007,-0.1561
230.0,64,1,-14.06,-124.5,9.19,50.0,0.0036,-0.104
230.0,65,1,-15.89,-121.93,12.89,50.0,0.0019,-0.1217
230.0,67,3,-37.92,-117.95,865.5,50.0,0.0,-0.3811
230.0,68,3,0.29,-55.9,5.99,50.0,0.3549,0.1069
230.0,69,1,-28.06,-129.79,179.31,50.0,0.0,-0.3585
230.0,7,3,-21.97,-112.21,27.71,50.0,0.0002,-0.1958
230.0,71,3,-26.82,-110.79,72.55,50.0,0.0,-0.3101
230.0,72,3,-6.96,-105.79,6.55,50.0,0.0417,-0.0515
230.0,73,4,-32.42,-150.0,241.86,50.0,0.0,-0.3506
230.0,75,3,-29.52,-102.63,130.13,50.0,0.0,-0.3839
230.0,76,3,-29.23,-117.87,121.9,50.0,0.0,-0.3771
230.0,8,3,-17.52,-96.39,13.7,50.0,0.0011,-0.1539
230.0,9,1,-1.94,-61.04,2.56,50.0,0.2012,0.0238
231.0,0,3,-24.32,-114.01,46.18,50.0,0.0001,-0.2515
231.0,1,3,-44.62,-63.48,1394.95,50.0,0.0,-0.4211
231.0,10,1,-26.87,-133.9,135.8,50.0,0.0,-0.3451
231.0,13,6,-48.17,-150.0,69.32,50.0,0.0,-0.2892
231.0,15,3,-43.99,-122.43,1394.96,50.0,0.0,-0.3878
231.0,16,3,-0.87,-59.72,8.82,50.0,0.2683,0.0499
231.0,17,1,-10.18,-122.71,3.73,50.0,0.0139,-0.0603
231.0,18,3,-35.69,-112.93,521.96,50.0,0.0,-0.3878
231.0,19,3,-51.25,-59.46,1394.95,50.0,0.0,-0.4239
231.0,20,3,-0.22,-41.23,8.8,50.0,0.315,0.0624
231.0,21,3,-21.15,-102.54,26.73,50.0,0.0003,-0.2016
231.0,22,3,-25.63,-99.22,59.29,50.0,0.0001,-0.292
231.0,23,1,-27.81,-129.93,168.25,50.0,0.0,-0.3498
231.0,24,1,-30.36,-114.49,301.87,50.0,0.0,-0.3608
231.0,27,3,-1.78,-61.17,8.86,50.0,0.2105,0.0184
231.0,28,3,-20.44,-116.79,24.01,50.0,0.0004,-0.1872
231.0,29,1,-13.57,-96.71,7.14,50.0,0.0043,-0.0991
231.0,3,3,-12.74,-104.45,11.26,50.0,0.0057,-0.1215
231.0,30,3,-0.73,-64.24,8.82,50.0,0.2775,0.0583
231.0,32,3,-19.29,-112.13,20.44,50.0,0.0006,-0.174
231.0,33,3,-20.13,-106.54,22.95,50.0,0.0004,-0.1859
231.0,34,1,-14.37,-123.85,8.43,50.0,0.0032,-0.0968
231.0,35,3,-16.78,-114.88,15.26,50.0,0.0014,-0.15
231.0,37,3,1.98,-46.26,8.74,50.0,0.4981,0.1653
231.0,38,3,-14.15,-106.31,12.27,50.0,0.0035,-0.1313
231.0,4,3,-9.18,-105.49,9.81,50.0,0.0196,-0.0899
231.0,41,3,3.3,-61.3,8.71,50.0,0.6122,0.2398
231.0,42,3,-0.82,-65.44,8.82,50.0,0.2715,0.0558
231.0,44,3,-9.78,-106.62,9.98,50.0,0.0159,-0.0949
231.0,46,3,-11.61,-103.58,10.67,50.0,0.0085,-0.1131
231.0,47,3,-9.78,-93.71,9.98,50.0,0.016,-0.1041
231.0,48,3,-29.77,-123.42,140.29,50.0,0.0,-0.3866
231.0,50,3,-34.01,-115.53,357.41,50.0,0.0,-0.3878
231.0,51,3,-15.09,-103.44,13.14,50.0,0.0025,-0.1408
231.0,52,3,-13.08,-109.56,11.48,50.0,0.0051,-0.1206
231.0,53,3,1.48,-63.67,8.75,50.0,0.4545,0.154
231.0,55,1,-19.93,-120.57,28.13,50.0,0.0005,-0.1661
231.0,56,3,-2.48,-37.79,8.9,50.0,0.1723,-0.019
231.0,57,3,-13.75,-109.31,11.95,50.0,0.004,-0.126
231.0,58,1,-13.06,-100.85,6.45,50.0,0.0051,-0.0917
231.0,59,3,-20.72,-97.21,25.03,50.0,0.0004,-0.1998
231.0,6,3,1.11,-60.54,8.76,50.0,0.4231,0.1347
231.0,60,3,-20.89,-102.82,25.69,50.0,0.0003,-0.198
231.0,62,3,-23.49,-103.66,39.64,50.0,0.0001,-0.2387
231.0,64,3,-14.61,-96.54,12.67,50.0,0.003,-0.1419
231.0,65,3,-18.76,-116.68,19.07,50.0,0.0007,-0.1684
231.0,66,3,1.33,-60.28,8.75,50.0,0.4421,0.1448
231.0,67,3,-29.04,-119.79,119.68,50.0,0.0,-0.3829
231.0,68,3,3.23,-55.33,8.71,50.0,0.6059,0.2319
231.0,69,3,-33.89,-118.32,347.83,50.0,0.0,-0.3878
231.0,7,1,-16.61,-117.87,13.54,50.0,0.0015,-0.1195
231.0,71,3,-29.43,-112.93,130.26,50.0,0.0,-0.3849
231.0,72,3,-12.59,-108.66,11.18,50.0,0.006,-0.1174
231.0,73,3,-38.37,-130.55,960.86,50.0,0.0,-0.3878
231.0,74,3,-0.12,-58.03,8.79,50.0,0.3226,0.0786
231.0,75,1,-6.0,-114.25,1.94,50.0,0.0574,-0.0149
231.0,76,3,-21.46,-110.99,28.08,50.0,0.0003,-0.2006
231.0,8,3,-19.98,-100.68,22.47,50.0,0.0005,-0.1883
232.0,0,3,-12.29,-109.45,8.82,50.0,0.0067,-0.1048
232.0,1,3,-58.93,-56.17,1392.77,50.0,0.0,-0.4211
232.0,10,1,-35.33,-130.55,947.97,50.0,0.0,-0.366
232.0,11,3,4.8,-61.42,6.5,50.0,0.7274,0.3187
232.0,13,3,-13.35,-108.05,9.47,50.0,0.0046,-0.1142
232.0,14,3,-5.59,-56.0,6.97,50.0,0.0656,-0.0691
232.0,15,3,-46.9,-125.15,1392.77,50.0,0.0,-0.3826
232.0,18,3,-22.2,-108.01,29.46,50.0,0.0002,-0.2034
232.0,19,3,-60.0,-38.54,1392.77,50.0,0.0,-0.4326
232.0,20,3,3.51,-41.83,6.52,50.0,0.6292,0.2453
232.0,21,3,-13.96,-96.95,9.92,50.0,0.0037,-0.1269
232.0,22,3,-11.25,-112.7,8.32,50.0,0.0096,-0.0959
232.0,23,3,-28.84,-124.54,112.7,50.0,0.0,-0.3767
232.0,24,3,-24.53,-107.57,45.84,50.0,0.0001,-0.2484
232.0,25,3,-8.01,-93.27,7.35,50.0,0.0292,-0.0764
232.0,26,3,-60.0,-36.51,1392.77,50.0,0.0,-0.4326
232.0,28,1,-18.76,-112.59,22.52,50.0,0.0007,-0.154
232.0,29,1,-12.76,-129.65,6.91,50.0,0.0057,-0.0894
232.0,3,1,-22.85,-122.86,55.16,50.0,0.0002,-0.2403
232.0,32,1,-25.02,-116.6,89.72,50.0,0.0,-0.3204
232.0,33,1,-23.23,-122.47,60.05,50.0,0.0001,-0.252
232.0,34,3,-1.07,-101.31,6.64,50.0,0.2543,0.0815
232.0,35,3,-12.44,-97.43,8.91,50.0,0.0063,-0.1146
232.0,37,3,1.69,-53.74,6.56,50.0,0.473,0.1665
232.0,38,3,-20.61,-102.9,22.43,50.0,0.0004,-0.1847
232.0,4,3,-12.25,-110.87,8.8,50.0,0.0068,-0.1041
232.0,40,3,-1.32,-41.59,6.65,50.0,0.2384,0.0299
232.0,42,3,-2.43,-55.53,6.71,50.0,0.1748,0.0032
232.0,43,3,-4.88,-55.63,6.9,50.0,0.0826,-0.0564
232.0,45,1,4.02,-62.5,1.76,50.0,0.6698,0.2556
232.0,46,3,-14.74,-101.01,10.6,50.0,0.0028,-0.1301
232.0,47,3,-10.75,-103.74,8.12,50.0,0.0114,-0.0961
232.0,48,1,-25.73,-134.94,105.38,50.0,0.0,-0.3445
232.0,5,1,-13.23,-116.97,7.5,50.0,0.0048,-0.0935
232.0,50,6,-60.0,-150.0,69.32,50.0,0.0,-0.2891
232.0,51,2,-21.26,-150.0,37.24,50.0,0.0003,-0.181
232.0,52,1,-12.85,-121.52,7.02,50.0,0.0055,-0.0902
232.0,55,1,-22.56,-115.8,51.66,50.0,0.0002,-0.2318
232.0,56,3,-1.36,-52.24,6.66,50.0,0.236,0.0361
232.0,57,1,-10.63,-124.19,4.88,50.0,0.0119,-0.0712
232.0,58,3,-15.06,-98.36,10.92,50.0,0.0025,-0.1346
232.0,59,3,-9.92,-100.09,7.83,50.0,0.0152,-0.0913
232.0,60,3,-16.52,-103.79,12.69,50.0,0.0015,-0.1426
232.0,61,3,4.71,-64.52,6.5,50.0,0.7211,0.3169
232.0,62,3,-6.44,-103.74,7.08,50.0,0.0495,-0.0485
232.0,63,1,-6.5,-56.78,2.91,50.0,0.0485,-0.0666
232.0,64,3,-20.97,-112.19,23.8,50.0,0.0003,-0.1843
232.0,65,3,-27.15,-116.84,78.46,50.0,0.0,-0.3252
232.0,67,3,-27.18,-119.68,78.84,50.0,0.0,-0.3261
232.0,68,1,4.84,-58.82,1.73,50.0,0.7296,0.284
232.0,69,1,-21.66,-128.81,42.28,50.0,0.0003,-0.2085
232.0,7,3,-19.84,-106.19,19.82,50.0,0.0005,-0.1731
232.0,70,1,0.49,-57.37,1.9,50.0,0.3713,0.1075
232.0,71,1,-25.29,-112.75,95.36,50.0,0.0,-0.333
232.0,72,3,3.19,-113.73,6.53,50.0,0.6023,0.2785
232.0,73,1,-37.34,-123.48,1502.74,50.0,0.0,-0.366
232.0,74,1,1.58,-62.07,1.85,50.0,0.4632,0.1547
232.0,75,3,-13.03,-103.34,9.26,50.0,0.0052,-0.115
232.0,76,1,-25.19,-121.28,93.36,50.0,0.0,-0.3285
232.0,77,3,-14.8,-98.56,10.66,50.0,0.0028,-0.1323
232.0,8,3,-14.04,-88.0,9.99,50.0,0.0036,-0.1339
233.0,0,1,-23.94,-121.71,69.71,50.0,0.0001,-0.2709
233.0,1,3,-51.82,-57.45,1394.43,50.0,0.0,-0.4242
233.0,10,3,-28.16,-119.64,98.85,50.0,0.0,-0.375
233.0,11,3,3.45,-63.03,8.19,50.0,0.6245,0.2503
233.0,13,3,-13.67,-100.23,11.36,50.0,0.0041,-0.1296
233.0,14,3,2.56,-64.2,8.2,50.0,0.549,0.2084
233.0,15,1,-41.39,-131.37,2773.6,50.0,0.0,-0.362
233.0,16,1,-1.3,-56.25,1.36,50.0,0.2396,0.0483
233.0,18,3,-28.0,-113.99,95.66,50.0,0.0,-0.3678
233.0,19,3,-60.0,-32.32,1394.43,50.0,0.0,-0.4366
233.0,20,3,3.06,-42.44,8.19,50.0,0.5913,0.2167
233.0,21,3,-10.14,-106.03,9.57,50.0,0.0141,-0.0964
233.0,22,3,-22.66,-102.9,33.71,50.0,0.0002,-0.2219
233.0,23,3,-44.76,-117.61,1394.43,50.0,0.0,-0.3866
233.0,24,3,-26.57,-114.18,71.05,50.0,0.0,-0.3114
233.0,25,3,-7.45,-95.91,8.91,50.0,0.0353,-0.0751
233.0,26,3,-60.0,-28.08,1394.43,50.0,0.0,-0.4366
233.0,28,3,-23.39,-117.35,38.42,50.0,0.0001,-0.23
233.0,29,2,-11.63,-150.0,4.18,50.0,0.0084,-0.0613
233.0,3,3,-34.47,-92.5,395.85,50.0,0.0,-0.3991
233.0,31,3,2.52,-65.91,8.2,50.0,0.5455,0.2077
233.0,32,1,-10.28,-131.74,3.96,50.0,0.0134,-0.0628
233.0,33,3,-19.15,-114.82,19.54,50.0,0.0006,-0.1702
233.0,34,3,-16.63,-107.83,14.52,50.0,0.0015,-0.148
233.0,35,1,-10.8,-118.14,4.34,50.0,0.0112,-0.0673
233.0,38,3,-13.56,-100.03,11.28,50.0,0.0043,-0.1289
233.0,39,3,-1.74,-48.32,8.34,50.0,0.2124,0.0126
233.0,4,3,-13.72,-104.69,11.4,50.0,0.0041,-0.1268
233.0,45,3,-2.52,-49.05,8.38,50.0,0.1703,-0.0115
233.0,46,1,-12.2,-109.02,5.6,50.0,0.0069,-0.0799
233.0,47,3,-21.67,-101.39,28.49,50.0,0.0003,-0.2074
233.0,48,3,-33.63,-121.83,327.75,50.0,0.0,-0.3866
233.0,49,3,-9.63,-57.48,9.41,50.0,0.0168,-0.1263
233.0,50,3,-23.15,-114.95,36.78,50.0,0.0002,-0.2255
233.0,51,1,-23.3,-115.58,60.28,50.0,0.0001,-0.2488
233.0,52,3,-19.04,-109.05,19.25,50.0,0.0006,-0.1697
233.0,55,1,-28.78,-123.59,210.56,50.0,0.0,-0.3558
233.0,57,3,-8.52,-107.06,9.12,50.0,0.0245,-0.0796
233.0,58,3,-13.81,-100.96,11.47,50.0,0.0039,-0.1302
233.0,59,3,-16.09,-100.56,13.77,50.0,0.0018,-0.1486
233.0,6,1,1.26,-56.18,1.19,50.0,0.4353,0.1425
233.0,60,3,-19.72,-105.97,21.14,50.0,0.0005,-0.1793
233.0,62,3,-21.37,-112.47,27.16,50.0,0.0003,-0.1971
233.0,63,3,-3.21,-51.64,8.42,50.0,0.1389,-0.0288
233.0,64,3,-15.31,-113.96,12.84,50.0,0.0023,-0.1356
233.0,65,3,-22.52,-119.64,32.91,50.0,0.0002,-0.2145
233.0,66,3,-0.87,-56.22,8.3,50.0,0.2681,0.0496
233.0,67,3,-18.63,-118.34,18.25,50.0,0.0007,-0.1649
233.0,68,3,2.13,-57.84,8.21,50.0,0.511,0.1829
233.0,69,3,-30.39,-125.38,159.76,50.0,0.0,-0.3866
233.0,7,3,-27.33,-106.83,83.15,50.0,0.0,-0.3417
233.0,70,3,-1.19,-52.19,8.31,50.0,0.2467,0.0348
233.0,71,4,-26.29,-150.0,59.08,50.0,0.0,-0.2501
233.0,72,3,-10.6,-105.75,9.73,50.0,0.012,-0.1007
233.0,73,3,-38.15,-118.38,914.25,50.0,0.0,-0.3866
233.0,74,3,-2.69,-52.23,8.39,50.0,0.1625,-0.014
233.0,75,3,-9.42,-97.29,9.35,50.0,0.018,-0.0959
233.0,76,1,-33.23,-117.45,584.4,50.0,0.0,-0.362
233.0,77,1,-15.2,-122.38,10.19,50.0,0.0024,-0.1063
233.0,8,3,-6.2,-96.14,8.71,50.0,0.0537,-0.0575
233.0,9,3,-2.97,-54.78,8.41,50.0,0.1494,-0.0201
234.0,0,3,-16.79,-113.73,13.09,50.0,0.0014,-0.1405
234.0,1,3,-35.29,-60.7,475.41,50.0,0.0,-0.4178
234.0,10,1,-37.89,-127.48,1709.04,50.0,0.0,-0.3666
234.0,13,6,-53.59,-150.0,69.32,50.0,0.0,-0.2891
234.0,15,1,-29.92,-126.31,274.19,50.0,0.0,-0.3662
234.0,18,3,-25.27,-114.25,53.09,50.0,0.0001,-0.2649
234.0,19,3,-60.0,-29.75,1392.77,50.0,0.0,-0.4326
234.0,20,3,-7.12,-40.08,7.18,50.0,0.0395,-0.1034
234.0,21,3,-20.7,-102.08,22.76,50.0,0.0004,-0.1865
234.0,22,3,-35.64,-110.23,514.61,50.0,0.0,-0.3826
234.0,23,3,-31.72,-121.92,212.28,50.0,0.0,-0.3826
234.0,24,3,-28.48,-110.73,104.24,50.0,0.0,-0.3749
234.0,26,3,-60.0,-33.07,1392.77,50.0,0.0,-0.4326
234.0,28,1,-24.26,-116.53,75.83,50.0,0.0001,-0.2894
234.0,29,3,-4.11,-108.0,6.83,50.0,0.1055,-0.003
234.0,3,3,-6.28,-105.06,7.06,50.0,0.0522,-0.0451
234.0,31,3,-2.84,-61.11,6.73,50.0,0.1554,-0.0046
234.0,32,1,-9.48,-126.83,4.27,50.0,0.0176,-0.0618
234.0,33,3,-19.0,-106.03,17.5,50.0,0.0006,-0.1642
234.0,34,1,-9.22,-113.86,4.12,50.0,0.0193,-0.0593
234.0,35,3,-11.98,-109.08,8.66,50.0,0.0074,-0.1026
234.0,38,3,-25.09,-95.12,51.19,50.0,0.0001,-0.2708
234.0,39,3,-2.01,-48.64,6.69,50.0,0.1974,0.0115
234.0,4,3,-5.58,-107.35,6.97,50.0,0.0658,-0.0322
234.0,40,3,-4.96,-39.1,6.9,50.0,0.0806,-0.069
234.0,42,3,-4.22,-35.74,6.83,50.0,0.1019,-0.0539
234.0,45,3,4.29,-54.09,6.51,50.0,0.6907,0.2906
234.0,46,1,-3.61,-104.44,2.43,50.0,0.1231,0.0152
234.0,47,1,-4.61,-117.77,2.6,50.0,0.09,-0.0005
234.0,48,1,-33.68,-132.97,648.33,50.0,0.0,-0.3666
234.0,49,3,-1.54,-61.65,6.66,50.0,0.2244,0.0363
234.0,50,1,-38.12,-129.98,1799.13,50.0,0.0,-0.3666
234.0,51,3,-27.41,-108.33,82.86,50.0,0.0,-0.3365
234.0,52,3,-18.82,-104.76,17.04,50.0,0.0007,-0.1632
234.0,55,1,-19.96,-107.11,29.28,50.0,0.0005,-0.1765
234.0,57,1,-14.43,-118.92,9.49,50.0,0.0032,-0.1051
234.0,58,3,-5.06,-94.25,6.91,50.0,0.0779,-0.0323
234.0,59,1,-17.1,-110.63,16.03,50.0,0.0012,-0.133
234.0,60,3,-18.32,-106.86,15.89,50.0,0.0008,-0.1567
234.0,61,3,-8.14,-52.58,7.37,50.0,0.028,-0.1069
234.0,62,3,-12.36,-110.81,8.86,50.0,0.0065,-0.105
234.0,63,1,-3.01,-51.78,2.35,50.0,0.1476,-0.0088
234.0,64,3,-24.16,-112.91,42.63,50.0,0.0001,-0.2383
234.0,65,3,-23.21,-112.5,35.49,50.0,0.0001,-0.2192
234.0,67,1,-20.63,-134.21,33.89,50.0,0.0004,-0.1871
234.0,69,1,-38.04,-126.45,1765.49,50.0,0.0,-0.3666
234.0,7,3,-29.28,-113.26,123.85,50.0,0.0,-0.3789
234.0,70,1,0.53,-54.98,2.03,50.0,0.3743,0.1064
234.0,71,3,-29.83,-117.23,139.79,50.0,0.0,-0.3817
234.0,72,3,-12.4,-108.02,8.88,50.0,0.0064,-0.1067
234.0,73,3,-38.52,-130.7,992.54,50.0,0.0,-0.3826
234.0,74,3,-4.3,-57.27,6.84,50.0,0.0992,-0.0434
234.0,75,3,-19.75,-104.75,19.57,50.0,0.0005,-0.1732
234.0,76,1,-34.52,-118.46,786.46,50.0,0.0,-0.3666
234.0,77,3,-9.46,-100.82,7.7,50.0,0.0178,-0.0864
235.0,0,3,-35.63,-111.75,516.16,50.0,0.0,-0.3901
235.0,1,3,-24.17,-94.81,45.97,50.0,0.0001,-0.2634
235.0,10,3,-31.23,-123.92,193.58,50.0,0.0,-0.3901
235.0,13,3,-12.19,-104.69,12.03,50.0,0.0069,-0.1215
235.0,14,3,-0.91,-62.6,9.9,50.0,0.2655,0.046
235.0,15,3,-41.78,-121.95,1396.03,50.0,0.0,-0.3901
235.0,16,3,1.63,-54.43,9.82,50.0,0.4675,0.15
235.0,17,3,-1.83,-58.57,9.94,50.0,0.2075,0.0104
235.0,18,3,-26.38,-114.07,69.94,50.0,0.0,-0.3117
235.0,20,3,2.31,-40.99,9.8,50.0,0.5273,0.1731
235.0,21,3,-20.46,-107.48,25.13,50.0,0.0004,-0.1936
235.0,22,3,-26.31,-102.85,68.96,50.0,0.0,-0.3145
235.0,23,3,-29.09,-121.03,122.11,50.0,0.0,-0.3855
235.0,24,3,-27.95,-105.43,96.22,50.0,0.0,-0.3755
235.0,26,3,-23.4,-76.32,40.04,50.0,0.0001,-0.2609
235.0,27,3,1.47,-63.49,9.82,50.0,0.4538,0.1491
235.0,28,3,-17.81,-115.31,18.1,50.0,0.001,-0.1636
235.0,29,3,-14.64,-111.19,13.77,50.0,0.0029,-0.137
235.0,3,3,-16.87,-105.3,16.48,50.0,0.0014,-0.1586
235.0,31,3,-1.31,-58.66,9.91,50.0,0.239,0.0284
235.0,32,3,-19.95,-101.11,23.42,50.0,0.0005,-0.192
235.0,33,1,-18.91,-129.06,22.21,50.0,0.0007,-0.1474
235.0,34,3,2.46,-108.95,9.8,50.0,0.5404,0.2289
235.0,35,3,-12.33,-99.73,12.1,50.0,0.0066,-0.1261
235.0,38,3,-10.53,-106.83,11.3,50.0,0.0123,-0.106
235.0,39,3,-4.71,-51.39,10.14,50.0,0.0871,-0.0702
235.0,4,3,-9.63,-102.46,11.0,50.0,0.0168,-0.1009
235.0,40,3,-3.27,-39.5,10.02,50.0,0.1367,-0.0453
235.0,42,3,-7.9,-48.9,10.59,50.0,0.0303,-0.1209
235.0,44,3,-5.16,-61.51,10.18,50.0,0.0755,-0.0715
235.0,46,3,-23.41,-93.25,40.1,50.0,0.0001,-0.2489
235.0,47,3,-8.89,-107.99,10.81,50.0,0.0216,-0.0896
235.0,48,3,-32.56,-123.06,259.78,50.0,0.0,-0.3901
235.0,49,3,-3.65,-63.33,10.05,50.0,0.1215,-0.0383
235.0,50,3,-10.02,-116.49,11.13,50.0,0.0147,-0.0992
235.0,51,3,-19.69,-110.57,22.64,50.0,0.0005,-0.1828
235.0,52,3,-16.63,-103.64,16.11,50.0,0.0015,-0.1577
235.0,55,1,-12.17,-118.98,5.22,50.0,0.007,-0.0755
235.0,57,3,-8.58,-99.66,10.73,50.0,0.0241,-0.0922
235.0,58,1,-6.35,-116.67,1.84,50.0,0.051,-0.0178
235.0,59,3,-16.21,-93.66,15.52,50.0,0.0017,-0.1613
235.0,6,3,0.17,-55.95,9.86,50.0,0.3448,0.0847
235.0,60,3,-14.95,-101.86,14.07,50.0,0.0026,-0.1452
235.0,61,3,-0.81,-56.69,9.89,50.0,0.2725,0.0457
235.0,62,3,-14.94,-106.42,14.06,50.0,0.0027,-0.1419
235.0,64,3,-18.73,-103.59,20.08,50.0,0.0007,-0.1771
235.0,65,3,-34.83,-117.75,431.31,50.0,0.0,-0.3901
235.0,67,1,-24.81,-128.41,84.66,50.0,0.0,-0.3024
235.0,69,3,-35.19,-115.91,467.82,50.0,0.0,-0.3901
235.0,7,3,-10.15,-110.33,11.17,50.0,0.014,-0.1004
235.0,71,1,-23.13,-119.81,57.61,50.0,0.0001,-0.2398
235.0,72,3,-16.18,-103.31,15.48,50.0,0.0017,-0.1541
235.0,73,3,-40.59,-128.86,1396.03,50.0,0.0,-0.3901
235.0,74,3,3.18,-59.62,9.79,50.0,0.6022,0.2284
235.0,75,3,-19.91,-102.41,23.31,50.0,0.0005,-0.1907
235.0,76,3,-19.99,-112.38,23.56,50.0,0.0005,-0.1862
235.0,77,3,-7.94,-102.76,10.59,50.0,0.0299,-0.0828
235.0,78,1,-26.88,-126.55,135.75,50.0,0.0,-0.3435
235.0,9,3,-2.83,-60.78,9.99,50.0,0.1558,-0.0186
236.0,0,3,-23.73,-117.2,38.56,50.0,0.0001,-0.2263
236.0,1,3,-23.32,-88.23,35.56,50.0,0.0001,-0.2337
236.0,10,1,-26.13,-123.37,116.13,50.0,0.0,-0.3496
236.0,11,3,-7.36,-57.93,6.56,50.0,0.0365,-0.0906
236.0,13,3,-29.19,-109.85,120.74,50.0,0.0,-0.3769
236.0,15,1,-35.74,-129.18,1043.11,50.0,0.0,-0.3691
236.0,16,1,-0.13,-61.2,2.59,50.0,0.322,0.0823
236.0,17,1,-4.71,-59.31,3.14,50.0,0.0871,-0.0421
236.0,18,3,-28.17,-116.55,96.77,50.0,0.0,-0.3652
236.0,19,3,-60.0,-32.06,1392.1,50.0,0.0,-0.4309
236.0,20,3,4.96,-47.76,5.83,50.0,0.7383,0.3191
236.0,21,3,-20.64,-106.02,21.86,50.0,0.0004,-0.1798
236.0,22,3,-12.25,-108.54,8.13,50.0,0.0068,-0.1021
236.0,23,1,-20.91,-124.31,36.48,50.0,0.0003,-0.1962
236.0,24,3,-22.04,-106.95,27.99,50.0,0.0002,-0.1986
236.0,25,3,1.86,-58.87,5.89,50.0,0.4876,0.1812
236.0,26,3,-60.0,-35.54,1392.1,50.0,0.0,-0.4309
236.0,27,3,-6.39,-62.09,6.41,50.0,0.0505,-0.0743
236.0,28,1,-24.08,-110.44,73.2,50.0,0.0001,-0.2857
236.0,29,3,-14.03,-104.22,9.31,50.0,0.0037,-0.1191
236.0,3,1,-12.38,-120.04,7.11,50.0,0.0065,-0.0905
236.0,32,3,-12.28,-100.99,8.15,50.0,0.0067,-0.1077
236.0,33,1,-23.81,-121.18,68.95,50.0,0.0001,-0.2758
236.0,34,3,-0.56,-106.35,5.96,50.0,0.2901,0.1079
236.0,35,1,-16.08,-123.29,13.57,50.0,0.0018,-0.125
236.0,37,1,-5.16,-67.62,3.23,50.0,0.0754,-0.0437
236.0,38,3,-20.87,-104.09,22.74,50.0,0.0003,-0.1841
236.0,39,3,0.62,-46.87,5.92,50.0,0.3815,0.1152
236.0,4,1,-9.64,-118.88,4.87,50.0,0.0167,-0.0667
236.0,40,3,4.44,-47.95,5.84,50.0,0.7013,0.2958
236.0,41,3,2.05,-67.39,5.88,50.0,0.5044,0.1965
236.0,42,3,-3.39,-56.95,6.1,50.0,0.1318,-0.0191
236.0,43,3,-2.34,-57.77,6.04,50.0,0.1795,0.0106
236.0,45,3,1.86,-49.98,5.89,50.0,0.4882,0.1752
236.0,47,1,-19.86,-108.54,29.15,50.0,0.0005,-0.1771
236.0,48,1,-34.64,-129.59,809.17,50.0,0.0,-0.3691
236.0,50,3,-37.13,-110.72,722.38,50.0,0.0,-0.3809
236.0,51,3,-25.51,-108.67,55.11,50.0,0.0001,-0.2693
236.0,52,3,-8.56,-107.65,6.8,50.0,0.0242,-0.0692
236.0,55,1,-20.35,-119.88,32.41,50.0,0.0004,-0.1851
236.0,56,1,3.04,-71.06,2.44,50.0,0.5898,0.2176
236.0,57,1,-3.24,-119.69,2.9,50.0,0.1379,0.024
236.0,58,3,-11.13,-108.5,7.6,50.0,0.01,-0.0929
236.0,6,1,1.67,-63.75,2.49,50.0,0.4711,0.1552
236.0,60,3,-19.19,-104.56,17.31,50.0,0.0006,-0.1641
236.0,61,3,-6.21,-54.53,6.38,50.0,0.0534,-0.0771
236.0,62,3,-18.83,-108.78,16.39,50.0,0.0007,-0.1573
236.0,64,3,1.49,-107.38,5.9,50.0,0.4556,0.1985
236.0,65,3,-22.14,-108.27,28.52,50.0,0.0002,-0.1993
236.0,66,3,2.32,-60.05,5.88,50.0,0.5281,0.2043
236.0,67,1,-21.1,-128.67,38.07,50.0,0.0003,-0.2003
236.0,68,3,1.32,-56.89,5.9,50.0,0.4411,0.1545
236.0,69,1,-31.47,-111.74,390.88,50.0,0.0,-0.3691
236.0,7,3,-20.61,-110.58,21.76,50.0,0.0004,-0.1766
236.0,71,3,-22.53,-119.89,30.64,50.0,0.0002,-0.2043
236.0,72,3,-17.5,-105.68,13.6,50.0,0.0011,-0.1468
236.0,73,1,-34.18,-130.68,727.56,50.0,0.0,-0.3691
236.0,75,3,-25.36,-105.26,53.39,50.0,0.0001,-0.2676
236.0,76,3,-26.91,-111.53,73.87,50.0,0.0,-0.313
236.0,77,1,-31.04,-115.09,354.78,50.0,0.0,-0.3691
236.0,78,1,-45.66,-132.31,2774.92,50.0,0.0,-0.3691
237.0,0,1,-26.65,-124.6,128.79,50.0,0.0,-0.3404
237.0,1,3,-16.84,-96.32,17.75,50.0,0.0014,-0.17
237.0,10,3,-32.04,-125.22,232.75,50.0,0.0,-0.3927
237.0,13,3,-19.0,-113.78,22.07,50.0,0.0006,-0.1806
237.0,15,3,-35.62,-119.75,516.62,50.0,0.0,-0.3927
237.0,16,3,-2.63,-58.66,11.29,50.0,0.1653,-0.0196
237.0,18,3,-45.07,-114.57,1397.34,50.0,0.0,-0.3927
237.0,21,3,-14.46,-98.88,14.92,50.0,0.0031,-0.1487
237.0,22,3,-12.43,-104.83,13.47,50.0,0.0064,-0.1285
237.0,23,1,-16.82,-136.51,13.79,50.0,0.0014,-0.1175
237.0,24,3,-27.11,-110.55,82.36,50.0,0.0,-0.3429
237.0,25,3,-1.0,-49.46,11.21,50.0,0.259,0.0278
237.0,26,3,-22.0,-95.87,33.01,50.0,0.0002,-0.2282
237.0,27,3,-12.25,-58.05,13.37,50.0,0.0068,-0.1605
237.0,28,3,-26.63,-103.92,74.78,50.0,0.0,-0.3296
237.0,29,3,-32.66,-105.62,266.9,50.0,0.0,-0.3958
237.0,3,3,-16.23,-106.25,16.87,50.0,0.0017,-0.1577
237.0,30,3,-3.03,-89.4,11.32,50.0,0.1465,-0.009
237.0,31,3,2.42,-61.78,11.11,50.0,0.5371,0.1882
237.0,32,3,-8.68,-103.96,12.06,50.0,0.0232,-0.0955
237.0,33,1,-15.93,-129.58,11.31,50.0,0.0019,-0.1078
237.0,34,3,-12.44,-98.79,13.47,50.0,0.0063,-0.1329
237.0,35,3,-11.38,-107.66,12.95,50.0,0.0092,-0.1179
237.0,38,3,-12.23,-106.69,13.36,50.0,0.0068,-0.1256
237.0,39,3,3.18,-54.86,11.1,50.0,0.602,0.2197
237.0,4,3,-8.92,-94.22,12.12,50.0,0.0214,-0.1049
237.0,40,3,3.32,-46.79,11.09,50.0,0.6134,0.2205
237.0,42,3,0.56,-61.15,11.15,50.0,0.3767,0.1005
237.0,44,3,-1.24,-54.16,11.22,50.0,0.2432,0.0223
237.0,45,3,1.44,-54.57,11.13,50.0,0.4509,0.1359
237.0,47,3,-22.16,-108.45,33.84,50.0,0.0002,-0.2217
237.0,48,3,-35.79,-117.6,536.96,50.0,0.0,-0.3927
237.0,49,3,-0.75,-62.87,11.2,50.0,0.276,0.0468
237.0,50,3,-27.76,-116.73,93.84,50.0,0.0,-0.3691
237.0,51,3,-26.81,-109.91,77.49,50.0,0.0,-0.3317
237.0,52,3,-21.55,-106.65,30.87,50.0,0.0003,-0.2139
237.0,53,3,-14.61,-94.68,15.05,50.0,0.003,-0.1528
237.0,55,3,-20.27,-109.39,25.79,50.0,0.0004,-0.1952
237.0,57,3,-22.13,-105.8,33.67,50.0,0.0002,-0.2231
237.0,58,3,-11.55,-94.92,13.02,50.0,0.0087,-0.1284
237.0,6,3,4.73,-60.44,11.07,50.0,0.7221,0.2955
237.0,60,3,-19.43,-102.67,23.21,50.0,0.0006,-0.1904
237.0,61,3,-3.09,-53.63,11.32,50.0,0.1443,-0.036
237.0,62,3,-18.79,-106.65,21.53,50.0,0.0007,-0.1808
237.0,64,3,-15.16,-105.47,15.59,50.0,0.0025,-0.1495
237.0,65,3,-29.35,-114.15,130.3,50.0,0.0,-0.3894
237.0,67,3,-17.39,-113.25,18.65,50.0,0.0011,-0.1651
237.0,69,1,-26.44,-140.31,122.55,50.0,0.0,-0.3394
237.0,7,3,-20.06,-108.22,25.1,50.0,0.0004,-0.1935
237.0,71,3,-27.28,-97.26,85.2,50.0,0.0,-0.3585
237.0,72,3,-14.6,-96.04,15.04,50.0,0.003,-0.1518
237.0,73,3,-41.71,-127.43,1397.34,50.0,0.0,-0.3927
237.0,74,3,-5.59,-54.81,11.54,50.0,0.0657,-0.0891
237.0,75,3,-27.87,-104.02,95.97,50.0,0.0,-0.3782
237.0,76,3,-36.03,-114.09,567.23,50.0,0.0,-0.3927
237.0,77,3,-14.95,-102.86,15.38,50.0,0.0026,-0.1497
237.0,78,3,-28.01,-122.14,98.62,50.0,0.0,-0.3799
237.0,8,3,-2.03,-47.76,11.26,50.0,0.1964,-0.009
238.0,0,1,-16.4,-115.95,14.1,50.0,0.0016,-0.1262
238.0,1,3,-27.37,-95.53,81.63,50.0,0.0,-0.3414
238.0,10,3,-19.66,-125.33,18.72,50.0,0.0005,-0.1658
238.0,13,3,-19.77,-112.65,19.05,50.0,0.0005,-0.167
238.0,14,3,-2.02,-64.53,6.11,50.0,0.1965,0.025
238.0,15,3,-34.7,-122.44,414.86,50.0,0.0,-0.3811
238.0,16,1,-0.89,-63.19,2.31,50.0,0.2669,0.0592
238.0,17,3,-1.13,-47.62,6.07,50.0,0.2507,0.0437
238.0,18,3,-25.82,-115.87,58.89,50.0,0.0001,-0.2778
238.0,19,3,-60.0,-32.76,1392.19,50.0,0.0,-0.4311
238.0,21,3,-18.74,-101.88,16.27,50.0,0.0007,-0.1618
238.0,22,3,-25.65,-101.82,56.82,50.0,0.0001,-0.2786
238.0,23,1,-27.28,-126.03,150.1,50.0,0.0,-0.3539
238.0,24,3,-25.94,-113.65,60.37,50.0,0.0,-0.2814
238.0,26,3,-60.0,-38.23,1392.19,50.0,0.0,-0.4311
238.0,27,6,-0.39,-150.0,0.02,50.0,0.302,0.7024
238.0,28,1,-31.74,-106.27,415.42,50.0,0.0,-0.3702
238.0,29,1,-16.9,-122.87,15.56,50.0,0.0013,-0.1318
238.0,3,3,-22.34,-109.66,29.64,50.0,0.0002,-0.2018
238.0,30,3,-4.13,-99.89,6.25,50.0,0.1049,-0.0065
238.0,31,3,-0.3,-67.94,6.04,50.0,0.3087,0.0903
238.0,32,1,-5.88,-128.44,3.05,50.0,0.0596,-0.0223
238.0,33,3,-22.88,-111.41,32.78,50.0,0.0002,-0.2106
238.0,34,1,-14.47,-101.7,9.75,50.0,0.0031,-0.1127
238.0,35,1,-16.04,-100.67,13.12,50.0,0.0018,-0.129
238.0,38,3,-11.38,-105.89,7.81,50.0,0.0092,-0.0973
238.0,39,3,-5.57,-48.08,6.4,50.0,0.0659,-0.0718
238.0,40,3,-13.62,-36.79,9.09,50.0,0.0042,-0.1623
238.0,44,3,-9.35,-49.55,7.09,50.0,0.0185,-0.1193
238.0,45,3,0.15,-51.84,6.02,50.0,0.3439,0.0979
238.0,47,1,-19.41,-122.31,26.2,50.0,0.0006,-0.1663
238.0,48,1,-25.08,-132.55,91.36,50.0,0.0,-0.3255
238.0,49,3,-0.02,-64.62,6.03,50.0,0.3305,0.0998
238.0,50,1,-33.67,-124.8,647.41,50.0,0.0,-0.3675
238.0,51,1,-24.61,-119.08,82.12,50.0,0.0001,-0.3047
238.0,52,1,-16.67,-128.29,14.86,50.0,0.0015,-0.1292
238.0,53,3,-12.9,-97.21,8.6,50.0,0.0054,-0.1158
238.0,54,3,1.78,-52.28,5.98,50.0,0.4808,0.1724
238.0,55,1,-7.46,-109.24,3.53,50.0,0.0352,-0.043
238.0,57,3,-14.34,-90.8,9.67,50.0,0.0033,-0.1316
238.0,58,3,-11.4,-106.39,7.81,50.0,0.0091,-0.0971
238.0,6,1,-5.8,-61.58,3.03,50.0,0.0613,-0.0556
238.0,60,3,-12.64,-103.35,8.44,50.0,0.0059,-0.1093
238.0,61,3,-0.16,-58.26,6.03,50.0,0.3193,0.0892
238.0,62,1,-17.34,-116.03,17.03,50.0,0.0011,-0.1371
238.0,64,3,-17.22,-117.24,13.21,50.0,0.0012,-0.1416
238.0,65,3,-33.27,-114.46,300.34,50.0,0.0,-0.3811
238.0,66,3,-6.8,-52.93,6.56,50.0,0.0439,-0.0872
238.0,67,3,-43.77,-115.13,1392.2,50.0,0.0,-0.3811
238.0,68,3,0.96,-53.16,6.0,50.0,0.41,0.1346
238.0,69,1,-29.19,-132.54,232.03,50.0,0.0,-0.3634
238.0,7,3,-25.01,-108.76,49.84,50.0,0.0001,-0.2565
238.0,71,3,-4.22,-104.33,6.26,50.0,0.1018,-0.0054
238.0,72,3,-13.02,-107.15,8.68,50.0,0.0052,-0.1096
238.0,73,1,-32.08,-137.13,449.85,50.0,0.0,-0.3675
238.0,75,3,-26.15,-104.83,63.08,50.0,0.0,-0.2915
238.0,76,1,-29.31,-120.59,238.76,50.0,0.0,-0.364
238.0,77,3,-14.17,-104.1,9.52,50.0,0.0035,-0.1208
238.0,78,1,-36.6,-131.09,1268.09,50.0,0.0,-0.3675
238.0,79,3,0.66,-103.34,6.01,50.0,0.3848,0.1569
238.0,9,3,-3.74,-59.77,6.22,50.0,0.1183,-0.0262
239.0,0,3,-9.55,-111.73,13.72,50.0,0.0173,-0.1055
239.0,1,3,-14.54,-95.96,16.41,50.0,0.0031,-0.1569
239.0,10,3,-19.24,-117.91,24.12,50.0,0.0006,-0.1887
239.0,11,3,-7.53,-57.95,13.25,50.0,0.0343,-0.1207
239.0,13,3,-24.33,-110.24,50.01,50.0,0.0001,-0.2668
239.0,14,3,-0.41,-60.61,12.61,50.0,0.3008,0.0533
239.0,15,3,-39.62,-122.43,1283.31,50.0,0.0,-0.3954
239.0,16,3,-0.02,-59.12,12.6,50.0,0.3304,0.0684
239.0,17,1,-1.24,-41.7,0.62,50.0,0.2432,0.0486
239.0,18,3,-21.25,-110.27,30.95,50.0,0.0003,-0.2128
239.0,19,3,-60.0,-28.25,1398.76,50.0,0.0,-0.4454
239.0,20,3,-3.77,-47.63,12.79,50.0,0.1172,-0.0631
239.0,21,3,-10.52,-97.59,14.03,50.0,0.0123,-0.1233
239.0,22,3,-15.29,-101.59,17.15,50.0,0.0024,-0.1588
239.0,23,3,-31.72,-120.72,218.61,50.0,0.0,-0.3954
239.0,24,3,-19.75,-108.39,25.54,50.0,0.0005,-0.1953
239.0,25,3,-4.83,-53.09,12.88,50.0,0.0838,-0.0821
239.0,26,3,-60.0,-30.1,1398.76,50.0,0.0,-0.4454
239.0,27,3,-9.4,-58.67,13.67,50.0,0.0182,-0.1407
239.0,28,3,-5.84,-102.19,13.0,50.0,0.0605,-0.065
239.0,29,3,-17.38,-110.92,20.05,50.0,0.0011,-0.1705
239.0,3,3,-19.73,-103.7,25.49,50.0,0.0005,-0.1985
239.0,30,3,-10.47,-91.74,14.01,50.0,0.0126,-0.127
239.0,32,3,-13.88,-104.09,15.85,50.0,0.0038,-0.146
239.0,33,3,-21.91,-108.99,34.01,50.0,0.0002,-0.2231
239.0,34,1,-21.99,-135.4,44.11,50.0,0.0002,-0.2024
239.0,35,3,-3.42,-108.46,12.77,50.0,0.1303,-0.0111
239.0,38,3,-28.58,-105.3,112.52,50.0,0.0,-0.3916
239.0,39,3,-1.35,-50.56,12.65,50.0,0.2363,0.0103
239.0,40,3,1.3,-46.53,12.56,50.0,0.4388,0.1181
239.0,41,3,-2.7,-60.04,12.72,50.0,0.1618,-0.0262
239.0,43,3,2.58,-65.74,12.53,50.0,0.5506,0.193
239.0,45,3,0.65,-52.25,12.58,50.0,0.3843,0.0927
239.0,47,3,-15.96,-105.48,17.94,50.0,0.0019,-0.1615
239.0,48,3,-24.77,-119.16,54.04,50.0,0.0001,-0.2771
239.0,50,3,-19.52,-117.81,24.87,50.0,0.0005,-0.1917
239.0,51,3,-28.71,-104.43,115.41,50.0,0.0,-0.3929
239.0,52,3,-18.74,-106.33,22.84,50.0,0.0007,-0.1861
239.0,53,3,-1.45,-94.68,12.65,50.0,0.2299,0.0382
239.0,54,1,-2.76,-39.86,0.78,50.0,0.1591,0.0042
239.0,55,3,-17.66,-108.59,20.55,50.0,0.001,-0.174
239.0,57,3,-4.88,-100.07,12.89,50.0,0.0827,-0.0494
239.0,58,1,-13.01,-144.01,5.81,50.0,0.0052,-0.0773
239.0,6,3,-3.29,-65.6,12.76,50.0,0.1358,-0.0383
239.0,60,3,-23.22,-105.31,41.54,50.0,0.0001,-0.2475
239.0,61,3,-0.75,-56.83,12.62,50.0,0.2764,0.0372
239.0,62,3,-28.78,-97.65,117.14,50.0,0.0,-0.3981
239.0,64,3,-8.63,-105.95,13.48,50.0,0.0237,-0.099
239.0,65,3,-30.48,-111.5,167.33,50.0,0.0,-0.3954
239.0,67,3,-31.88,-118.89,226.43,50.0,0.0,-0.3954
239.0,68,3,2.05,-47.74,12.54,50.0,0.5043,0.1546
239.0,69,3,-44.14,-120.63,1398.76,50.0,0.0,-0.3954
239.0,7,3,-18.9,-107.63,23.22,50.0,0.0007,-0.1867
239.0,71,3,-6.64,-105.09,13.1,50.0,0.0464,-0.0751
239.0,72,3,-9.96,-112.51,13.84,50.0,0.015,-0.1094
239.0,73,1,-40.68,-145.58,2772.86,50.0,0.0,-0.3545
239.0,74,3,-3.96,-57.53,12.81,50.0,0.1106,-0.0604
239.0,75,3,-25.95,-96.35,67.08,50.0,0.0,-0.3189
239.0,76,3,-21.72,-113.29,33.08,50.0,0.0002,-0.2196
239.0,77,3,-14.02,-90.27,15.96,50.0,0.0037,-0.1569
239.0,78,3,-41.17,-118.43,1398.76,50.0,0.0,-0.3954
239.0,79,3,-4.53,-99.46,12.86,50.0,0.0922,-0.043
239.0,8,3,3.0,-55.15,12.52,50.0,0.5862,0.2054
239.0,9,3,0.01,-64.52,12.6,50.0,0.3329,0.0736
240.0,0,1,-31.18,-119.59,368.37,50.0,0.0,-0.3766
240.0,1,3,-19.76,-86.91,15.94,50.0,0.0005,-0.1675
240.0,10,3,-16.21,-130.6,8.62,50.0,0.0017,-0.1171
240.0,13,1,-13.87,-111.48,11.15,50.0,0.0039,-0.1151
240.0,14,1,0.89,-66.0,4.6,50.0,0.4044,0.1134
240.0,15,1,-24.97,-127.08,91.56,50.0,0.0,-0.3344
240.0,18,3,-27.62,-115.65,83.01,50.0,0.0,-0.3254
240.0,19,3,-60.0,-29.43,1389.12,50.0,0.0,-0.4214
240.0,20,3,0.17,-50.61,2.95,50.0,0.3455,0.1138
240.0,21,1,-1.26,-125.47,4.75,50.0,0.2423,0.0666
240.0,22,1,-22.62,-111.57,55.1,50.0,0.0002,-0.2496
240.0,23,3,-22.3,-125.88,26.34,50.0,0.0002,-0.1851
240.0,24,4,-16.8,-150.0,6.71,50.0,0.0014,-0.0958
240.0,25,3,-2.89,-62.61,3.09,50.0,0.1531,0.0136
240.0,26,3,-60.0,-28.27,1389.12,50.0,0.0,-0.4214
240.0,28,3,-20.57,-113.73,18.64,50.0,0.0004,-0.1607
240.0,29,3,-26.83,-109.24,69.57,50.0,0.0,-0.2951
240.0,3,1,-21.46,-104.07,43.21,50.0,0.0003,-0.2241
240.0,30,3,-14.54,-92.74,6.77,50.0,0.0031,-0.1159
240.0,32,1,-1.6,-110.43,4.78,50.0,0.2212,0.056
240.0,33,3,-29.77,-117.56,134.34,50.0,0.0,-0.3702
240.0,34,1,-17.2,-101.05,18.95,50.0,0.0012,-0.1557
240.0,35,1,-5.09,-107.47,5.28,50.0,0.0773,-0.0257
240.0,37,1,-2.61,-112.96,4.89,50.0,0.1661,0.0276
240.0,38,3,-14.2,-105.71,6.47,50.0,0.0034,-0.104
240.0,40,3,-2.24,-47.51,3.05,50.0,0.1847,0.0218
240.0,42,3,-16.13,-102.14,8.51,50.0,0.0018,-0.122
240.0,44,1,-0.01,-52.4,4.65,50.0,0.3313,0.0688
240.0,47,3,-20.22,-115.42,17.42,50.0,0.0004,-0.1564
240.0,48,1,-24.75,-129.14,87.21,50.0,0.0,-0.3246
240.0,50,3,-35.07,-113.89,448.33,50.0,0.0,-0.3714
240.0,51,1,-23.71,-114.61,69.52,50.0,0.0001,-0.284
240.0,52,3,-21.35,-100.99,21.75,50.0,0.0003,-0.1774
240.0,53,3,-5.16,-101.93,3.28,50.0,0.0754,-0.0102
240.0,54,1,0.26,-54.09,4.64,50.0,0.3522,0.0801
240.0,55,6,-50.42,-150.0,69.33,50.0,0.0,-0.2898
240.0,56,3,-9.07,-111.73,3.94,50.0,0.0203,-0.0575
240.0,57,1,-10.0,-103.65,7.16,50.0,0.0148,-0.0862
240.0,58,6,-44.88,-150.0,69.33,50.0,0.0,-0.2898
240.0,60,3,-9.25,-106.32,3.99,50.0,0.0191,-0.0619
240.0,61,1,3.73,-64.76,4.48,50.0,0.647,0.2297
240.0,62,3,-11.88,-117.26,4.96,50.0,0.0077,-0.0826
240.0,64,1,-11.31,-110.93,8.14,50.0,0.0094,-0.093
240.0,65,1,-33.92,-102.48,688.75,50.0,0.0,-0.382
240.0,66,1,-9.41,-46.57,6.81,50.0,0.0181,-0.1216
240.0,67,3,-29.25,-109.55,119.39,50.0,0.0,-0.3679
240.0,68,1,-2.54,-47.83,4.88,50.0,0.1697,-0.0149
240.0,69,1,-30.75,-124.23,334.1,50.0,0.0,-0.3766
240.0,7,1,-28.04,-118.31,180.98,50.0,0.0,-0.3667
240.0,71,1,-10.97,-98.81,7.86,50.0,0.0106,-0.0981
240.0,72,3,-19.44,-111.81,15.02,50.0,0.0006,-0.1475
240.0,73,1,-32.97,-133.03,553.42,50.0,0.0,-0.3766
240.0,74,1,-1.01,-61.55,4.73,50.0,0.2588,0.0401
240.0,75,3,-28.73,-105.64,106.35,50.0,0.0,-0.3681
240.0,76,1,-28.22,-119.21,188.38,50.0,0.0,-0.3676
240.0,77,1,-11.82,-116.9,8.61,50.0,0.0079,-0.0974
240.0,78,1,-41.6,-121.53,2776.98,50.0,0.0,-0.3766
240.0,79,1,-7.58,-103.55,5.98,50.0,0.0338,-0.0623
240.0,8,3,0.28,-59.14,2.95,50.0,0.3536,0.1243
240.0,9,1,-0.29,-65.08,4.67,50.0,0.3096,0.0675
241.0,0,3,-22.9,-105.33,39.54,50.0,0.0002,-0.2419
241.0,1,3,-9.76,-97.55,13.81,50.0,0.0161,-0.1165
241.0,10,3,-22.52,-121.45,37.27,50.0,0.0002,-0.2321
241.0,13,1,-27.66,-138.21,161.89,50.0,0.0,-0.3427
241.0,14,3,4.05,-60.5,12.54,50.0,0.6722,0.2591
241.0,15,3,-33.28,-119.02,307.52,50.0,0.0,-0.3955
241.0,16,3,-3.13,-65.45,12.78,50.0,0.1423,-0.0344
241.0,17,3,-1.75,-55.57,12.7,50.0,0.2122,0.0001
241.0,18,3,-26.54,-110.3,74.97,50.0,0.0,-0.3279
241.0,19,3,-60.0,-29.79,1398.79,50.0,0.0,-0.4455
241.0,20,3,-0.57,-49.79,12.65,50.0,0.2892,0.0391
241.0,21,3,-9.61,-104.69,13.77,50.0,0.0169,-0.11
241.0,22,3,-24.08,-104.16,48.01,50.0,0.0001,-0.2657
241.0,23,3,-27.93,-117.73,98.49,50.0,0.0,-0.382
241.0,24,3,-11.42,-107.77,14.42,50.0,0.009,-0.1239
241.0,26,3,-60.0,-30.65,1398.79,50.0,0.0,-0.4455
241.0,28,3,-26.07,-108.34,68.56,50.0,0.0,-0.3139
241.0,29,3,-27.78,-108.25,95.72,50.0,0.0,-0.3769
241.0,3,3,-22.56,-107.05,37.5,50.0,0.0002,-0.2349
241.0,30,3,-11.39,-89.11,14.4,50.0,0.0091,-0.1369
241.0,32,3,-4.96,-98.73,12.93,50.0,0.0804,-0.0521
241.0,33,3,-29.44,-106.99,134.3,50.0,0.0,-0.3948
241.0,34,3,-15.16,-105.52,17.05,50.0,0.0025,-0.1551
241.0,35,1,-8.26,-123.97,2.11,50.0,0.0268,-0.0346
241.0,37,3,-19.91,-97.1,26.07,50.0,0.0005,-0.2054
241.0,38,3,-24.52,-105.78,51.77,50.0,0.0001,-0.2743
241.0,39,3,4.24,-51.77,12.54,50.0,0.6862,0.2613
241.0,40,3,1.5,-50.77,12.59,50.0,0.4565,0.1305
241.0,42,1,-2.51,-111.44,0.74,50.0,0.1708,0.0605
241.0,44,3,-3.86,-42.43,12.83,50.0,0.114,-0.069
241.0,45,3,3.98,-51.88,12.54,50.0,0.6665,0.2495
241.0,47,3,-21.93,-103.34,34.11,50.0,0.0002,-0.2275
241.0,48,3,-21.27,-119.38,31.05,50.0,0.0003,-0.2132
241.0,50,3,-37.45,-115.76,782.33,50.0,0.0,-0.3955
241.0,51,3,-26.19,-109.86,70.15,50.0,0.0,-0.3166
241.0,52,3,-19.38,-103.79,24.51,50.0,0.0006,-0.1947
241.0,53,3,-7.37,-96.59,13.25,50.0,0.0363,-0.0912
241.0,54,3,2.56,-46.99,12.56,50.0,0.5488,0.1785
241.0,55,3,-11.99,-100.86,14.69,50.0,0.0074,-0.1335
241.0,56,3,-11.73,-102.6,14.56,50.0,0.0081,-0.1301
241.0,57,3,-19.42,-98.08,24.62,50.0,0.0006,-0.1992
241.0,58,3,-1.09,-101.23,12.67,50.0,0.2535,0.056
241.0,6,3,4.28,-64.98,12.54,50.0,0.6896,0.2728
241.0,60,3,-12.43,-101.25,14.92,50.0,0.0064,-0.1367
241.0,61,3,4.01,-59.75,12.54,50.0,0.6689,0.2566
241.0,62,3,-13.88,-102.89,15.88,50.0,0.0038,-0.1469
241.0,64,3,-14.23,-95.55,16.17,50.0,0.0034,-0.1549
241.0,65,3,-18.98,-108.31,23.47,50.0,0.0006,-0.1873
241.0,66,3,-5.34,-40.03,12.97,50.0,0.0711,-0.101
241.0,67,3,-31.17,-115.52,193.94,50.0,0.0,-0.3954
241.0,68,3,-0.58,-43.77,12.65,50.0,0.2888,0.0345
241.0,69,3,-27.75,-118.71,95.17,50.0,0.0,-0.3744
241.0,7,3,-24.61,-113.09,52.57,50.0,0.0001,-0.2734
241.0,70,3,1.17,-60.33,12.59,50.0,0.4277,0.1218
241.0,71,3,-15.26,-105.42,17.15,50.0,0.0024,-0.156
241.0,72,3,-22.15,-111.33,35.27,50.0,0.0002,-0.2262
241.0,73,3,-36.86,-130.22,685.8,50.0,0.0,-0.3955
241.0,74,3,-2.72,-58.08,12.75,50.0,0.1607,-0.0284
241.0,75,3,-11.51,-99.94,14.46,50.0,0.0088,-0.1302
241.0,76,3,-39.96,-111.2,1385.61,50.0,0.0,-0.3955
241.0,77,3,-7.67,-105.54,13.31,50.0,0.0328,-0.0885
241.0,78,3,-40.73,-118.24,1398.8,50.0,0.0,-0.3955
241.0,79,1,-15.78,-136.25,10.75,50.0,0.002,-0.1031
241.0,80,3,-27.88,-118.82,97.66,50.0,0.0,-0.3801
241.0,9,3,-3.52,-58.39,12.81,50.0,0.1265,-0.0495
242.0,0,3,-14.77,-105.48,9.45,50.0,0.0028,-0.1217
242.0,1,3,-19.39,-100.85,17.33,50.0,0.0006,-0.1664
242.0,10,1,-28.4,-128.41,194.38,50.0,0.0,-0.3612
242.0,13,1,-21.59,-118.17,42.32,50.0,0.0003,-0.2114
242.0,15,5,-46.38,-150.0,277.28,50.0,0.0,-0.3506
242.0,16,1,-2.11,-68.71,2.8,50.0,0.1919,0.023
242.0,18,3,-17.03,-112.81,12.29,50.0,0.0013,-0.1371
242.0,19,3,-60.0,-30.2,1391.58,50.0,0.0,-0.4295
242.0,20,3,1.07,-50.65,5.39,50.0,0.4196,0.1409
242.0,21,3,-12.69,-100.88,7.86,50.0,0.0058,-0.1086
242.0,22,3,-17.62,-111.72,13.3,50.0,0.001,-0.1424
242.0,23,3,-29.13,-118.9,118.73,50.0,0.0,-0.375
242.0,24,3,-15.99,-106.11,10.79,50.0,0.0018,-0.131
242.0,26,3,-60.0,-34.82,1391.58,50.0,0.0,-0.4295
242.0,27,3,-3.3,-65.1,5.58,50.0,0.1355,-0.0086
242.0,28,1,-30.59,-102.38,319.68,50.0,0.0,-0.3747
242.0,29,1,-29.54,-124.75,251.84,50.0,0.0,-0.3669
242.0,3,3,-23.61,-109.16,37.1,50.0,0.0001,-0.2219
242.0,32,1,1.0,-102.58,2.56,50.0,0.4136,0.1554
242.0,33,3,-33.78,-112.1,336.58,50.0,0.0,-0.3795
242.0,34,3,-23.74,-97.34,38.05,50.0,0.0001,-0.2329
242.0,35,3,-9.56,-102.49,6.54,50.0,0.0172,-0.0806
242.0,37,1,-12.86,-116.39,7.71,50.0,0.0055,-0.0949
242.0,38,3,-22.38,-107.44,29.28,50.0,0.0002,-0.2012
242.0,39,3,2.26,-51.01,5.36,50.0,0.5225,0.1972
242.0,40,3,2.03,-45.87,5.36,50.0,0.5025,0.1826
242.0,41,3,4.51,-68.05,5.32,50.0,0.7066,0.3159
242.0,42,3,-1.68,-97.25,5.48,50.0,0.2164,0.0627
242.0,44,1,4.82,-44.75,2.42,50.0,0.7282,0.2686
242.0,47,3,-21.82,-109.9,26.36,50.0,0.0002,-0.1908
242.0,48,3,-23.2,-120.22,34.24,50.0,0.0001,-0.2135
242.0,50,1,-33.21,-118.7,582.94,50.0,0.0,-0.3692
242.0,51,3,-16.69,-114.94,11.76,50.0,0.0014,-0.1341
242.0,52,1,-24.2,-121.31,75.31,50.0,0.0001,-0.2907
242.0,55,1,-23.57,-108.31,65.39,50.0,0.0001,-0.2689
242.0,56,3,-13.39,-109.68,8.31,50.0,0.0046,-0.1078
242.0,57,1,-3.15,-124.01,2.92,50.0,0.1417,0.0259
242.0,58,3,-11.89,-96.97,7.43,50.0,0.0077,-0.105
242.0,6,1,-5.77,-63.36,3.4,50.0,0.0619,-0.0564
242.0,60,3,-16.13,-104.75,10.98,50.0,0.0017,-0.1332
242.0,62,1,-26.08,-112.43,114.75,50.0,0.0,-0.3495
242.0,64,1,-14.0,-112.79,9.32,50.0,0.0037,-0.1049
242.0,65,3,-32.23,-108.12,236.86,50.0,0.0,-0.3808
242.0,66,1,0.18,-57.66,2.61,50.0,0.3456,0.0909
242.0,67,3,-35.2,-115.74,464.76,50.0,0.0,-0.3795
242.0,68,1,-1.18,-54.72,2.71,50.0,0.2475,0.0411
242.0,69,1,-19.89,-125.13,29.4,50.0,0.0005,-0.1769
242.0,7,3,-13.98,-107.93,8.75,50.0,0.0037,-0.1137
242.0,71,1,-8.64,-102.16,4.38,50.0,0.0236,-0.063
242.0,72,1,-11.85,-116.12,6.6,50.0,0.0078,-0.0862
242.0,73,1,-33.37,-130.95,605.26,50.0,0.0,-0.3692
242.0,75,3,-22.31,-104.57,28.91,50.0,0.0002,-0.2022
242.0,76,1,-30.24,-119.67,295.39,50.0,0.0,-0.3692
242.0,77,3,-3.53,-107.21,5.6,50.0,0.1262,0.0156
242.0,78,3,-43.29,-116.89,1391.59,50.0,0.0,-0.3795
242.0,79,1,-15.59,-98.24,12.4,50.0,0.0021,-0.1285
242.0,80,3,-25.49,-117.79,54.4,50.0,0.0001,-0.2655
243.0,0,3,-20.47,-110.5,28.29,50.0,0.0004,-0.2042
243.0,1,3,-5.89,-98.29,13.39,50.0,0.0595,-0.0701
243.0,10,3,-21.54,-111.59,32.6,50.0,0.0003,-0.2183
243.0,13,3,-29.53,-116.22,137.35,50.0,0.0,-0.3937
243.0,14,3,-4.28,-58.51,13.22,50.0,0.0999,-0.0683
243.0,15,3,-30.74,-123.42,177.23,50.0,0.0,-0.3961
243.0,16,3,-3.39,-60.38,13.15,50.0,0.1315,-0.0462
243.0,17,3,-8.66,-53.34,13.87,50.0,0.0234,-0.1384
243.0,18,3,-13.8,-112.04,16.18,50.0,0.004,-0.1426
243.0,19,3,-60.0,-33.68,1399.15,50.0,0.0,-0.4461
243.0,20,3,-4.92,-45.62,13.28,50.0,0.0815,-0.0906
243.0,21,3,-14.93,-92.67,17.17,50.0,0.0027,-0.1638
243.0,22,3,-11.78,-104.89,14.94,50.0,0.008,-0.1302
243.0,23,3,-18.69,-116.97,23.1,50.0,0.0007,-0.1844
243.0,24,3,-19.91,-107.32,26.42,50.0,0.0005,-0.1994
243.0,25,3,4.16,-96.73,12.89,50.0,0.6802,0.2884
243.0,26,3,-60.0,-30.99,1399.15,50.0,0.0,-0.4461
243.0,27,3,-0.99,-63.72,13.02,50.0,0.2602,0.0316
243.0,28,3,-16.2,-105.63,18.63,50.0,0.0017,-0.1649
243.0,29,3,-28.02,-111.05,100.82,50.0,0.0,-0.3861
243.0,3,3,-25.45,-108.71,61.5,50.0,0.0001,-0.297
243.0,33,3,-29.42,-113.64,134.16,50.0,0.0,-0.3932
243.0,34,3,-11.98,-100.12,15.04,50.0,0.0074,-0.1353
243.0,35,3,-10.67,-104.04,14.47,50.0,0.0117,-0.1215
243.0,37,1,-3.45,-135.72,0.81,50.0,0.1292,0.0393
243.0,38,3,-7.77,-106.08,13.68,50.0,0.0317,-0.0907
243.0,39,3,-0.07,-55.34,12.98,50.0,0.3262,0.0619
243.0,4,3,-0.66,-58.78,13.0,50.0,0.2828,0.0406
243.0,40,3,3.87,-51.89,12.89,50.0,0.6577,0.2429
243.0,41,3,-10.15,-53.12,14.28,50.0,0.014,-0.1532
243.0,42,1,-5.21,-134.94,1.12,50.0,0.0742,0.0059
243.0,45,3,4.86,-59.12,12.88,50.0,0.731,0.2932
243.0,47,3,-24.57,-110.8,52.52,50.0,0.0001,-0.2737
243.0,48,3,-17.45,-120.34,20.56,50.0,0.0011,-0.1726
243.0,50,3,-30.82,-118.28,180.33,50.0,0.0,-0.3961
243.0,51,3,-23.39,-112.07,43.14,50.0,0.0001,-0.2489
243.0,52,3,-23.63,-108.65,44.84,50.0,0.0001,-0.2545
243.0,54,3,-0.63,-44.42,13.0,50.0,0.2849,0.0315
243.0,55,1,-8.91,-143.2,2.36,50.0,0.0215,-0.0397
243.0,56,3,-10.68,-100.95,14.47,50.0,0.0117,-0.1238
243.0,57,3,-8.89,-98.31,13.92,50.0,0.0216,-0.1087
243.0,58,3,-7.45,-102.29,13.62,50.0,0.0353,-0.0895
243.0,6,3,-5.18,-58.53,13.3,50.0,0.0749,-0.0863
243.0,60,3,-7.67,-101.69,13.66,50.0,0.0328,-0.0926
243.0,62,3,-14.67,-108.94,16.91,50.0,0.0029,-0.1502
243.0,63,3,-4.33,-57.79,13.22,50.0,0.0982,-0.07
243.0,64,3,-7.08,-96.6,13.56,50.0,0.04,-0.0887
243.0,65,3,-26.35,-113.69,72.74,50.0,0.0,-0.3232
243.0,66,3,2.08,-56.73,12.93,50.0,0.5071,0.161
243.0,67,3,-26.02,-117.18,68.26,50.0,0.0,-0.3126
243.0,68,3,-7.17,-51.28,13.57,50.0,0.0388,-0.1223
243.0,69,3,-27.17,-114.38,85.15,50.0,0.0,-0.3521
243.0,7,3,-9.24,-105.45,14.01,50.0,0.0192,-0.1072
243.0,70,3,-1.61,-58.72,13.05,50.0,0.2206,0.0057
243.0,71,3,-16.44,-103.1,18.95,50.0,0.0016,-0.1687
243.0,72,3,-5.96,-112.47,13.4,50.0,0.0581,-0.0628
243.0,73,3,-39.83,-128.2,1347.04,50.0,0.0,-0.3961
243.0,75,3,-27.89,-98.53,98.11,50.0,0.0,-0.3899
243.0,76,3,-30.95,-110.56,185.36,50.0,0.0,-0.3961
243.0,78,3,-32.76,-116.71,274.5,50.0,0.0,-0.3961
243.0,79,3,-10.75,-103.32,14.5,50.0,0.0114,-0.1227
243.0,80,2,-26.77,-150.0,132.02,50.0,0.0,-0.3344
243.0,9,3,-1.74,-62.25,13.05,50.0,0.2129,0.0039
244.0,0,3,-7.13,-112.93,3.56,50.0,0.0394,-0.0351
244.0,1,2,-8.96,-150.0,2.32,50.0,0.0212,-0.0375
244.0,10,1,-32.25,-119.58,469.86,50.0,0.0,-0.3766
244.0,13,1,-13.64,-119.78,10.79,50.0,0.0042,-0.1131
244.0,15,1,-23.08,-124.21,60.77,50.0,0.0001,-0.2633
244.0,16,3,1.91,-54.62,2.93,50.0,0.4919,0.1959
244.0,18,3,-23.32,-117.11,32.63,50.0,0.0001,-0.2029
244.0,19,3,-60.0,-29.26,1389.14,50.0,0.0,-0.4215
244.0,21,1,-2.16,-119.2,4.82,50.0,0.1891,0.0397
244.0,22,1,-6.56,-108.18,5.63,50.0,0.0476,-0.0467
244.0,23,3,-38.19,-122.56,916.05,50.0,0.0,-0.3715
244.0,24,1,-11.7,-113.81,8.48,50.0,0.0082,-0.0964
244.0,26,3,-60.0,-33.98,1389.14,50.0,0.0,-0.4215
244.0,27,1,3.45,-69.6,4.48,50.0,0.6241,0.2218
244.0,28,1,-14.54,-106.46,12.26,50.0,0.0031,-0.1238
244.0,29,3,-19.34,-112.1,14.75,50.0,0.0006,-0.1465
244.0,3,1,-20.03,-116.54,32.32,50.0,0.0004,-0.1908
244.0,33,1,-24.66,-111.16,85.49,50.0,0.0001,-0.3207
244.0,34,3,-9.51,-103.72,4.09,50.0,0.0175,-0.0664
244.0,35,1,-6.79,-111.07,5.7,50.0,0.044,-0.0483
244.0,37,1,-8.17,-109.9,6.2,50.0,0.0276,-0.0641
244.0,38,3,-27.57,-102.6,82.0,50.0,0.0,-0.3285
244.0,4,1,-1.73,-63.52,4.78,50.0,0.2131,0.0188
244.0,40,3,-5.81,-50.68,3.37,50.0,0.061,-0.0581
244.0,41,1,1.72,-60.14,4.54,50.0,0.4752,0.143
244.0,44,1,3.61,-55.84,4.47,50.0,0.6376,0.2186
244.0,46,1,-4.36,-62.89,5.13,50.0,0.0976,-0.0446
244.0,47,1,-12.9,-113.41,9.78,50.0,0.0054,-0.1066
244.0,48,3,-29.15,-118.08,116.72,50.0,0.0,-0.3671
244.0,50,1,-31.7,-124.83,414.45,50.0,0.0,-0.3766
244.0,51,1,-20.07,-118.19,32.53,50.0,0.0004,-0.1914
244.0,52,3,-27.27,-112.93,76.83,50.0,0.0,-0.3113
244.0,54,1,2.28,-54.45,4.52,50.0,0.5246,0.1625
244.0,55,1,-21.95,-110.55,47.78,50.0,0.0002,-0.2316
244.0,56,3,-5.72,-105.35,3.36,50.0,0.0628,-0.0176
244.0,57,1,-9.05,-103.48,6.6,50.0,0.0205,-0.0775
244.0,58,3,-11.84,-103.72,4.97,50.0,0.0078,-0.0869
244.0,60,3,-13.6,-95.93,6.02,50.0,0.0042,-0.1064
244.0,62,3,-16.36,-104.51,8.84,50.0,0.0016,-0.1224
244.0,65,1,-28.6,-114.5,205.24,50.0,0.0,-0.3695
244.0,67,3,-32.36,-116.25,241.83,50.0,0.0,-0.3714
244.0,68,1,4.07,-65.04,4.46,50.0,0.6733,0.2432
244.0,69,1,-33.82,-123.33,673.27,50.0,0.0,-0.3766
244.0,7,1,-33.41,-112.4,612.56,50.0,0.0,-0.3766
244.0,71,1,-18.66,-107.26,24.74,50.0,0.0007,-0.1705
244.0,72,1,-10.07,-120.32,7.19,50.0,0.0144,-0.0822
244.0,73,3,-44.81,-135.94,1389.15,50.0,0.0,-0.3715
244.0,75,3,-16.26,-103.63,8.71,50.0,0.0017,-0.1222
244.0,76,1,-17.7,-120.16,20.69,50.0,0.001,-0.1554
244.0,78,5,-53.17,-150.0,277.28,50.0,0.0,-0.3506
244.0,79,1,-3.64,-105.95,5.01,50.0,0.122,0.0006
244.0,80,1,-26.72,-120.5,134.58,50.0,0.0,-0.3601
244.0,81,6,-57.8,-150.0,69.32,50.0,0.0,-0.2891
245.0,0,3,-11.3,-113.54,11.18,50.0,0.0094,-0.1086
245.0,1,3,-22.49,-103.36,33.93,50.0,0.0002,-0.2237
245.0,10,3,-34.2,-120.95,374.24,50.0,0.0,-0.3892
245.0,13,3,-20.34,-114.68,24.29,50.0,0.0004,-0.1886
245.0,15,1,-22.53,-135.4,50.24,50.0,0.0002,-0.2217
245.0,16,3,3.06,-47.67,9.36,50.0,0.5913,0.2155
245.0,17,3,5.11,-42.8,9.33,50.0,0.748,0.3065
245.0,18,3,-14.04,-106.02,12.82,50.0,0.0036,-0.1333
245.0,19,3,-60.0,-32.49,1395.6,50.0,0.0,-0.4392
245.0,20,3,-8.68,-45.3,10.33,50.0,0.0232,-0.1304
245.0,21,3,-10.54,-110.34,10.88,50.0,0.0123,-0.1021
245.0,22,3,-5.84,-99.93,9.84,50.0,0.0605,-0.0541
245.0,23,3,-16.36,-123.94,15.31,50.0,0.0016,-0.1491
245.0,24,1,-21.16,-124.74,36.81,50.0,0.0003,-0.1878
245.0,26,3,-60.0,-36.75,1395.6,50.0,0.0,-0.4392
245.0,27,3,-6.75,-58.66,9.96,50.0,0.0447,-0.0973
245.0,28,4,-20.48,-146.63,15.57,50.0,0.0004,-0.1339
245.0,29,3,-18.86,-112.37,19.98,50.0,0.0007,-0.1721
245.0,3,3,-30.54,-107.54,166.3,50.0,0.0,-0.3909
245.0,33,1,-23.71,-128.8,65.8,50.0,0.0001,-0.2588
245.0,34,3,-1.47,-104.71,9.5,50.0,0.2287,0.0572
245.0,35,1,-9.33,-130.44,2.98,50.0,0.0186,-0.0502
245.0,37,4,-11.08,-150.0,1.86,50.0,0.0102,-0.0503
245.0,38,3,-31.83,-107.96,220.4,50.0,0.0,-0.3907
245.0,39,3,-2.39,-47.95,9.54,50.0,0.1772,-0.0131
245.0,4,3,-3.43,-49.8,9.61,50.0,0.1301,-0.0407
245.0,40,3,1.25,-49.62,9.4,50.0,0.4344,0.1304
245.0,41,3,1.35,-54.19,9.4,50.0,0.4434,0.1385
245.0,44,1,1.34,-50.04,0.79,50.0,0.4428,0.1456
245.0,45,3,-0.93,-50.2,9.47,50.0,0.2641,0.0381
245.0,46,3,-1.7,-60.21,9.51,50.0,0.215,0.0176
245.0,47,3,-19.68,-105.05,22.19,50.0,0.0005,-0.1845
245.0,48,1,-24.25,-129.78,74.34,50.0,0.0001,-0.2786
245.0,50,3,-23.97,-120.23,43.89,50.0,0.0001,-0.2465
245.0,51,3,-23.72,-108.67,41.93,50.0,0.0001,-0.2423
245.0,52,3,-15.39,-107.53,14.1,50.0,0.0023,-0.1429
245.0,55,3,-15.89,-104.0,14.69,50.0,0.0019,-0.1495
245.0,56,3,-7.68,-108.66,10.12,50.0,0.0327,-0.0738
245.0,57,3,-20.34,-105.7,24.31,50.0,0.0004,-0.1917
245.0,58,1,-10.97,-108.26,4.07,50.0,0.0106,-0.066
245.0,60,3,-13.16,-97.18,12.18,50.0,0.0049,-0.1328
245.0,61,3,2.41,-60.63,9.38,50.0,0.5362,0.1938
245.0,62,3,-11.16,-103.85,11.12,50.0,0.0099,-0.1118
245.0,65,3,-37.63,-114.07,812.63,50.0,0.0,-0.3892
245.0,66,3,-1.57,-41.64,9.5,50.0,0.223,0.0089
245.0,67,3,-33.87,-114.0,347.16,50.0,0.0,-0.3892
245.0,68,3,-3.23,-64.19,9.6,50.0,0.1381,-0.0253
245.0,69,3,-23.38,-120.86,39.53,50.0,0.0001,-0.2348
245.0,7,3,-18.48,-107.85,19.07,50.0,0.0008,-0.1698
245.0,71,3,-16.06,-101.29,14.91,50.0,0.0018,-0.1528
245.0,72,3,-20.56,-106.53,25.06,50.0,0.0004,-0.1937
245.0,73,3,-30.78,-126.4,175.28,50.0,0.0,-0.3892
245.0,74,3,-5.04,-59.24,9.75,50.0,0.0784,-0.0692
245.0,75,3,-20.34,-100.01,24.31,50.0,0.0004,-0.1958
245.0,76,1,-31.37,-121.43,380.53,50.0,0.0,-0.3588
245.0,78,3,-38.94,-122.33,1094.92,50.0,0.0,-0.3892
245.0,79,3,-15.6,-109.31,14.34,50.0,0.0021,-0.1433
245.0,80,3,-23.24,-114.19,38.55,50.0,0.0001,-0.2321
245.0,81,3,-35.37,-117.32,486.97,50.0,0.0,-0.3892
246.0,0,3,-13.98,-112.96,9.55,50.0,0.0037,-0.116
246.0,1,1,-11.57,-122.43,6.0,50.0,0.0086,-0.0816
246.0,10,1,-34.04,-132.06,704.82,50.0,0.0,-0.3677
246.0,13,3,-23.86,-109.65,39.78,50.0,0.0001,-0.2304
246.0,15,3,-25.15,-124.05,51.5,50.0,0.0001,-0.2601
246.0,16,3,2.29,-46.48,6.15,50.0,0.5252,0.1917
246.0,17,3,0.66,-55.15,6.19,50.0,0.3853,0.1218
246.0,18,3,-23.05,-113.37,34.05,50.0,0.0002,-0.2145
246.0,19,3,-60.0,-32.71,1392.37,50.0,0.0,-0.4316
246.0,20,3,-11.19,-42.94,7.9,50.0,0.0098,-0.1415
246.0,21,3,-10.92,-106.2,7.79,50.0,0.0108,-0.094
246.0,22,1,-9.99,-122.83,4.79,50.0,0.0148,-0.0679
246.0,23,1,-31.05,-125.7,355.22,50.0,0.0,-0.3677
246.0,24,1,-16.81,-111.85,15.32,50.0,0.0014,-0.131
246.0,26,3,-60.0,-33.56,1392.37,50.0,0.0,-0.4316
246.0,27,3,0.59,-66.23,6.19,50.0,0.379,0.1264
246.0,28,1,-9.94,-109.55,4.76,50.0,0.0151,-0.0678
246.0,29,1,-13.49,-122.63,8.22,50.0,0.0044,-0.0982
246.0,3,3,-23.12,-110.1,34.51,50.0,0.0002,-0.2158
246.0,33,3,-21.72,-110.95,26.69,50.0,0.0002,-0.193
246.0,34,1,-4.52,-110.56,2.8,50.0,0.0925,-0.0004
246.0,35,1,-6.42,-102.49,3.23,50.0,0.0499,-0.0353
246.0,37,1,-9.64,-116.11,4.57,50.0,0.0167,-0.0647
246.0,38,3,-23.1,-110.85,34.39,50.0,0.0002,-0.2154
246.0,40,3,-5.08,-44.66,6.52,50.0,0.0775,-0.0662
246.0,42,6,-5.78,-150.0,0.03,50.0,0.0617,0.3981
246.0,46,1,3.13,-68.12,2.13,50.0,0.5972,0.2211
246.0,47,1,-18.07,-110.09,19.82,50.0,0.0009,-0.1467
246.0,48,1,-30.19,-128.0,291.54,50.0,0.0,-0.3677
246.0,50,3,-29.96,-118.16,143.44,50.0,0.0,-0.3814
246.0,51,3,-19.24,-104.3,17.73,50.0,0.0006,-0.1661
246.0,52,3,-19.61,-109.09,18.75,50.0,0.0005,-0.1667
246.0,53,3,-3.49,-61.44,6.38,50.0,0.1276,-0.0199
246.0,54,3,2.9,-53.1,6.14,50.0,0.5783,0.226
246.0,55,1,-15.84,-114.31,12.67,50.0,0.0019,-0.1205
246.0,56,3,-10.37,-104.27,7.59,50.0,0.013,-0.0906
246.0,57,3,-17.34,-101.96,13.6,50.0,0.0011,-0.1493
246.0,58,1,-16.65,-118.26,14.85,50.0,0.0015,-0.1292
246.0,6,3,-1.42,-59.18,6.26,50.0,0.2323,0.0408
246.0,60,3,-10.48,-100.31,7.63,50.0,0.0125,-0.0944
246.0,62,3,-15.01,-101.85,10.47,50.0,0.0026,-0.1299
246.0,65,3,-23.95,-107.68,40.51,50.0,0.0001,-0.2337
246.0,66,3,-2.53,-51.82,6.32,50.0,0.1698,-0.0007
246.0,67,1,-29.91,-126.88,273.53,50.0,0.0,-0.3672
246.0,69,3,-33.69,-124.72,330.63,50.0,0.0,-0.3816
246.0,7,1,-22.85,-117.53,55.47,50.0,0.0002,-0.2426
246.0,71,3,-8.15,-101.38,6.98,50.0,0.0278,-0.0705
246.0,72,3,-22.64,-105.44,31.52,50.0,0.0002,-0.2106
246.0,73,3,-32.31,-123.49,242.19,50.0,0.0,-0.3816
246.0,75,3,-21.15,-105.01,24.14,50.0,0.0003,-0.1885
246.0,76,1,-33.41,-117.1,610.37,50.0,0.0,-0.3677
246.0,78,1,-35.89,-132.08,1079.12,50.0,0.0,-0.3677
246.0,79,3,-16.75,-110.22,12.64,50.0,0.0014,-0.1384
246.0,80,1,-33.28,-122.36,591.72,50.0,0.0,-0.3677
246.0,81,1,-21.99,-130.1,45.83,50.0,0.0002,-0.219
247.0,0,3,-14.72,-107.74,15.02,50.0,0.0029,-0.1439
247.0,1,3,-27.25,-100.72,84.57,50.0,0.0,-0.3544
247.0,10,3,-35.75,-117.28,531.95,50.0,0.0,-0.3925
247.0,13,3,-18.39,-110.11,20.48,50.0,0.0008,-0.1739
247.0,14,3,-0.85,-59.25,11.07,50.0,0.2695,0.0411
247.0,15,3,-28.58,-120.66,110.98,50.0,0.0,-0.3853
247.0,16,3,3.51,-51.32,10.96,50.0,0.6288,0.2331
247.0,17,3,3.13,-57.33,10.96,50.0,0.5977,0.2195
247.0,18,3,-23.44,-109.54,41.51,50.0,0.0001,-0.2426
247.0,19,3,-60.0,-33.53,1397.2,50.0,0.0,-0.4425
247.0,20,3,-5.25,-49.15,11.37,50.0,0.0733,-0.0867
247.0,21,3,-11.08,-104.32,12.68,50.0,0.0102,-0.1172
247.0,22,3,-14.18,-103.66,14.54,50.0,0.0035,-0.1425
247.0,23,3,-18.01,-121.71,19.68,50.0,0.0009,-0.1702
247.0,24,3,-19.35,-105.47,22.85,50.0,0.0006,-0.187
247.0,26,3,-60.0,-26.59,1397.2,50.0,0.0,-0.4425
247.0,28,3,-13.59,-101.88,14.07,50.0,0.0043,-0.1392
247.0,29,3,-18.9,-111.38,21.68,50.0,0.0007,-0.179
247.0,3,3,-19.4,-109.49,22.99,50.0,0.0006,-0.1846
247.0,30,3,2.98,-60.73,10.96,50.0,0.585,0.2147
247.0,33,3,-20.75,-108.07,27.38,50.0,0.0003,-0.2016
247.0,34,1,-7.07,-128.74,1.78,50.0,0.0402,-0.0233
247.0,35,3,-2.89,-105.36,11.17,50.0,0.1531,0.0069
247.0,37,3,-23.32,-103.87,40.68,50.0,0.0001,-0.2444
247.0,38,3,-23.45,-108.85,41.62,50.0,0.0001,-0.2434
247.0,39,3,3.7,-55.52,10.95,50.0,0.6448,0.2454
247.0,4,3,2.85,-44.48,10.97,50.0,0.5739,0.1969
247.0,40,3,0.78,-49.66,11.01,50.0,0.3945,0.1024
247.0,41,3,1.43,-43.56,11.0,50.0,0.4501,0.1281
247.0,44,3,-2.4,-51.51,11.14,50.0,0.1763,-0.0175
247.0,45,3,-5.51,-48.25,11.4,50.0,0.0674,-0.0919
247.0,46,3,-6.79,-52.97,11.57,50.0,0.0441,-0.1084
247.0,47,3,-25.25,-110.15,57.34,50.0,0.0001,-0.2831
247.0,48,3,-21.24,-118.82,29.37,50.0,0.0003,-0.2067
247.0,50,3,-25.48,-118.19,59.84,50.0,0.0001,-0.2893
247.0,51,3,-16.52,-113.43,17.14,50.0,0.0015,-0.157
247.0,52,3,-10.6,-105.4,12.5,50.0,0.012,-0.1124
247.0,53,3,2.06,-61.47,10.98,50.0,0.505,0.1708
247.0,55,3,-6.41,-104.92,11.51,50.0,0.05,-0.0659
247.0,56,3,-28.47,-101.47,108.33,50.0,0.0,-0.3908
247.0,57,3,-8.95,-106.28,11.99,50.0,0.0212,-0.0961
247.0,58,6,-58.34,-150.0,69.32,50.0,0.0,-0.2891
247.0,59,1,-7.85,-134.47,2.06,50.0,0.0309,-0.0322
247.0,6,3,-5.81,-54.97,11.43,50.0,0.061,-0.0922
247.0,61,3,3.41,-64.3,10.96,50.0,0.6212,0.2379
247.0,62,3,-20.78,-103.59,27.51,50.0,0.0003,-0.2052
247.0,65,3,-28.52,-113.79,109.53,50.0,0.0,-0.385
247.0,66,3,-6.21,-56.63,11.48,50.0,0.0534,-0.0974
247.0,67,3,-31.98,-117.21,229.66,50.0,0.0,-0.3924
247.0,69,1,-18.17,-139.02,18.58,50.0,0.0009,-0.1333
247.0,7,3,-13.17,-107.03,13.78,50.0,0.0049,-0.1322
247.0,71,3,-22.51,-103.37,35.64,50.0,0.0002,-0.2305
247.0,72,3,-22.54,-104.81,35.8,50.0,0.0002,-0.23
247.0,73,3,-39.06,-130.62,1126.29,50.0,0.0,-0.3925
247.0,74,3,-10.51,-50.74,12.46,50.0,0.0124,-0.1506
247.0,75,3,-14.91,-103.56,15.2,50.0,0.0027,-0.1484
247.0,76,3,-31.46,-111.37,204.81,50.0,0.0,-0.3924
247.0,78,3,-37.95,-115.57,876.06,50.0,0.0,-0.3925
247.0,79,5,-25.27,-150.0,9.34,50.0,0.0001,-0.1444
247.0,8,3,1.22,-62.69,11.0,50.0,0.4323,0.1321
247.0,80,1,-30.31,-127.1,298.27,50.0,0.0,-0.3562
247.0,81,1,-36.75,-141.67,1311.15,50.0,0.0,-0.3562
247.0,82,1,-4.41,-63.76,1.13,50.0,0.0959,-0.0166
247.0,9,3,-3.45,-59.65,11.21,50.0,0.1292,-0.0406
248.0,0,3,-19.56,-105.18,18.23,50.0,0.0005,-0.1672
248.0,1,3,-15.83,-99.49,11.01,50.0,0.0019,-0.1364
248.0,10,1,-26.59,-125.75,128.59,50.0,0.0,-0.3516
248.0,13,1,-20.84,-116.39,35.9,50.0,0.0003,-0.1943
248.0,15,3,-15.94,-125.45,11.14,50.0,0.0019,-0.1298
248.0,18,3,-15.39,-113.63,10.49,50.0,0.0023,-0.1253
248.0,19,3,-60.0,-34.21,1391.99,50.0,0.0,-0.4306
248.0,21,3,-9.17,-93.52,6.84,50.0,0.0196,-0.0852
248.0,22,3,-17.04,-107.58,12.71,50.0,0.0013,-0.1408
248.0,23,3,-26.76,-119.22,71.41,50.0,0.0,-0.3071
248.0,24,3,-17.05,-102.4,12.72,50.0,0.0013,-0.1446
248.0,26,3,-60.0,-34.05,1391.99,50.0,0.0,-0.4306
248.0,27,3,0.66,-58.65,5.81,50.0,0.3852,0.126
248.0,28,3,-2.37,-103.45,5.93,50.0,0.1782,0.0429
248.0,29,3,-13.14,-110.93,8.55,50.0,0.005,-0.1076
248.0,3,3,-21.87,-112.32,27.03,50.0,0.0002,-0.1934
248.0,32,6,1.58,-150.0,0.01,50.0,0.4633,0.7694
248.0,33,3,-26.43,-108.28,66.63,50.0,0.0,-0.2971
248.0,34,3,-1.17,-110.93,5.87,50.0,0.2478,0.0876
248.0,35,1,-12.1,-113.89,6.74,50.0,0.0071,-0.0877
248.0,37,1,-11.27,-106.16,5.96,50.0,0.0095,-0.0833
248.0,38,3,-23.64,-105.29,37.77,50.0,0.0001,-0.2273
248.0,39,3,-1.3,-52.33,5.88,50.0,0.2393,0.0416
248.0,40,1,4.68,-60.32,2.31,50.0,0.719,0.2755
248.0,45,3,-1.33,-50.14,5.88,50.0,0.238,0.0393
248.0,47,1,-25.87,-114.46,109.44,50.0,0.0,-0.348
248.0,48,1,-28.78,-129.74,211.84,50.0,0.0,-0.3626
248.0,5,3,1.61,-103.28,5.78,50.0,0.4662,0.2018
248.0,50,1,-32.17,-130.63,459.73,50.0,0.0,-0.3687
248.0,51,1,-16.2,-111.54,13.81,50.0,0.0017,-0.1257
248.0,52,1,-2.12,-127.67,2.69,50.0,0.1913,0.0529
248.0,55,1,-20.69,-112.69,34.76,50.0,0.0004,-0.1912
248.0,56,1,-6.52,-106.78,3.49,50.0,0.0483,-0.035
248.0,57,3,-25.33,-100.46,52.96,50.0,0.0001,-0.2697
248.0,58,3,-12.69,-103.34,8.27,50.0,0.0058,-0.1088
248.0,59,3,0.25,-99.34,5.82,50.0,0.3515,0.1369
248.0,6,1,3.9,-60.09,2.33,50.0,0.6606,0.2453
248.0,61,3,4.09,-65.27,5.74,50.0,0.6753,0.2928
248.0,62,1,-23.78,-117.36,68.52,50.0,0.0001,-0.2745
248.0,63,3,-12.9,-52.28,8.4,50.0,0.0054,-0.147
248.0,65,3,-21.29,-118.39,24.35,50.0,0.0003,-0.1851
248.0,67,1,-33.65,-121.12,645.24,50.0,0.0,-0.3687
248.0,69,1,-28.77,-127.74,211.2,50.0,0.0,-0.3625
248.0,7,3,-15.35,-100.4,10.45,50.0,0.0023,-0.1319
248.0,70,3,-0.49,-58.3,5.84,50.0,0.295,0.0768
248.0,71,3,-6.81,-97.74,6.36,50.0,0.0438,-0.0545
248.0,72,3,-18.93,-112.38,16.53,50.0,0.0007,-0.157
248.0,73,3,-32.77,-130.04,267.99,50.0,0.0,-0.3806
248.0,75,3,-24.65,-98.38,46.13,50.0,0.0001,-0.2541
248.0,76,3,-38.37,-114.84,957.35,50.0,0.0,-0.3806
248.0,77,3,0.6,-54.93,5.81,50.0,0.38,0.1206
248.0,78,1,-40.25,-122.3,2774.84,50.0,0.0,-0.3687
248.0,79,1,-21.24,-123.05,39.15,50.0,0.0003,-0.2028
248.0,8,3,-3.01,-55.49,5.97,50.0,0.1477,-0.0098
248.0,80,3,-28.46,-115.7,103.01,50.0,0.0,-0.3728
248.0,81,1,-32.7,-128.3,518.98,50.0,0.0,-0.3687
248.0,82,3,-4.79,-57.24,6.11,50.0,0.0849,-0.05
249.0,0,1,-19.61,-106.45,26.39,50.0,0.0005,-0.1652
249.0,1,3,-22.47,-99.77,32.44,50.0,0.0002,-0.2202
249.0,10,3,-29.44,-118.59,129.72,50.0,0.0,-0.3834
249.0,13,1,-26.13,-124.93,114.87,50.0,0.0,-0.343
249.0,14,3,-2.48,-60.94,8.19,50.0,0.1725,-0.0009
249.0,15,3,-41.18,-122.59,1394.25,50.0,0.0,-0.3862
249.0,16,3,3.63,-63.44,8.0,50.0,0.639,0.2598
249.0,18,3,-17.28,-108.76,15.36,50.0,0.0012,-0.1522
249.0,20,3,1.29,-43.5,8.05,50.0,0.4382,0.1338
249.0,21,3,1.74,-94.56,8.04,50.0,0.4777,0.1917
249.0,22,3,-20.8,-105.32,24.62,50.0,0.0003,-0.192
249.0,23,1,-27.08,-126.44,142.57,50.0,0.0,-0.3478
249.0,24,3,-19.13,-113.92,19.31,50.0,0.0006,-0.1693
249.0,26,3,-16.44,-105.22,14.07,50.0,0.0016,-0.1475
249.0,28,3,-18.05,-97.03,16.81,50.0,0.0009,-0.1677
249.0,29,3,-18.17,-113.62,17.06,50.0,0.0009,-0.1596
249.0,3,1,-30.13,-112.79,287.0,50.0,0.0,-0.3625
249.0,32,3,0.01,-61.56,8.08,50.0,0.3322,0.0894
249.0,33,1,-28.37,-114.87,191.5,50.0,0.0,-0.3543
249.0,34,3,-0.04,-103.96,8.09,50.0,0.3284,0.1176
249.0,35,1,-10.5,-116.21,4.18,50.0,0.0124,-0.0653
249.0,37,1,-21.2,-121.73,37.59,50.0,0.0003,-0.1932
249.0,38,3,-35.2,-106.33,467.31,50.0,0.0,-0.3888
249.0,40,3,-10.4,-45.61,9.47,50.0,0.0129,-0.1411
249.0,47,3,-27.81,-112.69,91.63,50.0,0.0,-0.3584
249.0,48,1,-23.72,-130.52,66.35,50.0,0.0001,-0.2636
249.0,5,3,-9.14,-105.74,9.09,50.0,0.0199,-0.0862
249.0,50,1,-27.82,-129.3,169.08,50.0,0.0,-0.3515
249.0,51,3,-12.55,-116.66,10.45,50.0,0.0061,-0.1131
249.0,52,3,-16.14,-102.5,13.65,50.0,0.0017,-0.1469
249.0,55,1,-18.14,-120.56,19.14,50.0,0.0009,-0.1405
249.0,56,3,-11.39,-112.07,9.86,50.0,0.0091,-0.1037
249.0,57,3,-20.38,-108.64,23.09,50.0,0.0004,-0.1844
249.0,58,3,-4.3,-103.75,8.32,50.0,0.0992,-0.0168
249.0,59,3,-5.83,-104.19,8.48,50.0,0.0607,-0.0452
249.0,6,3,1.71,-42.68,8.04,50.0,0.4743,0.1528
249.0,62,3,-11.48,-105.32,9.9,50.0,0.0089,-0.1077
249.0,63,3,1.67,-58.01,8.04,50.0,0.4715,0.1622
249.0,64,3,-5.12,-59.21,8.4,50.0,0.0765,-0.0649
249.0,65,3,-31.29,-119.77,194.56,50.0,0.0,-0.3862
249.0,67,3,-19.21,-112.73,19.52,50.0,0.0006,-0.1701
249.0,69,3,-36.15,-118.04,578.75,50.0,0.0,-0.3862
249.0,7,1,-2.42,-100.62,1.55,50.0,0.1757,0.0467
249.0,70,3,-1.75,-59.51,8.16,50.0,0.2122,0.0212
249.0,71,3,-15.73,-103.81,13.14,50.0,0.002,-0.1426
249.0,72,3,-5.89,-106.32,8.49,50.0,0.0595,-0.0446
249.0,73,3,-39.41,-118.41,1218.57,50.0,0.0,-0.3862
249.0,75,3,-16.27,-98.58,13.83,50.0,0.0017,-0.1508
249.0,76,3,-27.98,-111.65,94.97,50.0,0.0,-0.366
249.0,77,3,1.43,-55.97,8.04,50.0,0.4506,0.1494
249.0,78,3,-37.55,-120.08,795.73,50.0,0.0,-0.3862
249.0,79,3,-12.56,-103.2,10.46,50.0,0.0061,-0.118
249.0,8,3,-1.57,-52.64,8.15,50.0,0.2227,0.0223
249.0,80,3,-42.54,-114.73,1394.25,50.0,0.0,-0.3862
249.0,81,1,-29.1,-133.88,226.42,50.0,0.0,-0.3579
249.0,82,3,-6.3,-58.29,8.54,50.0,0.0519,-0.0854
249.0,9,3,0.03,-59.79,8.08,50.0,0.3341,0.0891
250.0,0,1,-20.6,-116.82,33.42,50.0,0.0004,-0.1848
250.0,1,3,-22.75,-95.15,33.37,50.0,0.0002,-0.2251
250.0,10,1,-29.73,-134.41,261.91,50.0,0.0,-0.3641
250.0,13,1,-23.95,-124.29,70.4,50.0,0.0001,-0.2758
250.0,15,3,-28.21,-124.24,99.11,50.0,0.0,-0.3737
250.0,18,3,-20.61,-104.59,23.2,50.0,0.0004,-0.187
250.0,19,3,-10.42,-102.74,8.77,50.0,0.0128,-0.0974
250.0,20,3,-4.93,-46.25,7.67,50.0,0.0811,-0.0676
250.0,21,3,-1.26,-99.3,7.42,50.0,0.2423,0.0698
250.0,22,1,-17.28,-108.93,16.38,50.0,0.0012,-0.1342
250.0,23,3,-50.02,-118.66,1393.54,50.0,0.0,-0.3845
250.0,24,3,-5.9,-112.19,7.78,50.0,0.0593,-0.039
250.0,28,3,-23.31,-104.2,36.92,50.0,0.0001,-0.2286
250.0,29,3,-24.32,-109.65,44.76,50.0,0.0001,-0.2456
250.0,3,1,-29.79,-116.91,265.81,50.0,0.0,-0.3644
250.0,30,3,-4.04,-56.15,7.59,50.0,0.1079,-0.0418
250.0,33,3,-25.18,-103.05,52.97,50.0,0.0001,-0.2711
250.0,37,3,-15.2,-106.11,11.83,50.0,0.0024,-0.1336
250.0,38,3,-21.91,-104.64,28.75,50.0,0.0002,-0.2048
250.0,39,3,0.19,-51.35,7.36,50.0,0.3468,0.0931
250.0,40,3,-10.44,-41.24,8.77,50.0,0.0127,-0.1415
250.0,41,3,-4.19,-59.49,7.6,50.0,0.1027,-0.0429
250.0,44,3,-3.45,-49.96,7.54,50.0,0.1291,-0.0323
250.0,45,3,-5.0,-50.85,7.67,50.0,0.0793,-0.0656
250.0,47,3,-34.99,-111.59,444.25,50.0,0.0,-0.3845
250.0,48,3,-23.84,-122.05,40.81,50.0,0.0001,-0.235
250.0,5,1,-7.09,-109.92,2.98,50.0,0.0399,-0.0352
250.0,50,1,-32.62,-130.93,508.97,50.0,0.0,-0.3654
250.0,51,3,-18.61,-113.01,17.32,50.0,0.0007,-0.1608
250.0,52,1,-17.69,-115.71,17.86,50.0,0.001,-0.1385
250.0,53,3,-5.55,-54.17,7.73,50.0,0.0664,-0.0731
250.0,54,3,-9.55,-49.75,8.49,50.0,0.0172,-0.1272
250.0,55,1,-17.28,-120.3,16.38,50.0,0.0012,-0.1334
250.0,56,3,-11.61,-103.82,9.25,50.0,0.0085,-0.1068
250.0,57,3,-13.69,-105.77,10.48,50.0,0.0041,-0.1219
250.0,58,3,-1.62,-99.39,7.43,50.0,0.2198,0.0572
250.0,6,3,-1.99,-40.79,7.45,50.0,0.1985,0.0031
250.0,61,3,-13.26,-104.14,10.18,50.0,0.0048,-0.1197
250.0,62,3,-20.26,-101.56,21.94,50.0,0.0004,-0.1848
250.0,63,3,-2.22,-57.68,7.46,50.0,0.1858,0.0078
250.0,65,3,-18.89,-111.37,17.97,50.0,0.0007,-0.1636
250.0,67,3,-32.36,-115.91,245.84,50.0,0.0,-0.3845
250.0,69,3,-29.98,-125.27,145.35,50.0,0.0,-0.3844
250.0,7,1,0.15,-112.71,1.82,50.0,0.3435,0.1326
250.0,70,3,-12.45,-50.05,9.67,50.0,0.0063,-0.152
250.0,71,3,-14.61,-99.66,11.25,50.0,0.003,-0.1335
250.0,72,3,-5.28,-117.59,7.7,50.0,0.0726,-0.0285
250.0,73,1,-44.47,-133.53,2774.16,50.0,0.0,-0.3654
250.0,74,3,-14.32,-95.74,10.99,50.0,0.0033,-0.134
250.0,75,3,-18.96,-105.93,18.16,50.0,0.0007,-0.1672
250.0,76,3,-31.99,-107.8,226.41,50.0,0.0,-0.3861
250.0,78,3,-37.66,-119.67,815.15,50.0,0.0,-0.3845
250.0,79,3,-10.74,-110.03,8.88,50.0,0.0114,-0.095
250.0,80,1,-22.91,-127.22,55.73,50.0,0.0001,-0.2412
250.0,81,3,-37.12,-119.31,722.06,50.0,0.0,-0.3845
250.0,83,1,-14.99,-114.34,10.32,50.0,0.0026,-0.1088
251.0,0,1,-16.02,-99.26,12.33,50.0,0.0018,-0.1243
251.0,1,3,-25.99,-101.01,62.85,50.0,0.0,-0.2977
251.0,10,3,-35.64,-126.43,516.12,50.0,0.0,-0.3858
251.0,13,3,-13.44,-105.15,10.82,50.0,0.0045,-0.1227
251.0,14,3,-4.93,-58.46,8.19,50.0,0.0812,-0.0611
251.0,15,1,-25.98,-131.15,111.13,50.0,0.0,-0.3434
251.0,18,3,-12.25,-103.3,10.09,50.0,0.0068,-0.1146
251.0,19,3,-12.6,-110.99,10.28,50.0,0.006,-0.1126
251.0,20,3,2.42,-47.45,7.83,50.0,0.5367,0.1912
251.0,22,3,-14.68,-102.72,11.84,50.0,0.0029,-0.1342
251.0,23,3,-28.14,-118.4,98.18,50.0,0.0,-0.3727
251.0,24,1,-7.07,-109.58,2.65,50.0,0.0402,-0.0327
251.0,28,3,-9.72,-104.81,9.06,50.0,0.0163,-0.0918
251.0,29,3,-37.81,-114.38,844.4,50.0,0.0,-0.3858
251.0,3,3,-21.72,-110.14,28.36,50.0,0.0002,-0.2005
251.0,33,1,-25.46,-118.07,98.7,50.0,0.0,-0.3382
251.0,37,1,-28.73,-113.39,208.19,50.0,0.0,-0.3572
251.0,38,3,-21.09,-107.94,25.56,50.0,0.0003,-0.1931
251.0,39,3,-3.65,-46.39,8.08,50.0,0.1216,-0.042
251.0,40,3,1.01,-52.39,7.86,50.0,0.4139,0.1278
251.0,41,3,2.62,-66.41,7.82,50.0,0.5539,0.2144
251.0,44,3,-0.77,-55.55,7.92,50.0,0.2748,0.0544
251.0,45,3,4.74,-53.38,7.79,50.0,0.7226,0.3043
251.0,47,1,-19.97,-116.26,28.8,50.0,0.0005,-0.1704
251.0,48,3,-32.65,-116.1,262.83,50.0,0.0,-0.3858
251.0,5,3,-3.61,-94.67,8.08,50.0,0.1231,-0.0066
251.0,50,3,-32.61,-119.07,260.34,50.0,0.0,-0.3858
251.0,51,3,-22.86,-110.7,34.54,50.0,0.0002,-0.2187
251.0,52,1,-19.46,-119.49,25.71,50.0,0.0005,-0.1617
251.0,55,3,-15.38,-103.01,12.54,50.0,0.0023,-0.1395
251.0,56,3,-18.09,-107.54,16.7,50.0,0.0009,-0.1598
251.0,57,3,-18.83,-105.34,18.35,50.0,0.0007,-0.1686
251.0,6,3,-3.9,-48.53,8.1,50.0,0.1124,-0.0465
251.0,61,3,-16.99,-102.99,14.69,50.0,0.0013,-0.153
251.0,62,3,-9.16,-99.91,8.9,50.0,0.0197,-0.0898
251.0,63,3,-7.25,-53.51,8.49,50.0,0.0378,-0.1012
251.0,65,3,-19.06,-113.87,18.92,50.0,0.0006,-0.1677
251.0,67,3,-25.44,-112.68,56.27,50.0,0.0001,-0.2753
251.0,68,1,-2.23,-96.43,1.7,50.0,0.1856,0.0474
251.0,69,3,-19.29,-107.91,19.52,50.0,0.0006,-0.1716
251.0,7,1,-15.31,-108.04,10.66,50.0,0.0023,-0.1108
251.0,70,3,-3.96,-61.29,8.1,50.0,0.1103,-0.0388
251.0,71,1,-6.99,-116.62,2.63,50.0,0.0413,-0.0315
251.0,72,3,-18.77,-117.34,18.2,50.0,0.0007,-0.1647
251.0,73,3,-37.7,-122.51,823.94,50.0,0.0,-0.3858
251.0,74,1,-4.3,-115.08,1.98,50.0,0.0993,0.0094
251.0,75,3,-26.95,-92.99,76.49,50.0,0.0,-0.3355
251.0,76,3,-38.12,-113.42,906.09,50.0,0.0,-0.3858
251.0,77,1,3.72,-39.46,1.34,50.0,0.6458,0.2307
251.0,78,2,-37.48,-150.0,1552.02,50.0,0.0,-0.3506
251.0,79,3,-10.35,-113.95,9.26,50.0,0.0131,-0.0938
251.0,8,1,-0.66,-37.3,1.55,50.0,0.2829,0.0559
251.0,80,3,-44.39,-115.78,1394.06,50.0,0.0,-0.3858
251.0,81,3,-30.75,-122.94,172.66,50.0,0.0,-0.3857
251.0,83,3,-13.38,-105.65,10.78,50.0,0.0046,-0.1219
251.0,9,3,-5.59,-57.72,8.26,50.0,0.0656,-0.0736
252.0,0,1,-22.35,-108.53,49.86,50.0,0.0002,-0.2307
252.0,1,3,-24.12,-94.92,41.58,50.0,0.0001,-0.245
252.0,10,3,-28.79,-120.08,110.77,50.0,0.0,-0.3747
252.0,13,1,-13.43,-108.84,8.31,50.0,0.0045,-0.0996
252.0,15,3,-22.33,-119.7,29.52,50.0,0.0002,-0.201
252.0,17,1,0.59,-99.55,2.42,50.0,0.3794,0.138
252.0,18,3,-13.66,-114.9,9.0,50.0,0.0042,-0.112
252.0,19,3,-60.0,-33.77,1392.08,50.0,0.0,-0.4308
252.0,20,3,1.21,-50.66,5.88,50.0,0.4309,0.1447
252.0,22,1,-17.18,-116.43,16.68,50.0,0.0012,-0.1365
252.0,23,6,-60.0,-150.0,69.32,50.0,0.0,-0.2891
252.0,24,1,-8.98,-104.66,4.38,50.0,0.021,-0.0635
252.0,25,1,3.28,-57.13,2.3,50.0,0.6101,0.2184
252.0,26,3,-60.0,-32.82,1392.08,50.0,0.0,-0.4308
252.0,28,3,-3.95,-107.62,6.13,50.0,0.1109,0.0036
252.0,29,3,-32.34,-110.79,243.59,50.0,0.0,-0.3808
252.0,3,3,-25.79,-111.81,58.41,50.0,0.0001,-0.2764
252.0,30,3,3.03,-64.27,5.84,50.0,0.5892,0.2415
252.0,32,3,-4.12,-55.86,6.14,50.0,0.1049,-0.0374
252.0,33,3,-11.45,-106.37,7.72,50.0,0.009,-0.097
252.0,37,1,-24.38,-111.33,78.26,50.0,0.0001,-0.2967
252.0,38,3,-14.82,-103.25,9.99,50.0,0.0028,-0.126
252.0,39,3,-0.24,-57.12,5.92,50.0,0.3132,0.0856
252.0,40,3,-1.61,-48.0,5.98,50.0,0.2207,0.0276
252.0,41,3,-2.99,-61.89,6.06,50.0,0.1484,-0.0051
252.0,42,1,1.23,-55.45,2.39,50.0,0.433,0.132
252.0,44,3,-4.97,-49.69,6.22,50.0,0.0802,-0.0592
252.0,46,3,-2.76,-54.79,6.04,50.0,0.1588,-0.0038
252.0,47,3,-29.19,-114.83,120.72,50.0,0.0,-0.3767
252.0,48,3,-35.74,-124.1,525.7,50.0,0.0,-0.3808
252.0,5,3,-8.74,-102.42,6.82,50.0,0.0228,-0.0748
252.0,50,1,-32.17,-127.45,458.84,50.0,0.0,-0.3685
252.0,51,1,-23.54,-114.65,64.85,50.0,0.0001,-0.2657
252.0,52,3,-22.34,-110.44,29.55,50.0,0.0002,-0.2011
252.0,53,3,-2.31,-58.74,6.02,50.0,0.1812,0.0124
252.0,54,3,-0.51,-57.79,5.93,50.0,0.2934,0.0752
252.0,55,3,-13.78,-105.17,9.09,50.0,0.004,-0.1164
252.0,56,1,-20.8,-120.81,35.54,50.0,0.0003,-0.1931
252.0,57,1,-13.4,-109.18,8.27,50.0,0.0045,-0.0991
252.0,6,3,0.78,-60.35,5.89,50.0,0.3952,0.1323
252.0,61,1,-10.7,-103.07,5.45,50.0,0.0116,-0.0803
252.0,62,1,-8.22,-106.02,4.03,50.0,0.0272,-0.0549
252.0,63,3,-4.73,-55.51,6.19,50.0,0.0867,-0.0503
252.0,64,3,-5.9,-54.46,6.32,50.0,0.0593,-0.0721
252.0,65,3,-28.76,-112.01,109.96,50.0,0.0,-0.3745
252.0,67,3,-20.13,-113.93,20.07,50.0,0.0004,-0.1707
252.0,68,1,-6.82,-100.6,3.53,50.0,0.0436,-0.0429
252.0,69,3,-40.26,-109.75,1392.08,50.0,0.0,-0.381
252.0,7,1,-7.56,-100.2,3.77,50.0,0.034,-0.0519
252.0,70,3,-0.68,-58.21,5.94,50.0,0.2815,0.0689
252.0,71,1,-11.94,-125.44,6.53,50.0,0.0076,-0.0859
252.0,72,3,-27.78,-113.36,88.94,50.0,0.0,-0.3475
252.0,73,3,-35.31,-120.93,476.2,50.0,0.0,-0.3808
252.0,74,1,-15.4,-95.35,11.81,50.0,0.0023,-0.1275
252.0,75,3,-33.85,-95.3,341.85,50.0,0.0,-0.3913
252.0,76,3,-33.21,-112.56,295.91,50.0,0.0,-0.3808
252.0,78,3,-33.06,-121.12,286.13,50.0,0.0,-0.3808
252.0,8,1,-8.21,-43.86,4.03,50.0,0.0273,-0.0992
252.0,80,1,-34.3,-127.21,747.82,50.0,0.0,-0.3685
252.0,81,1,-38.56,-134.0,1993.34,50.0,0.0,-0.3685
252.0,83,1,-21.21,-104.63,38.87,50.0,0.0003,-0.2057
253.0,0,3,-8.6,-110.59,10.21,50.0,0.0239,-0.0829
253.0,1,3,-24.92,-100.3,52.24,50.0,0.0001,-0.2747
253.0,10,4,-30.01,-150.0,138.88,50.0,0.0,-0.3505
253.0,13,3,-14.49,-110.01,13.1,50.0,0.0031,-0.1335
253.0,15,1,-23.44,-134.44,61.95,50.0,0.0001,-0.2512
253.0,17,1,-5.59,-112.7,1.78,50.0,0.0655,-0.0084
253.0,18,3,-7.07,-101.16,9.91,50.0,0.0402,-0.0709
253.0,19,3,-60.0,-29.44,1395.5,50.0,0.0,-0.439
253.0,20,3,3.04,-52.12,9.26,50.0,0.5899,0.2183
253.0,22,3,-17.17,-106.18,16.43,50.0,0.0012,-0.1584
253.0,23,3,-26.08,-113.08,65.38,50.0,0.0,-0.2999
253.0,24,3,-9.54,-110.92,10.45,50.0,0.0173,-0.0924
253.0,26,3,-60.0,-35.52,1395.5,50.0,0.0,-0.439
253.0,28,3,1.53,-95.01,9.29,50.0,0.4587,0.1765
253.0,29,1,-28.49,-136.1,196.63,50.0,0.0,-0.3527
253.0,3,1,-21.73,-125.58,42.1,50.0,0.0002,-0.2028
253.0,32,3,0.8,-64.18,9.31,50.0,0.3968,0.1209
253.0,33,3,-31.68,-98.3,213.4,50.0,0.0,-0.3973
253.0,34,3,-7.21,-59.1,9.93,50.0,0.0383,-0.1028
253.0,35,3,1.97,-66.02,9.28,50.0,0.4972,0.1767
253.0,37,1,-14.84,-115.27,9.24,50.0,0.0027,-0.1007
253.0,38,3,-6.64,-106.67,9.85,50.0,0.0463,-0.0611
253.0,39,3,-5.08,-45.63,9.65,50.0,0.0774,-0.0792
253.0,40,3,-1.0,-48.76,9.37,50.0,0.2595,0.035
253.0,44,3,0.73,-57.46,9.32,50.0,0.3903,0.1126
253.0,45,3,-0.68,-46.76,9.36,50.0,0.2816,0.0458
253.0,46,3,-2.62,-55.64,9.46,50.0,0.1655,-0.0142
253.0,47,3,-24.12,-113.71,44.99,50.0,0.0001,-0.2492
253.0,48,3,-27.49,-116.23,86.95,50.0,0.0,-0.3502
253.0,5,3,3.46,-98.62,9.26,50.0,0.6247,0.2714
253.0,50,3,-26.23,-113.12,67.42,50.0,0.0,-0.3048
253.0,51,3,-17.72,-101.91,17.41,50.0,0.001,-0.1664
253.0,52,3,-25.94,-103.12,63.64,50.0,0.0,-0.3007
253.0,54,3,4.8,-56.39,9.24,50.0,0.727,0.3031
253.0,55,1,-9.02,-123.16,2.99,50.0,0.0207,-0.0491
253.0,56,1,-13.2,-106.95,6.58,50.0,0.0049,-0.0879
253.0,57,3,-21.46,-112.05,28.61,50.0,0.0003,-0.2028
253.0,6,3,-9.59,-60.04,10.47,50.0,0.017,-0.1286
253.0,61,3,-7.37,-89.59,9.96,50.0,0.0363,-0.0831
253.0,62,1,-16.99,-127.36,14.64,50.0,0.0013,-0.1233
253.0,64,3,-0.38,-61.35,9.35,50.0,0.3029,0.0679
253.0,65,3,-17.89,-106.26,17.73,50.0,0.0009,-0.1649
253.0,67,3,-29.11,-118.52,122.03,50.0,0.0,-0.3844
253.0,68,3,0.03,-107.05,9.34,50.0,0.3344,0.1177
253.0,69,3,-25.01,-126.75,53.16,50.0,0.0001,-0.2701
253.0,7,1,-9.57,-122.69,3.29,50.0,0.0171,-0.0543
253.0,70,1,2.37,-68.03,0.92,50.0,0.5321,0.1993
253.0,71,3,-16.42,-97.88,15.29,50.0,0.0016,-0.1578
253.0,72,3,-8.54,-98.7,10.2,50.0,0.0244,-0.0903
253.0,73,1,-33.44,-140.1,612.49,50.0,0.0,-0.3603
253.0,74,3,-7.29,-95.0,9.95,50.0,0.0373,-0.0782
253.0,75,3,-20.35,-103.18,24.23,50.0,0.0004,-0.1931
253.0,76,3,-24.94,-112.52,52.44,50.0,0.0001,-0.2683
253.0,78,3,-35.41,-117.44,490.75,50.0,0.0,-0.389
253.0,79,3,-13.1,-101.75,12.04,50.0,0.005,-0.1286
253.0,80,3,-36.06,-116.42,568.14,50.0,0.0,-0.389
253.0,81,3,-38.95,-115.44,1098.54,50.0,0.0,-0.389
253.0,82,1,1.62,-67.94,0.95,50.0,0.4666,0.1679
253.0,83,3,-14.17,-104.09,12.83,50.0,0.0035,-0.1353
253.0,84,3,-10.55,-109.5,10.78,50.0,0.0122,-0.1021
253.0,9,3,-0.03,-64.8,9.34,50.0,0.3293,0.0848
254.0,0,3,-12.88,-105.25,8.34,50.0,0.0054,-0.1087
254.0,1,3,-29.48,-86.77,128.54,50.0,0.0,-0.3944
254.0,10,3,-33.25,-121.72,298.48,50.0,0.0,-0.3805
254.0,13,1,-16.69,-124.24,15.23,50.0,0.0014,-0.1314
254.0,15,3,-21.47,-121.23,25.09,50.0,0.0003,-0.1873
254.0,17,1,-4.63,-107.69,3.08,50.0,0.0895,-0.0057
254.0,18,3,-10.19,-118.87,7.1,50.0,0.0138,-0.0829
254.0,19,3,-60.0,-27.67,1391.94,50.0,0.0,-0.4305
254.0,20,3,-0.49,-49.94,5.79,50.0,0.2947,0.0709
254.0,21,3,0.84,-65.12,5.75,50.0,0.3995,0.1387
254.0,22,3,-22.35,-99.97,29.46,50.0,0.0002,-0.2078
254.0,23,3,-30.75,-120.17,170.26,50.0,0.0,-0.3804
254.0,24,1,-9.73,-115.17,4.89,50.0,0.0162,-0.0673
254.0,25,1,-3.81,-54.92,2.94,50.0,0.1157,-0.0276
254.0,26,3,-60.0,-33.38,1391.94,50.0,0.0,-0.4305
254.0,28,1,-3.41,-108.46,2.88,50.0,0.1309,0.0193
254.0,29,3,-36.53,-108.92,629.88,50.0,0.0,-0.3813
254.0,3,3,-20.1,-107.9,19.85,50.0,0.0004,-0.1712
254.0,32,3,2.37,-62.48,5.72,50.0,0.5321,0.209
254.0,33,1,-31.94,-115.0,436.14,50.0,0.0,-0.3689
254.0,34,1,2.82,-65.0,2.4,50.0,0.5711,0.2044
254.0,35,1,1.47,-63.79,2.46,50.0,0.4538,0.1473
254.0,37,1,-24.85,-111.04,87.04,50.0,0.0,-0.3171
254.0,38,3,-12.51,-106.79,8.12,50.0,0.0062,-0.1047
254.0,39,1,-4.83,-53.94,3.12,50.0,0.0838,-0.0477
254.0,40,3,3.58,-55.55,5.69,50.0,0.635,0.2622
254.0,42,1,-1.74,-60.17,2.68,50.0,0.2127,0.0281
254.0,44,3,-2.7,-53.7,5.9,50.0,0.1619,-0.0021
254.0,45,1,-2.11,-50.69,2.72,50.0,0.1918,0.0106
254.0,46,1,0.43,-58.11,2.52,50.0,0.3661,0.1015
254.0,47,1,-20.06,-110.91,30.42,50.0,0.0004,-0.1795
254.0,48,1,-38.49,-130.87,1962.56,50.0,0.0,-0.3689
254.0,5,3,-8.14,-102.04,6.55,50.0,0.028,-0.0678
254.0,50,3,-24.83,-114.3,47.81,50.0,0.0001,-0.25
254.0,51,3,-16.11,-115.93,11.31,50.0,0.0018,-0.1309
254.0,52,3,-13.77,-103.14,8.95,50.0,0.004,-0.1172
254.0,54,3,-3.33,-54.15,5.94,50.0,0.1342,-0.0189
254.0,55,1,-7.04,-98.64,3.68,50.0,0.0406,-0.0475
254.0,56,3,-19.98,-102.52,19.45,50.0,0.0005,-0.1736
254.0,57,3,-12.25,-112.66,7.97,50.0,0.0068,-0.1003
254.0,58,3,-1.81,-58.12,5.85,50.0,0.2083,0.0284
254.0,61,1,-19.87,-102.91,29.18,50.0,0.0005,-0.1811
254.0,62,1,-9.32,-107.5,4.65,50.0,0.0187,-0.0653
254.0,64,3,-0.21,-60.88,5.78,50.0,0.3157,0.0902
254.0,65,3,-11.0,-116.36,7.39,50.0,0.0105,-0.09
254.0,67,3,-28.19,-113.68,96.97,50.0,0.0,-0.3653
254.0,68,1,-11.04,-95.54,5.81,50.0,0.0103,-0.0892
254.0,69,3,-19.83,-115.63,18.97,50.0,0.0005,-0.1665
254.0,7,3,-5.5,-106.76,6.14,50.0,0.0676,-0.0274
254.0,71,3,-1.61,-117.45,5.84,50.0,0.2203,0.0723
254.0,72,3,-15.38,-107.43,10.43,50.0,0.0023,-0.1268
254.0,73,1,-29.15,-133.89,230.15,50.0,0.0,-0.3646
254.0,74,1,-4.93,-90.64,3.14,50.0,0.0814,-0.0231
254.0,75,3,-13.87,-93.58,9.03,50.0,0.0038,-0.1248
254.0,76,3,-28.65,-114.06,107.17,50.0,0.0,-0.3736
254.0,77,3,0.04,-56.46,5.78,50.0,0.3352,0.0977
254.0,78,3,-34.46,-121.78,392.98,50.0,0.0,-0.3805
254.0,79,1,-14.0,-111.7,9.25,50.0,0.0037,-0.1044
254.0,8,3,1.99,-59.19,5.72,50.0,0.4991,0.1885
254.0,80,1,-21.66,-124.6,42.91,50.0,0.0003,-0.2126
254.0,81,3,-37.35,-125.08,758.39,50.0,0.0,-0.3805
254.0,82,1,-0.77,-59.98,2.6,50.0,0.2752,0.059
254.0,83,3,-17.15,-116.22,12.84,50.0,0.0012,-0.1399
254.0,84,1,-4.83,-109.54,3.12,50.0,0.084,-0.0079
255.0,0,1,-11.31,-110.87,4.77,50.0,0.0094,-0.0719
255.0,1,3,-23.51,-93.99,39.74,50.0,0.0001,-0.2458
255.0,10,1,-40.05,-131.09,2773.62,50.0,0.0,-0.3622
255.0,13,3,-16.93,-108.75,15.48,50.0,0.0013,-0.1521
255.0,14,3,-5.09,-57.57,9.09,50.0,0.0771,-0.0685
255.0,15,3,-17.85,-119.7,17.1,50.0,0.001,-0.1595
255.0,17,1,-26.78,-121.36,133.01,50.0,0.0,-0.346
255.0,18,3,-12.67,-93.85,11.21,50.0,0.0059,-0.1285
255.0,20,3,-0.46,-48.63,8.79,50.0,0.297,0.058
255.0,21,3,-0.82,-59.59,8.81,50.0,0.2718,0.0518
255.0,22,1,-11.04,-121.67,4.55,50.0,0.0103,-0.0696
255.0,23,3,-21.58,-119.45,28.58,50.0,0.0003,-0.2022
255.0,24,3,-14.12,-107.52,12.22,50.0,0.0035,-0.1301
255.0,25,1,-0.11,-58.38,1.3,50.0,0.3234,0.0904
255.0,26,3,-6.55,-106.61,9.27,50.0,0.0477,-0.0575
255.0,27,3,-5.2,-51.15,9.1,50.0,0.0745,-0.0751
255.0,28,3,1.52,-116.2,8.73,50.0,0.4581,0.1891
255.0,29,3,-26.8,-118.3,75.04,50.0,0.0,-0.3217
255.0,3,3,-26.28,-108.08,67.49,50.0,0.0,-0.3053
255.0,33,3,-14.4,-105.1,12.47,50.0,0.0032,-0.134
255.0,34,3,-0.6,-58.12,8.8,50.0,0.2868,0.0591
255.0,35,3,4.66,-63.37,8.68,50.0,0.7171,0.3041
255.0,37,1,-16.41,-113.72,13.17,50.0,0.0016,-0.1191
255.0,38,3,-26.19,-107.73,66.26,50.0,0.0,-0.3027
255.0,39,3,0.33,-50.18,8.76,50.0,0.3583,0.0924
255.0,4,3,-0.45,-54.39,8.79,50.0,0.2978,0.0625
255.0,40,3,-7.71,-43.76,9.46,50.0,0.0324,-0.1177
255.0,41,3,-0.12,-63.86,8.78,50.0,0.3223,0.0827
255.0,42,1,-6.45,-52.7,2.25,50.0,0.0494,-0.0638
255.0,44,3,4.39,-57.67,8.68,50.0,0.6978,0.288
255.0,45,3,-1.68,-46.29,8.84,50.0,0.2165,0.0113
255.0,46,3,-9.87,-53.59,9.99,50.0,0.0154,-0.1336
255.0,47,1,-23.99,-113.13,70.58,50.0,0.0001,-0.2731
255.0,48,3,-30.34,-123.43,158.53,50.0,0.0,-0.3877
255.0,5,3,-18.25,-102.82,17.92,50.0,0.0008,-0.1685
255.0,50,3,-25.5,-119.05,57.79,50.0,0.0001,-0.2806
255.0,51,3,-19.85,-106.52,22.02,50.0,0.0005,-0.1825
255.0,52,1,-27.28,-121.83,149.26,50.0,0.0,-0.3485
255.0,55,1,-9.42,-111.35,3.46,50.0,0.018,-0.0552
255.0,56,1,-15.27,-121.3,10.35,50.0,0.0024,-0.1071
255.0,57,3,-18.85,-99.1,19.3,50.0,0.0007,-0.1771
255.0,58,3,-3.92,-57.21,8.98,50.0,0.1119,-0.0444
255.0,61,3,-11.92,-105.66,10.8,50.0,0.0076,-0.1141
255.0,62,3,-31.57,-99.84,207.64,50.0,0.0,-0.395
255.0,63,3,-2.29,-61.35,8.87,50.0,0.1821,0.0021
255.0,64,3,-4.01,-63.19,8.99,50.0,0.1087,-0.0423
255.0,65,3,-21.68,-108.36,29.06,50.0,0.0003,-0.2048
255.0,67,3,-24.7,-112.24,49.52,50.0,0.0001,-0.26
255.0,68,3,-11.37,-110.5,10.55,50.0,0.0092,-0.1064
255.0,69,3,-23.74,-124.66,41.42,50.0,0.0001,-0.2389
255.0,7,1,-3.29,-116.38,1.61,50.0,0.1357,0.0323
255.0,70,3,-3.15,-58.52,8.93,50.0,0.1415,-0.0245
255.0,71,1,-16.16,-99.78,12.48,50.0,0.0017,-0.1236
255.0,72,3,-12.89,-118.0,11.34,50.0,0.0054,-0.1187
255.0,73,3,-34.62,-126.45,410.28,50.0,0.0,-0.3878
255.0,74,3,-10.82,-92.86,10.32,50.0,0.0111,-0.114
255.0,75,3,-12.41,-102.42,11.06,50.0,0.0064,-0.1203
255.0,76,3,-35.07,-109.05,453.93,50.0,0.0,-0.3885
255.0,77,3,-3.88,-52.29,8.98,50.0,0.1134,-0.047
255.0,78,3,-32.49,-121.38,254.75,50.0,0.0,-0.3878
255.0,79,1,-8.89,-112.63,3.18,50.0,0.0216,-0.0502
255.0,8,3,-2.72,-54.35,8.9,50.0,0.1606,-0.0157
255.0,80,3,-33.54,-120.44,321.58,50.0,0.0,-0.3878
255.0,81,1,-27.0,-143.53,140.01,50.0,0.0,-0.3471
255.0,83,1,0.81,-133.01,1.24,50.0,0.397,0.1625
255.0,84,3,-9.76,-101.04,9.96,50.0,0.016,-0.0986
255.0,9,3,-5.2,-60.03,9.1,50.0,0.0744,-0.0688
256.0,0,3,-18.2,-103.28,15.11,50.0,0.0009,-0.1558
256.0,1,1,-1.79,-114.82,2.25,50.0,0.2099,0.0652
256.0,10,1,-25.33,-129.2,96.51,50.0,0.0,-0.3364
256.0,13,3,-15.72,-109.87,11.13,50.0,0.002,-0.1293
256.0,14,3,-0.16,-62.55,6.09,50.0,0.3193,0.0919
256.0,15,3,-6.64,-124.68,6.6,50.0,0.0463,-0.0446
256.0,17,1,-5.54,-118.93,2.83,50.0,0.0668,-0.0162
256.0,19,3,-60.0,-30.54,1392.25,50.0,0.0,-0.4313
256.0,20,3,0.95,-50.59,6.06,50.0,0.4092,0.1321
256.0,21,3,-0.4,-61.74,6.1,50.0,0.3015,0.0816
256.0,22,3,-11.13,-112.52,7.75,50.0,0.01,-0.0926
256.0,23,3,-36.16,-123.33,578.14,50.0,0.0,-0.3813
256.0,24,3,-13.82,-103.8,9.3,50.0,0.0039,-0.1186
256.0,26,3,-60.0,-33.15,1392.25,50.0,0.0,-0.4313
256.0,27,1,-0.16,-60.0,2.12,50.0,0.3193,0.0833
256.0,29,3,-28.9,-111.9,113.59,50.0,0.0,-0.3757
256.0,3,3,-35.45,-110.48,492.23,50.0,0.0,-0.3813
256.0,33,3,-22.29,-101.72,29.47,50.0,0.0002,-0.2071
256.0,34,6,2.09,-150.0,0.02,50.0,0.508,0.787
256.0,37,1,-26.27,-119.75,119.42,50.0,0.0,-0.3481
256.0,38,3,-20.5,-107.98,21.5,50.0,0.0004,-0.1774
256.0,4,1,-3.03,-58.74,2.39,50.0,0.1469,-0.0045
256.0,40,3,4.02,-49.61,6.0,50.0,0.6698,0.2771
256.0,44,3,-1.48,-56.92,6.15,50.0,0.2281,0.0373
256.0,46,3,2.68,-60.95,6.02,50.0,0.559,0.2214
256.0,47,3,-32.89,-117.23,275.48,50.0,0.0,-0.3813
256.0,48,3,-27.7,-121.5,87.56,50.0,0.0,-0.3448
256.0,49,6,-6.34,-150.0,0.04,50.0,0.0513,0.3469
256.0,5,1,-16.97,-113.46,15.64,50.0,0.0013,-0.1317
256.0,50,1,-34.27,-120.84,742.4,50.0,0.0,-0.3668
256.0,51,3,-3.67,-99.91,6.28,50.0,0.1208,0.0037
256.0,52,3,-19.45,-103.03,18.17,50.0,0.0005,-0.1688
256.0,54,3,1.9,-54.81,6.04,50.0,0.4915,0.1797
256.0,55,1,-12.98,-121.57,7.35,50.0,0.0053,-0.0925
256.0,56,3,-12.78,-105.0,8.59,50.0,0.0056,-0.1096
256.0,57,1,-16.91,-113.34,15.45,50.0,0.0013,-0.131
256.0,58,3,-4.14,-57.38,6.31,50.0,0.1045,-0.0374
256.0,61,1,-2.29,-111.71,2.31,50.0,0.1821,0.0509
256.0,62,3,-14.18,-104.21,9.59,50.0,0.0035,-0.1211
256.0,63,3,2.71,-60.39,6.02,50.0,0.5614,0.2223
256.0,65,3,-14.37,-108.89,9.75,50.0,0.0032,-0.1193
256.0,67,1,-23.08,-129.42,58.19,50.0,0.0001,-0.2484
256.0,68,3,-6.39,-108.31,6.56,50.0,0.0504,-0.0421
256.0,69,1,-25.52,-124.25,100.62,50.0,0.0,-0.3443
256.0,7,3,-18.1,-97.98,14.91,50.0,0.0009,-0.1586
256.0,70,3,0.51,-59.42,6.07,50.0,0.3723,0.1184
256.0,72,3,-13.36,-107.1,8.96,50.0,0.0046,-0.1126
256.0,73,1,-25.39,-137.95,97.79,50.0,0.0,-0.3393
256.0,74,1,-4.63,-99.26,2.65,50.0,0.0894,-0.0089
256.0,75,3,-18.86,-105.77,16.62,50.0,0.0007,-0.1605
256.0,76,1,-27.94,-117.27,174.27,50.0,0.0,-0.3565
256.0,78,1,-25.71,-124.02,105.04,50.0,0.0,-0.3453
256.0,79,3,-17.16,-104.64,13.17,50.0,0.0012,-0.1453
256.0,80,1,-34.85,-127.12,848.15,50.0,0.0,-0.3668
256.0,81,1,-26.46,-123.53,124.51,50.0,0.0,-0.3491
256.0,83,1,-12.99,-121.33,7.37,50.0,0.0052,-0.0926
256.0,84,1,-20.41,-121.25,32.32,50.0,0.0004,-0.183
256.0,85,3,-33.2,-125.45,295.56,50.0,0.0,-0.3813
257.0,0,1,-21.81,-111.26,43.49,50.0,0.0002,-0.2101
257.0,1,3,-1.31,-99.73,7.58,50.0,0.2392,0.0677
257.0,10,3,-28.16,-121.77,98.22,50.0,0.0,-0.3721
257.0,11,1,0.59,-63.77,1.62,50.0,0.3787,0.1178
257.0,13,3,-13.76,-105.42,10.69,50.0,0.004,-0.1234
257.0,15,3,-35.85,-119.14,540.88,50.0,0.0,-0.3849
257.0,17,1,-1.66,-108.55,1.79,50.0,0.2175,0.0713
257.0,19,3,-60.0,-35.28,1393.69,50.0,0.0,-0.4349
257.0,20,3,-0.35,-50.59,7.54,50.0,0.3056,0.0694
257.0,21,3,-0.34,-58.68,7.54,50.0,0.3058,0.0753
257.0,22,3,-13.58,-107.13,10.56,50.0,0.0043,-0.1208
257.0,23,3,-33.1,-122.68,290.14,50.0,0.0,-0.3849
257.0,24,3,-1.1,-112.25,7.57,50.0,0.2524,0.0825
257.0,26,3,-60.0,-34.72,1393.69,50.0,0.0,-0.4349
257.0,27,1,-1.47,-69.96,1.77,50.0,0.2292,0.0496
257.0,29,1,-34.92,-132.05,861.24,50.0,0.0,-0.3644
257.0,3,1,-29.02,-117.58,222.43,50.0,0.0,-0.3595
257.0,33,3,-24.03,-102.14,42.48,50.0,0.0001,-0.2453
257.0,37,1,-25.07,-117.75,90.44,50.0,0.0,-0.3205
257.0,38,3,-14.7,-103.81,11.48,50.0,0.0029,-0.1319
257.0,39,3,-6.98,-47.34,8.08,50.0,0.0413,-0.1005
257.0,4,1,4.8,-69.31,1.45,50.0,0.7272,0.2923
257.0,40,3,2.7,-50.25,7.46,50.0,0.5607,0.2082
257.0,43,1,-1.52,-61.7,1.77,50.0,0.2256,0.0419
257.0,45,3,-5.82,-48.71,7.92,50.0,0.0609,-0.0822
257.0,46,3,-4.44,-53.9,7.78,50.0,0.0951,-0.0529
257.0,47,3,-21.98,-116.52,29.27,50.0,0.0002,-0.2028
257.0,48,1,-30.79,-127.77,333.9,50.0,0.0,-0.3644
257.0,5,3,-23.4,-103.95,37.71,50.0,0.0001,-0.2313
257.0,50,3,-23.28,-115.88,36.9,50.0,0.0001,-0.2247
257.0,51,3,-5.61,-108.58,7.9,50.0,0.0652,-0.036
257.0,52,3,-18.67,-110.55,17.59,50.0,0.0007,-0.1621
257.0,55,1,-18.33,-116.3,20.29,50.0,0.0008,-0.1458
257.0,56,1,-26.16,-111.34,115.98,50.0,0.0,-0.3451
257.0,57,3,-20.48,-113.28,22.87,50.0,0.0004,-0.1822
257.0,58,3,2.68,-66.1,7.46,50.0,0.5593,0.2187
257.0,61,1,-16.25,-135.41,13.07,50.0,0.0017,-0.1202
257.0,62,3,-16.38,-98.78,13.42,50.0,0.0016,-0.1492
257.0,65,3,-10.06,-104.59,8.8,50.0,0.0145,-0.0935
257.0,67,3,-27.99,-109.06,94.7,50.0,0.0,-0.3648
257.0,68,3,-18.27,-103.97,16.71,50.0,0.0008,-0.1625
257.0,69,1,-33.06,-132.78,562.43,50.0,0.0,-0.3644
257.0,7,1,-1.16,-104.84,1.74,50.0,0.2485,0.0842
257.0,70,3,2.23,-58.42,7.47,50.0,0.5203,0.1916
257.0,72,3,-16.99,-115.19,14.32,50.0,0.0013,-0.1464
257.0,73,3,-42.03,-122.34,1393.69,50.0,0.0,-0.3849
257.0,74,3,-0.85,-98.55,7.56,50.0,0.2694,0.0837
257.0,75,3,-11.62,-87.94,9.41,50.0,0.0084,-0.1189
257.0,76,3,-27.31,-109.08,82.09,50.0,0.0,-0.3362
257.0,77,1,-3.46,-57.44,2.0,50.0,0.1287,-0.0122
257.0,78,3,-32.76,-116.89,269.17,50.0,0.0,-0.3849
257.0,79,3,-11.88,-114.85,9.53,50.0,0.0077,-0.1053
257.0,8,1,-1.54,-56.53,1.78,50.0,0.2244,0.0376
257.0,80,1,-23.14,-127.57,58.54,50.0,0.0001,-0.247
257.0,81,3,-33.06,-115.13,288.0,50.0,0.0,-0.3849
257.0,83,3,-5.73,-108.63,7.91,50.0,0.0626,-0.038
257.0,84,3,-8.59,-103.66,8.4,50.0,0.024,-0.0796
257.0,85,3,-27.82,-126.52,91.38,50.0,0.0,-0.3567
258.0,0,1,-22.79,-117.19,55.07,50.0,0.0002,-0.2431
258.0,1,1,-19.74,-114.6,28.47,50.0,0.0005,-0.1743
258.0,10,3,-33.66,-115.8,327.43,50.0,0.0,-0.3801
258.0,11,1,-0.65,-60.51,2.68,50.0,0.2835,0.0629
258.0,13,3,-10.39,-118.09,7.03,50.0,0.0129,-0.084
258.0,14,3,-12.41,-47.88,7.93,50.0,0.0064,-0.1453
258.0,15,3,-22.38,-117.15,29.47,50.0,0.0002,-0.2004
258.0,17,3,-18.79,-100.34,15.99,50.0,0.0007,-0.1615
258.0,19,3,-60.0,-34.31,1391.81,50.0,0.0,-0.4301
258.0,20,3,-2.81,-47.21,5.77,50.0,0.1567,-0.0092
258.0,22,1,-6.79,-114.18,3.69,50.0,0.0441,-0.037
258.0,23,3,-34.57,-110.49,402.97,50.0,0.0,-0.3801
258.0,24,1,-23.74,-113.29,67.92,50.0,0.0001,-0.2736
258.0,25,1,3.31,-55.99,2.47,50.0,0.6126,0.2177
258.0,26,3,-60.0,-34.53,1391.81,50.0,0.0,-0.4301
258.0,27,1,-0.58,-64.2,2.67,50.0,0.2885,0.0679
258.0,29,3,-35.2,-115.0,465.03,50.0,0.0,-0.3801
258.0,3,1,-26.79,-114.21,134.67,50.0,0.0,-0.3532
258.0,33,1,-26.86,-117.2,136.94,50.0,0.0,-0.3535
258.0,34,1,3.63,-53.08,2.46,50.0,0.6385,0.2285
258.0,35,1,1.61,-52.87,2.54,50.0,0.4662,0.1448
258.0,37,3,-31.97,-104.0,223.64,50.0,0.0,-0.3843
258.0,38,3,-22.13,-112.98,28.13,50.0,0.0002,-0.1964
258.0,40,3,3.4,-50.53,5.56,50.0,0.6197,0.2505
258.0,41,1,-7.79,-60.62,4.03,50.0,0.0314,-0.0839
258.0,42,1,-0.97,-56.43,2.7,50.0,0.2612,0.049
258.0,44,3,-8.46,-50.29,6.48,50.0,0.0251,-0.1077
258.0,45,3,3.12,-56.95,5.57,50.0,0.5964,0.2417
258.0,46,3,-1.49,-60.28,5.7,50.0,0.2275,0.0416
258.0,47,1,-23.89,-114.67,70.24,50.0,0.0001,-0.279
258.0,48,3,-38.39,-118.64,961.77,50.0,0.0,-0.3801
258.0,49,3,-12.12,-53.16,7.77,50.0,0.0071,-0.1392
258.0,5,3,-12.39,-115.57,7.92,50.0,0.0064,-0.1008
258.0,50,1,-38.25,-125.8,1855.35,50.0,0.0,-0.3693
258.0,51,1,-1.61,-119.63,2.76,50.0,0.2206,0.0671
258.0,52,3,-9.03,-112.08,6.62,50.0,0.0206,-0.0711
258.0,54,3,-7.04,-48.44,6.21,50.0,0.0406,-0.0919
258.0,55,1,-7.63,-101.29,3.97,50.0,0.0332,-0.0531
258.0,56,3,-22.36,-101.21,29.37,50.0,0.0002,-0.2063
258.0,57,3,-23.14,-120.89,34.06,50.0,0.0002,-0.2134
258.0,61,3,-17.27,-115.35,12.91,50.0,0.0012,-0.1402
258.0,62,1,-13.72,-99.91,8.9,50.0,0.0041,-0.1097
258.0,65,3,-19.68,-114.66,18.39,50.0,0.0005,-0.1642
258.0,67,3,-25.88,-113.78,59.2,50.0,0.0,-0.2777
258.0,68,1,-11.69,-120.53,6.46,50.0,0.0082,-0.085
258.0,69,3,-21.03,-115.84,23.08,50.0,0.0003,-0.1806
258.0,7,3,3.08,-106.82,5.57,50.0,0.5936,0.2757
258.0,70,3,-0.53,-59.27,5.66,50.0,0.2923,0.0769
258.0,72,3,-15.91,-108.02,10.92,50.0,0.0019,-0.13
258.0,73,3,-28.21,-113.74,97.32,50.0,0.0,-0.3657
258.0,74,1,-3.87,-99.19,3.04,50.0,0.1138,0.0023
258.0,75,3,-15.54,-103.06,10.48,50.0,0.0021,-0.1306
258.0,76,3,-28.65,-112.31,107.08,50.0,0.0,-0.3732
258.0,78,3,-33.6,-117.78,323.43,50.0,0.0,-0.3801
258.0,79,3,-12.54,-105.17,8.0,50.0,0.0061,-0.1054
258.0,80,1,-24.73,-123.7,84.84,50.0,0.0001,-0.3125
258.0,81,3,-23.57,-120.55,37.03,50.0,0.0001,-0.2216
258.0,83,3,-30.71,-112.03,168.69,50.0,0.0,-0.38
258.0,84,1,-13.94,-120.3,9.23,50.0,0.0038,-0.1044
258.0,85,1,-41.12,-131.96,2774.96,50.0,0.0,-0.3693
259.0,0,1,-6.8,-118.89,2.23,50.0,0.044,-0.0261
259.0,1,3,0.81,-96.81,8.88,50.0,0.3978,0.1465
259.0,10,3,-22.45,-111.92,33.14,50.0,0.0002,-0.2161
259.0,13,3,-16.43,-91.17,14.87,50.0,0.0016,-0.1609
259.0,14,3,1.25,-53.04,8.87,50.0,0.4351,0.1354
259.0,15,3,-28.47,-117.28,106.24,50.0,0.0,-0.3803
259.0,17,3,-16.27,-96.1,14.64,50.0,0.0017,-0.156
259.0,18,3,2.19,-52.87,8.85,50.0,0.5164,0.1796
259.0,19,3,-60.0,-34.0,1395.07,50.0,0.0,-0.4381
259.0,20,3,-3.28,-43.6,9.07,50.0,0.1363,-0.039
259.0,21,3,-4.19,-57.13,9.14,50.0,0.1029,-0.0511
259.0,22,1,-10.31,-119.88,3.88,50.0,0.0133,-0.0621
259.0,23,3,-32.74,-121.5,269.53,50.0,0.0,-0.3881
259.0,24,3,-9.16,-100.36,9.92,50.0,0.0198,-0.0938
259.0,25,1,-0.39,-51.75,1.19,50.0,0.3026,0.0768
259.0,26,3,-60.0,-30.16,1395.07,50.0,0.0,-0.4381
259.0,28,3,-3.33,-58.07,9.07,50.0,0.134,-0.0301
259.0,29,3,-20.6,-113.0,24.68,50.0,0.0004,-0.1896
259.0,3,3,-32.8,-109.25,272.84,50.0,0.0,-0.3886
259.0,30,3,2.9,-62.95,8.84,50.0,0.5778,0.2209
259.0,32,3,-7.18,-97.88,9.5,50.0,0.0387,-0.073
259.0,33,3,-24.44,-106.5,47.28,50.0,0.0001,-0.257
259.0,34,1,-5.88,-39.21,1.97,50.0,0.0597,-0.0638
259.0,35,1,-2.18,-41.17,1.35,50.0,0.1882,0.0123
259.0,37,1,-31.35,-119.47,379.07,50.0,0.0,-0.3613
259.0,38,3,-34.88,-112.8,435.23,50.0,0.0,-0.3881
259.0,40,3,1.2,-43.42,8.87,50.0,0.4304,0.126
259.0,42,1,-5.01,-52.87,1.78,50.0,0.0792,-0.0411
259.0,45,3,-0.11,-52.83,8.91,50.0,0.3231,0.0747
259.0,47,3,-41.25,-115.85,1395.07,50.0,0.0,-0.3881
259.0,48,1,-30.01,-140.04,278.79,50.0,0.0,-0.3613
259.0,49,3,-1.91,-51.07,8.99,50.0,0.2026,0.0062
259.0,5,3,-18.15,-95.21,17.84,50.0,0.0009,-0.1735
259.0,50,3,-35.97,-109.06,557.42,50.0,0.0,-0.3888
259.0,51,3,-5.9,-100.55,9.31,50.0,0.0592,-0.0525
259.0,52,3,-24.94,-104.47,51.99,50.0,0.0001,-0.2704
259.0,53,3,-1.81,-61.48,8.98,50.0,0.2087,0.0171
259.0,54,3,1.2,-51.58,8.87,50.0,0.4302,0.1317
259.0,55,3,-8.43,-95.31,9.74,50.0,0.0253,-0.0898
259.0,56,3,-21.6,-101.1,28.82,50.0,0.0003,-0.2094
259.0,57,3,-22.86,-111.23,35.54,50.0,0.0002,-0.223
259.0,58,3,2.51,-64.05,8.84,50.0,0.5448,0.2033
259.0,61,1,-19.1,-133.83,23.45,50.0,0.0006,-0.153
259.0,62,3,-13.07,-95.48,11.59,50.0,0.0051,-0.131
259.0,64,3,-7.76,-100.01,9.6,50.0,0.0318,-0.0787
259.0,65,3,-8.08,-105.79,9.67,50.0,0.0285,-0.0784
259.0,67,3,-25.03,-104.32,52.97,50.0,0.0001,-0.2729
259.0,68,3,-12.75,-99.59,11.39,50.0,0.0057,-0.1256
259.0,69,1,-27.82,-139.73,168.86,50.0,0.0,-0.3503
259.0,7,3,-2.63,-100.81,9.03,50.0,0.1649,0.0195
259.0,71,3,2.6,-62.96,8.84,50.0,0.5522,0.2066
259.0,72,3,-16.63,-104.56,15.15,50.0,0.0015,-0.153
259.0,73,3,-35.81,-128.11,537.23,50.0,0.0,-0.3881
259.0,74,3,-8.64,-86.57,9.79,50.0,0.0235,-0.0983
259.0,75,3,-31.75,-87.15,216.03,50.0,0.0,-0.4044
259.0,76,1,-27.79,-119.17,167.45,50.0,0.0,-0.3502
259.0,77,3,-8.02,-53.52,9.65,50.0,0.0291,-0.115
259.0,78,3,-33.9,-117.38,349.35,50.0,0.0,-0.3881
259.0,79,1,-20.04,-119.33,28.9,50.0,0.0004,-0.1687
259.0,8,3,-5.17,-54.92,9.23,50.0,0.0753,-0.0724
259.0,80,3,-37.81,-114.6,846.94,50.0,0.0,-0.3881
259.0,81,3,-27.79,-120.57,92.06,50.0,0.0,-0.361
259.0,83,3,-12.03,-102.34,10.99,50.0,0.0073,-0.1179
259.0,84,1,-20.06,-116.15,29.04,50.0,0.0004,-0.1691
259.0,85,3,-35.02,-126.55,448.99,50.0,0.0,-0.3881
259.0,86,3,-28.9,-90.43,116.31,50.0,0.0,-0.3965
260.0,0,1,-34.68,-116.14,816.85,50.0,0.0,-0.3714
260.0,1,3,-16.19,-101.28,10.74,50.0,0.0017,-0.1346
260.0,10,3,-28.9,-120.92,112.63,50.0,0.0,-0.3729
260.0,15,3,-15.64,-118.9,10.05,50.0,0.0021,-0.1238
260.0,17,1,3.42,-109.68,2.99,50.0,0.6217,0.2573
260.0,19,3,-60.0,-30.37,1391.26,50.0,0.0,-0.4285
260.0,20,1,-4.06,-42.8,3.59,50.0,0.1071,-0.0451
260.0,22,1,-25.07,-116.09,91.9,50.0,0.0,-0.3305
260.0,23,3,-31.69,-123.63,209.37,50.0,0.0,-0.3785
260.0,24,3,-14.85,-110.59,9.21,50.0,0.0027,-0.1175
260.0,25,1,-1.1,-58.55,3.24,50.0,0.2529,0.0432
260.0,26,3,-60.0,-36.86,1391.26,50.0,0.0,-0.4285
260.0,29,3,-29.93,-116.54,141.38,50.0,0.0,-0.3781
260.0,3,3,-34.71,-111.57,414.81,50.0,0.0,-0.3785
260.0,30,3,1.4,-60.5,5.06,50.0,0.4476,0.1647
260.0,32,1,-7.13,-107.77,4.32,50.0,0.0393,-0.0459
260.0,33,3,-9.55,-105.23,6.22,50.0,0.0173,-0.077
260.0,35,1,-4.51,-35.39,3.67,50.0,0.093,-0.0557
260.0,37,1,-25.29,-116.5,96.69,50.0,0.0,-0.3412
260.0,38,3,-22.3,-104.29,28.5,50.0,0.0002,-0.2005
260.0,40,1,-2.58,-41.94,3.39,50.0,0.1674,-0.0121
260.0,42,1,1.33,-60.87,3.08,50.0,0.4418,0.1357
260.0,44,3,-4.71,-50.42,5.37,50.0,0.0873,-0.0496
260.0,47,1,-28.27,-116.81,188.91,50.0,0.0,-0.3627
260.0,48,1,-28.68,-127.87,207.72,50.0,0.0,-0.3648
260.0,49,3,-6.57,-39.63,5.59,50.0,0.0475,-0.0887
260.0,5,3,-19.26,-98.44,16.65,50.0,0.0006,-0.1652
260.0,50,1,-29.18,-122.71,232.52,50.0,0.0,-0.3673
260.0,52,3,-12.77,-111.55,7.59,50.0,0.0057,-0.1011
260.0,53,3,1.98,-61.43,5.04,50.0,0.4982,0.1929
260.0,54,3,0.17,-40.96,5.09,50.0,0.3452,0.0953
260.0,56,3,-13.52,-104.82,8.08,50.0,0.0044,-0.1107
260.0,57,3,-22.86,-114.63,31.74,50.0,0.0002,-0.2058
260.0,59,3,-4.65,-100.37,5.37,50.0,0.0889,-0.0128
260.0,61,3,-19.06,-110.87,16.13,50.0,0.0006,-0.1548
260.0,62,1,-17.48,-103.91,18.41,50.0,0.0011,-0.1489
260.0,64,1,-3.59,-107.79,3.52,50.0,0.1237,0.011
260.0,65,3,-20.6,-98.0,20.87,50.0,0.0004,-0.181
260.0,67,3,-21.85,-115.95,26.18,50.0,0.0002,-0.1895
260.0,68,3,-15.11,-103.52,9.46,50.0,0.0025,-0.1241
260.0,69,1,-33.31,-133.49,596.85,50.0,0.0,-0.3714
260.0,7,1,-13.11,-111.15,8.57,50.0,0.005,-0.1003
260.0,70,3,-0.33,-59.23,5.11,50.0,0.3069,0.0875
260.0,72,3,-28.18,-113.2,96.11,50.0,0.0,-0.3615
260.0,73,3,-37.51,-126.18,787.13,50.0,0.0,-0.3785
260.0,74,1,1.91,-103.48,3.05,50.0,0.4925,0.1903
260.0,75,1,-6.35,-113.07,4.09,50.0,0.051,-0.0345
260.0,76,3,-36.35,-116.13,603.79,50.0,0.0,-0.3785
260.0,78,3,-34.64,-122.9,408.55,50.0,0.0,-0.3785
260.0,79,1,-14.54,-110.98,10.78,50.0,0.0031,-0.1131
260.0,80,3,-44.01,-120.26,1391.26,50.0,0.0,-0.3785
260.0,81,3,-49.11,-123.55,1391.26,50.0,0.0,-0.3785
260.0,83,1,-8.58,-109.23,4.89,50.0,0.0241,-0.0606
260.0,84,1,-11.58,-106.76,6.88,50.0,0.0086,-0.0895
260.0,85,3,-37.79,-128.09,838.05,50.0,0.0,-0.3785
260.0,86,3,-19.93,-96.51,18.61,50.0,0.0005,-0.174
260.0,9,1,1.41,-66.73,3.07,50.0,0.4488,0.1432
261.0,0,3,-38.19,-101.78,922.32,50.0,0.0,-0.3952
261.0,1,1,-10.52,-116.08,3.81,50.0,0.0123,-0.0617
261.0,10,3,-28.4,-101.01,105.29,50.0,0.0,-0.3876
261.0,13,3,-6.67,-58.8,9.97,50.0,0.0459,-0.0962
261.0,15,3,-34.03,-114.67,359.98,50.0,0.0,-0.3893
261.0,17,3,-3.94,-101.21,9.67,50.0,0.1111,-0.0164
261.0,18,3,4.92,-56.53,9.36,50.0,0.7352,0.3079
261.0,19,3,-60.0,-34.22,1395.62,50.0,0.0,-0.4393
261.0,20,3,0.88,-20.29,9.43,50.0,0.4036,0.1068
261.0,22,3,-6.7,-111.05,9.98,50.0,0.0455,-0.06
261.0,23,3,-23.2,-121.44,38.27,50.0,0.0001,-0.2314
261.0,24,3,-18.46,-93.15,19.05,50.0,0.0008,-0.1802
261.0,26,3,-60.0,-28.03,1395.62,50.0,0.0,-0.4393
261.0,27,3,-7.61,-60.53,10.13,50.0,0.0334,-0.1074
261.0,28,3,-0.62,-58.51,9.48,50.0,0.2854,0.0558
261.0,29,1,-24.37,-129.44,76.44,50.0,0.0001,-0.284
261.0,3,1,-25.55,-115.68,100.26,50.0,0.0,-0.3371
261.0,31,3,3.38,-67.62,9.38,50.0,0.6187,0.2452
261.0,32,3,-7.64,-100.99,10.13,50.0,0.0331,-0.0789
261.0,33,3,-15.36,-98.08,14.09,50.0,0.0023,-0.1495
261.0,34,1,-0.08,-38.85,0.95,50.0,0.3253,0.0816
261.0,37,3,-16.21,-111.54,15.12,50.0,0.0017,-0.1479
261.0,38,3,-14.46,-100.96,13.2,50.0,0.0031,-0.1403
261.0,40,3,-8.19,-16.06,10.24,50.0,0.0275,-0.1289
261.0,41,3,-7.35,-56.72,10.08,50.0,0.0365,-0.1069
261.0,45,3,1.39,-55.97,9.42,50.0,0.4471,0.1417
261.0,47,3,-34.0,-116.5,357.61,50.0,0.0,-0.3893
261.0,48,3,-31.42,-123.1,201.65,50.0,0.0,-0.3892
261.0,49,3,0.73,-34.56,9.44,50.0,0.3904,0.0997
261.0,5,3,-21.39,-107.86,28.4,50.0,0.0003,-0.2038
261.0,50,3,-30.48,-114.62,164.0,50.0,0.0,-0.3892
261.0,51,3,-1.33,-62.23,9.51,50.0,0.2378,0.0319
261.0,52,3,-12.9,-106.33,12.03,50.0,0.0054,-0.1243
261.0,54,3,-7.45,-50.44,10.1,50.0,0.0353,-0.1126
261.0,56,3,-26.04,-107.56,64.99,50.0,0.0,-0.301
261.0,57,3,-29.51,-110.21,133.2,50.0,0.0,-0.3868
261.0,59,3,-16.02,-100.54,14.87,50.0,0.0018,-0.1531
261.0,61,3,-15.36,-105.8,14.1,50.0,0.0023,-0.144
261.0,62,3,-11.66,-100.23,11.36,50.0,0.0083,-0.1187
261.0,63,3,-2.21,-57.01,9.55,50.0,0.1865,-0.0013
261.0,64,3,-10.99,-102.28,11.07,50.0,0.0105,-0.1116
261.0,65,3,-17.26,-89.14,16.71,50.0,0.0012,-0.1719
261.0,67,3,-24.73,-114.37,50.5,50.0,0.0001,-0.2636
261.0,68,3,-11.96,-98.38,11.51,50.0,0.0075,-0.1225
261.0,69,1,-26.43,-140.51,122.63,50.0,0.0,-0.3416
261.0,7,3,-12.92,-99.59,12.05,50.0,0.0054,-0.1292
261.0,70,3,2.83,-61.07,9.39,50.0,0.5725,0.2143
261.0,72,3,-0.89,-106.19,9.49,50.0,0.2668,0.0795
261.0,73,3,-44.8,-121.98,1395.63,50.0,0.0,-0.3893
261.0,74,3,-20.4,-102.41,24.53,50.0,0.0004,-0.1949
261.0,75,3,-10.66,-94.9,10.94,50.0,0.0118,-0.114
261.0,76,3,-21.62,-114.25,29.49,50.0,0.0003,-0.2057
261.0,77,3,-1.47,-56.71,9.52,50.0,0.2287,0.0228
261.0,78,6,-59.75,-150.0,69.32,50.0,0.0,-0.2891
261.0,79,3,-11.72,-101.53,11.39,50.0,0.0082,-0.1182
261.0,8,3,-0.19,-56.25,9.47,50.0,0.3175,0.0717
261.0,80,3,-38.27,-116.97,940.26,50.0,0.0,-0.3893
261.0,81,1,-33.81,-133.43,666.71,50.0,0.0,-0.3595
261.0,83,3,-23.82,-103.72,42.72,50.0,0.0001,-0.2479
261.0,84,1,-14.01,-129.48,7.66,50.0,0.0037,-0.0919
261.0,85,3,-33.92,-126.86,350.95,50.0,0.0,-0.3893
261.0,86,3,-18.19,-104.51,18.47,50.0,0.0009,-0.1695
262.0,0,1,-28.65,-116.57,205.95,50.0,0.0,-0.3644
262.0,1,3,-4.02,-93.79,5.2,50.0,0.1085,-0.0035
262.0,10,3,-21.04,-109.07,22.47,50.0,0.0003,-0.1783
262.0,11,1,-3.15,-32.43,3.39,50.0,0.1416,-0.0271
262.0,13,3,1.26,-62.64,4.95,50.0,0.4358,0.1603
262.0,14,3,-4.67,-58.26,5.26,50.0,0.0884,-0.0427
262.0,15,3,-14.9,-120.16,9.14,50.0,0.0027,-0.1173
262.0,17,1,-1.4,-116.01,3.2,50.0,0.2333,0.0706
262.0,18,3,-0.65,-38.85,5.01,50.0,0.2831,0.0613
262.0,19,3,-60.0,-33.07,1391.15,50.0,0.0,-0.4282
262.0,22,3,-10.96,-102.99,6.58,50.0,0.0106,-0.0908
262.0,23,3,-41.29,-123.67,1391.15,50.0,0.0,-0.3782
262.0,24,3,-6.34,-106.67,5.45,50.0,0.0513,-0.0372
262.0,25,1,-2.6,-55.56,3.32,50.0,0.1668,-0.0024
262.0,26,3,-60.0,-37.86,1391.15,50.0,0.0,-0.4282
262.0,29,1,-24.06,-119.26,73.43,50.0,0.0001,-0.2882
262.0,3,1,-9.72,-112.67,5.43,50.0,0.0163,-0.0706
262.0,30,3,-1.81,-60.15,5.06,50.0,0.2085,0.0338
262.0,33,1,-14.4,-107.2,10.46,50.0,0.0032,-0.1135
262.0,35,1,5.01,-36.76,2.88,50.0,0.7413,0.2693
262.0,37,1,-25.24,-112.26,95.47,50.0,0.0,-0.3382
262.0,38,3,-10.77,-106.13,6.51,50.0,0.0113,-0.087
262.0,4,1,-5.53,-116.23,3.82,50.0,0.0668,-0.0224
262.0,40,1,1.54,-43.03,3.0,50.0,0.4602,0.1321
262.0,41,3,1.13,-66.76,4.95,50.0,0.4245,0.1572
262.0,42,1,-3.03,-56.37,3.38,50.0,0.1467,-0.0126
262.0,43,1,1.57,-36.96,3.0,50.0,0.4622,0.1309
262.0,44,3,-2.92,-47.02,5.12,50.0,0.1515,-0.0094
262.0,47,3,-31.38,-118.08,195.26,50.0,0.0,-0.3782
262.0,48,1,-29.88,-131.98,272.37,50.0,0.0,-0.3706
262.0,49,3,2.02,-50.87,4.93,50.0,0.5016,0.1877
262.0,5,3,-12.24,-101.99,7.17,50.0,0.0068,-0.1021
262.0,50,1,-32.38,-122.66,482.09,50.0,0.0,-0.3712
262.0,51,3,-5.7,-55.41,5.37,50.0,0.0633,-0.0637
262.0,52,3,-14.89,-108.61,9.12,50.0,0.0027,-0.1182
262.0,53,3,-4.7,-56.99,5.26,50.0,0.0873,-0.0443
262.0,54,3,-0.92,-56.9,5.02,50.0,0.2647,0.0631
262.0,55,6,-3.59,-150.0,0.02,50.0,0.124,0.6248
262.0,56,1,-17.72,-108.34,19.22,50.0,0.001,-0.1483
262.0,57,1,-24.57,-114.77,82.29,50.0,0.0001,-0.3084
262.0,59,3,-12.82,-100.78,7.51,50.0,0.0056,-0.1076
262.0,61,3,-19.69,-113.59,17.75,50.0,0.0005,-0.1611
262.0,62,1,-12.45,-103.94,7.7,50.0,0.0063,-0.0986
262.0,63,3,3.95,-60.95,4.89,50.0,0.6646,0.2874
262.0,64,3,-11.15,-112.35,6.66,50.0,0.0099,-0.0875
262.0,65,3,-11.8,-95.18,6.95,50.0,0.0079,-0.1034
262.0,67,1,-22.19,-123.18,48.79,50.0,0.0002,-0.2294
262.0,68,3,-6.35,-100.5,5.45,50.0,0.0511,-0.0418
262.0,69,3,-23.35,-121.9,34.81,50.0,0.0001,-0.2142
262.0,7,1,-13.62,-110.1,9.2,50.0,0.0042,-0.1044
262.0,70,3,5.13,-63.01,4.88,50.0,0.7494,0.3418
262.0,72,3,-15.55,-112.58,9.82,50.0,0.0021,-0.1225
262.0,73,1,-39.09,-138.81,2249.23,50.0,0.0,-0.3712
262.0,74,1,-15.23,-95.36,12.08,50.0,0.0024,-0.1298
262.0,75,1,-4.81,-113.05,3.66,50.0,0.0844,-0.0107
262.0,76,3,-22.04,-111.5,27.02,50.0,0.0002,-0.1919
262.0,77,3,-2.83,-55.51,5.11,50.0,0.1556,-0.0008
262.0,78,1,-31.01,-126.84,352.84,50.0,0.0,-0.3712
262.0,79,3,-9.22,-105.95,6.01,50.0,0.0193,-0.0727
262.0,8,3,2.81,-61.38,4.91,50.0,0.5706,0.2334
262.0,80,1,-30.66,-121.78,325.66,50.0,0.0,-0.3712
262.0,81,1,-40.02,-120.56,2775.42,50.0,0.0,-0.3712
262.0,82,1,-12.0,-113.48,7.22,50.0,0.0074,-0.0904
262.0,83,1,-14.6,-111.9,10.83,50.0,0.003,-0.1133
262.0,84,1,-11.31,-101.5,6.58,50.0,0.0094,-0.0906
262.0,85,3,-23.85,-122.38,38.52,50.0,0.0001,-0.2241
262.0,86,3,-2.12,-97.48,5.07,50.0,0.191,0.0503
262.0,87,3,-16.79,-105.83,11.48,50.0,0.0014,-0.1359
262.0,9,3,-0.86,-42.04,5.01,50.0,0.269,0.0549
263.0,0,3,-7.05,-107.18,10.09,50.0,0.0404,-0.0671
263.0,1,3,0.63,-97.23,9.5,50.0,0.3825,0.136
263.0,10,3,-17.6,-109.54,17.38,50.0,0.001,-0.1606
263.0,11,3,2.34,-31.95,9.46,50.0,0.5296,0.1752
263.0,13,3,-0.89,-52.87,9.55,50.0,0.2664,0.041
263.0,14,1,-0.42,-61.56,1.1,50.0,0.3,0.0835
263.0,15,3,-27.21,-119.31,82.3,50.0,0.0,-0.3399
263.0,16,1,-4.19,-62.27,1.53,50.0,0.1027,-0.0188
263.0,17,1,-6.41,-100.22,2.02,50.0,0.05,-0.0273
263.0,19,3,-60.0,-34.24,1395.68,50.0,0.0,-0.4394
263.0,20,3,-2.32,-48.4,9.62,50.0,0.1809,-0.011
263.0,22,3,-14.47,-105.64,13.27,50.0,0.0031,-0.1373
263.0,23,3,-30.45,-110.54,163.27,50.0,0.0,-0.3893
263.0,24,3,-13.57,-107.5,12.55,50.0,0.0043,-0.1289
263.0,25,1,0.47,-54.64,1.04,50.0,0.3696,0.1119
263.0,26,3,-60.0,-33.09,1395.68,50.0,0.0,-0.4394
263.0,28,3,1.11,-57.51,9.49,50.0,0.4226,0.1293
263.0,29,1,-38.01,-128.52,1753.74,50.0,0.0,-0.3606
263.0,3,3,-27.37,-107.94,84.98,50.0,0.0,-0.3475
263.0,30,3,-5.2,-59.47,9.85,50.0,0.0745,-0.0723
263.0,31,3,-7.21,-49.85,10.12,50.0,0.0383,-0.1102
263.0,32,3,-16.4,-92.56,15.44,50.0,0.0016,-0.1622
263.0,33,3,-22.44,-103.82,33.72,50.0,0.0002,-0.2229
263.0,34,1,1.64,-36.07,0.98,50.0,0.4686,0.1486
263.0,35,1,0.01,-36.33,1.07,50.0,0.3324,0.0837
263.0,37,3,-31.52,-112.2,206.22,50.0,0.0,-0.3893
263.0,38,3,-21.47,-105.57,28.82,50.0,0.0003,-0.2068
263.0,39,3,-4.66,-45.67,9.79,50.0,0.0886,-0.0718
263.0,4,1,-4.51,-106.4,1.59,50.0,0.0928,0.0067
263.0,40,3,-7.93,-44.92,10.25,50.0,0.03,-0.1226
263.0,42,1,-2.65,-56.6,1.31,50.0,0.1644,0.0117
263.0,43,3,-0.4,-31.83,9.53,50.0,0.3014,0.0511
263.0,44,1,1.92,-63.09,0.97,50.0,0.4929,0.1767
263.0,46,3,4.71,-45.13,9.42,50.0,0.7206,0.2902
263.0,47,3,-28.67,-113.54,111.4,50.0,0.0,-0.3826
263.0,48,3,-23.75,-120.67,42.29,50.0,0.0001,-0.2423
263.0,49,1,-2.91,-65.64,1.34,50.0,0.1519,0.0115
263.0,5,3,-13.49,-102.63,12.49,50.0,0.0044,-0.1318
263.0,50,3,-27.38,-117.68,85.26,50.0,0.0,-0.3467
263.0,51,3,-6.05,-50.92,9.94,50.0,0.0564,-0.0928
263.0,52,1,-16.46,-131.12,13.08,50.0,0.0016,-0.1175
263.0,53,3,-2.46,-55.28,9.63,50.0,0.1733,-0.0105
263.0,54,3,-0.83,-51.69,9.55,50.0,0.2709,0.0427
263.0,56,3,-5.44,-106.84,9.87,50.0,0.0688,-0.0428
263.0,57,3,-17.89,-103.88,17.91,50.0,0.0009,-0.1673
263.0,59,3,-8.58,-94.23,10.39,50.0,0.0241,-0.0947
263.0,61,3,-15.5,-110.9,14.31,50.0,0.0022,-0.1423
263.0,62,3,-11.34,-96.69,11.28,50.0,0.0093,-0.1188
263.0,63,3,-4.71,-54.81,9.8,50.0,0.0872,-0.0662
263.0,64,3,-14.73,-101.74,13.51,50.0,0.0029,-0.1421
263.0,67,3,-32.1,-104.92,234.11,50.0,0.0,-0.393
263.0,69,3,-27.48,-116.47,87.0,50.0,0.0,-0.3506
263.0,7,3,-5.48,-101.51,9.88,50.0,0.0681,-0.0472
263.0,71,3,-3.52,-51.76,9.7,50.0,0.1265,-0.0419
263.0,72,3,-21.89,-114.99,30.8,50.0,0.0002,-0.2098
263.0,73,3,-36.19,-127.07,585.54,50.0,0.0,-0.3894
263.0,74,3,-5.92,-95.12,9.93,50.0,0.0588,-0.0592
263.0,75,1,-4.61,-112.96,1.61,50.0,0.0899,0.0074
263.0,76,3,-31.03,-111.69,185.03,50.0,0.0,-0.3893
263.0,77,3,-0.81,-56.84,9.55,50.0,0.2721,0.047
263.0,78,3,-26.94,-112.08,77.88,50.0,0.0,-0.3297
263.0,79,3,-15.47,-90.68,14.27,50.0,0.0022,-0.1559
263.0,8,3,0.29,-56.08,9.51,50.0,0.3545,0.0915
263.0,80,3,-40.13,-118.16,1395.69,50.0,0.0,-0.3894
263.0,81,3,-29.71,-125.56,139.2,50.0,0.0,-0.3879
263.0,82,3,-4.53,-99.2,9.78,50.0,0.0924,-0.0308
263.0,83,3,-20.0,-101.87,23.27,50.0,0.0005,-0.1907
263.0,84,1,-7.66,-109.62,2.43,50.0,0.0329,-0.0357
263.0,85,3,-39.47,-126.66,1237.32,50.0,0.0,-0.3894
263.0,86,3,-0.94,-99.71,9.55,50.0,0.2634,0.0728
263.0,87,3,-21.68,-108.5,29.79,50.0,0.0003,-0.2078
264.0,0,1,-24.46,-109.03,80.32,50.0,0.0001,-0.3046
264.0,10,1,-28.79,-117.59,212.87,50.0,0.0,-0.3651
264.0,11,1,0.36,-33.3,3.07,50.0,0.3603,0.0824
264.0,15,1,-20.46,-106.17,33.67,50.0,0.0004,-0.193
264.0,16,1,3.23,-61.66,2.94,50.0,0.606,0.2157
264.0,17,1,-7.08,-109.23,4.24,50.0,0.04,-0.0439
264.0,18,3,3.88,-61.77,4.9,50.0,0.6587,0.2845
264.0,21,3,-6.27,-94.26,5.44,50.0,0.0524,-0.0451
264.0,22,1,-11.19,-115.27,6.47,50.0,0.0098,-0.0835
264.0,23,3,-26.29,-120.67,63.84,50.0,0.0,-0.2872
264.0,24,1,-14.73,-118.25,11.07,50.0,0.0029,-0.1145
264.0,26,3,-21.21,-108.27,23.15,50.0,0.0003,-0.1811
264.0,28,3,-0.3,-56.46,4.99,50.0,0.309,0.0872
264.0,29,1,-35.14,-123.59,909.23,50.0,0.0,-0.3712
264.0,3,1,-27.11,-110.69,145.5,50.0,0.0,-0.3567
264.0,31,1,1.24,-47.5,3.02,50.0,0.4341,0.1229
264.0,32,1,-0.81,-122.33,3.15,50.0,0.2721,0.0898
264.0,33,3,-9.75,-102.52,6.16,50.0,0.0161,-0.0803
264.0,34,1,-2.65,-33.72,3.33,50.0,0.1642,-0.0149
264.0,35,1,-2.62,-33.08,3.33,50.0,0.1654,-0.0142
264.0,37,1,-22.82,-118.01,55.95,50.0,0.0002,-0.2469
264.0,38,3,-17.36,-104.77,12.4,50.0,0.0011,-0.1416
264.0,4,1,-12.44,-101.0,7.69,50.0,0.0064,-0.1006
264.0,42,1,4.41,-60.73,2.9,50.0,0.699,0.2618
264.0,43,1,2.88,-35.27,2.95,50.0,0.5765,0.1858
264.0,45,1,-8.57,-42.75,4.82,50.0,0.0242,-0.1076
264.0,47,3,-30.39,-120.37,156.4,50.0,0.0,-0.3782
264.0,48,3,-27.44,-117.16,81.74,50.0,0.0,-0.3288
264.0,49,3,-1.98,-52.92,5.07,50.0,0.1987,0.0229
264.0,5,3,-18.0,-120.29,13.59,50.0,0.0009,-0.1438
264.0,50,1,-27.07,-115.76,144.21,50.0,0.0,-0.3565
264.0,52,1,-20.72,-108.78,35.56,50.0,0.0004,-0.1963
264.0,53,3,-2.13,-58.18,5.07,50.0,0.1906,0.022
264.0,54,1,2.97,-48.92,2.94,50.0,0.5843,0.1959
264.0,56,3,-17.63,-106.52,12.88,50.0,0.001,-0.1428
264.0,57,1,-5.75,-109.8,3.87,50.0,0.0623,-0.0258
264.0,59,3,-21.27,-95.15,23.43,50.0,0.0003,-0.1913
264.0,61,3,-26.08,-107.59,61.11,50.0,0.0,-0.2824
264.0,62,3,-1.7,-101.66,5.05,50.0,0.215,0.0672
264.0,63,3,-5.69,-56.3,5.36,50.0,0.0635,-0.0629
264.0,64,3,-6.8,-106.86,5.51,50.0,0.044,-0.0437
264.0,66,3,4.05,-58.41,4.89,50.0,0.6719,0.29
264.0,67,3,-37.16,-117.53,725.53,50.0,0.0,-0.3782
264.0,69,3,-19.02,-123.92,15.91,50.0,0.0006,-0.1539
264.0,7,3,-13.25,-109.12,7.78,50.0,0.0048,-0.105
264.0,70,3,-0.73,-61.34,5.01,50.0,0.2776,0.0735
264.0,71,3,-1.07,-60.39,5.02,50.0,0.2543,0.0599
264.0,72,3,-14.82,-111.33,9.06,50.0,0.0028,-0.1167
264.0,73,3,-28.85,-126.18,111.16,50.0,0.0,-0.3724
264.0,74,3,-18.44,-98.86,14.53,50.0,0.0008,-0.156
264.0,75,3,-21.72,-100.81,25.43,50.0,0.0002,-0.1936
264.0,76,3,-28.36,-114.39,99.95,50.0,0.0,-0.3698
264.0,78,3,-31.06,-120.29,181.97,50.0,0.0,-0.3782
264.0,79,3,-11.06,-101.16,6.62,50.0,0.0102,-0.093
264.0,80,1,-39.2,-123.53,2307.98,50.0,0.0,-0.3712
264.0,81,3,-25.66,-120.81,55.91,50.0,0.0001,-0.2681
264.0,82,1,-7.71,-114.14,4.46,50.0,0.0324,-0.0506
264.0,83,3,-18.83,-107.08,15.45,50.0,0.0007,-0.154
264.0,84,1,-7.05,-99.34,4.23,50.0,0.0404,-0.0506
264.0,85,3,-35.21,-125.16,465.28,50.0,0.0,-0.3782
264.0,86,3,-12.49,-95.25,7.31,50.0,0.0062,-0.1089
264.0,87,1,-16.81,-116.14,16.12,50.0,0.0014,-0.1361
264.0,9,3,-0.03,-57.1,4.98,50.0,0.3294,0.0988
265.0,0,3,-23.75,-104.55,42.06,50.0,0.0001,-0.2453
265.0,10,3,-16.99,-97.89,16.1,50.0,0.0013,-0.1626
265.0,15,3,-16.91,-96.15,15.99,50.0,0.0013,-0.1632
265.0,17,3,-20.98,-100.35,26.55,50.0,0.0003,-0.2031
265.0,20,3,-2.24,-52.04,9.4,50.0,0.1849,-0.0051
265.0,21,3,-9.84,-95.46,10.51,50.0,0.0156,-0.1056
265.0,22,3,-20.72,-106.04,25.52,50.0,0.0004,-0.1955
265.0,23,3,-24.31,-118.72,46.58,50.0,0.0001,-0.2533
265.0,24,1,-19.77,-122.34,27.08,50.0,0.0005,-0.1628
265.0,26,3,-12.81,-107.54,11.82,50.0,0.0056,-0.122
265.0,27,3,2.94,-63.17,9.23,50.0,0.5815,0.2215
265.0,29,3,-18.41,-110.73,18.79,50.0,0.0008,-0.1671
265.0,3,3,-19.71,-109.3,22.14,50.0,0.0005,-0.1812
265.0,30,3,2.19,-65.88,9.25,50.0,0.5165,0.1873
265.0,32,3,-6.43,-99.85,9.78,50.0,0.0496,-0.0628
265.0,33,1,-11.11,-107.38,4.38,50.0,0.0101,-0.0699
265.0,37,1,-21.86,-121.37,43.32,50.0,0.0002,-0.206
265.0,38,3,-13.8,-104.11,12.5,50.0,0.0039,-0.1323
265.0,4,3,-16.06,-102.83,14.77,50.0,0.0018,-0.1512
265.0,40,3,-10.36,-50.59,10.68,50.0,0.013,-0.1424
265.0,41,3,1.65,-63.21,9.26,50.0,0.4692,0.1595
265.0,44,3,-1.2,-48.69,9.35,50.0,0.2458,0.0274
265.0,45,1,0.47,-56.85,1.03,50.0,0.3693,0.1135
265.0,46,1,-3.77,-52.1,1.45,50.0,0.1172,-0.0174
265.0,47,3,-29.78,-112.62,140.86,50.0,0.0,-0.3878
265.0,48,3,-34.0,-112.32,357.53,50.0,0.0,-0.3889
265.0,49,3,-5.29,-44.27,9.64,50.0,0.0724,-0.0839
265.0,5,3,-13.43,-106.8,12.23,50.0,0.0045,-0.1274
265.0,50,3,-28.86,-118.28,115.78,50.0,0.0,-0.3831
265.0,51,3,0.52,-56.91,9.29,50.0,0.3737,0.1033
265.0,52,3,-18.94,-107.74,20.03,50.0,0.0007,-0.174
265.0,53,3,-3.05,-61.28,9.45,50.0,0.1459,-0.022
265.0,54,3,1.12,-49.01,9.27,50.0,0.4233,0.1245
265.0,56,3,-29.81,-110.37,141.87,50.0,0.0,-0.3879
265.0,57,3,-22.39,-109.28,33.24,50.0,0.0002,-0.2173
265.0,61,3,-21.69,-108.29,29.64,50.0,0.0003,-0.2072
265.0,62,3,-8.53,-103.99,10.16,50.0,0.0245,-0.0863
265.0,63,3,0.64,-59.28,9.28,50.0,0.3836,0.1104
265.0,64,3,-8.76,-107.75,10.22,50.0,0.0226,-0.0861
265.0,66,3,-0.36,-47.02,9.32,50.0,0.3048,0.0588
265.0,67,3,-29.08,-115.87,121.43,50.0,0.0,-0.3842
265.0,69,2,-33.01,-150.0,555.22,50.0,0.0,-0.3506
265.0,7,3,-24.84,-101.19,51.46,50.0,0.0001,-0.272
265.0,72,3,-12.71,-113.38,11.76,50.0,0.0058,-0.1195
265.0,73,3,-32.97,-128.62,283.68,50.0,0.0,-0.3889
265.0,75,3,-21.39,-95.46,28.27,50.0,0.0003,-0.2121
265.0,76,1,-30.14,-123.37,286.97,50.0,0.0,-0.3604
265.0,77,3,-5.22,-51.98,9.63,50.0,0.0739,-0.0772
265.0,78,3,-41.06,-116.34,1395.47,50.0,0.0,-0.3889
265.0,79,3,-10.65,-103.13,10.78,50.0,0.0118,-0.1074
265.0,8,3,-0.8,-48.98,9.33,50.0,0.2727,0.0426
265.0,80,3,-29.13,-117.93,122.59,50.0,0.0,-0.3845
265.0,81,3,-34.49,-122.49,399.13,50.0,0.0,-0.3889
265.0,82,1,-17.96,-117.54,18.14,50.0,0.0009,-0.1355
265.0,83,3,-15.66,-107.05,14.28,50.0,0.0021,-0.1449
265.0,84,3,-23.47,-103.1,39.98,50.0,0.0001,-0.2408
265.0,85,3,-40.09,-126.43,1395.47,50.0,0.0,-0.3889
265.0,86,3,-15.32,-99.97,13.89,50.0,0.0023,-0.1472
265.0,87,1,-22.58,-127.19,51.0,50.0,0.0002,-0.225
265.0,88,1,-14.33,-132.21,8.32,50.0,0.0033,-0.096
266.0,0,3,-9.63,-103.36,7.48,50.0,0.0168,-0.085
266.0,10,3,-11.41,-100.89,8.12,50.0,0.0091,-0.1026
266.0,11,1,1.44,-36.64,2.27,50.0,0.4512,0.1303
266.0,13,3,-1.55,-57.27,6.4,50.0,0.2239,0.0341
266.0,15,3,-18.26,-106.29,15.5,50.0,0.0008,-0.1554
266.0,17,1,-8.09,-108.24,3.87,50.0,0.0284,-0.0513
266.0,19,3,-60.0,-34.4,1392.5,50.0,0.0,-0.432
266.0,20,3,-0.58,-54.34,6.36,50.0,0.2886,0.0681
266.0,21,3,-9.25,-93.89,7.37,50.0,0.0191,-0.0881
266.0,22,3,-29.5,-113.91,129.65,50.0,0.0,-0.3794
266.0,23,3,-26.35,-118.79,66.1,50.0,0.0,-0.2957
266.0,24,3,-14.02,-103.92,9.7,50.0,0.0037,-0.1212
266.0,25,1,1.96,-58.55,2.24,50.0,0.4966,0.1652
266.0,26,3,-60.0,-32.77,1392.5,50.0,0.0,-0.432
266.0,28,1,1.12,-62.93,2.28,50.0,0.4237,0.1337
266.0,29,1,-27.39,-116.01,153.99,50.0,0.0,-0.3549
266.0,3,1,-26.31,-113.33,120.71,50.0,0.0,-0.3494
266.0,30,3,0.74,-62.18,6.31,50.0,0.3915,0.1296
266.0,32,1,-6.21,-120.6,3.24,50.0,0.0535,-0.0275
266.0,33,3,-17.07,-103.86,13.26,50.0,0.0013,-0.1461
266.0,35,1,-0.26,-34.1,2.37,50.0,0.3116,0.0637
266.0,37,1,-16.98,-120.03,15.93,50.0,0.0013,-0.1334
266.0,38,3,-14.07,-107.67,9.74,50.0,0.0036,-0.1189
266.0,39,3,-0.38,-50.23,6.35,50.0,0.3027,0.0729
266.0,4,1,-11.01,-116.89,5.59,50.0,0.0104,-0.0773
266.0,41,3,-4.23,-61.59,6.57,50.0,0.1014,-0.0377
266.0,42,1,1.18,-53.26,2.28,50.0,0.4289,0.1292
266.0,45,3,-1.4,-51.41,6.39,50.0,0.2331,0.0351
266.0,47,3,-16.64,-119.59,12.6,50.0,0.0015,-0.138
266.0,48,3,-24.69,-114.89,47.05,50.0,0.0001,-0.2492
266.0,5,3,-29.88,-109.44,140.9,50.0,0.0,-0.3817
266.0,50,1,-39.78,-121.44,2639.05,50.0,0.0,-0.368
266.0,51,3,-2.21,-61.24,6.43,50.0,0.1865,0.0153
266.0,52,3,-17.15,-112.5,13.4,50.0,0.0012,-0.1425
266.0,53,3,0.17,-67.13,6.33,50.0,0.3448,0.1079
266.0,54,3,-7.03,-50.78,6.9,50.0,0.0407,-0.0933
266.0,55,1,1.14,-64.5,2.28,50.0,0.4255,0.1356
266.0,56,3,-15.13,-103.3,10.72,50.0,0.0025,-0.1304
266.0,57,1,-18.94,-112.58,23.8,50.0,0.0007,-0.1595
266.0,59,1,0.02,-98.85,2.35,50.0,0.3337,0.1164
266.0,61,3,-15.33,-110.93,10.94,50.0,0.0023,-0.1272
266.0,62,3,-4.63,-103.29,6.6,50.0,0.0895,-0.0162
266.0,63,3,-5.29,-57.05,6.67,50.0,0.0723,-0.0619
266.0,64,3,-12.76,-115.63,8.82,50.0,0.0057,-0.107
266.0,65,3,-0.6,-58.72,6.36,50.0,0.2871,0.0704
266.0,67,3,-21.26,-110.37,24.74,50.0,0.0003,-0.187
266.0,68,3,-6.63,-62.19,6.84,50.0,0.0464,-0.0797
266.0,69,1,-27.83,-136.45,170.13,50.0,0.0,-0.3571
266.0,7,3,-14.11,-107.48,9.77,50.0,0.0035,-0.1194
266.0,70,3,-0.37,-58.67,6.35,50.0,0.3039,0.0796
266.0,71,1,0.26,-65.56,2.33,50.0,0.3523,0.1015
266.0,72,3,-27.3,-113.23,80.73,50.0,0.0,-0.3298
266.0,73,3,-31.51,-128.06,202.44,50.0,0.0,-0.3819
266.0,75,3,-30.01,-99.68,145.03,50.0,0.0,-0.3893
266.0,76,3,-24.58,-114.84,45.99,50.0,0.0001,-0.2465
266.0,78,3,-33.22,-115.8,297.39,50.0,0.0,-0.382
266.0,79,1,-9.57,-100.06,4.6,50.0,0.0171,-0.0716
266.0,80,3,-30.96,-117.76,179.22,50.0,0.0,-0.3819
266.0,81,1,-48.28,-132.01,2774.68,50.0,0.0,-0.368
266.0,82,1,-20.58,-117.65,33.81,50.0,0.0004,-0.188
266.0,83,1,-11.32,-115.0,5.85,50.0,0.0094,-0.0799
266.0,84,3,-7.52,-102.96,6.99,50.0,0.0345,-0.0624
266.0,85,1,-37.38,-123.31,1518.94,50.0,0.0,-0.368
266.0,86,3,-3.37,-102.15,6.5,50.0,0.1324,0.0117
266.0,87,3,-28.72,-106.85,109.5,50.0,0.0,-0.3777
266.0,88,1,-20.11,-113.0,30.55,50.0,0.0004,-0.1791
267.0,0,3,-24.27,-108.87,46.81,50.0,0.0001,-0.2555
267.0,1,3,-0.79,-53.14,9.88,50.0,0.2733,0.0437
267.0,10,1,-29.52,-139.13,249.24,50.0,0.0,-0.3575
267.0,11,3,-5.45,-31.45,10.21,50.0,0.0686,-0.0921
267.0,15,3,-2.73,-123.01,9.98,50.0,0.1604,0.0194
267.0,16,3,1.07,-43.82,9.82,50.0,0.4198,0.1166
267.0,17,1,-10.29,-102.13,3.69,50.0,0.0134,-0.0658
267.0,18,3,-16.05,-103.59,15.31,50.0,0.0018,-0.1528
267.0,19,3,-60.0,-32.45,1396.02,50.0,0.0,-0.4401
267.0,20,3,-4.18,-52.38,10.08,50.0,0.1032,-0.0582
267.0,21,3,-5.77,-98.92,10.25,50.0,0.0619,-0.0554
267.0,22,3,-26.12,-105.06,66.44,50.0,0.0,-0.3069
267.0,23,3,-46.26,-121.53,1396.02,50.0,0.0,-0.3901
267.0,24,3,-21.67,-107.1,30.1,50.0,0.0003,-0.21
267.0,26,3,-60.0,-35.49,1396.02,50.0,0.0,-0.4401
267.0,27,3,-7.22,-57.04,10.45,50.0,0.0382,-0.1065
267.0,28,3,-3.31,-59.04,10.02,50.0,0.1348,-0.0328
267.0,29,3,-13.91,-116.66,13.14,50.0,0.0038,-0.1312
267.0,3,3,-18.77,-107.37,20.18,50.0,0.0007,-0.1748
267.0,31,3,-7.28,-50.17,10.46,50.0,0.0374,-0.1122
267.0,32,3,-2.93,-98.88,9.99,50.0,0.151,0.0058
267.0,33,3,-6.52,-103.56,10.35,50.0,0.0482,-0.0637
267.0,34,1,-3.44,-36.18,1.33,50.0,0.1296,-0.0182
267.0,35,1,-4.04,-36.61,1.42,50.0,0.1076,-0.0309
267.0,37,1,-33.38,-120.17,604.86,50.0,0.0,-0.3599
267.0,38,3,-16.44,-104.09,15.83,50.0,0.0016,-0.1557
267.0,39,3,5.05,-53.38,9.75,50.0,0.744,0.3098
267.0,4,3,-3.68,-101.38,10.05,50.0,0.1203,-0.0118
267.0,40,3,-3.31,-52.85,10.02,50.0,0.1348,-0.0372
267.0,41,3,0.37,-63.77,9.84,50.0,0.3613,0.0993
267.0,42,3,-3.22,-43.16,10.01,50.0,0.1386,-0.0417
267.0,43,3,4.09,-39.55,9.76,50.0,0.6752,0.2572
267.0,44,3,1.1,-56.02,9.82,50.0,0.4223,0.1267
267.0,45,3,0.83,-51.95,9.83,50.0,0.3987,0.1111
267.0,46,3,-4.33,-53.92,10.1,50.0,0.0983,-0.0604
267.0,47,3,-21.69,-115.22,30.19,50.0,0.0003,-0.2082
267.0,48,1,-19.36,-131.68,24.63,50.0,0.0006,-0.1553
267.0,5,3,-2.64,-108.17,9.98,50.0,0.1648,0.0208
267.0,50,1,-30.23,-122.94,293.32,50.0,0.0,-0.3599
267.0,52,3,-17.04,-106.51,16.74,50.0,0.0013,-0.1591
267.0,54,3,-5.36,-48.52,10.2,50.0,0.0708,-0.0843
267.0,56,1,-18.54,-123.82,20.52,50.0,0.0008,-0.1428
267.0,57,3,-22.2,-100.79,32.74,50.0,0.0002,-0.2226
267.0,58,1,2.76,-119.26,0.85,50.0,0.566,0.2462
267.0,59,3,-11.78,-99.09,11.82,50.0,0.008,-0.1221
267.0,60,3,-1.77,-109.15,9.93,50.0,0.211,0.0486
267.0,61,3,-27.2,-108.76,82.41,50.0,0.0,-0.3416
267.0,62,3,-16.61,-93.34,16.08,50.0,0.0015,-0.1648
267.0,64,3,0.29,-97.44,9.85,50.0,0.3546,0.1197
267.0,65,3,-3.66,-58.85,10.04,50.0,0.1212,-0.0416
267.0,67,3,-25.42,-106.28,58.07,50.0,0.0001,-0.2857
267.0,69,3,-22.19,-119.46,32.69,50.0,0.0002,-0.2158
267.0,7,1,-16.79,-128.74,13.96,50.0,0.0014,-0.1204
267.0,70,3,0.49,-61.52,9.84,50.0,0.3712,0.103
267.0,72,3,-1.79,-112.69,9.93,50.0,0.21,0.0486
267.0,73,1,-29.43,-138.84,243.93,50.0,0.0,-0.357
267.0,75,3,-13.8,-98.64,13.05,50.0,0.0039,-0.1384
267.0,76,3,-38.49,-107.07,988.98,50.0,0.0,-0.3922
267.0,78,3,-24.62,-116.06,49.94,50.0,0.0001,-0.2627
267.0,79,3,-6.62,-101.16,10.36,50.0,0.0467,-0.0668
267.0,8,3,-4.88,-40.08,10.15,50.0,0.0827,-0.0814
267.0,80,3,-33.99,-119.23,357.44,50.0,0.0,-0.3901
267.0,81,3,-39.33,-126.34,1197.52,50.0,0.0,-0.3901
267.0,82,3,-18.21,-95.25,18.91,50.0,0.0008,-0.1779
267.0,83,3,-10.78,-101.34,11.38,50.0,0.0113,-0.112
267.0,84,3,-15.92,-100.43,15.15,50.0,0.0019,-0.154
267.0,85,3,-30.07,-125.41,150.59,50.0,0.0,-0.39
267.0,86,3,1.57,-93.54,9.81,50.0,0.4625,0.1753
267.0,87,1,-20.99,-116.64,35.52,50.0,0.0003,-0.1854
267.0,88,1,-22.75,-120.24,52.98,50.0,0.0002,-0.2293
268.0,0,1,-13.48,-120.0,8.22,50.0,0.0044,-0.0982
268.0,1,3,2.63,-46.05,5.91,50.0,0.5546,0.2088
268.0,10,3,-10.23,-117.41,7.31,50.0,0.0136,-0.0842
268.0,11,1,-1.39,-34.53,2.41,50.0,0.2336,0.0258
268.0,15,3,-9.91,-113.11,7.21,50.0,0.0152,-0.0813
268.0,17,1,-5.8,-108.06,3.09,50.0,0.0612,-0.0228
268.0,18,3,-11.1,-101.27,7.63,50.0,0.0101,-0.098
268.0,19,3,-60.0,-30.36,1392.14,50.0,0.0,-0.431
268.0,20,3,0.52,-44.3,5.96,50.0,0.373,0.1085
268.0,21,3,-9.92,-89.07,7.21,50.0,0.0152,-0.0963
268.0,22,1,-9.11,-117.15,4.3,50.0,0.0201,-0.0599
268.0,23,1,-16.41,-129.06,14.18,50.0,0.0016,-0.1267
268.0,24,3,-9.95,-108.84,7.22,50.0,0.015,-0.0825
268.0,25,1,-8.24,-53.95,3.89,50.0,0.027,-0.0913
268.0,26,3,-60.0,-29.69,1392.14,50.0,0.0,-0.431
268.0,27,3,-6.2,-60.16,6.42,50.0,0.0537,-0.0731
268.0,28,3,-0.08,-58.44,5.98,50.0,0.3258,0.093
268.0,29,6,-48.82,-150.0,69.32,50.0,0.0,-0.289
268.0,3,1,-13.98,-114.83,8.97,50.0,0.0037,-0.1026
268.0,31,3,3.81,-62.08,5.89,50.0,0.653,0.2765
268.0,32,3,-14.76,-95.51,10.0,50.0,0.0028,-0.1314
268.0,33,3,-19.51,-106.51,18.22,50.0,0.0005,-0.1664
268.0,34,1,-3.56,-37.32,2.66,50.0,0.125,-0.0314
268.0,37,1,-27.16,-117.06,146.17,50.0,0.0,-0.3535
268.0,38,3,-28.92,-103.51,114.04,50.0,0.0,-0.3802
268.0,4,1,-5.65,-118.14,3.06,50.0,0.0643,-0.0192
268.0,40,3,-0.28,-57.66,5.99,50.0,0.3105,0.0841
268.0,41,3,4.81,-67.67,5.88,50.0,0.7279,0.3264
268.0,46,1,-2.3,-55.28,2.5,50.0,0.1815,0.0102
268.0,47,1,-34.41,-112.7,767.89,50.0,0.0,-0.3678
268.0,48,3,-30.7,-119.23,168.62,50.0,0.0,-0.381
268.0,49,3,-0.63,-59.78,6.0,50.0,0.2852,0.0717
268.0,5,3,-25.11,-105.99,50.79,50.0,0.0001,-0.2607
268.0,50,3,-30.33,-119.47,155.57,50.0,0.0,-0.381
268.0,52,3,-13.51,-104.83,8.96,50.0,0.0044,-0.1149
268.0,56,3,2.78,-106.53,5.91,50.0,0.5675,0.2592
268.0,57,3,-26.5,-114.61,67.84,50.0,0.0,-0.299
268.0,58,3,3.99,-97.76,5.89,50.0,0.6672,0.3105
268.0,59,1,-9.07,-100.14,4.28,50.0,0.0204,-0.0666
268.0,60,3,-14.31,-111.03,9.59,50.0,0.0033,-0.1175
268.0,61,3,-21.57,-108.11,25.75,50.0,0.0003,-0.191
268.0,62,3,-7.65,-103.28,6.65,50.0,0.033,-0.0621
268.0,64,3,-3.37,-98.96,6.15,50.0,0.1324,0.011
268.0,65,3,2.42,-55.84,5.92,50.0,0.5369,0.2059
268.0,66,3,3.06,-61.15,5.9,50.0,0.5915,0.2403
268.0,67,1,-15.41,-123.14,11.68,50.0,0.0023,-0.1162
268.0,69,3,-20.92,-122.99,23.0,50.0,0.0003,-0.1808
268.0,7,3,-9.84,-109.05,7.18,50.0,0.0156,-0.0813
268.0,71,3,4.75,-64.52,5.88,50.0,0.7234,0.3213
268.0,72,3,-9.18,-110.11,7.0,50.0,0.0196,-0.0742
268.0,73,3,-32.69,-120.34,263.52,50.0,0.0,-0.381
268.0,75,3,-16.0,-95.02,11.37,50.0,0.0018,-0.1417
268.0,76,3,-27.08,-115.82,76.59,50.0,0.0,-0.3195
268.0,78,1,-29.65,-115.7,257.68,50.0,0.0,-0.366
268.0,79,3,2.28,-98.94,5.92,50.0,0.5242,0.2297
268.0,80,3,-35.25,-116.61,470.24,50.0,0.0,-0.381
268.0,81,1,-34.98,-132.34,873.96,50.0,0.0,-0.3678
268.0,82,1,-15.75,-108.55,12.46,50.0,0.002,-0.1207
268.0,83,3,-21.39,-108.1,24.92,50.0,0.0003,-0.1885
268.0,84,1,-18.11,-110.92,19.99,50.0,0.0009,-0.1474
268.0,85,5,-54.44,-150.0,277.28,50.0,0.0,-0.3505
268.0,86,3,-2.38,-96.32,6.08,50.0,0.1777,0.0368
268.0,87,3,-22.37,-110.99,29.77,50.0,0.0002,-0.2019
268.0,88,1,-15.7,-113.87,12.36,50.0,0.002,-0.1192
268.0,89,1,-4.94,-101.15,2.9,50.0,0.0811,-0.0142
269.0,0,3,-7.09,-99.4,10.21,50.0,0.0399,-0.0737
269.0,1,3,-7.8,-49.22,10.34,50.0,0.0313,-0.1185
269.0,10,3,-9.79,-109.39,10.83,50.0,0.0159,-0.0965
269.0,13,1,2.13,-122.65,0.93,50.0,0.5118,0.2195
269.0,14,3,0.62,-59.71,9.62,50.0,0.3819,0.1084
269.0,15,3,-6.12,-114.62,10.07,50.0,0.0551,-0.0522
269.0,17,1,-12.4,-113.4,5.6,50.0,0.0064,-0.0789
269.0,18,3,-23.27,-96.38,38.97,50.0,0.0001,-0.2432
269.0,19,3,-60.0,-29.28,1395.8,50.0,0.0,-0.4396
269.0,20,3,-2.44,-48.03,9.74,50.0,0.1744,-0.0155
269.0,21,3,-17.98,-88.33,18.21,50.0,0.0009,-0.1798
269.0,22,3,-20.53,-108.73,25.18,50.0,0.0004,-0.1927
269.0,23,3,-29.32,-113.69,128.18,50.0,0.0,-0.3861
269.0,24,3,-6.28,-107.58,10.09,50.0,0.0522,-0.0564
269.0,25,1,-5.9,-53.95,1.85,50.0,0.0592,-0.053
269.0,26,3,-60.0,-30.21,1395.8,50.0,0.0,-0.4396
269.0,29,1,-7.62,-128.85,2.38,50.0,0.0334,-0.0346
269.0,3,3,-21.97,-108.28,31.33,50.0,0.0002,-0.2128
269.0,31,3,5.01,-59.85,9.53,50.0,0.7414,0.3136
269.0,32,3,-16.98,-107.63,16.42,50.0,0.0013,-0.1569
269.0,33,3,-23.76,-99.62,42.46,50.0,0.0001,-0.2504
269.0,34,1,-4.55,-33.35,1.56,50.0,0.0918,-0.0411
269.0,35,1,1.41,-36.22,0.96,50.0,0.4485,0.1393
269.0,37,1,-26.74,-118.14,131.72,50.0,0.0,-0.344
269.0,38,3,-16.1,-105.92,15.15,50.0,0.0018,-0.1506
269.0,39,3,-5.24,-48.8,9.96,50.0,0.0736,-0.081
269.0,4,1,-7.76,-105.9,2.43,50.0,0.0318,-0.0391
269.0,40,3,-5.29,-49.69,9.97,50.0,0.0723,-0.0814
269.0,41,3,0.52,-62.12,9.62,50.0,0.3736,0.1056
269.0,44,3,1.01,-53.63,9.61,50.0,0.4143,0.1216
269.0,45,3,-2.63,-48.88,9.75,50.0,0.1651,-0.0205
269.0,46,3,-5.89,-54.73,10.04,50.0,0.0595,-0.088
269.0,47,3,-23.99,-113.59,44.25,50.0,0.0001,-0.2477
269.0,48,3,-28.21,-119.81,101.4,50.0,0.0,-0.3806
269.0,5,3,-14.68,-111.03,13.58,50.0,0.0029,-0.1363
269.0,50,3,-33.53,-116.69,322.29,50.0,0.0,-0.3896
269.0,51,3,1.37,-114.27,9.6,50.0,0.4449,0.1784
269.0,52,3,-10.5,-102.17,11.06,50.0,0.0124,-0.1081
269.0,54,3,-6.54,-54.3,10.13,50.0,0.048,-0.0982
269.0,57,3,-26.81,-110.5,76.07,50.0,0.0,-0.3257
269.0,58,3,-15.44,-91.51,14.35,50.0,0.0022,-0.1555
269.0,59,3,0.15,-99.78,9.63,50.0,0.3432,0.1161
269.0,60,3,-16.81,-107.55,16.15,50.0,0.0014,-0.1555
269.0,61,3,-27.44,-112.72,86.45,50.0,0.0,-0.3496
269.0,62,3,-13.29,-89.37,12.46,50.0,0.0047,-0.1401
269.0,64,3,-5.56,-105.79,10.0,50.0,0.0662,-0.0461
269.0,65,3,-1.68,-55.49,9.7,50.0,0.2163,0.0142
269.0,67,3,-22.86,-112.97,36.28,50.0,0.0002,-0.226
269.0,68,3,-2.6,-49.21,9.75,50.0,0.1664,-0.0195
269.0,69,3,-24.3,-120.44,46.81,50.0,0.0001,-0.2544
269.0,7,3,-10.26,-93.25,10.98,50.0,0.0135,-0.1124
269.0,72,3,-19.15,-111.38,20.9,50.0,0.0006,-0.1759
269.0,73,3,-36.46,-127.39,622.38,50.0,0.0,-0.3896
269.0,75,3,-26.84,-98.62,76.53,50.0,0.0,-0.3349
269.0,76,3,-26.52,-109.33,71.65,50.0,0.0,-0.3158
269.0,78,1,-37.31,-120.6,1492.23,50.0,0.0,-0.3603
269.0,79,3,-11.61,-92.35,11.51,50.0,0.0085,-0.1246
269.0,80,3,-41.76,-117.28,1395.8,50.0,0.0,-0.3896
269.0,81,3,-28.27,-121.43,102.6,50.0,0.0,-0.3809
269.0,82,3,-16.75,-101.47,16.07,50.0,0.0014,-0.1593
269.0,83,1,-12.41,-125.8,5.61,50.0,0.0064,-0.079
269.0,84,3,-13.78,-97.94,12.81,50.0,0.004,-0.1378
269.0,85,3,-42.66,-124.66,1395.8,50.0,0.0,-0.3896
269.0,86,3,-14.68,-93.44,13.58,50.0,0.0029,-0.1481
269.0,87,3,-16.48,-107.43,15.67,50.0,0.0015,-0.1528
269.0,88,3,-28.95,-111.28,118.44,50.0,0.0,-0.3843
269.0,9,3,-0.99,-62.37,9.67,50.0,0.2601,0.0438
270.0,0,3,-19.85,-103.12,18.43,50.0,0.0005,-0.1687
270.0,1,3,3.53,-47.14,5.07,50.0,0.6306,0.2567
270.0,10,3,0.55,-121.47,5.14,50.0,0.3758,0.1609
270.0,11,1,-2.34,-30.44,2.76,50.0,0.1798,-0.0033
270.0,13,3,-5.88,-108.17,5.56,50.0,0.0596,-0.0299
270.0,14,3,-3.4,-62.15,5.32,50.0,0.1311,-0.0121
270.0,15,1,-9.32,-124.37,4.66,50.0,0.0187,-0.0635
270.0,16,1,2.88,-35.11,2.42,50.0,0.5766,0.1891
270.0,17,1,-13.6,-107.75,8.65,50.0,0.0042,-0.1025
270.0,18,3,-20.28,-105.32,19.8,50.0,0.0004,-0.1721
270.0,19,3,-60.0,-33.02,1391.32,50.0,0.0,-0.4287
270.0,20,3,-1.82,-55.9,5.23,50.0,0.2078,0.0295
270.0,22,3,-17.21,-109.1,12.32,50.0,0.0012,-0.138
270.0,23,3,-24.77,-112.49,46.57,50.0,0.0001,-0.2454
270.0,24,3,-20.77,-104.7,21.57,50.0,0.0003,-0.1787
270.0,25,1,0.18,-53.4,2.55,50.0,0.3456,0.0883
270.0,26,3,-60.0,-34.19,1391.32,50.0,0.0,-0.4287
270.0,27,1,2.7,-68.88,2.42,50.0,0.5613,0.2023
270.0,28,1,-0.54,-58.84,2.6,50.0,0.2913,0.066
270.0,29,6,-54.26,-150.0,69.34,50.0,0.0,-0.2902
270.0,3,1,-17.18,-114.37,16.78,50.0,0.0012,-0.1372
270.0,30,3,0.68,-62.41,5.13,50.0,0.3866,0.1328
270.0,32,1,-12.12,-116.83,6.81,50.0,0.0071,-0.0881
270.0,33,3,-20.08,-109.54,19.14,50.0,0.0004,-0.1668
270.0,37,1,-26.65,-113.75,130.35,50.0,0.0,-0.3521
270.0,38,1,-25.19,-125.28,93.99,50.0,0.0,-0.3327
270.0,4,1,-10.61,-99.93,5.49,50.0,0.012,-0.0824
270.0,40,3,3.92,-44.14,5.07,50.0,0.6617,0.2728
270.0,41,1,-4.32,-55.76,3.04,50.0,0.0987,-0.0372
270.0,42,1,-3.4,-34.54,2.89,50.0,0.1313,-0.0295
270.0,46,3,-1.67,-58.44,5.22,50.0,0.2166,0.0364
270.0,47,3,-25.27,-114.26,51.69,50.0,0.0001,-0.2582
270.0,48,3,-36.49,-118.34,623.53,50.0,0.0,-0.3787
270.0,5,3,-26.94,-109.27,73.57,50.0,0.0,-0.3109
270.0,50,3,-36.93,-119.19,688.35,50.0,0.0,-0.3787
270.0,51,6,-41.95,-150.0,69.34,50.0,0.0,-0.2902
270.0,52,1,-21.2,-124.58,38.82,50.0,0.0003,-0.2022
270.0,55,1,4.51,-63.85,2.36,50.0,0.7068,0.2714
270.0,57,3,-16.58,-110.93,11.33,50.0,0.0015,-0.1319
270.0,59,3,-5.22,-105.63,5.48,50.0,0.0739,-0.0203
270.0,60,3,-7.97,-108.24,5.89,50.0,0.0297,-0.0584
270.0,61,1,-24.03,-117.96,72.44,50.0,0.0001,-0.2838
270.0,62,1,3.68,-93.68,2.39,50.0,0.6429,0.2601
270.0,63,3,0.43,-56.25,5.14,50.0,0.3662,0.1173
270.0,64,3,-5.87,-114.7,5.56,50.0,0.0598,-0.0284
270.0,67,1,-26.22,-132.16,118.28,50.0,0.0,-0.3499
270.0,69,1,-27.03,-125.75,142.09,50.0,0.0,-0.354
270.0,7,3,-5.59,-105.67,5.52,50.0,0.0657,-0.0267
270.0,70,3,0.0,-58.99,5.15,50.0,0.3321,0.1008
270.0,72,3,-23.55,-116.18,36.42,50.0,0.0001,-0.2189
270.0,73,3,-34.08,-125.7,359.59,50.0,0.0,-0.3787
270.0,75,3,-6.99,-98.82,5.72,50.0,0.0413,-0.0529
270.0,76,3,-30.41,-114.49,157.43,50.0,0.0,-0.3787
270.0,77,1,-4.79,-33.29,3.13,50.0,0.085,-0.057
270.0,78,1,-34.01,-120.53,700.27,50.0,0.0,-0.3689
270.0,8,1,-5.7,-33.66,3.32,50.0,0.0632,-0.0717
270.0,80,3,-37.85,-116.46,849.91,50.0,0.0,-0.3787
270.0,81,2,-34.44,-150.0,770.82,50.0,0.0,-0.3505
270.0,82,3,-11.51,-101.05,6.99,50.0,0.0088,-0.0977
270.0,83,3,-20.39,-111.25,20.17,50.0,0.0004,-0.1701
270.0,84,1,-12.56,-100.75,7.3,50.0,0.0061,-0.0985
270.0,85,3,-37.8,-124.52,840.13,50.0,0.0,-0.3787
270.0,87,1,-29.14,-112.41,229.75,50.0,0.0,-0.3646
270.0,88,3,-15.45,-112.72,9.89,50.0,0.0022,-0.1226
270.0,9,3,-4.64,-58.06,5.42,50.0,0.0891,-0.0432
271.0,0,3,-20.16,-102.72,22.38,50.0,0.0004,-0.1861
271.0,10,3,-18.19,-107.67,17.14,50.0,0.0009,-0.1616
271.0,13,3,-11.74,-99.88,10.07,50.0,0.0081,-0.114
271.0,15,3,-11.08,-103.37,9.78,50.0,0.0102,-0.106
271.0,17,1,-6.26,-120.8,2.33,50.0,0.0526,-0.0214
271.0,18,3,-23.01,-103.7,35.74,50.0,0.0002,-0.2269
271.0,19,3,-60.0,-34.79,1394.3,50.0,0.0,-0.4363
271.0,20,3,1.38,-57.54,8.09,50.0,0.4464,0.148
271.0,22,1,-17.17,-110.56,15.61,50.0,0.0012,-0.1289
271.0,23,3,-21.54,-117.74,27.76,50.0,0.0003,-0.1989
271.0,24,1,-22.7,-114.65,52.82,50.0,0.0002,-0.2319
271.0,25,1,1.82,-51.93,1.32,50.0,0.4838,0.1612
271.0,26,3,-60.0,-28.73,1394.3,50.0,0.0,-0.4363
271.0,27,3,-4.29,-60.02,8.37,50.0,0.0996,-0.048
271.0,28,3,-7.1,-53.01,8.71,50.0,0.0397,-0.1007
271.0,29,3,-18.36,-112.93,17.51,50.0,0.0008,-0.1616
271.0,3,3,-25.85,-113.68,61.32,50.0,0.0,-0.288
271.0,30,3,-5.22,-65.73,8.46,50.0,0.074,-0.0623
271.0,32,3,-7.99,-101.43,8.87,50.0,0.0294,-0.0771
271.0,33,3,-8.78,-106.92,9.05,50.0,0.0225,-0.0819
271.0,37,1,-33.83,-120.36,670.31,50.0,0.0,-0.363
271.0,38,3,-27.06,-103.21,78.44,50.0,0.0,-0.3332
271.0,39,3,1.19,-56.62,8.1,50.0,0.4294,0.1382
271.0,4,3,-10.18,-108.74,9.45,50.0,0.0139,-0.0943
271.0,40,3,3.65,-59.4,8.05,50.0,0.6407,0.2577
271.0,42,1,2.65,-32.45,1.29,50.0,0.5571,0.1878
271.0,44,3,-4.01,-47.56,8.35,50.0,0.1088,-0.0507
271.0,45,3,3.88,-56.5,8.05,50.0,0.6587,0.2663
271.0,46,3,-4.1,-57.2,8.36,50.0,0.1057,-0.0459
271.0,47,3,-35.79,-115.31,533.39,50.0,0.0,-0.3863
271.0,48,1,-27.71,-136.92,164.82,50.0,0.0,-0.3515
271.0,49,3,-8.38,-98.63,8.96,50.0,0.0258,-0.0835
271.0,5,3,-21.4,-112.68,27.13,50.0,0.0003,-0.1969
271.0,50,3,-32.18,-114.11,236.96,50.0,0.0,-0.3863
271.0,51,3,-10.64,-105.63,9.61,50.0,0.0119,-0.1006
271.0,52,3,-11.67,-108.48,10.04,50.0,0.0083,-0.1073
271.0,53,3,-2.13,-60.07,8.22,50.0,0.1905,0.0089
271.0,54,3,1.39,-52.1,8.09,50.0,0.4467,0.1444
271.0,55,3,2.12,-54.05,8.08,50.0,0.5109,0.1807
271.0,57,3,-28.69,-107.84,110.63,50.0,0.0,-0.3812
271.0,59,3,-9.91,-88.99,9.36,50.0,0.0152,-0.1059
271.0,60,1,-25.23,-118.09,93.65,50.0,0.0,-0.3264
271.0,61,3,-32.14,-117.63,234.7,50.0,0.0,-0.3863
271.0,62,3,-10.54,-95.75,9.57,50.0,0.0122,-0.1068
271.0,64,3,1.1,-98.48,8.1,50.0,0.4217,0.1639
271.0,65,3,-5.56,-32.45,8.5,50.0,0.0662,-0.0868
271.0,67,1,-20.75,-127.56,34.12,50.0,0.0003,-0.1846
271.0,68,3,-0.04,-36.07,8.14,50.0,0.3291,0.072
271.0,69,1,-37.65,-129.88,1613.42,50.0,0.0,-0.363
271.0,7,3,-6.53,-108.68,8.63,50.0,0.0481,-0.053
271.0,72,3,-17.32,-111.83,15.48,50.0,0.0012,-0.1519
271.0,73,1,-34.61,-128.17,803.09,50.0,0.0,-0.363
271.0,75,3,-11.93,-103.59,10.17,50.0,0.0076,-0.1129
271.0,76,3,-21.93,-106.62,29.64,50.0,0.0002,-0.2071
271.0,77,1,3.91,-39.81,1.25,50.0,0.6613,0.2392
271.0,78,1,-31.47,-122.54,390.53,50.0,0.0,-0.363
271.0,80,3,-42.09,-112.21,1394.3,50.0,0.0,-0.3863
271.0,81,3,-31.09,-122.23,186.26,50.0,0.0,-0.3863
271.0,82,3,-12.04,-91.25,10.22,50.0,0.0073,-0.1226
271.0,83,3,-25.06,-105.2,52.43,50.0,0.0001,-0.2696
271.0,84,1,-2.25,-113.07,1.62,50.0,0.1843,0.0572
271.0,85,3,-26.11,-128.18,64.6,50.0,0.0,-0.2959
271.0,87,3,-6.91,-107.98,8.68,50.0,0.0424,-0.0588
271.0,88,1,-17.45,-117.71,16.56,50.0,0.0011,-0.1323
271.0,9,3,-1.8,-62.33,8.21,50.0,0.2093,0.0214
271.0,90,1,-14.77,-129.2,9.49,50.0,0.0028,-0.1035
272.0,0,3,-12.11,-108.79,8.4,50.0,0.0071,-0.1024
272.0,1,3,4.48,-62.69,6.18,50.0,0.7046,0.3068
272.0,11,1,-0.6,-33.47,2.3,50.0,0.2872,0.0524
272.0,13,3,-13.95,-99.67,9.58,50.0,0.0038,-0.1233
272.0,16,3,-8.12,-27.31,7.04,50.0,0.0281,-0.1142
272.0,17,1,-18.03,-101.65,19.63,50.0,0.0009,-0.152
272.0,18,3,-17.95,-112.73,14.79,50.0,0.0009,-0.1494
272.0,20,3,1.05,-54.91,6.24,50.0,0.4176,0.1389
272.0,22,3,-12.97,-108.83,8.89,50.0,0.0053,-0.1091
272.0,23,1,-24.65,-128.84,82.97,50.0,0.0001,-0.3066
272.0,24,1,-24.89,-119.53,87.44,50.0,0.0,-0.3168
272.0,26,1,-1.57,-38.34,2.39,50.0,0.223,0.0207
272.0,27,1,0.55,-68.68,2.23,50.0,0.3761,0.1157
272.0,28,3,0.94,-58.15,6.25,50.0,0.4086,0.1363
272.0,29,3,-31.64,-114.49,208.6,50.0,0.0,-0.3817
272.0,3,3,-22.54,-106.21,31.05,50.0,0.0002,-0.2088
272.0,30,3,0.5,-64.7,6.26,50.0,0.3718,0.1211
272.0,32,3,-7.31,-105.12,6.89,50.0,0.037,-0.0579
272.0,33,3,-5.76,-98.13,6.66,50.0,0.0621,-0.0403
272.0,37,3,-21.86,-112.3,27.43,50.0,0.0002,-0.1953
272.0,38,3,-14.11,-103.71,9.71,50.0,0.0036,-0.1217
272.0,39,1,-3.31,-51.82,2.59,50.0,0.1349,-0.0171
272.0,4,1,-27.81,-107.63,169.41,50.0,0.0,-0.3583
272.0,40,3,-2.2,-53.68,6.37,50.0,0.1872,0.0106
272.0,41,1,-3.01,-54.53,2.55,50.0,0.1475,-0.0082
272.0,43,1,0.2,-36.52,2.25,50.0,0.3478,0.0817
272.0,44,1,-4.68,-54.01,2.81,50.0,0.0879,-0.0432
272.0,45,1,2.23,-55.3,2.14,50.0,0.5203,0.1748
272.0,46,3,-6.0,-56.13,6.69,50.0,0.0573,-0.0742
272.0,47,3,-33.77,-114.92,336.41,50.0,0.0,-0.3818
272.0,48,3,-30.4,-119.26,158.25,50.0,0.0,-0.3817
272.0,49,3,-7.18,-100.63,6.87,50.0,0.0386,-0.0595
272.0,5,3,-20.62,-108.9,22.12,50.0,0.0004,-0.179
272.0,50,3,-37.22,-118.3,737.24,50.0,0.0,-0.3818
272.0,51,3,-13.03,-109.34,8.93,50.0,0.0052,-0.1093
272.0,52,1,-16.31,-120.24,13.85,50.0,0.0016,-0.1253
272.0,53,3,4.21,-67.35,6.18,50.0,0.6843,0.2977
272.0,54,1,-1.45,-54.63,2.37,50.0,0.2302,0.0348
272.0,57,3,-20.7,-115.18,22.44,50.0,0.0004,-0.1793
272.0,59,3,-11.06,-101.31,7.91,50.0,0.0103,-0.099
272.0,6,3,-4.04,-56.43,6.49,50.0,0.1076,-0.0368
272.0,60,3,-8.69,-101.93,7.17,50.0,0.0231,-0.0763
272.0,61,3,-20.63,-110.85,22.19,50.0,0.0004,-0.1784
272.0,62,1,-4.41,-105.58,2.76,50.0,0.0958,-0.0014
272.0,64,3,-5.3,-97.59,6.61,50.0,0.0721,-0.0328
272.0,67,3,-14.18,-108.03,9.78,50.0,0.0035,-0.1192
272.0,69,3,-23.61,-119.82,37.96,50.0,0.0001,-0.2254
272.0,7,1,-19.0,-111.09,24.0,50.0,0.0006,-0.1598
272.0,71,3,-6.81,-54.64,6.81,50.0,0.0437,-0.0873
272.0,72,3,-9.27,-118.2,7.31,50.0,0.019,-0.0764
272.0,73,3,-34.79,-123.84,423.86,50.0,0.0,-0.3818
272.0,74,3,4.49,-66.49,6.18,50.0,0.7051,0.3098
272.0,75,3,-15.06,-109.1,10.59,50.0,0.0025,-0.1254
272.0,76,3,-29.72,-109.62,136.12,50.0,0.0,-0.3806
272.0,78,1,-35.76,-118.7,1047.5,50.0,0.0,-0.3676
272.0,80,3,-40.15,-120.44,1392.44,50.0,0.0,-0.3818
272.0,81,1,-40.95,-134.89,2774.59,50.0,0.0,-0.3676
272.0,82,1,-5.77,-107.15,3.04,50.0,0.0619,-0.0227
272.0,83,3,-16.34,-106.89,12.11,50.0,0.0016,-0.1374
272.0,84,1,-1.5,-107.77,2.38,50.0,0.227,0.0712
272.0,85,3,-42.94,-119.99,1392.44,50.0,0.0,-0.3818
272.0,87,1,-23.47,-109.69,63.62,50.0,0.0001,-0.2622
272.0,88,1,-22.88,-129.68,55.84,50.0,0.0001,-0.2434
272.0,90,3,-18.79,-104.29,16.64,50.0,0.0007,-0.1617
273.0,0,3,-7.11,-104.58,10.27,50.0,0.0395,-0.0705
273.0,11,1,3.31,-39.31,0.87,50.0,0.6127,0.2186
273.0,13,3,-14.85,-102.52,13.8,50.0,0.0027,-0.1432
273.0,14,3,-8.08,-57.85,10.45,50.0,0.0286,-0.1158
273.0,17,3,-14.88,-93.54,13.82,50.0,0.0027,-0.1498
273.0,18,3,-26.17,-112.12,67.0,50.0,0.0,-0.3044
273.0,19,3,-60.0,-33.15,1395.86,50.0,0.0,-0.4397
273.0,21,3,-1.16,-63.18,9.74,50.0,0.2484,0.0376
273.0,22,3,-30.17,-102.24,153.64,50.0,0.0,-0.3952
273.0,23,3,-32.07,-115.54,232.9,50.0,0.0,-0.3897
273.0,24,3,-20.62,-110.7,25.54,50.0,0.0004,-0.193
273.0,25,3,0.06,-53.03,9.69,50.0,0.3362,0.0787
273.0,26,3,-60.0,-38.13,1395.86,50.0,0.0,-0.4397
273.0,27,3,-1.18,-61.82,9.74,50.0,0.2473,0.036
273.0,29,3,-16.95,-117.37,16.43,50.0,0.0013,-0.1552
273.0,3,3,-23.67,-105.8,41.85,50.0,0.0001,-0.2444
273.0,30,3,0.64,-62.42,9.67,50.0,0.383,0.1108
273.0,32,3,-17.02,-95.98,16.54,50.0,0.0013,-0.1658
273.0,33,3,0.31,-98.93,9.68,50.0,0.3561,0.1223
273.0,37,3,-28.74,-110.69,113.3,50.0,0.0,-0.3833
273.0,38,3,-16.39,-107.35,15.59,50.0,0.0016,-0.1522
273.0,4,3,-10.12,-106.99,10.99,50.0,0.0142,-0.1015
273.0,43,1,2.91,-36.88,0.88,50.0,0.5791,0.2021
273.0,44,1,-0.22,-58.44,1.04,50.0,0.3151,0.089
273.0,46,3,4.52,-61.63,9.59,50.0,0.7075,0.2931
273.0,47,1,-29.17,-119.48,229.77,50.0,0.0,-0.356
273.0,48,3,-22.77,-118.09,35.82,50.0,0.0002,-0.2247
273.0,49,3,-5.48,-100.76,10.05,50.0,0.0679,-0.0485
273.0,5,3,-16.57,-112.1,15.85,50.0,0.0015,-0.1519
273.0,50,3,-26.28,-115.28,68.48,50.0,0.0,-0.3079
273.0,51,3,-13.35,-109.35,12.56,50.0,0.0046,-0.1266
273.0,52,1,-12.56,-126.83,5.76,50.0,0.0061,-0.0801
273.0,53,3,2.53,-63.29,9.63,50.0,0.5461,0.2002
273.0,54,1,2.12,-64.03,0.91,50.0,0.5106,0.1863
273.0,55,3,2.14,-54.71,9.63,50.0,0.5125,0.1755
273.0,57,3,-20.64,-106.52,25.62,50.0,0.0004,-0.1958
273.0,58,3,-1.74,-59.5,9.76,50.0,0.2124,0.0147
273.0,59,1,-6.67,-105.1,2.05,50.0,0.0459,-0.0267
273.0,6,3,-0.24,-60.98,9.7,50.0,0.3136,0.0721
273.0,60,3,-21.3,-107.26,28.26,50.0,0.0003,-0.204
273.0,61,3,-27.08,-113.51,80.29,50.0,0.0,-0.3356
273.0,62,3,-11.34,-90.53,11.45,50.0,0.0093,-0.1239
273.0,64,3,-17.27,-99.62,16.95,50.0,0.0012,-0.1654
273.0,65,3,-1.04,-54.82,9.73,50.0,0.2566,0.0363
273.0,67,3,-19.15,-113.8,20.95,50.0,0.0006,-0.1761
273.0,68,3,-1.95,-54.72,9.77,50.0,0.2006,0.0044
273.0,69,1,-25.83,-143.67,106.93,50.0,0.0,-0.3393
273.0,7,1,-16.41,-117.84,12.9,50.0,0.0016,-0.1166
273.0,72,3,-8.7,-115.42,10.59,50.0,0.0231,-0.0854
273.0,73,3,-37.86,-129.78,857.02,50.0,0.0,-0.3897
273.0,74,3,1.88,-66.56,9.64,50.0,0.4892,0.1713
273.0,75,3,-24.29,-95.04,46.81,50.0,0.0001,-0.2651
273.0,76,3,-26.98,-109.83,78.68,50.0,0.0,-0.332
273.0,78,3,-26.52,-110.65,71.8,50.0,0.0,-0.3158
273.0,80,3,-44.73,-114.31,1395.86,50.0,0.0,-0.3897
273.0,81,1,-42.6,-138.52,2773.36,50.0,0.0,-0.3602
273.0,82,3,-15.2,-104.83,14.16,50.0,0.0024,-0.1443
273.0,83,3,-16.54,-103.45,15.81,50.0,0.0015,-0.1563
273.0,84,3,-17.59,-97.44,17.52,50.0,0.0011,-0.1698
273.0,85,3,-50.44,-122.65,1395.86,50.0,0.0,-0.3897
273.0,87,1,-29.56,-114.22,251.12,50.0,0.0,-0.358
273.0,88,1,-24.24,-137.03,74.35,50.0,0.0001,-0.28
273.0,9,3,5.11,-68.5,9.59,50.0,0.7484,0.3241
273.0,90,3,-13.25,-107.75,12.49,50.0,0.0048,-0.1269
274.0,0,3,-11.8,-102.04,6.35,50.0,0.0079,-0.0955
274.0,11,1,4.03,-34.5,3.25,50.0,0.6707,0.2305
274.0,13,3,-7.34,-106.1,5.0,50.0,0.0366,-0.0484
274.0,14,1,0.16,-67.34,3.42,50.0,0.3442,0.0923
274.0,16,1,-8.16,-30.96,4.98,50.0,0.0278,-0.1073
274.0,17,1,-5.72,-111.12,4.2,50.0,0.0629,-0.0272
274.0,18,3,-26.42,-117.44,65.08,50.0,0.0,-0.2885
274.0,19,3,-11.26,-102.25,6.11,50.0,0.0096,-0.0908
274.0,20,3,4.84,-58.24,4.28,50.0,0.73,0.3288
274.0,22,3,-22.51,-109.37,28.95,50.0,0.0002,-0.1967
274.0,23,6,-58.09,-150.0,69.33,50.0,0.0,-0.2896
274.0,24,1,-26.14,-114.79,117.21,50.0,0.0,-0.353
274.0,25,6,4.76,-150.0,0.01,50.0,0.7243,0.8762
274.0,29,3,-15.52,-104.61,9.19,50.0,0.0022,-0.1231
274.0,3,3,-19.41,-107.61,16.36,50.0,0.0006,-0.1567
274.0,30,3,1.57,-62.86,4.34,50.0,0.4625,0.178
274.0,32,1,-4.03,-118.77,3.86,50.0,0.1079,0.0019
274.0,33,3,-8.84,-103.13,5.31,50.0,0.022,-0.0678
274.0,34,1,4.73,-38.68,3.23,50.0,0.722,0.2571
274.0,35,1,-0.55,-36.13,3.47,50.0,0.2905,0.0469
274.0,37,1,-35.56,-120.42,999.98,50.0,0.0,-0.3724
274.0,38,1,-22.81,-118.29,56.1,50.0,0.0002,-0.2484
274.0,4,1,-15.24,-106.61,12.44,50.0,0.0024,-0.1238
274.0,40,3,-5.79,-50.85,4.78,50.0,0.0614,-0.0654
274.0,41,1,-6.44,-46.26,4.39,50.0,0.0495,-0.0828
274.0,42,1,1.14,-39.58,3.36,50.0,0.4256,0.1116
274.0,44,3,-1.61,-52.27,4.45,50.0,0.2201,0.0378
274.0,46,3,-2.86,-57.21,4.52,50.0,0.1544,0.0027
274.0,47,1,-17.58,-113.91,19.07,50.0,0.0011,-0.1474
274.0,48,3,-33.5,-116.23,314.49,50.0,0.0,-0.3764
274.0,49,3,4.49,-99.08,4.29,50.0,0.7047,0.3421
274.0,5,1,-18.89,-116.44,24.65,50.0,0.0007,-0.1654
274.0,50,3,-37.78,-117.52,836.25,50.0,0.0,-0.3764
274.0,51,3,-20.15,-108.16,18.6,50.0,0.0004,-0.1647
274.0,52,1,-17.84,-114.36,20.05,50.0,0.001,-0.1507
274.0,53,3,-3.45,-62.06,4.56,50.0,0.1294,-0.0094
274.0,57,1,-13.61,-104.03,9.54,50.0,0.0042,-0.1105
274.0,58,3,-4.14,-59.54,4.61,50.0,0.1045,-0.0276
274.0,59,1,-8.49,-103.76,5.12,50.0,0.0248,-0.0652
274.0,60,3,-6.23,-115.89,4.83,50.0,0.0532,-0.0301
274.0,61,3,-38.65,-115.08,1019.05,50.0,0.0,-0.3764
274.0,62,1,-11.6,-109.73,7.17,50.0,0.0085,-0.0891
274.0,64,3,-15.14,-113.61,8.78,50.0,0.0025,-0.1162
274.0,67,3,-18.12,-114.55,13.24,50.0,0.0009,-0.1418
274.0,69,3,-29.32,-120.43,122.66,50.0,0.0,-0.3729
274.0,7,3,-24.77,-94.18,45.82,50.0,0.0001,-0.2529
274.0,72,3,-13.83,-117.9,7.6,50.0,0.0039,-0.1059
274.0,73,3,-34.17,-128.75,366.63,50.0,0.0,-0.3764
274.0,75,3,-13.27,-107.08,7.2,50.0,0.0048,-0.1036
274.0,76,3,-23.57,-115.06,35.82,50.0,0.0001,-0.2155
274.0,77,1,0.47,-36.21,3.4,50.0,0.3694,0.0848
274.0,78,1,-26.48,-119.2,126.59,50.0,0.0,-0.3548
274.0,8,1,-0.52,-34.62,3.47,50.0,0.2925,0.0479
274.0,80,1,-44.71,-125.45,2775.76,50.0,0.0,-0.3724
274.0,81,1,-29.86,-138.67,271.69,50.0,0.0,-0.3717
274.0,82,1,-14.81,-104.73,11.56,50.0,0.0028,-0.121
274.0,83,1,-25.61,-109.23,104.14,50.0,0.0,-0.3509
274.0,84,3,-22.77,-96.18,30.49,50.0,0.0002,-0.2106
274.0,85,1,-29.83,-131.92,269.96,50.0,0.0,-0.3716
274.0,87,1,-27.33,-120.22,153.14,50.0,0.0,-0.359
274.0,88,3,-25.87,-107.82,57.86,50.0,0.0001,-0.2728
274.0,9,1,-2.82,-64.22,3.69,50.0,0.1564,-0.0037
274.0,90,1,-13.02,-111.05,8.72,50.0,0.0052,-0.1011
274.0,91,1,-2.07,-66.38,3.6,50.0,0.194,0.0176
275.0,0,3,-10.91,-104.13,11.06,50.0,0.0108,-0.1097
275.0,1,1,-1.47,-126.44,1.13,50.0,0.2289,0.0837
275.0,13,3,-9.75,-94.57,10.66,50.0,0.0161,-0.1061
275.0,16,3,-2.54,-29.63,9.59,50.0,0.1694,-0.0236
275.0,17,3,-12.92,-96.22,12.07,50.0,0.0054,-0.1317
275.0,18,3,-21.53,-109.48,29.07,50.0,0.0003,-0.2048
275.0,19,3,-60.0,-40.68,1395.64,50.0,0.0,-0.4389
275.0,20,3,-6.52,-49.17,9.97,50.0,0.0482,-0.1011
275.0,21,3,0.41,-59.97,9.47,50.0,0.3641,0.0996
275.0,22,3,-22.24,-109.22,32.57,50.0,0.0002,-0.2157
275.0,23,3,-22.2,-116.87,32.38,50.0,0.0002,-0.2145
275.0,24,3,-15.22,-104.24,13.96,50.0,0.0024,-0.1441
275.0,25,3,2.12,-50.19,9.42,50.0,0.5107,0.1721
275.0,26,3,-60.0,-43.49,1395.64,50.0,0.0,-0.4368
275.0,27,3,-0.58,-58.6,9.5,50.0,0.2883,0.0573
275.0,28,3,0.95,-40.8,9.45,50.0,0.4087,0.11
275.0,29,1,-19.99,-136.95,28.38,50.0,0.0005,-0.1662
275.0,3,3,-6.96,-110.73,10.04,50.0,0.0416,-0.0638
275.0,30,3,1.11,-63.75,9.45,50.0,0.423,0.1341
275.0,32,3,-8.15,-93.81,10.25,50.0,0.0279,-0.0901
275.0,37,3,-36.52,-107.64,631.09,50.0,0.0,-0.391
275.0,38,3,-17.31,-97.11,16.81,50.0,0.0012,-0.1667
275.0,4,3,-14.8,-106.62,13.54,50.0,0.0028,-0.139
275.0,40,3,3.37,-59.04,9.4,50.0,0.6176,0.2384
275.0,41,3,-4.24,-54.84,9.71,50.0,0.1013,-0.0562
275.0,42,3,-3.4,-31.89,9.65,50.0,0.1311,-0.0472
275.0,44,3,-2.24,-56.19,9.58,50.0,0.1849,-0.0029
275.0,47,3,-34.54,-110.41,403.61,50.0,0.0,-0.3893
275.0,48,3,-17.9,-121.29,17.89,50.0,0.0009,-0.1629
275.0,49,3,-9.86,-102.55,10.69,50.0,0.0155,-0.1014
275.0,5,1,-28.13,-116.73,180.89,50.0,0.0,-0.3507
275.0,50,3,-26.17,-118.32,66.77,50.0,0.0,-0.3035
275.0,51,1,-15.05,-119.72,9.62,50.0,0.0026,-0.1023
275.0,52,1,-14.46,-119.96,8.49,50.0,0.0031,-0.0968
275.0,53,3,-1.01,-61.24,9.52,50.0,0.2586,0.0428
275.0,54,3,-1.71,-53.36,9.55,50.0,0.2144,0.0122
275.0,55,3,1.71,-41.11,9.43,50.0,0.4748,0.146
275.0,57,3,-22.4,-106.94,33.43,50.0,0.0002,-0.2198
275.0,58,3,0.63,-60.08,9.46,50.0,0.382,0.1094
275.0,59,3,-1.46,-94.94,9.54,50.0,0.2297,0.0506
275.0,6,3,-7.84,-50.19,10.19,50.0,0.0309,-0.1177
275.0,60,3,-7.91,-106.7,10.2,50.0,0.0303,-0.0781
275.0,61,1,-12.56,-126.19,5.75,50.0,0.0061,-0.0799
275.0,63,3,-7.68,-51.93,10.16,50.0,0.0327,-0.1145
275.0,64,3,-16.52,-100.18,15.57,50.0,0.0015,-0.1577
275.0,67,3,-28.21,-111.39,101.25,50.0,0.0,-0.3803
275.0,69,1,-23.67,-107.03,65.35,50.0,0.0001,-0.2611
275.0,7,3,-6.95,-92.37,10.03,50.0,0.0418,-0.0762
275.0,70,3,1.79,-57.33,9.43,50.0,0.482,0.1615
275.0,72,3,-21.23,-117.37,27.75,50.0,0.0003,-0.2002
275.0,73,3,-45.27,-128.13,1395.65,50.0,0.0,-0.3893
275.0,75,3,-16.02,-99.64,14.89,50.0,0.0018,-0.1539
275.0,76,3,-33.7,-111.57,333.96,50.0,0.0,-0.3893
275.0,78,1,-24.95,-126.68,87.46,50.0,0.0,-0.3096
275.0,80,3,-42.34,-118.24,1395.65,50.0,0.0,-0.3893
275.0,81,3,-40.6,-122.16,1395.65,50.0,0.0,-0.3893
275.0,82,1,-17.9,-119.95,17.83,50.0,0.0009,-0.1342
275.0,83,3,-19.45,-108.72,21.56,50.0,0.0005,-0.1795
275.0,84,3,-14.37,-95.22,13.14,50.0,0.0032,-0.1438
275.0,85,1,-23.86,-134.6,68.19,50.0,0.0001,-0.2656
275.0,87,3,-28.58,-102.86,109.3,50.0,0.0,-0.3872
275.0,88,3,-24.31,-109.66,46.77,50.0,0.0001,-0.2543
275.0,9,3,0.69,-61.09,9.46,50.0,0.3876,0.1131
275.0,90,3,-26.52,-102.42,71.52,50.0,0.0,-0.3202
276.0,1,1,-2.0,-118.18,3.36,50.0,0.1976,0.052
276.0,11,1,-1.05,-35.2,3.28,50.0,0.2557,0.0312
276.0,13,3,-7.89,-104.78,5.2,50.0,0.0304,-0.0566
276.0,17,1,-18.7,-102.61,23.49,50.0,0.0007,-0.1665
276.0,18,3,-26.06,-110.03,60.33,50.0,0.0,-0.2774
276.0,20,3,-5.06,-52.77,4.79,50.0,0.078,-0.0516
276.0,22,3,-25.78,-108.85,56.85,50.0,0.0001,-0.2699
276.0,23,1,-19.69,-122.67,28.76,50.0,0.0005,-0.1769
276.0,24,3,-27.09,-109.46,75.35,50.0,0.0,-0.3131
276.0,25,1,-2.94,-54.56,3.47,50.0,0.1506,-0.0124
276.0,26,3,-48.98,-59.68,1390.64,50.0,0.0,-0.4126
276.0,27,3,2.07,-48.26,4.42,50.0,0.5057,0.1907
276.0,29,1,-13.88,-122.23,9.71,50.0,0.0038,-0.1074
276.0,3,1,-21.46,-115.2,41.77,50.0,0.0003,-0.212
276.0,32,3,-8.76,-105.69,5.39,50.0,0.0226,-0.0656
276.0,37,1,-21.99,-117.02,46.78,50.0,0.0002,-0.2248
276.0,38,1,-24.51,-115.09,81.23,50.0,0.0001,-0.3064
276.0,4,3,-20.21,-106.35,18.9,50.0,0.0004,-0.1672
276.0,40,3,-6.35,-54.48,4.94,50.0,0.0511,-0.072
276.0,41,3,0.55,-62.39,4.46,50.0,0.3761,0.1304
276.0,43,1,2.21,-36.79,3.08,50.0,0.5187,0.1573
276.0,46,3,-3.41,-54.74,4.65,50.0,0.1308,-0.0142
276.0,47,3,-40.45,-115.5,1390.64,50.0,0.0,-0.3767
276.0,48,1,-26.58,-117.94,129.13,50.0,0.0,-0.3544
276.0,49,1,-17.22,-110.55,17.56,50.0,0.0012,-0.1416
276.0,5,3,-20.09,-107.08,18.51,50.0,0.0004,-0.1653
276.0,50,3,-31.53,-120.03,201.67,50.0,0.0,-0.3766
276.0,51,1,-16.66,-117.92,15.78,50.0,0.0015,-0.135
276.0,52,1,-12.62,-119.83,8.0,50.0,0.006,-0.0963
276.0,56,1,-0.63,-63.22,3.24,50.0,0.2848,0.062
276.0,57,1,-16.12,-110.27,14.27,50.0,0.0018,-0.1291
276.0,59,3,-6.88,-92.9,5.02,50.0,0.0427,-0.0523
276.0,60,3,-13.22,-108.11,7.26,50.0,0.0048,-0.103
276.0,61,3,-32.58,-114.15,255.25,50.0,0.0,-0.3767
276.0,63,1,-0.47,-59.25,3.23,50.0,0.2962,0.0647
276.0,64,3,-7.09,-100.26,5.06,50.0,0.0399,-0.0498
276.0,67,1,-10.94,-116.45,6.38,50.0,0.0107,-0.082
276.0,69,3,-36.51,-115.18,625.34,50.0,0.0,-0.3767
276.0,7,1,-2.56,-103.45,3.43,50.0,0.1685,0.0321
276.0,70,1,-1.1,-60.67,3.28,50.0,0.2526,0.0444
276.0,72,3,-7.61,-114.38,5.15,50.0,0.0335,-0.0495
276.0,73,1,-46.54,-131.75,2775.53,50.0,0.0,-0.3716
276.0,74,3,-3.31,-62.85,4.64,50.0,0.1348,-0.0059
276.0,75,3,-41.8,-61.63,1390.64,50.0,0.0,-0.4112
276.0,76,3,-30.53,-112.98,160.95,50.0,0.0,-0.3766
276.0,78,3,-26.81,-117.76,70.82,50.0,0.0,-0.3022
276.0,80,3,-37.02,-118.67,702.1,50.0,0.0,-0.3767
276.0,81,3,-34.88,-125.57,430.71,50.0,0.0,-0.3767
276.0,82,1,-20.43,-99.96,33.54,50.0,0.0004,-0.1975
276.0,83,3,-18.83,-103.93,14.95,50.0,0.0007,-0.1537
276.0,84,1,-5.91,-105.23,4.01,50.0,0.059,-0.0321
276.0,85,1,-33.58,-128.46,635.59,50.0,0.0,-0.3716
276.0,86,3,-6.09,-95.79,4.91,50.0,0.0556,-0.0386
276.0,87,1,-18.81,-104.86,24.0,50.0,0.0007,-0.1665
276.0,88,3,-18.82,-113.17,14.9,50.0,0.0007,-0.1492
276.0,9,3,-7.36,-56.89,5.1,50.0,0.0364,-0.0843
276.0,90,3,-24.9,-108.62,47.23,50.0,0.0001,-0.2463
277.0,1,3,-5.9,-100.77,9.36,50.0,0.0593,-0.0524
277.0,10,3,-4.67,-42.56,9.23,50.0,0.0883,-0.0719
277.0,11,1,-1.96,-35.51,1.25,50.0,0.2002,0.0185
277.0,13,3,1.8,-98.59,8.91,50.0,0.4823,0.1934
277.0,15,3,-6.65,-43.08,9.47,50.0,0.0462,-0.1051
277.0,16,3,3.61,-36.57,8.87,50.0,0.637,0.2383
277.0,17,3,-14.19,-92.23,12.47,50.0,0.0034,-0.1424
277.0,18,3,-21.09,-110.99,26.63,50.0,0.0003,-0.1961
277.0,19,3,-54.77,-49.5,1395.12,50.0,0.0,-0.4314
277.0,20,3,-2.96,-57.28,9.1,50.0,0.1496,-0.0211
277.0,22,3,-25.32,-109.18,55.96,50.0,0.0001,-0.277
277.0,23,3,-19.25,-109.73,20.5,50.0,0.0006,-0.1744
277.0,24,3,-22.51,-108.07,33.53,50.0,0.0002,-0.2186
277.0,26,3,-58.94,-49.22,1395.12,50.0,0.0,-0.4316
277.0,28,3,1.1,-46.71,8.92,50.0,0.4216,0.1234
277.0,29,3,-21.41,-103.1,28.01,50.0,0.0003,-0.2055
277.0,3,1,-28.72,-119.56,207.39,50.0,0.0,-0.3542
277.0,30,3,-1.33,-59.6,9.01,50.0,0.2375,0.032
277.0,31,3,-19.26,-90.35,20.51,50.0,0.0006,-0.1883
277.0,32,3,-15.5,-95.1,13.74,50.0,0.0022,-0.1506
277.0,33,3,3.14,-59.91,8.88,50.0,0.5984,0.2302
277.0,37,3,-21.69,-108.2,29.29,50.0,0.0003,-0.2058
277.0,38,3,-20.81,-98.97,25.54,50.0,0.0003,-0.2004
277.0,4,3,-14.45,-110.03,12.69,50.0,0.0031,-0.1317
277.0,40,3,1.61,-58.99,8.91,50.0,0.4657,0.1561
277.0,41,3,1.76,-61.59,8.91,50.0,0.4794,0.1653
277.0,42,3,-0.39,-29.04,8.97,50.0,0.3022,0.0539
277.0,44,3,-3.48,-51.34,9.13,50.0,0.1279,-0.0389
277.0,47,1,-38.83,-118.63,2117.57,50.0,0.0,-0.3606
277.0,48,3,-22.18,-114.87,31.72,50.0,0.0002,-0.2119
277.0,49,3,-1.38,-104.05,9.01,50.0,0.2344,0.062
277.0,5,3,-26.06,-106.45,64.82,50.0,0.0,-0.3005
277.0,50,4,-34.0,-150.0,348.31,50.0,0.0,-0.3505
277.0,51,3,-23.99,-110.51,43.53,50.0,0.0001,-0.2448
277.0,52,3,-6.43,-104.4,9.43,50.0,0.0497,-0.0581
277.0,53,3,-1.36,-61.36,9.01,50.0,0.2361,0.0324
277.0,54,3,-9.21,-51.73,9.98,50.0,0.0194,-0.1292
277.0,55,3,2.6,-50.61,8.89,50.0,0.5527,0.1978
277.0,56,3,4.14,-61.38,8.87,50.0,0.6792,0.2785
277.0,57,3,-15.0,-111.77,13.21,50.0,0.0026,-0.136
277.0,58,3,1.69,-62.05,8.91,50.0,0.4729,0.1622
277.0,59,3,-7.39,-97.57,9.59,50.0,0.036,-0.0761
277.0,6,3,-2.33,-45.29,9.06,50.0,0.18,-0.0113
277.0,60,3,-15.69,-111.77,13.96,50.0,0.002,-0.1416
277.0,61,1,-21.82,-129.51,42.97,50.0,0.0002,-0.2053
277.0,62,3,-1.48,-61.53,9.01,50.0,0.2285,0.0283
277.0,63,3,2.0,-62.17,8.9,50.0,0.4999,0.177
277.0,64,3,-7.49,-92.17,9.6,50.0,0.0349,-0.0812
277.0,65,3,-7.48,-98.67,9.6,50.0,0.035,-0.0764
277.0,67,3,-17.36,-111.42,16.38,50.0,0.0011,-0.1558
277.0,68,3,-1.19,-101.15,9.0,50.0,0.2466,0.0668
277.0,69,1,-42.38,-132.32,2773.41,50.0,0.0,-0.3606
277.0,7,3,-8.73,-100.93,9.86,50.0,0.0229,-0.0891
277.0,70,3,3.29,-51.25,8.88,50.0,0.6108,0.2311
277.0,72,3,-9.05,-97.94,9.94,50.0,0.0205,-0.0946
277.0,73,1,-32.34,-127.82,476.1,50.0,0.0,-0.3606
277.0,75,3,-53.88,-54.04,1395.12,50.0,0.0,-0.4282
277.0,76,3,-27.61,-110.37,88.72,50.0,0.0,-0.3535
277.0,77,1,1.86,-41.49,0.98,50.0,0.4879,0.1588
277.0,78,3,-41.81,-119.29,1395.12,50.0,0.0,-0.3882
277.0,8,1,-1.76,-40.82,1.23,50.0,0.2114,0.0248
277.0,80,3,-27.82,-112.7,92.82,50.0,0.0,-0.3628
277.0,81,3,-30.8,-122.41,175.35,50.0,0.0,-0.3881
277.0,82,1,-18.01,-119.92,18.35,50.0,0.0009,-0.1364
277.0,83,3,-19.78,-110.09,21.99,50.0,0.0005,-0.18
277.0,84,3,-4.15,-97.1,9.18,50.0,0.1042,-0.0219
277.0,85,1,-28.49,-133.28,196.67,50.0,0.0,-0.353
277.0,86,3,-8.81,-91.98,9.88,50.0,0.0222,-0.0964
277.0,87,1,-10.42,-129.51,3.88,50.0,0.0128,-0.0623
277.0,88,3,-13.67,-105.39,12.06,50.0,0.0041,-0.1289
277.0,90,3,-21.08,-102.4,26.61,50.0,0.0003,-0.2015
277.0,92,3,-27.4,-113.45,85.06,50.0,0.0,-0.3452
278.0,1,3,-8.71,-103.21,7.25,50.0,0.023,-0.0759
278.0,11,1,1.74,-35.62,2.12,50.0,0.4773,0.1436
278.0,14,3,0.18,-61.88,6.35,50.0,0.3458,0.1047
278.0,16,1,3.08,-37.79,2.07,50.0,0.5938,0.1997
278.0,17,3,-7.43,-95.64,6.99,50.0,0.0355,-0.0666
278.0,18,3,-33.83,-114.74,340.8,50.0,0.0,-0.382
278.0,19,3,-60.0,-44.35,1392.52,50.0,0.0,-0.4289
278.0,20,3,-2.54,-53.5,6.47,50.0,0.1694,-0.0004
278.0,21,3,4.52,-66.68,6.26,50.0,0.707,0.3108
278.0,22,1,-18.23,-109.01,20.4,50.0,0.0008,-0.1491
278.0,23,3,-17.74,-118.3,14.46,50.0,0.001,-0.1478
278.0,24,1,-21.75,-115.11,43.45,50.0,0.0002,-0.2127
278.0,26,3,-60.0,-40.55,1392.52,50.0,0.0,-0.4316
278.0,27,3,2.15,-56.23,6.3,50.0,0.513,0.1913
278.0,29,3,-18.86,-96.55,16.89,50.0,0.0007,-0.1683
278.0,3,1,-27.68,-109.98,164.36,50.0,0.0,-0.3557
278.0,30,3,0.84,-63.01,6.33,50.0,0.3998,0.1347
278.0,31,3,-12.91,-91.7,8.93,50.0,0.0054,-0.1213
278.0,32,3,-9.58,-98.64,7.48,50.0,0.0171,-0.0879
278.0,34,3,2.71,-33.59,6.28,50.0,0.5622,0.207
278.0,35,3,-3.97,-35.35,6.56,50.0,0.1102,-0.0472
278.0,37,3,-20.7,-110.32,22.53,50.0,0.0004,-0.1797
278.0,38,3,-25.23,-105.9,52.44,50.0,0.0001,-0.2657
278.0,39,1,4.21,-54.14,2.03,50.0,0.6841,0.255
278.0,4,3,-16.54,-107.76,12.47,50.0,0.0015,-0.1388
278.0,40,3,3.9,-58.72,6.26,50.0,0.6605,0.2769
278.0,41,3,-3.93,-60.09,6.56,50.0,0.1115,-0.032
278.0,42,1,-7.94,-29.49,3.68,50.0,0.0299,-0.0975
278.0,43,1,-2.04,-34.15,2.39,50.0,0.1957,0.0071
278.0,44,3,3.0,-58.5,6.28,50.0,0.5867,0.234
278.0,45,1,-3.48,-53.55,2.57,50.0,0.1282,-0.0193
278.0,46,1,-7.55,-60.41,3.53,50.0,0.0342,-0.0787
278.0,47,1,-28.46,-120.21,196.57,50.0,0.0,-0.3596
278.0,48,1,-25.94,-137.75,110.95,50.0,0.0,-0.347
278.0,49,1,-11.57,-112.4,5.94,50.0,0.0086,-0.0812
278.0,5,1,-16.27,-103.51,13.7,50.0,0.0017,-0.1292
278.0,50,1,-30.68,-124.63,326.2,50.0,0.0,-0.3674
278.0,51,3,-28.32,-102.97,100.35,50.0,0.0,-0.3785
278.0,52,1,-16.59,-117.77,14.59,50.0,0.0015,-0.1281
278.0,53,3,-0.17,-58.93,6.36,50.0,0.3185,0.0877
278.0,54,3,1.22,-55.33,6.32,50.0,0.4317,0.1465
278.0,57,1,-22.88,-104.99,55.82,50.0,0.0001,-0.2468
278.0,58,3,3.26,-64.54,6.27,50.0,0.6086,0.2508
278.0,6,1,-4.48,-40.59,2.73,50.0,0.0938,-0.0488
278.0,60,3,-18.3,-117.12,15.6,50.0,0.0008,-0.1532
278.0,61,1,-34.86,-122.26,850.74,50.0,0.0,-0.3674
278.0,64,3,-8.6,-98.69,7.22,50.0,0.0239,-0.078
278.0,65,3,-12.28,-103.34,8.56,50.0,0.0067,-0.108
278.0,67,3,-12.96,-109.02,8.96,50.0,0.0053,-0.1093
278.0,68,1,-2.96,-112.41,2.5,50.0,0.1496,0.0329
278.0,69,3,-40.48,-128.25,1392.52,50.0,0.0,-0.382
278.0,7,1,-28.64,-104.2,204.73,50.0,0.0,-0.3647
278.0,71,1,4.46,-56.07,2.03,50.0,0.7032,0.2662
278.0,72,3,-15.11,-113.32,10.72,50.0,0.0025,-0.1255
278.0,73,3,-30.37,-118.02,157.23,50.0,0.0,-0.3819
278.0,75,3,-60.0,-43.27,1392.52,50.0,0.0,-0.4297
278.0,76,3,-28.24,-114.29,98.73,50.0,0.0,-0.3705
278.0,78,3,-27.7,-115.37,87.89,50.0,0.0,-0.3461
278.0,80,3,-23.39,-110.66,36.5,50.0,0.0001,-0.2215
278.0,81,3,-33.58,-122.72,322.36,50.0,0.0,-0.382
278.0,82,1,-2.1,-101.76,2.4,50.0,0.1925,0.0496
278.0,83,1,-25.01,-114.89,89.76,50.0,0.0,-0.3218
278.0,84,3,-19.76,-96.01,19.33,50.0,0.0005,-0.1784
278.0,85,1,-29.89,-134.96,272.39,50.0,0.0,-0.3668
278.0,86,3,-14.2,-89.38,9.87,50.0,0.0034,-0.1331
278.0,87,1,-19.44,-121.51,26.33,50.0,0.0006,-0.1666
278.0,88,3,-24.74,-105.92,47.53,50.0,0.0001,-0.2533
278.0,9,3,-2.1,-62.6,6.44,50.0,0.1924,0.0197
278.0,90,3,-2.47,-108.68,6.46,50.0,0.173,0.0412
278.0,92,3,-17.47,-109.73,13.96,50.0,0.0011,-0.1455
279.0,1,3,-11.87,-100.5,9.72,50.0,0.0077,-0.1128
279.0,10,1,-0.45,-62.35,1.43,50.0,0.2976,0.0799
279.0,14,3,0.74,-64.71,7.69,50.0,0.3911,0.1251
279.0,15,1,4.48,-66.95,1.21,50.0,0.7046,0.2808
279.0,17,3,-5.2,-93.45,8.04,50.0,0.0744,-0.0404
279.0,18,3,-30.11,-105.96,149.71,50.0,0.0,-0.3882
279.0,19,3,-60.0,-42.32,1393.88,50.0,0.0,-0.4337
279.0,20,3,1.0,-56.52,7.69,50.0,0.4131,0.1311
279.0,22,3,-18.61,-108.27,17.65,50.0,0.0007,-0.1636
279.0,23,3,-20.69,-111.56,23.82,50.0,0.0004,-0.1856
279.0,24,3,-30.5,-101.73,163.29,50.0,0.0,-0.3912
279.0,26,3,-60.0,-43.19,1393.88,50.0,0.0,-0.4331
279.0,29,1,-24.57,-115.67,80.49,50.0,0.0001,-0.2965
279.0,3,3,-23.16,-108.91,36.26,50.0,0.0001,-0.224
279.0,30,3,-0.44,-61.98,7.73,50.0,0.2989,0.073
279.0,31,3,-7.62,-97.62,8.39,50.0,0.0333,-0.0737
279.0,32,1,-8.44,-127.0,3.07,50.0,0.0253,-0.0466
279.0,34,3,3.38,-33.73,7.64,50.0,0.6182,0.2326
279.0,37,1,-30.45,-121.15,308.68,50.0,0.0,-0.3629
279.0,38,3,-17.06,-106.66,14.63,50.0,0.0013,-0.1502
279.0,4,3,-16.23,-105.07,13.4,50.0,0.0017,-0.1442
279.0,40,3,2.46,-59.76,7.65,50.0,0.5402,0.2027
279.0,42,1,-9.75,-27.19,3.75,50.0,0.0161,-0.1092
279.0,44,3,-1.68,-51.5,7.78,50.0,0.2163,0.0194
279.0,46,1,-9.62,-59.64,3.68,50.0,0.0168,-0.094
279.0,47,3,-27.54,-117.03,86.31,50.0,0.0,-0.3456
279.0,48,3,-32.75,-118.98,268.71,50.0,0.0,-0.3854
279.0,49,1,-23.42,-120.22,62.08,50.0,0.0001,-0.2539
279.0,5,2,-13.65,-150.0,6.58,50.0,0.0042,-0.0792
279.0,50,3,-27.86,-116.27,92.32,50.0,0.0,-0.3592
279.0,51,3,-22.85,-109.39,34.31,50.0,0.0002,-0.2182
279.0,52,3,-7.22,-113.37,8.31,50.0,0.0382,-0.0597
279.0,54,3,-1.08,-52.85,7.76,50.0,0.2536,0.0415
279.0,55,1,4.71,-50.86,1.2,50.0,0.7207,0.2778
279.0,56,3,-2.74,-54.02,7.84,50.0,0.16,-0.0118
279.0,57,3,-15.14,-100.87,12.12,50.0,0.0025,-0.1384
279.0,60,3,-16.03,-108.49,13.15,50.0,0.0018,-0.1402
279.0,61,3,-18.92,-116.65,18.41,50.0,0.0007,-0.1655
279.0,62,3,-5.77,-51.67,8.11,50.0,0.0618,-0.0802
279.0,64,3,-19.08,-104.3,18.81,50.0,0.0006,-0.1712
279.0,65,3,-9.11,-111.91,8.72,50.0,0.02,-0.0814
279.0,67,3,-25.98,-116.4,62.57,50.0,0.0,-0.2902
279.0,68,1,-9.65,-120.55,3.7,50.0,0.0167,-0.0583
279.0,69,3,-36.42,-122.4,615.54,50.0,0.0,-0.3854
279.0,7,1,-14.38,-112.05,8.75,50.0,0.0032,-0.0996
279.0,70,3,-0.37,-51.33,7.73,50.0,0.3036,0.068
279.0,71,1,-4.77,-41.31,1.97,50.0,0.0855,-0.0474
279.0,72,4,-20.47,-150.0,15.51,50.0,0.0004,-0.133
279.0,73,3,-37.21,-123.35,736.48,50.0,0.0,-0.3854
279.0,74,1,3.92,-64.41,1.23,50.0,0.662,0.2572
279.0,75,3,-60.0,-39.32,1393.88,50.0,0.0,-0.4354
279.0,76,1,-22.6,-121.12,51.6,50.0,0.0002,-0.2288
279.0,77,3,2.59,-40.0,7.65,50.0,0.5511,0.1947
279.0,78,3,-37.67,-111.78,817.72,50.0,0.0,-0.3854
279.0,8,3,-7.63,-36.89,8.39,50.0,0.0332,-0.1149
279.0,80,3,-26.15,-118.09,64.68,50.0,0.0,-0.2953
279.0,81,1,-30.72,-124.01,328.19,50.0,0.0,-0.3629
279.0,82,3,-10.52,-105.84,9.15,50.0,0.0123,-0.0976
279.0,83,3,-20.68,-106.69,23.81,50.0,0.0004,-0.1879
279.0,84,3,-8.6,-99.84,8.59,50.0,0.0239,-0.0833
279.0,85,3,-32.78,-121.22,270.59,50.0,0.0,-0.3854
279.0,86,3,-17.02,-95.03,14.57,50.0,0.0013,-0.1582
279.0,87,3,-15.23,-108.82,12.21,50.0,0.0024,-0.1334
279.0,88,1,-17.45,-114.11,16.54,50.0,0.0011,-0.1321
279.0,89,3,-2.67,-63.71,7.84,50.0,0.1632,-0.003
279.0,9,3,-3.1,-58.95,7.86,50.0,0.1438,-0.0182
279.0,90,3,-12.01,-105.15,9.79,50.0,0.0074,-0.1106
279.0,91,1,-9.32,-112.3,3.51,50.0,0.0187,-0.0552
279.0,92,3,-27.04,-110.24,77.69,50.0,0.0,-0.3258
280.0,1,3,-14.36,-98.68,10.09,50.0,0.0032,-0.128
280.0,13,1,-1.59,-62.79,2.31,50.0,0.2217,0.0369
280.0,14,3,2.39,-60.85,6.37,50.0,0.5344,0.2061
280.0,17,3,-9.99,-109.07,7.68,50.0,0.0148,-0.0847
280.0,18,3,-27.97,-109.33,93.15,50.0,0.0,-0.3587
280.0,19,3,-55.67,-47.7,1392.59,50.0,0.0,-0.4267
280.0,20,3,4.08,-62.91,6.34,50.0,0.6741,0.2876
280.0,22,1,-30.68,-117.81,326.3,50.0,0.0,-0.3672
280.0,23,3,-24.95,-116.95,49.66,50.0,0.0001,-0.256
280.0,24,3,-26.32,-108.69,65.71,50.0,0.0,-0.296
280.0,25,1,-5.45,-53.87,2.88,50.0,0.0688,-0.0554
280.0,26,3,-58.85,-44.15,1392.59,50.0,0.0,-0.4292
280.0,27,3,3.7,-65.07,6.34,50.0,0.6443,0.2715
280.0,28,3,3.04,-55.73,6.36,50.0,0.5903,0.2337
280.0,29,3,-9.58,-112.5,7.56,50.0,0.0171,-0.0802
280.0,3,1,-21.91,-114.33,44.93,50.0,0.0002,-0.2163
280.0,30,3,-8.3,-54.11,7.24,50.0,0.0264,-0.1069
280.0,31,3,-12.17,-104.1,8.58,50.0,0.007,-0.1069
280.0,32,3,-1.26,-104.28,6.48,50.0,0.2424,0.0777
280.0,34,3,3.26,-38.05,6.35,50.0,0.6088,0.233
280.0,35,3,1.21,-38.91,6.39,50.0,0.431,0.1348
280.0,37,1,-18.46,-119.34,21.38,50.0,0.0008,-0.1514
280.0,38,1,-12.58,-123.36,6.93,50.0,0.0061,-0.0895
280.0,39,1,-1.32,-54.52,2.28,50.0,0.2382,0.0393
280.0,4,3,-23.34,-107.15,36.23,50.0,0.0001,-0.223
280.0,40,3,1.16,-56.81,6.4,50.0,0.4266,0.1444
280.0,41,3,4.31,-67.81,6.34,50.0,0.6915,0.3017
280.0,45,1,-3.7,-51.48,2.56,50.0,0.1197,-0.0254
280.0,47,1,-29.71,-119.98,261.45,50.0,0.0,-0.3657
280.0,48,3,-19.5,-122.65,18.65,50.0,0.0005,-0.1659
280.0,49,1,-23.65,-105.68,66.13,50.0,0.0001,-0.2706
280.0,5,3,-12.17,-110.66,8.59,50.0,0.007,-0.1027
280.0,50,3,-28.83,-109.74,112.19,50.0,0.0,-0.3764
280.0,51,3,-23.82,-113.64,39.7,50.0,0.0001,-0.2303
280.0,52,1,-11.42,-118.94,5.76,50.0,0.009,-0.0797
280.0,53,3,-9.58,-53.41,7.56,50.0,0.0171,-0.1206
280.0,55,3,0.62,-38.19,6.41,50.0,0.3819,0.1082
280.0,56,1,-1.59,-63.41,2.31,50.0,0.2216,0.0373
280.0,57,3,-20.5,-110.29,21.84,50.0,0.0004,-0.1775
280.0,59,1,-4.19,-60.34,2.64,50.0,0.1028,-0.0289
280.0,60,3,-27.92,-109.97,92.24,50.0,0.0,-0.3562
280.0,61,3,-21.23,-118.68,24.72,50.0,0.0003,-0.187
280.0,64,3,-7.86,-102.13,7.15,50.0,0.0307,-0.0676
280.0,65,3,-7.31,-107.43,7.04,50.0,0.037,-0.057
280.0,67,1,-39.22,-127.38,2318.49,50.0,0.0,-0.3672
280.0,68,3,-11.84,-108.66,8.42,50.0,0.0078,-0.101
280.0,69,1,-17.3,-117.47,16.82,50.0,0.0012,-0.1361
280.0,7,1,-4.28,-111.72,2.65,50.0,0.1,0.0048
280.0,70,3,-4.76,-44.93,6.71,50.0,0.0858,-0.0609
280.0,71,3,-3.18,-37.87,6.58,50.0,0.1404,-0.0281
280.0,72,3,-9.27,-116.08,7.47,50.0,0.019,-0.0772
280.0,73,1,-29.45,-130.43,246.16,50.0,0.0,-0.3644
280.0,74,3,-7.01,-58.52,6.99,50.0,0.041,-0.0879
280.0,75,3,-60.0,-46.81,1392.59,50.0,0.0,-0.4273
280.0,76,3,-33.43,-111.39,311.7,50.0,0.0,-0.3822
280.0,78,1,-21.12,-110.71,37.81,50.0,0.0003,-0.198
280.0,80,3,-13.59,-116.81,9.47,50.0,0.0042,-0.1139
280.0,81,3,-41.45,-125.82,1392.6,50.0,0.0,-0.3822
280.0,82,3,-12.49,-95.42,8.76,50.0,0.0062,-0.1157
280.0,83,3,-28.3,-110.96,100.06,50.0,0.0,-0.3736
280.0,84,1,-5.47,-104.44,2.89,50.0,0.0682,-0.0196
280.0,85,1,-25.68,-124.11,104.46,50.0,0.0,-0.3455
280.0,86,3,-27.55,-86.21,85.14,50.0,0.0,-0.3571
280.0,87,1,-26.81,-114.48,134.79,50.0,0.0,-0.3512
280.0,88,3,-15.76,-101.54,11.52,50.0,0.002,-0.1371
280.0,89,1,-1.03,-64.39,2.26,50.0,0.257,0.0557
280.0,9,3,-1.07,-60.05,6.47,50.0,0.2544,0.0528
280.0,90,3,-23.9,-99.34,40.36,50.0,0.0001,-0.2396
280.0,91,1,-9.77,-104.06,4.54,50.0,0.016,-0.0694
280.0,92,3,-40.05,-108.6,1392.6,50.0,0.0,-0.3832
280.0,93,3,-15.79,-108.22,11.55,50.0,0.002,-0.1326
281.0,1,3,-14.43,-98.2,12.23,50.0,0.0032,-0.1381
281.0,11,1,-4.53,-32.25,1.82,50.0,0.0923,-0.0431
281.0,13,3,0.16,-56.51,8.51,50.0,0.3442,0.0904
281.0,17,3,-16.55,-101.86,14.65,50.0,0.0015,-0.1526
281.0,18,3,-20.7,-112.4,24.65,50.0,0.0004,-0.1891
281.0,19,3,-59.81,-48.47,1394.68,50.0,0.0,-0.4311
281.0,22,3,-29.13,-107.44,121.96,50.0,0.0,-0.3846
281.0,23,3,-20.38,-117.51,23.5,50.0,0.0004,-0.1852
281.0,24,1,-19.68,-111.91,26.81,50.0,0.0005,-0.1636
281.0,25,3,1.81,-57.23,8.46,50.0,0.4837,0.1665
281.0,26,3,-55.66,-46.79,1394.68,50.0,0.0,-0.4323
281.0,27,1,3.44,-67.68,1.13,50.0,0.623,0.241
281.0,29,3,-13.23,-112.86,11.3,50.0,0.0048,-0.1203
281.0,3,3,-20.21,-109.88,22.94,50.0,0.0004,-0.1833
281.0,30,3,-8.0,-55.8,9.26,50.0,0.0293,-0.1114
281.0,31,3,-3.4,-98.84,8.68,50.0,0.1311,-0.0011
281.0,32,3,-20.28,-98.35,23.17,50.0,0.0004,-0.1923
281.0,33,3,0.83,-58.6,8.49,50.0,0.3993,0.1217
281.0,37,3,-22.93,-111.69,35.62,50.0,0.0002,-0.2226
281.0,38,3,-17.46,-102.55,16.1,50.0,0.0011,-0.1601
281.0,4,3,-17.84,-101.42,16.82,50.0,0.001,-0.1644
281.0,40,3,-6.99,-52.79,9.07,50.0,0.0412,-0.101
281.0,43,1,1.51,-36.96,1.21,50.0,0.4568,0.141
281.0,44,3,-1.27,-58.32,8.56,50.0,0.2413,0.0351
281.0,46,3,4.1,-69.37,8.42,50.0,0.676,0.2842
281.0,47,1,-30.13,-118.04,286.92,50.0,0.0,-0.3622
281.0,48,3,-25.46,-119.21,57.1,50.0,0.0001,-0.2784
281.0,49,3,-26.48,-95.13,70.02,50.0,0.0,-0.3201
281.0,5,3,-14.26,-105.06,12.08,50.0,0.0034,-0.1318
281.0,50,2,-33.32,-150.0,595.59,50.0,0.0,-0.3505
281.0,51,3,-17.14,-106.54,15.55,50.0,0.0012,-0.1544
281.0,52,3,-24.2,-96.05,44.81,50.0,0.0001,-0.2574
281.0,53,3,-0.55,-60.66,8.53,50.0,0.2903,0.064
281.0,55,1,-2.12,-48.33,1.48,50.0,0.1915,0.0179
281.0,56,3,-2.12,-58.29,8.6,50.0,0.1912,0.0064
281.0,57,3,-17.54,-107.14,16.25,50.0,0.0011,-0.1575
281.0,59,3,-1.28,-56.3,8.56,50.0,0.2406,0.0333
281.0,60,3,-20.05,-111.4,22.39,50.0,0.0004,-0.1812
281.0,61,3,-27.21,-117.22,81.27,50.0,0.0,-0.3356
281.0,62,3,3.4,-56.52,8.43,50.0,0.6203,0.2422
281.0,63,1,-1.57,-52.69,1.42,50.0,0.2228,0.037
281.0,64,3,-0.91,-99.46,8.55,50.0,0.2652,0.0778
281.0,65,3,-17.14,-99.75,15.55,50.0,0.0012,-0.1592
281.0,67,3,-24.14,-116.59,44.35,50.0,0.0001,-0.2462
281.0,68,3,-20.96,-106.87,25.68,50.0,0.0003,-0.1948
281.0,69,3,-24.01,-120.42,43.3,50.0,0.0001,-0.2435
281.0,7,1,-1.25,-96.71,1.39,50.0,0.2429,0.0785
281.0,70,1,1.12,-53.96,1.23,50.0,0.4237,0.1351
281.0,72,3,-2.1,-106.83,8.6,50.0,0.1924,0.0418
281.0,73,3,-45.44,-126.94,1394.68,50.0,0.0,-0.3872
281.0,75,3,-52.65,-55.3,1394.68,50.0,0.0,-0.4263
281.0,76,3,-26.55,-108.19,70.99,50.0,0.0,-0.313
281.0,78,3,-34.82,-109.05,429.11,50.0,0.0,-0.3878
281.0,80,3,-19.88,-110.01,21.87,50.0,0.0005,-0.1793
281.0,81,3,-38.07,-124.72,897.62,50.0,0.0,-0.3872
281.0,82,1,-4.19,-105.18,1.76,50.0,0.1028,0.0098
281.0,83,3,-13.68,-108.92,11.62,50.0,0.0041,-0.1245
281.0,85,3,-33.5,-119.86,318.44,50.0,0.0,-0.3872
281.0,86,3,-12.26,-101.37,10.72,50.0,0.0067,-0.1188
281.0,87,3,-15.49,-98.2,13.29,50.0,0.0022,-0.1465
281.0,88,3,-24.76,-104.36,49.85,50.0,0.0001,-0.2644
281.0,89,3,-2.31,-60.89,8.61,50.0,0.1812,0.0024
281.0,90,3,-20.2,-96.6,22.9,50.0,0.0004,-0.1926
281.0,91,3,-12.27,-115.96,10.72,50.0,0.0067,-0.1127
281.0,92,3,-26.83,-109.13,75.17,50.0,0.0,-0.3221
281.0,93,1,-21.75,-117.84,42.49,50.0,0.0002,-0.2056
282.0,1,1,-12.27,-112.56,6.07,50.0,0.0067,-0.0831
282.0,10,3,-7.37,-107.24,8.17,50.0,0.0363,-0.0629
282.0,11,1,4.29,-36.25,1.46,50.0,0.6903,0.2521
282.0,14,3,-2.56,-58.49,7.66,50.0,0.1684,-0.0028
282.0,15,3,-8.64,-105.03,8.43,50.0,0.0236,-0.0792
282.0,16,1,-9.92,-30.86,4.11,50.0,0.0152,-0.1127
282.0,17,3,-5.99,-94.41,7.97,50.0,0.0575,-0.0525
282.0,18,3,-28.46,-111.25,104.72,50.0,0.0,-0.3772
282.0,19,3,-60.0,-45.9,1393.71,50.0,0.0,-0.4308
282.0,20,3,-57.81,-53.3,1393.72,50.0,0.0,-0.4255
282.0,22,3,-13.4,-108.24,10.45,50.0,0.0045,-0.1187
282.0,23,1,-28.43,-126.59,194.35,50.0,0.0,-0.3565
282.0,24,3,-28.21,-111.04,99.18,50.0,0.0,-0.3743
282.0,25,1,-5.31,-51.12,2.33,50.0,0.0719,-0.0514
282.0,26,3,-60.0,-46.46,1393.71,50.0,0.0,-0.4304
282.0,28,3,0.97,-52.9,7.52,50.0,0.4107,0.128
282.0,29,3,-19.28,-105.11,19.16,50.0,0.0006,-0.172
282.0,3,1,-14.76,-109.35,9.68,50.0,0.0028,-0.1057
282.0,30,3,3.97,-64.67,7.46,50.0,0.6658,0.2789
282.0,31,3,-13.89,-107.38,10.81,50.0,0.0038,-0.1231
282.0,32,3,-5.97,-98.25,7.97,50.0,0.0579,-0.0494
282.0,33,3,-6.09,-56.94,7.98,50.0,0.0557,-0.0808
282.0,34,3,0.96,-36.17,7.52,50.0,0.4098,0.1183
282.0,35,3,-1.16,-38.53,7.59,50.0,0.2485,0.0302
282.0,37,1,-26.92,-118.7,137.89,50.0,0.0,-0.349
282.0,38,1,-18.1,-119.64,19.27,50.0,0.0009,-0.1425
282.0,39,3,3.93,-53.18,7.46,50.0,0.663,0.269
282.0,4,3,-13.29,-104.59,10.37,50.0,0.0047,-0.1204
282.0,40,3,3.6,-63.85,7.47,50.0,0.6364,0.2609
282.0,42,1,-5.99,-31.13,2.49,50.0,0.0575,-0.0695
282.0,43,1,-0.12,-32.37,1.66,50.0,0.3229,0.0741
282.0,45,3,-0.55,-52.76,7.57,50.0,0.2909,0.0628
282.0,47,3,-28.19,-111.12,98.88,50.0,0.0,-0.3736
282.0,48,3,-22.74,-122.61,33.46,50.0,0.0002,-0.2151
282.0,49,3,-15.0,-104.25,11.8,50.0,0.0026,-0.1341
282.0,5,3,-19.78,-113.91,20.6,50.0,0.0005,-0.174
282.0,50,1,-33.89,-130.82,680.95,50.0,0.0,-0.3644
282.0,51,3,-30.36,-105.75,158.15,50.0,0.0,-0.388
282.0,52,3,-21.41,-103.04,26.61,50.0,0.0003,-0.1995
282.0,53,3,-2.64,-63.43,7.67,50.0,0.1648,-0.0015
282.0,56,3,-0.29,-57.18,7.56,50.0,0.3096,0.0762
282.0,57,3,0.03,-114.84,7.55,50.0,0.3339,0.1272
282.0,6,1,-2.88,-41.16,1.92,50.0,0.1533,-0.0102
282.0,60,3,-27.04,-106.9,77.51,50.0,0.0,-0.3273
282.0,61,3,-33.31,-111.79,304.56,50.0,0.0,-0.385
282.0,62,3,-3.79,-58.44,7.75,50.0,0.1163,-0.0354
282.0,63,1,-6.43,-48.1,2.6,50.0,0.0497,-0.0697
282.0,64,3,-0.2,-104.78,7.56,50.0,0.3163,0.1139
282.0,65,3,-23.18,-106.82,36.26,50.0,0.0001,-0.2252
282.0,67,3,-31.54,-114.78,204.92,50.0,0.0,-0.3849
282.0,68,3,-22.15,-108.21,30.16,50.0,0.0002,-0.2068
282.0,69,3,-16.24,-113.87,13.26,50.0,0.0017,-0.1401
282.0,70,1,-8.17,-52.38,3.21,50.0,0.0276,-0.0871
282.0,71,3,3.2,-54.61,7.47,50.0,0.6038,0.2355
282.0,72,3,-6.35,-97.12,8.02,50.0,0.0511,-0.056
282.0,73,3,-35.18,-124.08,463.99,50.0,0.0,-0.385
282.0,75,3,-47.11,-60.87,1393.71,50.0,0.0,-0.4201
282.0,76,1,-23.34,-118.48,61.26,50.0,0.0001,-0.2534
282.0,77,3,1.65,-40.32,7.5,50.0,0.4698,0.151
282.0,78,3,-25.56,-116.22,57.27,50.0,0.0001,-0.2771
282.0,8,3,-5.2,-40.32,7.88,50.0,0.0745,-0.0776
282.0,80,3,-32.95,-102.81,280.84,50.0,0.0,-0.3901
282.0,81,1,-31.56,-142.22,398.06,50.0,0.0,-0.3644
282.0,82,2,-11.36,-150.0,3.93,50.0,0.0092,-0.0589
282.0,83,3,-18.82,-111.89,17.98,50.0,0.0007,-0.1637
282.0,84,1,-2.31,-104.04,1.85,50.0,0.181,0.0494
282.0,85,3,-37.48,-114.83,783.0,50.0,0.0,-0.385
282.0,86,3,-10.03,-102.53,8.81,50.0,0.0146,-0.0948
282.0,87,1,-1.54,-115.23,1.77,50.0,0.2244,0.0758
282.0,88,3,-14.76,-109.22,11.57,50.0,0.0028,-0.1287
282.0,89,3,3.07,-64.98,7.48,50.0,0.5922,0.2363
282.0,9,3,-6.88,-58.8,8.09,50.0,0.0428,-0.091
282.0,90,1,-21.54,-117.99,40.88,50.0,0.0003,-0.2035
282.0,91,3,-9.99,-111.57,8.8,50.0,0.0148,-0.0891
282.0,92,3,-27.85,-117.68,91.95,50.0,0.0,-0.358
282.0,93,1,-14.18,-115.3,8.65,50.0,0.0035,-0.0998
283.0,1,3,-10.32,-101.38,8.52,50.0,0.0132,-0.0965
283.0,10,3,-5.65,-107.65,7.54,50.0,0.0644,-0.0357
283.0,11,1,2.61,-31.9,1.69,50.0,0.5534,0.1829
283.0,15,3,-7.14,-106.75,7.75,50.0,0.0392,-0.0586
283.0,17,3,-5.08,-95.84,7.48,50.0,0.0775,-0.034
283.0,18,3,-24.53,-116.18,46.41,50.0,0.0001,-0.2492
283.0,19,3,-60.0,-45.36,1393.33,50.0,0.0,-0.4302
283.0,20,3,-52.22,-54.69,1393.33,50.0,0.0,-0.4235
283.0,22,3,-14.57,-106.84,11.01,50.0,0.003,-0.1272
283.0,23,3,-28.47,-116.19,104.5,50.0,0.0,-0.3763
283.0,24,3,-15.68,-105.36,12.16,50.0,0.002,-0.1371
283.0,26,3,-57.22,-45.94,1393.33,50.0,0.0,-0.4298
283.0,28,3,1.59,-50.74,7.12,50.0,0.4638,0.1569
283.0,29,6,-43.48,-150.0,69.32,50.0,0.0,-0.289
283.0,3,3,-21.1,-99.6,24.9,50.0,0.0003,-0.196
283.0,30,3,-0.57,-57.84,7.18,50.0,0.2894,0.0673
283.0,31,3,-3.5,-103.07,7.34,50.0,0.1274,0.0054
283.0,32,1,-2.22,-126.46,2.01,50.0,0.1859,0.0549
283.0,34,3,3.13,-37.03,7.09,50.0,0.5973,0.2231
283.0,35,3,-4.0,-32.45,7.38,50.0,0.109,-0.0517
283.0,37,3,-19.36,-112.51,19.0,50.0,0.0006,-0.1676
283.0,38,3,-16.0,-103.19,12.56,50.0,0.0018,-0.1413
283.0,4,3,-7.99,-108.8,7.91,50.0,0.0294,-0.0676
283.0,40,3,-0.05,-55.47,7.16,50.0,0.3277,0.0866
283.0,41,3,1.86,-64.09,7.11,50.0,0.488,0.1796
283.0,43,1,2.02,-38.11,1.71,50.0,0.5017,0.1581
283.0,44,1,-4.6,-59.35,2.35,50.0,0.0903,-0.0348
283.0,46,1,0.37,-60.73,1.8,50.0,0.3614,0.106
283.0,47,1,-25.85,-112.78,108.07,50.0,0.0,-0.3445
283.0,48,3,-37.76,-116.07,833.8,50.0,0.0,-0.384
283.0,49,3,-16.4,-101.71,13.09,50.0,0.0016,-0.1456
283.0,5,3,-22.04,-101.0,29.22,50.0,0.0002,-0.2085
283.0,50,3,-38.38,-118.67,962.62,50.0,0.0,-0.384
283.0,51,1,-24.67,-115.36,82.88,50.0,0.0001,-0.3043
283.0,52,3,-20.32,-100.58,21.95,50.0,0.0004,-0.1853
283.0,53,3,4.74,-66.81,7.06,50.0,0.7226,0.3171
283.0,54,1,-4.77,-53.73,2.38,50.0,0.0856,-0.0418
283.0,56,1,-0.6,-57.78,1.86,50.0,0.287,0.0681
283.0,57,1,-34.43,-98.37,771.32,50.0,0.0,-0.3737
283.0,6,1,-7.14,-38.07,2.99,50.0,0.0391,-0.0858
283.0,60,3,-31.68,-104.84,211.0,50.0,0.0,-0.3877
283.0,61,3,-30.27,-112.17,154.42,50.0,0.0,-0.384
283.0,63,3,-3.9,-45.33,7.37,50.0,0.1126,-0.0455
283.0,64,3,-13.11,-109.89,9.87,50.0,0.005,-0.1135
283.0,65,3,-15.68,-104.37,12.16,50.0,0.002,-0.1378
283.0,67,3,-22.53,-110.77,31.86,50.0,0.0002,-0.2099
283.0,68,3,-14.09,-104.65,10.59,50.0,0.0036,-0.1249
283.0,69,1,-33.86,-138.35,675.7,50.0,0.0,-0.3654
283.0,70,3,0.86,-51.52,7.14,50.0,0.4013,0.1236
283.0,71,3,4.1,-59.16,7.07,50.0,0.676,0.2828
283.0,72,3,-1.88,-95.56,7.24,50.0,0.2047,0.0467
283.0,73,3,-26.22,-126.01,65.15,50.0,0.0,-0.2952
283.0,74,1,2.89,-71.58,1.68,50.0,0.577,0.2169
283.0,75,3,-15.58,-97.68,12.04,50.0,0.0021,-0.1417
283.0,76,3,-13.37,-111.01,10.04,50.0,0.0046,-0.1155
283.0,77,1,3.89,-47.5,1.64,50.0,0.6592,0.2404
283.0,78,1,-38.25,-119.74,1855.55,50.0,0.0,-0.3654
283.0,8,1,1.18,-44.18,1.75,50.0,0.4286,0.1263
283.0,80,3,-21.33,-114.05,25.87,50.0,0.0003,-0.1917
283.0,81,3,-25.26,-120.88,53.6,50.0,0.0001,-0.2673
283.0,82,1,-15.24,-109.11,10.81,50.0,0.0024,-0.1117
283.0,83,3,-16.12,-101.78,12.71,50.0,0.0018,-0.1432
283.0,84,1,1.4,-104.43,1.74,50.0,0.448,0.1785
283.0,85,3,-28.93,-122.85,115.32,50.0,0.0,-0.3786
283.0,86,3,-21.63,-101.12,27.19,50.0,0.0003,-0.2022
283.0,87,1,-9.65,-111.06,4.11,50.0,0.0167,-0.0616
283.0,88,3,-20.53,-110.73,22.7,50.0,0.0004,-0.1812
283.0,90,3,-20.78,-109.3,23.63,50.0,0.0003,-0.1849
283.0,91,1,-28.16,-103.02,183.2,50.0,0.0,-0.3611
283.0,92,3,-13.69,-109.63,10.27,50.0,0.0041,-0.1182
283.0,93,3,-20.47,-100.04,22.48,50.0,0.0004,-0.1876
283.0,94,1,-26.11,-132.6,114.8,50.0,0.0,-0.3458
284.0,1,3,-21.13,-99.46,27.65,50.0,0.0003,-0.2077
284.0,10,3,-12.2,-111.43,11.97,50.0,0.0069,-0.1175
284.0,13,3,0.76,-59.45,9.78,50.0,0.3934,0.1138
284.0,14,3,3.93,-64.65,9.71,50.0,0.663,0.2677
284.0,15,3,-13.23,-102.93,12.59,50.0,0.0048,-0.1307
284.0,17,3,-15.19,-95.37,14.25,50.0,0.0024,-0.1515
284.0,18,3,-22.39,-113.23,33.73,50.0,0.0002,-0.2188
284.0,19,3,-47.62,-54.4,1395.96,50.0,0.0,-0.4297
284.0,20,3,-60.0,-54.63,1395.97,50.0,0.0,-0.4295
284.0,22,1,-21.67,-119.86,41.49,50.0,0.0003,-0.2009
284.0,23,3,-35.26,-117.68,474.82,50.0,0.0,-0.39
284.0,24,3,-20.82,-107.68,26.43,50.0,0.0003,-0.1978
284.0,25,1,-4.22,-53.74,1.46,50.0,0.1019,-0.0246
284.0,26,3,-60.0,-40.85,1395.96,50.0,0.0,-0.4394
284.0,28,3,0.64,-52.57,9.78,50.0,0.3829,0.1032
284.0,29,3,-22.52,-119.5,34.44,50.0,0.0002,-0.2209
284.0,3,3,-34.94,-106.1,442.03,50.0,0.0,-0.3928
284.0,31,3,-9.95,-99.4,11.04,50.0,0.015,-0.1058
284.0,32,3,-1.85,-107.41,9.88,50.0,0.2064,0.0449
284.0,37,3,-27.03,-112.27,79.71,50.0,0.0,-0.3344
284.0,38,3,-24.44,-105.61,48.22,50.0,0.0001,-0.2614
284.0,4,3,-19.18,-99.38,21.14,50.0,0.0006,-0.1845
284.0,40,3,0.11,-56.56,9.8,50.0,0.3405,0.0831
284.0,42,1,1.4,-39.04,0.92,50.0,0.448,0.1395
284.0,44,3,-2.09,-52.87,9.89,50.0,0.193,-0.0018
284.0,46,3,-3.96,-59.77,10.01,50.0,0.1106,-0.0477
284.0,47,1,-22.15,-117.51,46.2,50.0,0.0002,-0.2128
284.0,48,3,-33.08,-111.37,291.52,50.0,0.0,-0.39
284.0,49,3,-12.92,-101.44,12.39,50.0,0.0054,-0.1293
284.0,5,3,-17.81,-106.28,18.04,50.0,0.001,-0.166
284.0,50,3,-29.69,-112.91,138.71,50.0,0.0,-0.3884
284.0,51,1,-27.33,-115.15,150.61,50.0,0.0,-0.3466
284.0,52,3,-17.07,-96.37,16.74,50.0,0.0013,-0.1664
284.0,53,3,2.96,-64.71,9.73,50.0,0.5834,0.2216
284.0,54,3,-0.18,-51.57,9.81,50.0,0.3181,0.0673
284.0,55,3,3.86,-54.84,9.71,50.0,0.6576,0.2575
284.0,57,3,-22.25,-106.5,32.95,50.0,0.0002,-0.2191
284.0,59,3,-8.64,-55.7,10.68,50.0,0.0235,-0.124
284.0,6,1,-1.72,-42.32,1.14,50.0,0.2137,0.0278
284.0,60,3,-23.01,-106.35,37.41,50.0,0.0002,-0.232
284.0,61,3,-23.11,-115.86,38.05,50.0,0.0002,-0.2312
284.0,63,3,2.04,-57.11,9.75,50.0,0.5035,0.1718
284.0,64,3,4.51,-103.9,9.7,50.0,0.7062,0.322
284.0,65,3,-17.79,-101.03,18.01,50.0,0.001,-0.1696
284.0,67,3,-26.22,-112.42,67.67,50.0,0.0,-0.3062
284.0,68,3,-19.84,-104.75,23.03,50.0,0.0005,-0.1879
284.0,69,3,-28.35,-120.49,104.56,50.0,0.0,-0.3816
284.0,70,3,-2.88,-52.97,9.93,50.0,0.1532,-0.0254
284.0,71,3,-0.99,-53.09,9.84,50.0,0.2597,0.0363
284.0,72,3,-15.59,-99.37,14.69,50.0,0.0021,-0.1518
284.0,73,1,-33.5,-143.39,621.71,50.0,0.0,-0.36
284.0,74,3,-4.13,-60.08,10.02,50.0,0.1046,-0.0515
284.0,75,3,-15.09,-83.4,14.15,50.0,0.0025,-0.1592
284.0,76,3,-26.25,-111.96,68.14,50.0,0.0,-0.3073
284.0,77,3,3.16,-38.73,9.72,50.0,0.6,0.2134
284.0,78,3,-19.67,-109.31,22.53,50.0,0.0005,-0.1828
284.0,79,3,0.68,-59.37,9.78,50.0,0.3864,0.1099
284.0,8,3,1.09,-36.63,9.77,50.0,0.4211,0.1148
284.0,80,3,-27.5,-110.48,87.56,50.0,0.0,-0.3525
284.0,81,1,-28.52,-121.8,198.02,50.0,0.0,-0.3525
284.0,82,3,-14.0,-104.51,13.15,50.0,0.0037,-0.1355
284.0,83,1,-24.31,-120.47,75.61,50.0,0.0001,-0.2826
284.0,84,3,-4.22,-90.9,10.03,50.0,0.1017,-0.0314
284.0,85,3,-33.7,-121.89,334.99,50.0,0.0,-0.39
284.0,86,3,-15.38,-97.12,14.45,50.0,0.0023,-0.1517
284.0,87,3,-0.92,-98.89,9.83,50.0,0.2649,0.0719
284.0,88,1,-20.4,-125.5,31.14,50.0,0.0004,-0.1737
284.0,89,3,-4.43,-58.6,10.05,50.0,0.0952,-0.059
284.0,9,3,1.93,-65.11,9.75,50.0,0.4936,0.1722
284.0,90,1,-14.76,-127.55,9.04,50.0,0.0028,-0.0995
284.0,91,1,-18.82,-128.7,21.85,50.0,0.0007,-0.147
284.0,92,3,-17.94,-114.24,18.31,50.0,0.0009,-0.1646
284.0,93,3,-14.21,-103.82,13.32,50.0,0.0034,-0.1377
284.0,94,1,-28.87,-128.93,214.35,50.0,0.0,-0.3543
285.0,1,1,-14.13,-111.15,8.56,50.0,0.0035,-0.0994
285.0,10,3,-9.15,-120.19,7.87,50.0,0.0198,-0.078
285.0,11,1,-1.85,-36.28,1.8,50.0,0.2062,0.0166
285.0,13,1,-0.59,-67.14,1.69,50.0,0.2876,0.0764
285.0,15,1,-13.19,-123.69,7.17,50.0,0.0049,-0.091
285.0,17,6,-9.24,-150.0,0.08,50.0,0.0192,0.1538
285.0,18,3,-21.41,-105.89,25.92,50.0,0.0003,-0.1944
285.0,20,3,-50.04,-55.42,1393.03,50.0,0.0,-0.4223
285.0,22,3,-30.08,-107.17,147.88,50.0,0.0,-0.3853
285.0,23,3,-29.18,-120.16,121.48,50.0,0.0,-0.3791
285.0,24,3,-18.65,-105.67,16.89,50.0,0.0007,-0.1621
285.0,25,1,2.66,-56.51,1.52,50.0,0.5576,0.198
285.0,26,3,-30.24,-99.46,153.29,50.0,0.0,-0.3908
285.0,27,3,-4.12,-60.81,7.09,50.0,0.105,-0.0382
285.0,28,3,-2.12,-51.38,6.96,50.0,0.1914,0.0087
285.0,29,3,-6.37,-110.84,7.34,50.0,0.0508,-0.0441
285.0,3,3,-14.41,-104.87,10.57,50.0,0.0032,-0.126
285.0,30,3,-1.52,-59.16,6.93,50.0,0.2259,0.0341
285.0,31,3,-14.13,-101.12,10.32,50.0,0.0035,-0.1265
285.0,32,3,-12.55,-102.92,9.23,50.0,0.0061,-0.1128
285.0,33,1,1.06,-112.68,1.59,50.0,0.4181,0.1696
285.0,34,3,0.94,-34.77,6.84,50.0,0.4079,0.1203
285.0,35,3,-1.98,-35.84,6.95,50.0,0.1988,0.0049
285.0,37,1,-13.04,-125.35,6.98,50.0,0.0051,-0.0897
285.0,38,3,-10.58,-104.66,8.32,50.0,0.0121,-0.0952
285.0,4,3,-21.45,-100.64,26.1,50.0,0.0003,-0.1988
285.0,40,3,-54.8,-57.12,1393.03,50.0,0.0,-0.4211
285.0,41,3,0.86,-63.28,6.84,50.0,0.4016,0.1335
285.0,43,1,1.4,-35.47,1.57,50.0,0.448,0.1338
285.0,44,3,0.52,-53.94,6.85,50.0,0.3733,0.1115
285.0,46,3,0.39,-58.98,6.85,50.0,0.3631,0.1096
285.0,47,3,-12.93,-112.64,9.46,50.0,0.0053,-0.1108
285.0,48,1,-29.11,-131.64,227.47,50.0,0.0,-0.3599
285.0,49,3,-10.07,-102.5,8.14,50.0,0.0144,-0.0922
285.0,5,1,-29.73,-114.19,261.77,50.0,0.0,-0.3631
285.0,50,1,-32.23,-126.5,464.84,50.0,0.0,-0.3644
285.0,51,3,-31.69,-112.63,211.54,50.0,0.0,-0.3833
285.0,52,3,-10.37,-100.06,8.25,50.0,0.013,-0.0966
285.0,53,3,0.36,-56.72,6.86,50.0,0.36,0.1063
285.0,54,3,-1.4,-53.03,6.92,50.0,0.2336,0.0341
285.0,57,6,-46.15,-150.0,69.34,50.0,0.0,-0.2902
285.0,6,1,0.64,-40.56,1.61,50.0,0.3828,0.1032
285.0,60,3,-17.32,-106.25,14.22,50.0,0.0012,-0.1491
285.0,61,3,-30.6,-120.7,165.73,50.0,0.0,-0.3833
285.0,62,3,-11.72,-111.53,8.8,50.0,0.0081,-0.1011
285.0,63,3,2.29,-59.9,6.81,50.0,0.5249,0.1981
285.0,64,3,-3.38,-98.03,7.03,50.0,0.1319,0.006
285.0,65,3,-12.63,-105.09,9.28,50.0,0.0059,-0.1119
285.0,67,3,-29.63,-112.77,134.01,50.0,0.0,-0.3814
285.0,68,3,-20.77,-114.32,23.27,50.0,0.0003,-0.1829
285.0,69,3,-29.08,-125.58,118.83,50.0,0.0,-0.3786
285.0,7,3,-0.03,-63.8,6.87,50.0,0.3297,0.0949
285.0,71,3,3.88,-52.91,6.78,50.0,0.6592,0.2695
285.0,72,3,-4.93,-104.29,7.16,50.0,0.0814,-0.0238
285.0,73,1,-45.82,-136.88,2773.98,50.0,0.0,-0.3644
285.0,75,3,-15.49,-101.71,11.64,50.0,0.0022,-0.1368
285.0,76,3,-20.84,-109.38,23.57,50.0,0.0003,-0.1843
285.0,78,3,-26.63,-116.41,70.56,50.0,0.0,-0.3074
285.0,80,3,-24.65,-113.44,47.21,50.0,0.0001,-0.2507
285.0,81,3,-24.72,-117.04,47.88,50.0,0.0001,-0.2524
285.0,82,3,-23.48,-99.26,37.64,50.0,0.0001,-0.2333
285.0,83,3,-20.82,-109.11,23.5,50.0,0.0003,-0.1843
285.0,85,1,-39.68,-129.48,2579.06,50.0,0.0,-0.3644
285.0,86,3,-6.79,-104.9,7.4,50.0,0.0442,-0.0538
285.0,88,3,-26.61,-111.07,70.31,50.0,0.0,-0.3068
285.0,89,3,-3.82,-56.48,7.07,50.0,0.1154,-0.0344
285.0,90,3,-2.68,-105.14,6.99,50.0,0.1629,0.0302
285.0,91,3,-22.38,-101.49,30.74,50.0,0.0002,-0.2122
285.0,92,3,-22.43,-112.41,30.99,50.0,0.0002,-0.2069
285.0,93,1,-13.37,-120.19,7.42,50.0,0.0046,-0.0926
285.0,94,1,-19.59,-133.63,26.65,50.0,0.0005,-0.1651
286.0,1,1,-21.65,-102.71,42.67,50.0,0.0003,-0.2165
286.0,10,3,-12.18,-108.23,8.24,50.0,0.0069,-0.1024
286.0,13,3,4.84,-62.16,5.98,50.0,0.7298,0.3232
286.0,15,3,-4.86,-106.46,6.38,50.0,0.0832,-0.0173
286.0,16,1,-4.03,-33.86,2.8,50.0,0.1081,-0.0416
286.0,18,3,-20.75,-111.64,22.45,50.0,0.0003,-0.1791
286.0,19,3,-60.0,-41.19,1392.25,50.0,0.0,-0.4304
286.0,20,3,-53.25,-59.81,1392.25,50.0,0.0,-0.4171
286.0,22,1,-22.19,-110.76,48.0,50.0,0.0002,-0.2248
286.0,23,1,-30.6,-128.81,320.7,50.0,0.0,-0.3681
286.0,24,3,-20.32,-105.57,20.88,50.0,0.0004,-0.1769
286.0,25,1,-4.17,-56.32,2.83,50.0,0.1034,-0.0328
286.0,26,3,-60.0,-39.89,1392.25,50.0,0.0,-0.4313
286.0,29,1,-10.17,-129.8,4.99,50.0,0.0139,-0.0701
286.0,3,1,-22.51,-110.92,51.51,50.0,0.0002,-0.2334
286.0,30,3,-4.79,-55.56,6.37,50.0,0.085,-0.0523
286.0,31,3,-16.48,-94.85,12.12,50.0,0.0015,-0.1463
286.0,32,3,-9.19,-99.72,7.11,50.0,0.0195,-0.0821
286.0,33,3,-9.6,-102.93,7.22,50.0,0.017,-0.0838
286.0,34,1,-3.95,-37.61,2.79,50.0,0.1107,-0.0401
286.0,37,1,-26.89,-121.49,137.68,50.0,0.0,-0.3525
286.0,38,3,-23.75,-104.8,38.82,50.0,0.0001,-0.231
286.0,39,3,3.2,-55.9,6.01,50.0,0.6034,0.2428
286.0,4,3,-12.88,-106.54,8.65,50.0,0.0054,-0.1092
286.0,40,3,-53.74,-56.7,1392.25,50.0,0.0,-0.4194
286.0,42,1,3.1,-36.44,2.22,50.0,0.5949,0.1993
286.0,44,3,1.74,-54.87,6.04,50.0,0.477,0.1719
286.0,47,3,-7.38,-113.81,6.71,50.0,0.0362,-0.0544
286.0,48,1,-25.45,-124.97,99.41,50.0,0.0,-0.3441
286.0,49,3,-14.29,-104.4,9.68,50.0,0.0033,-0.1218
286.0,5,3,-22.76,-111.69,32.15,50.0,0.0002,-0.2089
286.0,50,3,-42.01,-117.8,1392.25,50.0,0.0,-0.3813
286.0,51,3,-22.87,-113.53,32.8,50.0,0.0002,-0.2107
286.0,52,3,-29.88,-100.04,140.67,50.0,0.0,-0.3877
286.0,53,3,2.12,-58.55,6.03,50.0,0.5108,0.193
286.0,55,3,1.68,-63.09,6.04,50.0,0.472,0.1751
286.0,57,3,-14.7,-102.28,10.05,50.0,0.0029,-0.1265
286.0,60,3,-29.06,-100.1,117.54,50.0,0.0,-0.3836
286.0,61,1,-33.31,-121.7,596.29,50.0,0.0,-0.3681
286.0,62,3,-8.63,-101.57,6.96,50.0,0.0237,-0.075
286.0,63,3,-0.02,-55.53,6.09,50.0,0.33,0.0928
286.0,64,3,-9.37,-95.22,7.15,50.0,0.0183,-0.0871
286.0,65,3,-6.34,-104.17,6.55,50.0,0.0513,-0.0442
286.0,67,3,-28.66,-111.13,107.67,50.0,0.0,-0.3745
286.0,68,1,-25.89,-119.99,109.73,50.0,0.0,-0.3475
286.0,69,3,-33.89,-119.31,345.14,50.0,0.0,-0.3813
286.0,70,3,-4.27,-52.5,6.32,50.0,0.1003,-0.0437
286.0,72,3,-7.78,-105.76,6.78,50.0,0.0316,-0.0624
286.0,73,3,-39.27,-119.68,1178.48,50.0,0.0,-0.3813
286.0,75,1,-22.35,-112.35,49.72,50.0,0.0002,-0.229
286.0,78,1,-30.3,-114.43,299.45,50.0,0.0,-0.3681
286.0,80,1,-21.52,-121.27,41.45,50.0,0.0003,-0.2082
286.0,81,3,-23.29,-120.82,35.55,50.0,0.0001,-0.2184
286.0,82,1,-13.36,-112.83,8.13,50.0,0.0046,-0.0977
286.0,83,1,-19.58,-117.33,27.26,50.0,0.0005,-0.1699
286.0,84,1,-20.57,-98.59,33.72,50.0,0.0004,-0.1961
286.0,85,3,-31.65,-122.21,208.49,50.0,0.0,-0.3812
286.0,86,3,-10.73,-103.62,7.6,50.0,0.0115,-0.0937
286.0,88,3,-14.2,-110.66,9.6,50.0,0.0034,-0.1171
286.0,89,3,-1.9,-59.34,6.16,50.0,0.2036,0.0251
286.0,90,1,-15.86,-124.59,12.79,50.0,0.0019,-0.1213
286.0,91,3,-14.81,-106.78,10.15,50.0,0.0028,-0.1242
286.0,92,3,-11.87,-114.53,8.09,50.0,0.0077,-0.0987
286.0,93,3,-13.55,-109.78,9.1,50.0,0.0043,-0.1122
286.0,94,1,-20.46,-119.28,32.97,50.0,0.0004,-0.1859
287.0,1,3,-7.34,-110.08,9.69,50.0,0.0367,-0.067
287.0,10,3,-27.89,-118.81,94.32,50.0,0.0,-0.3664
287.0,11,3,-1.76,-36.29,9.15,50.0,0.2116,0.0028
287.0,13,3,-3.09,-49.05,9.22,50.0,0.1443,-0.0308
287.0,15,1,-28.35,-132.75,190.45,50.0,0.0,-0.3527
287.0,16,1,-6.28,-32.99,2.04,50.0,0.0522,-0.0691
287.0,17,3,2.12,-63.65,9.02,50.0,0.5106,0.1834
287.0,18,3,-14.3,-111.15,12.68,50.0,0.0033,-0.131
287.0,19,3,-60.0,-45.74,1395.24,50.0,0.0,-0.4343
287.0,20,3,-60.0,-56.91,1395.24,50.0,0.0,-0.4264
287.0,22,3,-16.68,-107.6,15.4,50.0,0.0014,-0.152
287.0,23,1,-18.32,-131.85,19.69,50.0,0.0008,-0.1411
287.0,24,3,-16.52,-107.23,15.17,50.0,0.0015,-0.1509
287.0,25,1,-4.7,-53.42,1.68,50.0,0.0874,-0.0351
287.0,26,3,-59.07,-47.96,1395.24,50.0,0.0,-0.4328
287.0,27,3,-3.33,-60.83,9.24,50.0,0.134,-0.0288
287.0,28,3,3.28,-51.91,9.0,50.0,0.6105,0.2309
287.0,29,3,-16.51,-106.13,15.15,50.0,0.0015,-0.1516
287.0,3,1,-15.54,-116.77,10.79,50.0,0.0022,-0.1083
287.0,31,3,-13.22,-101.22,11.85,50.0,0.0048,-0.1288
287.0,32,3,-3.84,-101.95,9.28,50.0,0.1147,-0.0119
287.0,33,1,-17.73,-126.78,17.31,50.0,0.001,-0.1332
287.0,34,3,-7.13,-34.12,9.66,50.0,0.0394,-0.1143
287.0,35,3,-9.21,-32.13,10.1,50.0,0.0194,-0.1381
287.0,37,3,-18.13,-109.77,17.95,50.0,0.0009,-0.1635
287.0,38,3,-21.51,-110.27,28.58,50.0,0.0003,-0.2024
287.0,39,3,-0.31,-51.91,9.09,50.0,0.3084,0.0653
287.0,4,3,-7.44,-104.61,9.71,50.0,0.0354,-0.0722
287.0,40,3,-60.0,-56.59,1395.24,50.0,0.0,-0.4266
287.0,41,3,2.02,-63.6,9.02,50.0,0.5016,0.1785
287.0,42,1,-1.54,-29.82,1.25,50.0,0.2246,0.0304
287.0,43,3,0.32,-30.19,9.07,50.0,0.3569,0.0831
287.0,44,3,-5.26,-51.24,9.41,50.0,0.0731,-0.0774
287.0,45,3,-0.43,-52.0,9.09,50.0,0.2991,0.0603
287.0,46,3,-7.45,-57.83,9.71,50.0,0.0354,-0.1057
287.0,47,3,-14.13,-103.69,12.54,50.0,0.0035,-0.1342
287.0,48,3,-31.76,-123.11,216.62,50.0,0.0,-0.3884
287.0,49,3,-18.09,-99.44,17.87,50.0,0.0009,-0.1705
287.0,5,3,-21.76,-103.61,29.76,50.0,0.0002,-0.2107
287.0,50,3,-32.77,-117.13,271.02,50.0,0.0,-0.3884
287.0,51,3,-25.62,-109.91,59.5,50.0,0.0001,-0.2853
287.0,52,3,-27.53,-101.09,87.37,50.0,0.0,-0.3571
287.0,54,3,3.44,-56.89,8.99,50.0,0.6233,0.2419
287.0,57,3,-13.46,-102.6,12.02,50.0,0.0044,-0.1297
287.0,6,1,-1.23,-39.05,1.22,50.0,0.2443,0.0402
287.0,60,3,-27.72,-104.4,90.99,50.0,0.0,-0.3629
287.0,61,3,-23.43,-112.65,39.46,50.0,0.0001,-0.2341
287.0,62,3,-16.29,-109.57,14.85,50.0,0.0017,-0.1473
287.0,63,3,1.36,-56.91,9.04,50.0,0.4438,0.1422
287.0,64,3,3.48,-93.5,8.99,50.0,0.6267,0.27
287.0,65,3,-11.22,-100.61,10.78,50.0,0.0097,-0.1131
287.0,67,1,-10.6,-126.53,4.05,50.0,0.012,-0.0643
287.0,68,3,-21.96,-109.94,30.71,50.0,0.0002,-0.2091
287.0,69,3,-32.06,-113.22,231.82,50.0,0.0,-0.3884
287.0,70,3,-2.67,-54.85,9.2,50.0,0.1631,-0.0151
287.0,71,3,3.91,-48.97,8.99,50.0,0.6615,0.2586
287.0,72,3,-10.7,-113.77,10.57,50.0,0.0116,-0.102
287.0,73,1,-31.77,-139.22,418.03,50.0,0.0,-0.361
287.0,74,3,-2.2,-63.24,9.17,50.0,0.1869,0.005
287.0,75,6,-52.94,-150.0,69.32,50.0,0.0,-0.289
287.0,78,1,-28.57,-129.75,200.46,50.0,0.0,-0.3538
287.0,80,3,-26.12,-117.43,65.62,50.0,0.0,-0.3001
287.0,81,3,-26.88,-117.07,76.56,50.0,0.0,-0.3258
287.0,82,1,-18.51,-110.18,20.53,50.0,0.0008,-0.1437
287.0,83,3,-24.3,-109.52,46.29,50.0,0.0001,-0.2525
287.0,84,1,-9.91,-116.35,3.58,50.0,0.0152,-0.0582
287.0,85,3,-31.3,-122.44,195.91,50.0,0.0,-0.3884
287.0,86,3,-20.44,-95.3,24.29,50.0,0.0004,-0.1988
287.0,87,3,1.46,-64.16,9.03,50.0,0.4531,0.1524
287.0,88,3,-15.05,-99.5,13.38,50.0,0.0026,-0.1444
287.0,89,3,-0.13,-50.87,9.08,50.0,0.3218,0.0718
287.0,90,1,-8.98,-123.08,3.05,50.0,0.021,-0.0495
287.0,91,1,-23.16,-109.11,58.2,50.0,0.0001,-0.2436
287.0,92,3,-32.03,-112.82,229.94,50.0,0.0,-0.3884
287.0,93,3,-23.87,-110.22,42.76,50.0,0.0001,-0.2429
287.0,94,3,-23.08,-117.42,37.09,50.0,0.0002,-0.2275
288.0,1,3,-10.89,-105.1,7.25,50.0,0.0109,-0.0921
288.0,10,1,-11.79,-117.39,6.42,50.0,0.008,-0.0849
288.0,14,3,2.68,-63.39,5.61,50.0,0.5593,0.2252
288.0,15,1,-9.09,-110.15,4.48,50.0,0.0202,-0.061
288.0,16,1,0.45,-34.4,2.47,50.0,0.3674,0.0895
288.0,18,3,-29.38,-117.62,125.66,50.0,0.0,-0.377
288.0,19,3,-60.0,-43.8,1391.84,50.0,0.0,-0.4275
288.0,20,3,-50.7,-55.26,1391.84,50.0,0.0,-0.4193
288.0,22,1,-21.12,-116.93,38.14,50.0,0.0003,-0.2001
288.0,23,3,-30.6,-119.71,164.7,50.0,0.0,-0.3801
288.0,24,3,-10.61,-109.31,7.14,50.0,0.012,-0.0866
288.0,25,1,1.26,-52.4,2.42,50.0,0.4357,0.1309
288.0,26,3,-60.0,-42.96,1391.84,50.0,0.0,-0.4281
288.0,28,3,0.37,-53.52,5.67,50.0,0.3613,0.1102
288.0,29,3,-19.1,-110.82,16.82,50.0,0.0006,-0.1581
288.0,3,3,-18.09,-109.43,14.48,50.0,0.0009,-0.1484
288.0,31,1,-17.36,-110.39,17.34,50.0,0.0011,-0.139
288.0,32,3,-8.0,-103.94,6.42,50.0,0.0293,-0.0644
288.0,33,3,-2.77,-99.77,5.81,50.0,0.1586,0.0293
288.0,34,3,-7.2,-32.01,6.27,50.0,0.0384,-0.1002
288.0,35,3,2.55,-32.67,5.61,50.0,0.548,0.2022
288.0,37,1,-20.91,-116.69,36.43,50.0,0.0003,-0.1957
288.0,38,3,-21.18,-107.87,23.76,50.0,0.0003,-0.1844
288.0,4,3,-15.97,-102.02,11.03,50.0,0.0019,-0.135
288.0,40,3,-57.32,-56.8,1391.84,50.0,0.0,-0.4182
288.0,42,1,4.77,-37.29,2.29,50.0,0.7253,0.2644
288.0,46,1,4.85,-63.38,2.29,50.0,0.7309,0.2841
288.0,47,1,-17.36,-119.7,17.35,50.0,0.0011,-0.139
288.0,48,3,-22.34,-123.18,29.29,50.0,0.0002,-0.1999
288.0,49,1,-7.16,-103.85,3.67,50.0,0.0389,-0.045
288.0,5,3,-15.08,-111.85,10.01,50.0,0.0025,-0.1221
288.0,50,1,-31.64,-127.94,406.84,50.0,0.0,-0.3687
288.0,51,1,-18.41,-114.48,21.46,50.0,0.0008,-0.1528
288.0,52,3,-27.06,-100.08,76.0,50.0,0.0,-0.3244
288.0,54,3,-4.42,-56.18,5.93,50.0,0.0955,-0.0425
288.0,55,3,-0.01,-57.44,5.68,50.0,0.3308,0.0965
288.0,57,1,-12.14,-121.69,6.77,50.0,0.007,-0.0879
288.0,59,1,-14.34,-103.85,9.77,50.0,0.0033,-0.1116
288.0,6,1,-6.08,-39.13,3.35,50.0,0.0559,-0.0767
288.0,60,3,-29.85,-103.33,139.48,50.0,0.0,-0.3841
288.0,61,6,-57.05,-150.0,69.33,50.0,0.0,-0.2896
288.0,62,1,-10.49,-117.82,5.34,50.0,0.0125,-0.0738
288.0,64,3,1.44,-100.32,5.64,50.0,0.4513,0.1923
288.0,65,3,-8.8,-106.43,6.6,50.0,0.0223,-0.0714
288.0,67,3,-19.89,-109.15,19.05,50.0,0.0005,-0.1673
288.0,68,1,-13.79,-115.91,8.87,50.0,0.004,-0.1022
288.0,69,3,-29.15,-129.86,119.64,50.0,0.0,-0.3758
288.0,71,3,-0.69,-49.97,5.7,50.0,0.2805,0.0636
288.0,72,3,-9.65,-108.9,6.83,50.0,0.0167,-0.0781
288.0,73,1,-31.72,-131.6,414.62,50.0,0.0,-0.3687
288.0,74,1,-6.08,-66.08,3.35,50.0,0.0558,-0.0581
288.0,75,3,-12.36,-93.93,7.94,50.0,0.0065,-0.1122
288.0,77,3,-5.87,-35.38,6.08,50.0,0.0598,-0.0809
288.0,78,3,-27.14,-119.24,77.24,50.0,0.0,-0.3202
288.0,79,3,-4.25,-52.82,5.91,50.0,0.101,-0.0411
288.0,8,3,1.4,-38.33,5.64,50.0,0.448,0.1474
288.0,80,3,-21.02,-117.04,23.07,50.0,0.0003,-0.1807
288.0,81,3,-35.13,-111.66,457.13,50.0,0.0,-0.3802
288.0,82,1,-8.46,-107.3,4.17,50.0,0.0251,-0.0567
288.0,83,3,-16.59,-109.26,11.86,50.0,0.0015,-0.135
288.0,84,1,-10.09,-98.09,5.06,50.0,0.0143,-0.0787
288.0,85,1,-37.94,-127.85,1727.22,50.0,0.0,-0.3687
288.0,86,3,-9.12,-101.43,6.68,50.0,0.02,-0.0783
288.0,88,3,-24.52,-109.99,44.76,50.0,0.0001,-0.242
288.0,9,3,-2.62,-61.24,5.8,50.0,0.1654,0.0059
288.0,90,1,-12.91,-120.75,7.65,50.0,0.0054,-0.0945
288.0,91,3,-14.89,-106.06,9.82,50.0,0.0027,-0.1234
288.0,92,3,-18.09,-113.25,14.47,50.0,0.0009,-0.1479
288.0,93,1,-14.73,-115.1,10.47,50.0,0.0029,-0.1108
288.0,94,3,-24.16,-113.14,41.68,50.0,0.0001,-0.234
289.0,1,3,-16.93,-103.0,16.09,50.0,0.0013,-0.1588
289.0,10,3,-31.13,-107.46,188.88,50.0,0.0,-0.3909
289.0,11,1,2.32,-36.31,0.99,50.0,0.5282,0.1767
289.0,15,3,-12.48,-101.26,11.71,50.0,0.0062,-0.1243
289.0,17,3,-1.41,-42.28,9.44,50.0,0.2323,0.0149
289.0,18,3,-18.96,-110.49,20.17,50.0,0.0007,-0.173
289.0,19,3,-60.0,-38.26,1395.55,50.0,0.0,-0.4391
289.0,20,3,-51.09,-54.63,1395.55,50.0,0.0,-0.4287
289.0,22,3,-23.83,-108.82,42.75,50.0,0.0001,-0.2443
289.0,23,3,-28.22,-117.62,101.29,50.0,0.0,-0.3801
289.0,24,1,-16.79,-116.67,14.08,50.0,0.0014,-0.1216
289.0,25,3,2.91,-55.89,9.32,50.0,0.5791,0.2146
289.0,26,3,-60.0,-40.86,1395.55,50.0,0.0,-0.4385
289.0,28,3,1.81,-51.62,9.34,50.0,0.4837,0.1588
289.0,29,3,-18.51,-111.64,19.1,50.0,0.0008,-0.1684
289.0,3,1,-16.55,-117.48,13.37,50.0,0.0015,-0.1189
289.0,30,3,1.37,-56.36,9.35,50.0,0.445,0.1411
289.0,31,3,-20.3,-101.92,24.11,50.0,0.0004,-0.1937
289.0,32,3,-10.27,-107.27,10.73,50.0,0.0135,-0.1014
289.0,33,3,-2.3,-107.27,9.49,50.0,0.1816,0.032
289.0,34,3,-3.95,-34.46,9.6,50.0,0.1107,-0.0601
289.0,35,3,0.6,-39.36,9.37,50.0,0.3799,0.0943
289.0,37,3,-9.07,-105.97,10.38,50.0,0.0203,-0.0909
289.0,38,3,-19.55,-93.07,21.75,50.0,0.0005,-0.1914
289.0,39,3,0.35,-52.12,9.38,50.0,0.3596,0.0919
289.0,4,3,-18.57,-105.81,19.24,50.0,0.0007,-0.172
289.0,40,3,-49.45,-58.77,1395.55,50.0,0.0,-0.4257
289.0,43,1,-0.36,-35.42,1.13,50.0,0.3048,0.07
289.0,46,1,-2.24,-60.12,1.3,50.0,0.1846,0.0246
289.0,47,3,-38.47,-113.64,984.94,50.0,0.0,-0.3891
289.0,48,3,-20.62,-119.38,25.25,50.0,0.0004,-0.1919
289.0,49,3,-10.47,-107.65,10.8,50.0,0.0126,-0.1029
289.0,5,3,-21.44,-104.7,28.56,50.0,0.0003,-0.2065
289.0,50,3,-29.88,-117.99,144.1,50.0,0.0,-0.3885
289.0,51,3,-11.21,-113.14,11.09,50.0,0.0097,-0.1077
289.0,52,3,-13.47,-106.07,12.34,50.0,0.0044,-0.1286
289.0,53,3,-4.46,-52.61,9.64,50.0,0.0944,-0.0622
289.0,54,3,3.33,-56.57,9.31,50.0,0.6145,0.2352
289.0,55,1,-2.46,-55.5,1.33,50.0,0.1736,0.0155
289.0,57,3,-14.71,-114.49,13.35,50.0,0.0029,-0.1355
289.0,59,3,-12.9,-100.83,11.96,50.0,0.0054,-0.1279
289.0,6,1,1.73,-43.44,1.01,50.0,0.4768,0.1546
289.0,60,3,-19.69,-108.94,22.17,50.0,0.0005,-0.1816
289.0,61,1,-22.7,-121.97,52.45,50.0,0.0002,-0.2289
289.0,62,3,-9.73,-99.55,10.56,50.0,0.0162,-0.102
289.0,63,3,-2.82,-51.55,9.52,50.0,0.1562,-0.023
289.0,64,3,-9.79,-109.16,10.58,50.0,0.0159,-0.0957
289.0,65,3,-10.53,-101.42,10.82,50.0,0.0123,-0.1079
289.0,67,3,-19.04,-112.82,20.36,50.0,0.0006,-0.1738
289.0,68,1,-22.21,-128.58,46.95,50.0,0.0002,-0.2155
289.0,69,3,-25.48,-120.36,58.23,50.0,0.0001,-0.2827
289.0,7,3,0.32,-61.91,9.38,50.0,0.3573,0.0977
289.0,70,3,-9.9,-50.27,10.61,50.0,0.0153,-0.1387
289.0,71,3,0.02,-52.42,9.39,50.0,0.3331,0.0778
289.0,72,3,-14.68,-99.96,13.33,50.0,0.0029,-0.1425
289.0,73,3,-40.41,-127.31,1395.55,50.0,0.0,-0.3891
289.0,75,3,-20.3,-99.43,24.13,50.0,0.0004,-0.1955
289.0,77,3,-7.4,-31.31,10.02,50.0,0.0359,-0.1192
289.0,78,3,-35.08,-110.88,455.83,50.0,0.0,-0.3891
289.0,79,1,-0.6,-55.46,1.15,50.0,0.2868,0.0724
289.0,8,3,4.99,-42.72,9.28,50.0,0.7403,0.3016
289.0,80,3,-27.33,-109.7,84.2,50.0,0.0,-0.3443
289.0,81,1,-30.74,-142.09,329.52,50.0,0.0,-0.3608
289.0,82,1,-10.64,-120.17,4.06,50.0,0.0118,-0.0645
289.0,83,3,-25.98,-109.36,64.2,50.0,0.0,-0.2977
289.0,84,1,-8.51,-124.29,2.81,50.0,0.0246,-0.0447
289.0,85,3,-35.46,-117.84,496.94,50.0,0.0,-0.3891
289.0,86,3,-12.28,-104.48,11.6,50.0,0.0067,-0.1204
289.0,87,3,4.13,-42.56,9.3,50.0,0.6782,0.2627
289.0,88,3,-16.34,-111.1,15.22,50.0,0.0016,-0.1487
289.0,89,3,4.03,-54.95,9.3,50.0,0.6706,0.267
289.0,90,1,-13.11,-133.96,6.53,50.0,0.005,-0.0856
289.0,91,3,-20.35,-99.41,24.27,50.0,0.0004,-0.1961
289.0,92,3,-18.81,-115.02,19.81,50.0,0.0007,-0.1714
289.0,93,1,-21.35,-115.56,38.69,50.0,0.0003,-0.1946
289.0,94,3,-19.57,-117.1,21.81,50.0,0.0005,-0.1795
289.0,96,3,-23.36,-104.41,39.28,50.0,0.0001,-0.2381
290.0,1,1,-8.9,-105.61,4.85,50.0,0.0215,-0.0652
290.0,10,3,-19.8,-120.21,18.1,50.0,0.0005,-0.1624
290.0,11,1,4.59,-35.39,2.76,50.0,0.712,0.2546
290.0,13,3,-4.66,-50.17,5.26,50.0,0.0887,-0.0483
290.0,15,1,-20.1,-129.91,31.1,50.0,0.0004,-0.1828
290.0,16,1,-5.43,-30.47,3.66,50.0,0.0691,-0.07
290.0,17,1,-10.13,-49.07,5.55,50.0,0.0141,-0.117
290.0,18,3,-20.31,-106.58,19.77,50.0,0.0004,-0.1708
290.0,19,3,-60.0,-40.22,1391.16,50.0,0.0,-0.4281
290.0,20,3,-60.0,-48.88,1391.16,50.0,0.0,-0.4219
290.0,22,1,-24.57,-110.26,82.1,50.0,0.0001,-0.3075
290.0,23,1,-24.83,-124.08,87.0,50.0,0.0,-0.3187
290.0,24,3,-18.85,-102.12,15.49,50.0,0.0007,-0.1577
290.0,26,3,-60.0,-43.41,1391.16,50.0,0.0,-0.4258
290.0,29,3,-10.72,-115.45,6.5,50.0,0.0115,-0.0838
290.0,3,1,-12.86,-111.83,8.05,50.0,0.0055,-0.0969
290.0,30,3,-3.13,-49.31,5.14,50.0,0.1422,-0.0135
290.0,31,1,-14.67,-105.7,10.82,50.0,0.0029,-0.1162
290.0,32,3,-3.12,-108.33,5.14,50.0,0.1429,0.0291
290.0,33,1,-8.16,-112.7,4.51,50.0,0.0278,-0.0546
290.0,37,3,-21.17,-108.69,23.03,50.0,0.0003,-0.1803
290.0,38,1,-15.39,-112.92,12.29,50.0,0.0023,-0.1201
290.0,39,3,-1.08,-50.77,5.03,50.0,0.2536,0.0526
290.0,4,3,-20.08,-101.1,18.99,50.0,0.0004,-0.172
290.0,40,3,-58.08,-53.05,1391.16,50.0,0.0,-0.4189
290.0,42,1,-2.51,-31.22,3.18,50.0,0.1708,-0.0105
290.0,43,1,2.12,-31.04,2.85,50.0,0.5104,0.1547
290.0,45,3,-8.94,-47.88,5.95,50.0,0.0213,-0.1114
290.0,46,3,-4.46,-48.51,5.25,50.0,0.0944,-0.0454
290.0,47,3,-16.39,-111.04,10.9,50.0,0.0016,-0.1295
290.0,48,3,-31.27,-121.4,190.65,50.0,0.0,-0.3782
290.0,49,3,-5.11,-102.37,5.31,50.0,0.0767,-0.0198
290.0,5,3,-28.52,-111.59,103.56,50.0,0.0,-0.3707
290.0,50,3,-28.83,-118.63,110.67,50.0,0.0,-0.3723
290.0,51,3,-9.1,-104.64,5.99,50.0,0.0201,-0.0725
290.0,52,3,-17.31,-97.42,12.33,50.0,0.0012,-0.1464
290.0,53,3,0.18,-58.41,4.99,50.0,0.3461,0.1088
290.0,57,3,-16.23,-112.19,10.68,50.0,0.0017,-0.1281
290.0,59,3,-15.09,-95.33,9.34,50.0,0.0025,-0.1293
290.0,6,1,-2.96,-40.56,3.24,50.0,0.1498,-0.0214
290.0,60,3,-11.76,-109.14,6.94,50.0,0.008,-0.0932
290.0,61,1,-35.36,-116.85,954.23,50.0,0.0,-0.3706
290.0,62,3,-7.55,-107.75,5.65,50.0,0.0341,-0.053
290.0,64,3,-12.0,-100.48,7.06,50.0,0.0074,-0.1013
290.0,65,3,-5.88,-109.23,5.4,50.0,0.0596,-0.0283
290.0,67,1,-29.52,-116.62,250.78,50.0,0.0,-0.3682
290.0,68,3,-37.05,-116.75,708.33,50.0,0.0,-0.3782
290.0,69,3,-25.57,-127.46,54.86,50.0,0.0001,-0.2655
290.0,72,3,-4.3,-103.65,5.23,50.0,0.0992,-0.0027
290.0,73,1,-29.72,-127.49,262.68,50.0,0.0,-0.3692
290.0,74,3,-2.03,-62.83,5.08,50.0,0.196,0.0284
290.0,75,3,-16.11,-91.12,10.52,50.0,0.0018,-0.1406
290.0,77,3,2.54,-42.37,4.93,50.0,0.5475,0.2069
290.0,78,3,-17.28,-116.51,12.27,50.0,0.0012,-0.1372
290.0,8,3,1.22,-45.93,4.96,50.0,0.432,0.1463
290.0,80,3,-31.98,-112.66,223.68,50.0,0.0,-0.3782
290.0,81,3,-25.34,-128.26,52.25,50.0,0.0001,-0.2592
290.0,82,1,-9.04,-102.03,4.92,50.0,0.0206,-0.0691
290.0,83,1,-22.42,-113.78,51.11,50.0,0.0002,-0.2347
290.0,85,1,-32.74,-126.03,523.82,50.0,0.0,-0.3706
290.0,86,3,-12.63,-107.74,7.4,50.0,0.0059,-0.1012
290.0,87,1,-4.46,-52.56,3.46,50.0,0.0945,-0.0446
290.0,88,3,-17.14,-107.56,12.04,50.0,0.0012,-0.1377
290.0,89,1,4.9,-59.94,2.76,50.0,0.7339,0.2804
290.0,90,1,-8.84,-115.33,4.82,50.0,0.022,-0.0615
290.0,91,1,-18.23,-108.95,21.12,50.0,0.0008,-0.1539
290.0,92,3,-16.96,-113.55,11.74,50.0,0.0013,-0.1343
290.0,93,1,-32.05,-113.09,447.43,50.0,0.0,-0.3706
290.0,94,1,-19.02,-126.76,24.8,50.0,0.0006,-0.1646
290.0,96,1,-20.23,-110.75,31.94,50.0,0.0004,-0.1851
291.0,1,3,-16.59,-97.23,16.9,50.0,0.0015,-0.1653
291.0,10,3,-12.12,-108.85,12.84,50.0,0.0071,-0.1213
291.0,13,3,1.67,-42.44,10.66,50.0,0.4711,0.14
291.0,15,3,-22.62,-107.81,35.9,50.0,0.0002,-0.2278
291.0,17,3,-8.32,-52.59,11.52,50.0,0.0263,-0.1264
291.0,18,3,-22.09,-113.2,32.99,50.0,0.0002,-0.2177
291.0,19,3,-60.0,-38.75,1396.87,50.0,0.0,-0.4418
291.0,20,3,-60.0,-34.19,1396.87,50.0,0.0,-0.4418
291.0,22,1,-15.08,-117.85,9.42,50.0,0.0025,-0.0996
291.0,23,3,-29.04,-116.36,121.81,50.0,0.0,-0.3869
291.0,24,3,-9.74,-109.53,11.88,50.0,0.0161,-0.1003
291.0,25,1,4.64,-58.51,0.55,50.0,0.7157,0.2872
291.0,26,3,-60.0,-36.51,1396.87,50.0,0.0,-0.4418
291.0,28,3,4.93,-52.87,10.61,50.0,0.736,0.3008
291.0,29,3,-18.71,-115.45,20.88,50.0,0.0007,-0.1758
291.0,3,3,-10.65,-110.23,12.19,50.0,0.0118,-0.1082
291.0,30,3,0.65,-50.7,10.69,50.0,0.3838,0.0987
291.0,31,3,-2.66,-103.36,10.83,50.0,0.1639,0.0133
291.0,32,3,-10.05,-100.86,11.98,50.0,0.0145,-0.1094
291.0,33,3,-16.51,-100.68,16.78,50.0,0.0015,-0.1622
291.0,37,3,-13.26,-109.14,13.51,50.0,0.0048,-0.1301
291.0,38,3,-10.23,-108.76,12.04,50.0,0.0137,-0.1053
291.0,4,3,-8.77,-104.09,11.62,50.0,0.0225,-0.0945
291.0,40,3,-60.0,-50.05,1396.87,50.0,0.0,-0.4347
291.0,45,3,1.45,-54.59,10.67,50.0,0.4521,0.1384
291.0,46,3,-4.45,-37.66,10.96,50.0,0.0948,-0.0763
291.0,47,3,-24.24,-112.29,47.42,50.0,0.0001,-0.2575
291.0,48,3,-34.19,-120.68,373.96,50.0,0.0,-0.3918
291.0,49,3,-8.31,-91.27,11.52,50.0,0.0264,-0.0987
291.0,5,3,-14.5,-110.55,14.48,50.0,0.0031,-0.1392
291.0,50,3,-36.26,-113.13,597.05,50.0,0.0,-0.3918
291.0,51,3,-26.9,-101.14,78.42,50.0,0.0,-0.3393
291.0,52,3,-16.78,-98.19,17.18,50.0,0.0014,-0.1663
291.0,53,3,-1.2,-53.62,10.75,50.0,0.246,0.0253
291.0,57,3,-15.25,-105.09,15.22,50.0,0.0024,-0.1487
291.0,59,3,-11.81,-92.18,12.68,50.0,0.0079,-0.1307
291.0,6,3,-6.39,-38.33,11.18,50.0,0.0504,-0.1106
291.0,60,3,-16.58,-108.01,16.89,50.0,0.0015,-0.1575
291.0,61,1,-29.22,-131.71,232.17,50.0,0.0,-0.3536
291.0,62,3,-16.25,-104.62,16.42,50.0,0.0017,-0.1572
291.0,65,3,-3.54,-94.53,10.89,50.0,0.1259,-0.0166
291.0,67,3,-17.07,-105.54,17.65,50.0,0.0013,-0.1636
291.0,68,3,-12.88,-108.76,13.27,50.0,0.0054,-0.1274
291.0,69,3,-30.03,-118.65,150.16,50.0,0.0,-0.3918
291.0,70,3,4.72,-56.73,10.61,50.0,0.7217,0.2943
291.0,71,3,-2.01,-49.86,10.79,50.0,0.1972,-0.0052
291.0,72,3,-18.02,-99.47,19.37,50.0,0.0009,-0.1765
291.0,73,3,-35.87,-114.83,546.57,50.0,0.0,-0.3918
291.0,74,3,-0.14,-63.03,10.71,50.0,0.3212,0.0735
291.0,75,3,-24.67,-103.17,51.17,50.0,0.0001,-0.2721
291.0,76,1,-9.76,-118.64,3.11,50.0,0.016,-0.0527
291.0,78,3,-30.6,-110.11,169.57,50.0,0.0,-0.3918
291.0,8,3,-5.45,-38.42,11.06,50.0,0.0687,-0.0955
291.0,80,3,-27.95,-115.43,97.03,50.0,0.0,-0.3755
291.0,81,3,-25.03,-121.77,54.72,50.0,0.0001,-0.2761
291.0,82,1,-17.2,-106.34,15.04,50.0,0.0012,-0.1251
291.0,83,3,-29.81,-105.3,143.19,50.0,0.0,-0.3942
291.0,85,3,-32.71,-118.75,269.54,50.0,0.0,-0.3918
291.0,86,3,-18.57,-98.09,20.56,50.0,0.0007,-0.1829
291.0,87,3,-5.45,-57.25,11.06,50.0,0.0685,-0.0832
291.0,88,4,-30.44,-150.0,153.6,50.0,0.0,-0.3505
291.0,89,3,1.5,-55.31,10.66,50.0,0.4565,0.1413
291.0,9,3,-10.25,-54.82,12.04,50.0,0.0136,-0.144
291.0,90,3,-13.35,-107.12,13.58,50.0,0.0046,-0.1323
291.0,91,3,-17.67,-110.97,18.69,50.0,0.001,-0.1658
291.0,92,3,-28.3,-110.06,104.37,50.0,0.0,-0.3832
291.0,93,1,-26.21,-115.65,116.46,50.0,0.0,-0.3385
291.0,94,3,-29.41,-114.06,131.68,50.0,0.0,-0.3888
291.0,95,3,-2.89,-104.08,10.84,50.0,0.1532,0.0073
291.0,96,3,-6.54,-102.38,11.2,50.0,0.0479,-0.0683
292.0,1,3,-13.38,-103.49,7.25,50.0,0.0046,-0.1069
292.0,10,3,-17.16,-113.72,11.45,50.0,0.0012,-0.133
292.0,11,1,0.41,-35.76,3.58,50.0,0.3645,0.0815
292.0,14,1,2.11,-66.77,3.49,50.0,0.5098,0.1698
292.0,15,3,-14.46,-113.62,8.11,50.0,0.0031,-0.1107
292.0,16,1,-2.93,-35.53,3.88,50.0,0.1513,-0.0247
292.0,18,3,-21.69,-111.75,24.69,50.0,0.0003,-0.1835
292.0,19,3,-60.0,-36.34,1390.53,50.0,0.0,-0.4263
292.0,20,3,-53.87,-50.11,1390.53,50.0,0.0,-0.4191
292.0,21,1,-8.29,-108.96,5.21,50.0,0.0265,-0.0605
292.0,22,3,-28.71,-106.78,107.35,50.0,0.0,-0.3721
292.0,23,1,-29.19,-120.99,233.19,50.0,0.0,-0.369
292.0,24,1,-15.03,-111.72,12.18,50.0,0.0026,-0.1204
292.0,25,1,-4.77,-51.14,4.17,50.0,0.0855,-0.055
292.0,26,3,-60.0,-43.67,1390.53,50.0,0.0,-0.4237
292.0,27,3,-6.66,-60.79,4.87,50.0,0.0461,-0.0715
292.0,28,1,0.25,-50.76,3.59,50.0,0.3519,0.0831
292.0,29,1,-19.22,-116.03,26.52,50.0,0.0006,-0.1715
292.0,3,3,-30.52,-103.43,160.39,50.0,0.0,-0.381
292.0,30,1,-1.47,-58.1,3.72,50.0,0.229,0.0285
292.0,31,1,-15.34,-103.31,12.83,50.0,0.0023,-0.1282
292.0,32,3,-5.95,-101.57,4.78,50.0,0.0582,-0.0317
292.0,33,3,-17.75,-107.52,12.48,50.0,0.001,-0.14
292.0,34,3,4.1,-35.96,4.27,50.0,0.6759,0.2823
292.0,35,3,2.46,-38.04,4.3,50.0,0.5405,0.2045
292.0,37,1,-7.68,-106.55,4.97,50.0,0.0327,-0.0556
292.0,38,1,-8.87,-108.19,5.48,50.0,0.0218,-0.0668
292.0,39,3,4.88,-53.1,4.26,50.0,0.7327,0.327
292.0,4,3,-17.67,-110.4,12.35,50.0,0.001,-0.1376
292.0,40,3,-60.0,-46.18,1390.53,50.0,0.0,-0.4219
292.0,42,1,-6.15,-28.75,4.48,50.0,0.0545,-0.0843
292.0,44,3,-4.63,-52.49,4.63,50.0,0.0896,-0.0428
292.0,45,3,-4.36,-50.12,4.61,50.0,0.0974,-0.039
292.0,47,1,-24.81,-116.98,87.29,50.0,0.0,-0.3216
292.0,48,3,-23.91,-126.97,38.35,50.0,0.0001,-0.2222
292.0,49,1,-17.46,-100.38,18.79,50.0,0.0011,-0.1537
292.0,5,1,-16.85,-113.08,16.76,50.0,0.0014,-0.1395
292.0,50,3,-41.87,-119.03,1390.53,50.0,0.0,-0.3763
292.0,51,3,-15.41,-110.59,9.05,50.0,0.0023,-0.1182
292.0,52,3,-9.65,-101.56,5.51,50.0,0.0167,-0.0769
292.0,53,1,-2.76,-58.06,3.86,50.0,0.159,-0.0077
292.0,54,3,-0.41,-56.95,4.38,50.0,0.3006,0.0861
292.0,57,1,-17.38,-102.01,18.53,50.0,0.0011,-0.1516
292.0,58,3,0.31,-115.43,4.35,50.0,0.356,0.1542
292.0,59,3,-6.99,-93.35,4.93,50.0,0.0412,-0.0529
292.0,60,3,-21.32,-110.12,23.03,50.0,0.0003,-0.1783
292.0,61,3,-38.77,-119.66,1048.19,50.0,0.0,-0.3763
292.0,62,1,-9.67,-121.75,5.92,50.0,0.0165,-0.0731
292.0,63,3,1.25,-55.86,4.33,50.0,0.4348,0.1581
292.0,64,3,-8.25,-98.36,5.16,50.0,0.0269,-0.0648
292.0,65,3,-4.31,-106.88,4.6,50.0,0.0988,0.0025
292.0,67,1,-14.85,-111.11,11.82,50.0,0.0027,-0.1187
292.0,68,3,-28.37,-112.09,99.41,50.0,0.0,-0.3669
292.0,69,1,-22.4,-125.31,51.51,50.0,0.0002,-0.2378
292.0,70,3,-5.34,-53.57,4.7,50.0,0.0712,-0.0556
292.0,72,3,-7.38,-102.55,4.99,50.0,0.0362,-0.0513
292.0,73,3,-29.52,-130.52,128.26,50.0,0.0,-0.3739
292.0,75,3,-4.24,-100.38,4.6,50.0,0.1013,-0.0005
292.0,76,3,-5.87,-110.67,4.77,50.0,0.0598,-0.0244
292.0,78,3,-30.86,-115.25,173.1,50.0,0.0,-0.3763
292.0,80,1,-21.6,-121.18,43.45,50.0,0.0003,-0.2176
292.0,81,1,-27.35,-120.48,154.1,50.0,0.0,-0.3598
292.0,82,1,-16.11,-104.91,14.67,50.0,0.0018,-0.1349
292.0,83,1,-19.6,-123.0,28.62,50.0,0.0005,-0.1777
292.0,85,1,-22.98,-133.54,58.41,50.0,0.0001,-0.2546
292.0,86,3,-12.68,-105.32,6.8,50.0,0.0058,-0.1001
292.0,88,3,-18.31,-115.23,13.63,50.0,0.0008,-0.1436
292.0,89,3,-2.27,-54.37,4.46,50.0,0.1831,0.018
292.0,9,1,-0.97,-63.35,3.68,50.0,0.2613,0.0483
292.0,90,3,-15.6,-103.77,9.27,50.0,0.0021,-0.1243
292.0,91,1,-7.69,-106.74,4.97,50.0,0.0325,-0.0556
292.0,92,3,-16.0,-116.51,9.75,50.0,0.0018,-0.1231
292.0,93,1,-26.7,-108.83,133.11,50.0,0.0,-0.3573
292.0,94,1,-25.14,-118.44,94.0,50.0,0.0,-0.3367
292.0,95,1,-2.14,-113.69,3.79,50.0,0.1899,0.0457
292.0,96,1,-13.94,-112.71,10.22,50.0,0.0038,-0.1102
292.0,97,3,-5.26,-94.85,4.7,50.0,0.0731,-0.0247
293.0,1,3,-10.9,-98.33,12.33,50.0,0.0108,-0.1189
293.0,10,3,-19.24,-114.64,22.25,50.0,0.0006,-0.1814
293.0,11,1,-3.02,-34.66,1.08,50.0,0.1471,-0.0063
293.0,13,3,2.05,-53.67,10.7,50.0,0.5043,0.166
293.0,15,3,-15.82,-109.49,15.92,50.0,0.002,-0.1503
293.0,16,3,3.57,-34.64,10.67,50.0,0.6339,0.2291
293.0,18,3,-18.13,-110.35,19.64,50.0,0.0009,-0.1702
293.0,19,3,-60.0,-42.1,1396.92,50.0,0.0,-0.4404
293.0,20,3,-51.01,-53.48,1396.92,50.0,0.0,-0.4323
293.0,21,3,-8.46,-104.22,11.59,50.0,0.0251,-0.0912
293.0,22,3,-23.23,-106.78,39.76,50.0,0.0001,-0.2395
293.0,23,3,-25.0,-114.04,54.43,50.0,0.0001,-0.2755
293.0,24,3,-9.5,-104.43,11.86,50.0,0.0175,-0.1018
293.0,25,3,-4.78,-47.09,11.03,50.0,0.0851,-0.0782
293.0,26,3,-60.0,-42.27,1396.92,50.0,0.0,-0.4403
293.0,29,3,-17.67,-117.85,18.74,50.0,0.001,-0.166
293.0,3,3,-15.22,-103.26,15.23,50.0,0.0024,-0.1499
293.0,30,3,2.57,-55.52,10.69,50.0,0.5494,0.1922
293.0,31,3,-17.11,-93.83,17.75,50.0,0.0012,-0.1725
293.0,32,3,0.91,-97.37,10.72,50.0,0.4055,0.1436
293.0,33,1,-13.12,-129.62,6.22,50.0,0.005,-0.0823
293.0,34,3,-6.01,-32.43,11.17,50.0,0.0572,-0.105
293.0,35,3,-4.41,-30.08,11.0,50.0,0.0959,-0.0757
293.0,37,3,-10.41,-107.25,12.15,50.0,0.0128,-0.1083
293.0,38,3,-31.77,-105.77,219.15,50.0,0.0,-0.3949
293.0,39,3,4.07,-52.46,10.66,50.0,0.6739,0.2616
293.0,4,3,-13.96,-103.17,14.07,50.0,0.0037,-0.1401
293.0,40,3,-60.0,-42.39,1396.92,50.0,0.0,-0.4402
293.0,42,3,-2.73,-29.81,10.88,50.0,0.1606,-0.0341
293.0,43,1,-1.36,-36.96,0.9,50.0,0.2361,0.0398
293.0,44,3,-4.17,-52.93,10.98,50.0,0.1034,-0.0613
293.0,45,3,0.26,-51.66,10.74,50.0,0.3521,0.082
293.0,46,3,1.89,-57.39,10.7,50.0,0.4902,0.1609
293.0,47,1,-35.79,-120.09,1052.82,50.0,0.0,-0.358
293.0,48,3,-26.75,-116.66,76.21,50.0,0.0,-0.3279
293.0,5,1,-18.4,-115.85,19.71,50.0,0.0008,-0.1386
293.0,50,1,-23.07,-129.88,56.75,50.0,0.0001,-0.2367
293.0,51,3,-20.1,-104.03,24.8,50.0,0.0004,-0.1953
293.0,52,3,-14.79,-97.23,14.8,50.0,0.0028,-0.1508
293.0,53,3,-3.14,-46.9,10.9,50.0,0.1422,-0.0405
293.0,54,3,-0.24,-59.07,10.76,50.0,0.3137,0.0664
293.0,55,3,-2.73,-46.91,10.88,50.0,0.1603,-0.0293
293.0,57,3,-12.41,-115.31,13.04,50.0,0.0064,-0.123
293.0,58,1,-5.99,-127.18,1.63,50.0,0.0575,-0.0114
293.0,59,3,-19.17,-98.79,22.07,50.0,0.0006,-0.1887
293.0,6,3,-4.39,-38.84,11.0,50.0,0.0964,-0.0753
293.0,60,3,-18.1,-108.57,19.57,50.0,0.0009,-0.171
293.0,61,3,-24.25,-116.84,47.49,50.0,0.0001,-0.2578
293.0,62,3,-11.01,-112.79,12.37,50.0,0.0104,-0.1115
293.0,63,3,-5.61,-55.11,11.12,50.0,0.0652,-0.0876
293.0,64,3,-2.52,-105.55,10.86,50.0,0.1703,0.0186
293.0,66,1,2.4,-69.12,0.67,50.0,0.5348,0.2042
293.0,67,3,-6.23,-109.62,11.2,50.0,0.0531,-0.0587
293.0,68,3,-22.23,-108.38,33.78,50.0,0.0002,-0.2212
293.0,69,3,-33.85,-120.86,347.21,50.0,0.0,-0.3919
293.0,72,3,-11.81,-110.2,12.72,50.0,0.0079,-0.1181
293.0,73,3,-40.42,-127.09,1396.92,50.0,0.0,-0.3919
293.0,74,3,-7.12,-50.21,11.33,50.0,0.0395,-0.1137
293.0,75,3,-12.0,-95.68,12.82,50.0,0.0074,-0.1299
293.0,76,3,4.2,-94.72,10.66,50.0,0.6832,0.2975
293.0,77,3,-0.26,-41.03,10.76,50.0,0.3119,0.0526
293.0,78,3,-29.37,-108.79,130.49,50.0,0.0,-0.3896
293.0,79,3,-0.98,-48.81,10.79,50.0,0.2606,0.0299
293.0,8,3,-5.58,-43.7,11.12,50.0,0.0657,-0.0953
293.0,80,1,-23.06,-130.16,56.59,50.0,0.0001,-0.2363
293.0,81,3,-33.37,-111.13,311.49,50.0,0.0,-0.3919
293.0,82,1,-10.89,-114.62,3.93,50.0,0.0108,-0.0632
293.0,83,3,-18.55,-112.36,20.55,50.0,0.0008,-0.1743
293.0,85,3,-37.85,-122.73,854.77,50.0,0.0,-0.3919
293.0,86,3,-20.75,-94.22,27.1,50.0,0.0003,-0.2103
293.0,88,1,-35.93,-125.23,1085.62,50.0,0.0,-0.358
293.0,9,3,2.28,-62.6,10.69,50.0,0.5247,0.1836
293.0,90,3,-13.25,-107.4,13.55,50.0,0.0048,-0.1315
293.0,91,1,-13.58,-122.61,6.85,50.0,0.0043,-0.0863
293.0,92,3,-24.81,-116.41,52.58,50.0,0.0001,-0.2708
293.0,93,3,-15.13,-106.68,15.14,50.0,0.0025,-0.1468
293.0,94,3,-27.1,-118.94,81.78,50.0,0.0,-0.3408
293.0,95,3,-12.57,-87.81,13.13,50.0,0.0061,-0.1401
293.0,96,3,-8.64,-103.99,11.63,50.0,0.0235,-0.0934
293.0,97,3,-3.46,-99.43,10.92,50.0,0.129,-0.0113
294.0,1,1,-9.27,-104.78,5.39,50.0,0.019,-0.0714
294.0,10,3,-11.62,-117.79,6.6,50.0,0.0084,-0.09
294.0,11,1,2.57,-36.19,3.18,50.0,0.5497,0.1715
294.0,14,3,-5.83,-59.41,5.11,50.0,0.0606,-0.0616
294.0,15,1,-11.7,-127.43,7.15,50.0,0.0082,-0.0891
294.0,16,1,2.1,-36.46,3.2,50.0,0.5083,0.1516
294.0,18,3,-9.21,-115.56,5.74,50.0,0.0194,-0.0683
294.0,20,3,-59.82,-52.95,1390.88,50.0,0.0,-0.4181
294.0,21,3,-5.17,-96.27,5.03,50.0,0.0751,-0.0239
294.0,22,3,-21.06,-96.49,22.29,50.0,0.0003,-0.1861
294.0,23,3,-31.92,-116.18,220.06,50.0,0.0,-0.3773
294.0,24,1,-19.97,-110.98,30.59,50.0,0.0005,-0.1825
294.0,25,1,-9.19,-52.75,5.35,50.0,0.0195,-0.1078
294.0,26,3,-52.62,-54.89,1390.88,50.0,0.0,-0.4168
294.0,28,1,0.0,-44.91,3.32,50.0,0.3318,0.0709
294.0,29,3,-21.51,-111.39,24.21,50.0,0.0003,-0.1827
294.0,3,3,-19.53,-107.43,17.01,50.0,0.0005,-0.1598
294.0,30,1,3.81,-59.24,3.14,50.0,0.6531,0.2361
294.0,31,3,-1.53,-107.01,4.77,50.0,0.2253,0.0782
294.0,32,3,-15.1,-98.99,9.06,50.0,0.0025,-0.1254
294.0,33,1,-9.83,-106.2,5.72,50.0,0.0157,-0.0756
294.0,37,3,-19.32,-111.26,16.44,50.0,0.0006,-0.1557
294.0,38,3,-14.83,-103.45,8.8,50.0,0.0028,-0.12
294.0,4,3,-13.69,-104.78,7.82,50.0,0.0041,-0.1102
294.0,40,3,-56.34,-55.14,1390.88,50.0,0.0,-0.4166
294.0,42,1,0.13,-38.48,3.31,50.0,0.3422,0.0724
294.0,43,1,-3.29,-33.54,3.64,50.0,0.1356,-0.0317
294.0,44,1,-2.95,-54.06,3.59,50.0,0.1503,-0.0136
294.0,45,3,0.82,-57.06,4.69,50.0,0.3982,0.1374
294.0,46,3,-3.93,-59.85,4.92,50.0,0.1115,-0.0243
294.0,47,1,-16.6,-116.2,15.73,50.0,0.0015,-0.135
294.0,48,3,-12.43,-115.23,7.01,50.0,0.0064,-0.0965
294.0,5,3,-25.28,-111.64,51.37,50.0,0.0001,-0.2562
294.0,50,3,-25.57,-116.69,54.62,50.0,0.0001,-0.2642
294.0,51,1,-16.58,-117.55,15.66,50.0,0.0015,-0.1348
294.0,52,1,-24.76,-115.52,85.94,50.0,0.0,-0.3176
294.0,57,1,-14.94,-105.29,11.71,50.0,0.0027,-0.1212
294.0,58,3,-6.31,-107.2,5.17,50.0,0.0517,-0.035
294.0,59,3,-19.46,-107.27,16.83,50.0,0.0005,-0.1592
294.0,6,1,-7.56,-38.56,4.63,50.0,0.034,-0.1002
294.0,60,3,-17.02,-108.94,11.57,50.0,0.0013,-0.1342
294.0,61,3,-19.95,-119.28,18.29,50.0,0.0005,-0.1627
294.0,62,6,-37.03,-150.0,35.0,50.0,0.0,-0.2202
294.0,63,3,2.01,-56.97,4.66,50.0,0.5009,0.1931
294.0,64,3,-5.41,-107.25,5.06,50.0,0.0696,-0.0203
294.0,67,1,-16.7,-125.37,16.02,50.0,0.0014,-0.1362
294.0,68,3,-31.69,-115.8,209.0,50.0,0.0,-0.3773
294.0,69,1,-29.38,-121.66,243.22,50.0,0.0,-0.3689
294.0,70,3,-6.54,-51.85,5.2,50.0,0.0479,-0.0779
294.0,71,1,1.12,-50.31,3.25,50.0,0.424,0.1188
294.0,72,3,-15.66,-113.74,9.68,50.0,0.0021,-0.122
294.0,73,3,-30.19,-133.39,149.29,50.0,0.0,-0.3773
294.0,75,3,-10.36,-100.76,6.09,50.0,0.013,-0.0858
294.0,76,1,-8.22,-110.48,4.89,50.0,0.0272,-0.0573
294.0,78,3,-14.96,-114.63,8.92,50.0,0.0026,-0.1164
294.0,80,3,-32.63,-115.28,258.39,50.0,0.0,-0.3774
294.0,81,3,-31.25,-111.39,189.45,50.0,0.0,-0.3773
294.0,82,1,-20.67,-99.97,35.42,50.0,0.0004,-0.2029
294.0,83,1,-16.33,-118.27,14.95,50.0,0.0016,-0.132
294.0,84,1,-1.18,-69.33,3.41,50.0,0.2471,0.0472
294.0,85,1,-32.81,-130.08,533.08,50.0,0.0,-0.372
294.0,86,3,-10.02,-108.63,5.97,50.0,0.0146,-0.0771
294.0,87,1,-3.2,-65.93,3.62,50.0,0.1396,-0.011
294.0,88,3,-23.57,-110.77,36.14,50.0,0.0001,-0.2171
294.0,9,3,-2.23,-61.06,4.81,50.0,0.1856,0.0225
294.0,90,1,-24.84,-115.74,87.59,50.0,0.0,-0.3213
294.0,91,1,-14.71,-114.83,11.25,50.0,0.0029,-0.1156
294.0,92,3,-25.26,-119.04,51.08,50.0,0.0001,-0.2556
294.0,93,3,-23.06,-102.02,32.66,50.0,0.0002,-0.2132
294.0,94,3,-17.67,-120.18,12.68,50.0,0.001,-0.1393
294.0,95,1,-3.18,-97.89,3.62,50.0,0.1401,0.0122
294.0,96,1,-10.53,-106.85,6.18,50.0,0.0123,-0.0813
294.0,97,1,-2.98,-95.7,3.6,50.0,0.1491,0.0155
295.0,1,1,-20.09,-107.92,29.16,50.0,0.0004,-0.1708
295.0,10,1,-20.57,-117.65,32.49,50.0,0.0004,-0.1785
295.0,13,3,1.29,-51.56,9.21,50.0,0.4379,0.1345
295.0,15,1,-14.81,-109.93,9.28,50.0,0.0028,-0.1014
295.0,16,1,-0.39,-34.06,1.18,50.0,0.3023,0.0684
295.0,17,3,-8.13,-94.07,10.02,50.0,0.028,-0.0887
295.0,18,3,-15.1,-109.96,13.61,50.0,0.0025,-0.1381
295.0,19,3,-60.0,-46.4,1395.41,50.0,0.0,-0.4343
295.0,20,3,-58.05,-51.94,1395.41,50.0,0.0,-0.4303
295.0,21,3,-9.41,-100.0,10.33,50.0,0.0181,-0.098
295.0,22,1,-17.82,-112.97,17.68,50.0,0.001,-0.1346
295.0,23,1,-23.57,-127.7,63.93,50.0,0.0001,-0.2566
295.0,24,3,-16.66,-104.55,15.55,50.0,0.0015,-0.1548
295.0,26,3,-60.0,-41.24,1395.41,50.0,0.0,-0.438
295.0,28,3,2.64,-49.17,9.18,50.0,0.5558,0.1973
295.0,29,3,-14.8,-109.61,13.31,50.0,0.0028,-0.136
295.0,3,3,-16.04,-108.74,14.69,50.0,0.0018,-0.1466
295.0,30,3,-5.18,-51.99,9.57,50.0,0.075,-0.0761
295.0,31,3,-10.18,-99.49,10.56,50.0,0.0139,-0.1056
295.0,32,3,-11.62,-97.88,11.13,50.0,0.0084,-0.1192
295.0,33,3,-27.15,-103.57,81.04,50.0,0.0,-0.3411
295.0,34,3,-1.25,-36.94,9.29,50.0,0.243,0.0198
295.0,35,3,-5.6,-31.29,9.62,50.0,0.0655,-0.0921
295.0,37,3,-9.94,-105.08,10.48,50.0,0.0151,-0.0994
295.0,38,3,-17.31,-106.21,16.58,50.0,0.0012,-0.1593
295.0,4,3,-28.41,-99.05,105.32,50.0,0.0,-0.3886
295.0,40,3,-47.34,-54.4,1395.41,50.0,0.0,-0.4286
295.0,42,1,2.92,-36.02,1.0,50.0,0.5795,0.2012
295.0,44,3,-0.06,-49.98,9.25,50.0,0.3268,0.0732
295.0,45,3,-4.4,-46.58,9.49,50.0,0.0961,-0.0647
295.0,47,3,-31.47,-108.82,203.57,50.0,0.0,-0.3896
295.0,48,3,-34.36,-123.11,387.74,50.0,0.0,-0.3888
295.0,49,3,2.83,-63.0,9.18,50.0,0.5722,0.2164
295.0,5,1,-16.27,-117.18,12.63,50.0,0.0017,-0.1162
295.0,50,3,-34.09,-113.38,364.91,50.0,0.0,-0.3888
295.0,51,3,-11.36,-108.31,11.01,50.0,0.0092,-0.1096
295.0,52,3,-7.83,-107.07,9.96,50.0,0.031,-0.076
295.0,53,3,-3.53,-47.69,9.42,50.0,0.126,-0.044
295.0,54,3,-1.79,-56.24,9.32,50.0,0.2096,0.0125
295.0,57,3,-10.4,-108.77,10.64,50.0,0.0129,-0.1009
295.0,58,3,-12.74,-99.13,11.72,50.0,0.0057,-0.1273
295.0,59,1,-16.32,-103.99,12.76,50.0,0.0016,-0.121
295.0,6,1,0.15,-41.51,1.14,50.0,0.3437,0.0895
295.0,60,3,-26.08,-103.47,65.3,50.0,0.0,-0.3043
295.0,61,3,-29.08,-113.01,121.4,50.0,0.0,-0.3841
295.0,62,3,-6.57,-99.72,9.74,50.0,0.0474,-0.0647
295.0,63,3,-1.6,-55.83,9.31,50.0,0.2208,0.0186
295.0,64,3,-0.71,-95.53,9.27,50.0,0.2791,0.0796
295.0,65,3,-3.55,-63.51,9.43,50.0,0.1254,-0.0331
295.0,67,1,-24.66,-128.52,81.87,50.0,0.0001,-0.298
295.0,68,3,-18.63,-112.73,19.23,50.0,0.0007,-0.169
295.0,69,3,-28.85,-118.16,115.43,50.0,0.0,-0.383
295.0,72,3,-1.98,-110.87,9.33,50.0,0.1988,0.0446
295.0,73,3,-36.73,-126.16,661.56,50.0,0.0,-0.3888
295.0,74,3,5.12,-54.75,9.14,50.0,0.7489,0.3164
295.0,75,3,-28.79,-93.54,113.94,50.0,0.0,-0.3944
295.0,76,3,2.84,-106.48,9.18,50.0,0.5729,0.2478
295.0,77,3,-8.57,-42.43,10.11,50.0,0.0241,-0.1305
295.0,78,3,-24.38,-111.39,47.14,50.0,0.0001,-0.2547
295.0,8,3,-6.32,-38.38,9.71,50.0,0.0516,-0.1036
295.0,80,3,-39.01,-114.94,1113.63,50.0,0.0,-0.3888
295.0,81,3,-39.72,-116.77,1307.82,50.0,0.0,-0.3888
295.0,82,1,-11.1,-110.93,4.46,50.0,0.0101,-0.0688
295.0,83,3,-12.42,-104.95,11.54,50.0,0.0064,-0.1206
295.0,84,3,-5.82,-55.05,9.64,50.0,0.0608,-0.0851
295.0,85,3,-39.08,-123.89,1129.84,50.0,0.0,-0.3888
295.0,86,3,-10.69,-104.73,10.74,50.0,0.0116,-0.1064
295.0,87,3,1.34,-61.46,9.21,50.0,0.4422,0.1439
295.0,88,3,-22.26,-108.22,32.42,50.0,0.0002,-0.2157
295.0,89,3,-6.44,-49.81,9.72,50.0,0.0495,-0.0985
295.0,90,1,-16.9,-131.44,14.47,50.0,0.0013,-0.1233
295.0,91,1,-26.16,-112.21,115.33,50.0,0.0,-0.3418
295.0,92,3,-20.93,-116.12,26.27,50.0,0.0003,-0.1952
295.0,93,3,-22.07,-110.05,31.42,50.0,0.0002,-0.2114
295.0,94,3,-21.04,-122.44,26.72,50.0,0.0003,-0.1967
295.0,95,1,-4.08,-110.56,1.59,50.0,0.1064,0.0168
295.0,96,3,-18.49,-101.53,18.92,50.0,0.0008,-0.1737
295.0,97,3,-20.04,-98.6,23.12,50.0,0.0004,-0.1924
295.0,98,3,-12.41,-104.72,11.53,50.0,0.0064,-0.1207
296.0,1,1,-13.27,-105.39,8.11,50.0,0.0047,-0.1008
296.0,10,3,-25.41,-122.8,54.2,50.0,0.0001,-0.2666
296.0,11,1,-4.3,-35.26,2.96,50.0,0.0992,-0.0476
296.0,15,1,-29.75,-127.25,264.13,50.0,0.0,-0.3673
296.0,16,1,4.83,-43.17,2.28,50.0,0.7292,0.2689
296.0,17,1,-7.3,-100.81,3.7,50.0,0.0372,-0.0486
296.0,18,3,-21.38,-109.92,25.02,50.0,0.0003,-0.1877
296.0,19,3,-60.0,-44.21,1392.27,50.0,0.0,-0.4284
296.0,20,3,-60.0,-60.09,1392.27,50.0,0.0,-0.417
296.0,21,3,-0.55,-111.51,6.13,50.0,0.2905,0.1099
296.0,22,1,-23.97,-111.91,71.32,50.0,0.0001,-0.2809
296.0,23,3,-25.33,-119.18,53.31,50.0,0.0001,-0.2644
296.0,24,1,-16.83,-113.5,15.57,50.0,0.0014,-0.1325
296.0,25,1,-6.43,-51.71,3.43,50.0,0.0498,-0.0729
296.0,26,3,-60.0,-40.26,1392.27,50.0,0.0,-0.4312
296.0,27,3,-3.09,-63.93,6.26,50.0,0.1439,-0.0074
296.0,28,3,-3.09,-46.02,6.26,50.0,0.1442,-0.02
296.0,29,3,-21.64,-109.37,26.18,50.0,0.0003,-0.1917
296.0,3,3,-19.98,-104.78,19.77,50.0,0.0005,-0.1735
296.0,30,3,4.85,-53.79,6.01,50.0,0.7304,0.3175
296.0,31,1,-15.68,-110.33,12.48,50.0,0.002,-0.1201
296.0,32,3,-8.54,-101.17,6.97,50.0,0.0244,-0.0745
296.0,33,1,-13.48,-115.31,8.39,50.0,0.0044,-0.0993
296.0,37,3,-12.52,-109.28,8.46,50.0,0.0062,-0.1046
296.0,38,1,-16.89,-120.95,15.76,50.0,0.0013,-0.1332
296.0,4,3,-18.9,-105.66,16.75,50.0,0.0007,-0.1611
296.0,40,3,-48.19,-59.48,1392.27,50.0,0.0,-0.4175
296.0,41,3,-7.98,-62.47,6.85,50.0,0.0295,-0.0958
296.0,44,1,4.55,-57.98,2.29,50.0,0.7095,0.2691
296.0,46,3,-5.83,-58.24,6.51,50.0,0.0607,-0.0692
296.0,47,3,-23.56,-108.72,37.48,50.0,0.0001,-0.2247
296.0,48,3,-25.68,-118.22,57.19,50.0,0.0001,-0.2739
296.0,5,3,-25.23,-109.36,52.2,50.0,0.0001,-0.2621
296.0,50,3,-39.15,-112.68,1146.37,50.0,0.0,-0.3814
296.0,51,3,-10.5,-106.8,7.53,50.0,0.0124,-0.0895
296.0,52,3,-17.21,-110.15,13.26,50.0,0.0012,-0.1419
296.0,55,1,1.37,-61.77,2.4,50.0,0.4455,0.1423
296.0,57,3,-11.47,-114.2,7.92,50.0,0.0089,-0.0955
296.0,58,1,-0.44,-115.21,2.51,50.0,0.2984,0.1065
296.0,59,1,-6.93,-115.16,3.58,50.0,0.042,-0.0377
296.0,6,1,-1.74,-38.06,2.62,50.0,0.2124,0.014
296.0,60,3,-17.98,-111.05,14.69,50.0,0.0009,-0.149
296.0,61,3,-27.05,-113.38,76.24,50.0,0.0,-0.319
296.0,62,1,-15.57,-120.37,12.22,50.0,0.0021,-0.119
296.0,63,3,-2.67,-52.71,6.23,50.0,0.1634,-0.0035
296.0,64,3,-10.57,-98.33,7.56,50.0,0.0121,-0.0962
296.0,67,1,-16.56,-108.32,14.77,50.0,0.0015,-0.1307
296.0,68,3,-37.03,-112.3,705.32,50.0,0.0,-0.3814
296.0,69,3,-20.12,-121.98,20.24,50.0,0.0004,-0.1715
296.0,70,3,-1.64,-54.32,6.17,50.0,0.2187,0.03
296.0,71,3,-1.68,-43.2,6.18,50.0,0.216,0.0206
296.0,72,1,-21.33,-123.43,39.9,50.0,0.0003,-0.2046
296.0,73,1,-30.99,-131.69,350.08,50.0,0.0,-0.3686
296.0,75,3,-29.84,-92.74,139.71,50.0,0.0,-0.3928
296.0,76,1,3.25,-107.59,2.32,50.0,0.6081,0.2533
296.0,77,3,-0.61,-42.81,6.13,50.0,0.286,0.0595
296.0,78,3,-32.73,-110.63,265.98,50.0,0.0,-0.3814
296.0,79,1,3.24,-65.86,2.32,50.0,0.6066,0.2228
296.0,8,3,-11.04,-41.31,7.74,50.0,0.0103,-0.141
296.0,80,3,-15.74,-117.24,11.18,50.0,0.002,-0.1295
296.0,81,3,-17.67,-126.78,14.09,50.0,0.001,-0.1461
296.0,82,1,-10.87,-123.77,5.6,50.0,0.0109,-0.0769
296.0,83,3,-13.49,-106.71,9.07,50.0,0.0044,-0.114
296.0,85,1,-39.69,-133.03,2582.61,50.0,0.0,-0.3686
296.0,86,3,-7.46,-99.9,6.75,50.0,0.0352,-0.0628
296.0,88,3,-21.41,-104.67,25.17,50.0,0.0003,-0.1919
296.0,89,1,0.04,-53.84,2.48,50.0,0.3351,0.084
296.0,90,1,-15.84,-117.19,12.85,50.0,0.0019,-0.1217
296.0,91,3,-15.4,-105.42,10.79,50.0,0.0023,-0.13
296.0,92,3,-24.02,-112.28,40.95,50.0,0.0001,-0.233
296.0,93,3,-25.1,-108.07,50.79,50.0,0.0001,-0.2596
296.0,94,1,-26.23,-124.91,118.65,50.0,0.0,-0.3496
296.0,95,1,0.13,-103.95,2.47,50.0,0.3421,0.1232
296.0,96,3,-16.35,-94.69,11.96,50.0,0.0016,-0.1455
296.0,97,1,-6.82,-105.35,3.55,50.0,0.0436,-0.0397
296.0,98,3,-20.54,-104.68,21.68,50.0,0.0004,-0.1804
297.0,1,3,-9.59,-90.7,10.13,50.0,0.017,-0.1053
297.0,10,3,-28.42,-119.64,105.2,50.0,0.0,-0.3803
297.0,14,3,-0.14,-57.59,9.01,50.0,0.3208,0.0764
297.0,15,3,-20.45,-111.73,24.25,50.0,0.0004,-0.1881
297.0,16,3,-10.9,-28.27,10.57,50.0,0.0108,-0.1534
297.0,17,3,-23.77,-102.76,41.93,50.0,0.0001,-0.2458
297.0,18,3,-13.5,-99.54,11.98,50.0,0.0044,-0.1319
297.0,19,3,-60.0,-48.21,1395.17,50.0,0.0,-0.4324
297.0,20,3,-46.3,-60.19,1395.17,50.0,0.0,-0.4239
297.0,21,3,-11.81,-96.44,10.97,50.0,0.0079,-0.1207
297.0,22,3,-17.56,-107.36,16.77,50.0,0.0011,-0.1596
297.0,23,3,-28.97,-118.74,118.12,50.0,0.0,-0.383
297.0,24,3,-15.29,-105.44,13.55,50.0,0.0024,-0.1417
297.0,26,3,-60.0,-39.09,1395.17,50.0,0.0,-0.4383
297.0,27,3,-1.04,-63.62,9.04,50.0,0.2568,0.0455
297.0,29,3,-18.28,-111.97,18.21,50.0,0.0008,-0.1646
297.0,3,1,-26.11,-114.27,114.04,50.0,0.0,-0.3416
297.0,30,3,-8.85,-43.98,9.93,50.0,0.0219,-0.1313
297.0,31,3,-11.09,-102.0,10.65,50.0,0.0101,-0.1107
297.0,32,3,-11.06,-102.1,10.64,50.0,0.0103,-0.1104
297.0,33,1,-15.85,-117.64,11.56,50.0,0.0019,-0.1117
297.0,37,3,-11.36,-102.39,10.77,50.0,0.0092,-0.1128
297.0,38,3,-15.31,-102.02,13.57,50.0,0.0023,-0.1444
297.0,4,3,-16.67,-100.23,15.31,50.0,0.0014,-0.1569
297.0,40,3,-50.66,-58.93,1395.17,50.0,0.0,-0.4248
297.0,41,3,0.71,-66.05,8.98,50.0,0.3886,0.1192
297.0,42,3,-1.92,-31.84,9.08,50.0,0.2025,-0.0022
297.0,44,3,3.42,-54.36,8.92,50.0,0.6218,0.2395
297.0,46,3,4.47,-58.08,8.9,50.0,0.7037,0.291
297.0,47,3,-30.29,-110.88,157.2,50.0,0.0,-0.3882
297.0,48,1,-18.15,-131.35,18.99,50.0,0.0009,-0.1389
297.0,5,4,-13.74,-150.0,3.35,50.0,0.004,-0.071
297.0,50,3,-31.89,-112.16,223.29,50.0,0.0,-0.3882
297.0,51,3,-18.1,-101.7,17.82,50.0,0.0009,-0.1687
297.0,52,3,-7.98,-112.0,9.74,50.0,0.0295,-0.0746
297.0,53,3,-4.75,-53.19,9.28,50.0,0.086,-0.0661
297.0,54,3,1.1,-59.88,8.97,50.0,0.4222,0.1329
297.0,55,1,-0.02,-62.91,1.15,50.0,0.3302,0.0983
297.0,57,3,-5.27,-101.6,9.33,50.0,0.0727,-0.0414
297.0,59,3,-16.54,-95.7,15.12,50.0,0.0015,-0.159
297.0,6,3,-7.2,-33.51,9.6,50.0,0.0384,-0.115
297.0,60,3,-10.57,-98.91,10.45,50.0,0.0121,-0.1085
297.0,61,3,-31.37,-119.22,198.94,50.0,0.0,-0.3882
297.0,62,1,-18.63,-113.56,21.11,50.0,0.0007,-0.1457
297.0,63,3,-2.32,-56.17,9.1,50.0,0.1806,-0.0034
297.0,64,3,-6.65,-99.51,9.51,50.0,0.0462,-0.0649
297.0,66,3,-11.49,-56.07,10.82,50.0,0.0088,-0.1469
297.0,67,1,-29.6,-132.36,253.84,50.0,0.0,-0.3591
297.0,68,3,-20.43,-114.8,24.18,50.0,0.0004,-0.1879
297.0,69,1,-20.68,-134.1,33.33,50.0,0.0004,-0.1807
297.0,70,3,1.19,-55.07,8.97,50.0,0.4296,0.1335
297.0,72,1,-15.73,-113.66,11.26,50.0,0.002,-0.1105
297.0,73,3,-27.87,-124.99,93.74,50.0,0.0,-0.365
297.0,74,3,-4.2,-60.84,9.23,50.0,0.1025,-0.0491
297.0,75,3,-21.24,-100.01,27.33,50.0,0.0003,-0.2055
297.0,76,3,-9.54,-95.35,10.12,50.0,0.0173,-0.1015
297.0,77,3,-0.74,-45.39,9.03,50.0,0.2772,0.0438
297.0,78,1,-26.23,-113.18,117.2,50.0,0.0,-0.3422
297.0,79,1,5.1,-65.73,0.94,50.0,0.7478,0.3051
297.0,8,3,-3.74,-43.87,9.19,50.0,0.1181,-0.0508
297.0,80,3,-22.86,-113.54,35.65,50.0,0.0002,-0.2234
297.0,81,3,-23.47,-115.56,39.73,50.0,0.0001,-0.2347
297.0,82,3,-16.82,-92.73,15.54,50.0,0.0014,-0.1635
297.0,83,3,-18.17,-107.69,17.97,50.0,0.0009,-0.1651
297.0,85,3,-35.69,-125.52,523.32,50.0,0.0,-0.3883
297.0,86,3,-21.78,-95.45,29.75,50.0,0.0002,-0.2164
297.0,88,3,-26.99,-112.26,78.24,50.0,0.0,-0.3296
297.0,89,3,-4.55,-48.76,9.26,50.0,0.0919,-0.0651
297.0,9,3,-4.51,-59.15,9.26,50.0,0.093,-0.0569
297.0,90,3,-26.11,-108.68,65.46,50.0,0.0,-0.3005
297.0,91,1,-23.71,-118.49,66.05,50.0,0.0001,-0.2616
297.0,92,3,-36.22,-113.61,589.33,50.0,0.0,-0.3883
297.0,93,3,-11.94,-107.35,11.04,50.0,0.0075,-0.114
297.0,94,3,-31.97,-116.19,226.9,50.0,0.0,-0.3882
297.0,95,1,-16.05,-121.28,12.06,50.0,0.0018,-0.1138
297.0,96,3,-8.83,-98.49,9.93,50.0,0.0221,-0.0922
297.0,97,1,-9.16,-107.28,3.17,50.0,0.0197,-0.0534
297.0,98,1,-14.23,-111.57,8.23,50.0,0.0034,-0.096
298.0,1,1,-21.4,-103.65,40.08,50.0,0.0003,-0.2078
298.0,10,1,-29.66,-114.93,258.23,50.0,0.0,-0.3648
298.0,15,1,-24.42,-127.46,78.49,50.0,0.0001,-0.2954
298.0,17,3,-16.01,-89.41,12.13,50.0,0.0018,-0.1492
298.0,18,3,-12.11,-98.55,8.85,50.0,0.0071,-0.1118
298.0,19,3,-26.05,-94.1,62.46,50.0,0.0,-0.2993
298.0,20,3,-48.33,-53.82,1392.89,50.0,0.0,-0.4231
298.0,21,3,-3.55,-104.3,6.91,50.0,0.1253,0.0069
298.0,22,3,-20.28,-113.75,21.37,50.0,0.0004,-0.1762
298.0,23,3,-22.71,-115.07,32.49,50.0,0.0002,-0.211
298.0,24,1,-15.13,-110.27,10.81,50.0,0.0025,-0.1116
298.0,25,3,-0.19,-52.48,6.73,50.0,0.3172,0.0807
298.0,26,6,-59.62,-150.0,69.32,50.0,0.0,-0.289
298.0,28,3,-3.52,-40.49,6.9,50.0,0.1264,-0.038
298.0,29,1,-23.41,-122.17,62.51,50.0,0.0001,-0.2583
298.0,3,1,-20.25,-113.69,31.11,50.0,0.0004,-0.1794
298.0,30,3,-10.39,-50.33,8.11,50.0,0.0129,-0.1317
298.0,32,1,-14.2,-122.57,9.07,50.0,0.0034,-0.1028
298.0,33,3,-10.36,-107.26,8.1,50.0,0.013,-0.0908
298.0,34,3,-1.4,-30.74,6.78,50.0,0.2334,0.0253
298.0,35,3,3.37,-36.65,6.65,50.0,0.618,0.2369
298.0,37,3,-13.68,-104.93,9.83,50.0,0.0041,-0.1196
298.0,38,3,-6.98,-104.15,7.29,50.0,0.0413,-0.0564
298.0,4,3,-11.97,-99.72,8.78,50.0,0.0075,-0.1098
298.0,40,3,-60.0,-58.42,1392.89,50.0,0.0,-0.4198
298.0,43,1,2.18,-36.9,1.92,50.0,0.5154,0.1631
298.0,45,3,-0.39,-50.37,6.74,50.0,0.3022,0.0709
298.0,46,3,-6.62,-54.43,7.23,50.0,0.0467,-0.0868
298.0,47,1,-29.08,-118.35,225.96,50.0,0.0,-0.3618
298.0,48,3,-24.19,-116.19,42.94,50.0,0.0001,-0.2395
298.0,49,3,2.55,-42.51,6.66,50.0,0.5484,0.1993
298.0,5,1,-14.15,-109.88,8.98,50.0,0.0035,-0.1024
298.0,50,3,-32.65,-115.08,262.03,50.0,0.0,-0.383
298.0,51,3,-13.3,-101.5,9.56,50.0,0.0047,-0.1191
298.0,52,3,-11.93,-105.5,8.76,50.0,0.0076,-0.1053
298.0,53,3,0.81,-55.82,6.7,50.0,0.3974,0.1265
298.0,54,3,-1.44,-56.91,6.78,50.0,0.2306,0.0358
298.0,55,1,-5.21,-61.36,2.68,50.0,0.0743,-0.0452
298.0,57,3,-11.05,-113.06,8.36,50.0,0.0103,-0.0948
298.0,58,3,-25.9,-90.93,60.49,50.0,0.0,-0.2969
298.0,59,3,-9.32,-95.19,7.78,50.0,0.0187,-0.0896
298.0,6,1,0.21,-43.11,2.02,50.0,0.3485,0.0858
298.0,60,3,-12.73,-115.78,9.19,50.0,0.0057,-0.1085
298.0,61,3,-28.74,-118.44,110.3,50.0,0.0,-0.3766
298.0,62,3,-20.2,-107.33,21.1,50.0,0.0004,-0.1771
298.0,63,3,-1.63,-56.05,6.79,50.0,0.2193,0.0288
298.0,64,3,-1.0,-111.96,6.76,50.0,0.2593,0.0899
298.0,65,3,0.26,-40.81,6.72,50.0,0.3523,0.0914
298.0,66,3,1.44,-64.37,6.68,50.0,0.4508,0.1615
298.0,67,1,-19.37,-126.88,25.75,50.0,0.0006,-0.1641
298.0,68,3,-30.62,-115.64,166.39,50.0,0.0,-0.3829
298.0,69,3,-26.84,-128.72,73.58,50.0,0.0,-0.3142
298.0,70,3,-8.84,-52.37,7.66,50.0,0.022,-0.1154
298.0,71,3,-0.9,-41.92,6.76,50.0,0.266,0.0449
298.0,72,3,-15.84,-111.37,11.92,50.0,0.0019,-0.1331
298.0,73,1,-30.18,-128.76,290.84,50.0,0.0,-0.3665
298.0,74,3,-9.13,-57.78,7.73,50.0,0.0199,-0.1145
298.0,75,1,-21.52,-115.19,41.11,50.0,0.0003,-0.2059
298.0,76,3,-1.53,-100.87,6.79,50.0,0.2251,0.0641
298.0,78,3,-17.74,-110.83,14.83,50.0,0.001,-0.1496
298.0,80,3,-21.33,-114.98,25.42,50.0,0.0003,-0.1897
298.0,81,3,-20.33,-120.77,21.55,50.0,0.0004,-0.1768
298.0,82,1,-16.02,-109.6,12.86,50.0,0.0018,-0.1209
298.0,83,1,-12.29,-125.21,6.47,50.0,0.0067,-0.0861
298.0,84,3,-0.67,-52.44,6.75,50.0,0.2818,0.0612
298.0,85,1,-34.26,-125.72,740.57,50.0,0.0,-0.3665
298.0,86,3,-3.77,-100.18,6.92,50.0,0.1171,-0.0014
298.0,88,1,-17.97,-119.35,19.13,50.0,0.0009,-0.1436
298.0,90,3,-1.75,-106.59,6.8,50.0,0.2123,0.0609
298.0,91,1,-23.04,-106.22,57.63,50.0,0.0001,-0.2494
298.0,92,3,-22.12,-115.18,29.17,50.0,0.0002,-0.2013
298.0,93,1,-9.8,-113.83,4.41,50.0,0.0159,-0.0644
298.0,94,3,-19.91,-117.31,20.16,50.0,0.0005,-0.1718
298.0,95,1,-8.43,-111.42,3.7,50.0,0.0253,-0.0514
298.0,96,3,-10.66,-95.55,8.21,50.0,0.0118,-0.1018
298.0,97,3,-15.32,-108.41,11.31,50.0,0.0023,-0.13
298.0,98,1,-13.91,-127.64,8.59,50.0,0.0038,-0.1002
298.0,99,3,-10.75,-104.18,8.24,50.0,0.0114,-0.0964
299.0,1,3,1.88,-98.02,9.45,50.0,0.4895,0.1947
299.0,10,3,-18.1,-115.81,18.33,50.0,0.0009,-0.1649
299.0,13,1,4.12,-117.75,0.83,50.0,0.6772,0.3011
299.0,14,3,-12.13,-54.06,11.63,50.0,0.0071,-0.1556
299.0,15,3,-20.66,-115.86,25.51,50.0,0.0004,-0.1928
299.0,17,1,-10.08,-110.2,3.57,50.0,0.0144,-0.0585
299.0,18,3,-14.03,-98.13,12.87,50.0,0.0036,-0.1391
299.0,19,3,-60.0,-40.86,1395.66,50.0,0.0,-0.4387
299.0,20,3,-53.02,-56.38,1395.66,50.0,0.0,-0.4276
299.0,21,3,-4.24,-102.36,9.73,50.0,0.1011,-0.0224
299.0,22,3,-21.93,-108.08,31.01,50.0,0.0002,-0.2118
299.0,23,3,-44.48,-114.59,1395.66,50.0,0.0,-0.3893
299.0,24,3,4.88,-107.37,9.4,50.0,0.7325,0.3424
299.0,25,3,3.51,-55.59,9.41,50.0,0.6293,0.2427
299.0,26,3,-60.0,-39.42,1395.66,50.0,0.0,-0.4393
299.0,27,1,-4.87,-64.33,1.6,50.0,0.0827,-0.0291
299.0,28,3,5.13,-41.32,9.39,50.0,0.7497,0.3063
299.0,29,3,-25.02,-111.75,53.39,50.0,0.0001,-0.2709
299.0,3,3,-19.49,-104.53,21.68,50.0,0.0005,-0.1829
299.0,30,3,-1.83,-52.24,9.57,50.0,0.2072,0.0073
299.0,32,3,-12.9,-98.05,12.07,50.0,0.0054,-0.1303
299.0,33,1,-26.58,-105.84,126.78,50.0,0.0,-0.3459
299.0,34,3,0.49,-34.24,9.48,50.0,0.371,0.089
299.0,35,3,-2.31,-27.41,9.6,50.0,0.1812,-0.0167
299.0,37,3,-10.85,-104.93,11.05,50.0,0.011,-0.1086
299.0,38,3,-10.41,-99.06,10.89,50.0,0.0128,-0.109
299.0,39,3,2.17,-49.25,9.44,50.0,0.5152,0.1739
299.0,4,3,-11.09,-100.7,11.15,50.0,0.0101,-0.1137
299.0,40,3,-60.0,-51.67,1395.66,50.0,0.0,-0.431
299.0,41,1,-9.83,-61.9,3.42,50.0,0.0156,-0.0907
299.0,42,1,0.8,-40.31,0.96,50.0,0.3968,0.1153
299.0,46,3,-3.91,-56.3,9.7,50.0,0.1123,-0.0478
299.0,47,3,-29.6,-105.26,135.8,50.0,0.0,-0.3906
299.0,48,3,-37.1,-117.4,720.19,50.0,0.0,-0.3893
299.0,5,1,-30.16,-115.69,288.27,50.0,0.0,-0.3601
299.0,50,3,-17.67,-115.18,17.48,50.0,0.001,-0.1608
299.0,51,3,-13.42,-101.35,12.41,50.0,0.0045,-0.132
299.0,52,3,-1.34,-110.72,9.55,50.0,0.2369,0.0654
299.0,53,3,-0.75,-52.11,9.52,50.0,0.276,0.0459
299.0,54,3,2.11,-60.62,9.44,50.0,0.5093,0.1788
299.0,55,3,-0.95,-63.15,9.53,50.0,0.2626,0.0463
299.0,57,3,-11.91,-105.9,11.52,50.0,0.0076,-0.1168
299.0,58,3,-9.18,-92.6,10.51,50.0,0.0196,-0.102
299.0,59,1,-2.34,-116.56,1.22,50.0,0.1798,0.0586
299.0,6,1,-4.72,-38.98,1.57,50.0,0.0868,-0.0439
299.0,60,2,-13.8,-150.0,6.79,50.0,0.004,-0.08
299.0,61,3,-32.35,-113.73,247.3,50.0,0.0,-0.3893
299.0,62,3,-23.38,-106.65,39.58,50.0,0.0001,-0.2374
299.0,63,3,0.37,-54.47,9.48,50.0,0.3608,0.0939
299.0,64,3,-14.85,-103.19,13.6,50.0,0.0027,-0.1419
299.0,67,3,-14.81,-109.56,13.57,50.0,0.0028,-0.1371
299.0,68,3,-21.42,-117.51,28.6,50.0,0.0003,-0.2029
299.0,69,3,-27.7,-112.99,91.05,50.0,0.0,-0.3598
299.0,70,3,-5.98,-50.18,9.91,50.0,0.0578,-0.0921
299.0,71,3,-0.11,-38.09,9.5,50.0,0.3232,0.0631
299.0,72,3,-28.88,-103.31,116.49,50.0,0.0,-0.3884
299.0,73,1,-24.27,-140.33,74.95,50.0,0.0001,-0.2812
299.0,74,3,0.09,-59.96,9.49,50.0,0.3391,0.086
299.0,75,3,-17.6,-105.71,17.34,50.0,0.001,-0.1633
299.0,76,3,-14.28,-100.32,13.08,50.0,0.0033,-0.1395
299.0,77,3,-1.93,-45.98,9.58,50.0,0.2016,-0.0005
299.0,78,1,-23.22,-117.55,58.93,50.0,0.0001,-0.2438
299.0,8,3,3.56,-44.4,9.41,50.0,0.6335,0.2371
299.0,80,3,-27.93,-114.81,95.49,50.0,0.0,-0.3698
299.0,81,3,-32.73,-123.66,269.33,50.0,0.0,-0.3893
299.0,82,1,-5.35,-129.91,1.7,50.0,0.0709,-0.0044
299.0,83,3,-17.19,-106.46,16.62,50.0,0.0012,-0.159
299.0,85,3,-41.68,-122.15,1395.66,50.0,0.0,-0.3893
299.0,86,3,-3.19,-97.23,9.65,50.0,0.1398,-0.0009
299.0,88,3,-11.2,-108.1,11.19,50.0,0.0098,-0.1093
299.0,89,3,3.05,-59.14,9.42,50.0,0.5911,0.2233
299.0,9,3,-4.18,-60.29,9.72,50.0,0.1032,-0.0511
299.0,90,3,-18.05,-107.08,18.22,50.0,0.0009,-0.1665
299.0,91,3,-18.89,-100.87,20.11,50.0,0.0007,-0.1792
299.0,92,3,-29.09,-114.9,121.73,50.0,0.0,-0.3847
299.0,93,1,-16.51,-118.75,13.17,50.0,0.0015,-0.1175
299.0,94,1,-22.07,-140.0,45.36,50.0,0.0002,-0.2108
299.0,95,3,-14.76,-96.07,13.52,50.0,0.0028,-0.1463
299.0,96,3,-14.16,-98.95,12.97,50.0,0.0035,-0.1395
299.0,97,1,-3.29,-97.49,1.33,50.0,0.1358,0.026
299.0,98,3,-11.9,-101.5,11.51,50.0,0.0077,-0.1198
299.0,99,3,-10.19,-104.12,10.81,50.0,0.0138,-0.1034
300.0,10,3,-27.11,-121.16,77.29,50.0,0.0,-0.3214
300.0,11,1,-4.69,-28.19,2.91,50.0,0.0878,-0.054
300.0,13,1,-5.22,-96.45,3.02,50.0,0.0739,-0.0227
300.0,15,3,-27.59,-119.65,85.54,50.0,0.0,-0.3403
300.0,16,1,-2.64,-34.62,2.6,50.0,0.1646,-0.0101
300.0,17,1,-16.98,-99.63,15.93,50.0,0.0013,-0.141
300.0,19,3,-60.0,-39.21,1392.27,50.0,0.0,-0.4314
300.0,20,3,-57.0,-59.62,1392.27,50.0,0.0,-0.4174
300.0,21,3,-2.16,-100.42,6.2,50.0,0.1889,0.0458
300.0,22,1,-7.27,-110.62,3.58,50.0,0.0375,-0.0411
300.0,23,3,-27.74,-115.74,88.32,50.0,0.0,-0.3466
300.0,24,1,-18.29,-116.46,20.8,50.0,0.0008,-0.1502
300.0,25,1,-0.26,-51.79,2.38,50.0,0.3118,0.0721
300.0,26,3,-8.72,-36.32,7.01,50.0,0.0229,-0.1201
300.0,28,3,-0.94,-37.52,6.14,50.0,0.2629,0.0447
300.0,29,3,-26.51,-108.56,68.06,50.0,0.0,-0.3009
300.0,3,3,-14.3,-106.88,9.71,50.0,0.0033,-0.1202
300.0,30,3,2.38,-59.42,6.05,50.0,0.533,0.2057
300.0,32,3,-7.82,-102.81,6.82,50.0,0.0312,-0.0651
300.0,33,1,-11.06,-102.77,5.64,50.0,0.0102,-0.083
300.0,34,3,-2.81,-33.34,6.24,50.0,0.1567,-0.0166
300.0,37,1,-15.59,-114.63,12.15,50.0,0.0021,-0.1184
300.0,38,3,-14.7,-104.27,10.07,50.0,0.0029,-0.1252
300.0,39,3,-3.04,-52.88,6.25,50.0,0.1462,-0.0138
300.0,4,3,-8.04,-98.16,6.86,50.0,0.0289,-0.071
300.0,40,3,-48.44,-57.05,1392.27,50.0,0.0,-0.4192
300.0,42,1,0.15,-34.47,2.35,50.0,0.3432,0.0788
300.0,43,1,0.12,-34.68,2.35,50.0,0.3411,0.0778
300.0,44,1,-1.58,-58.78,2.49,50.0,0.2219,0.0329
300.0,45,3,3.38,-53.14,6.03,50.0,0.6184,0.2493
300.0,46,3,-8.55,-55.37,6.97,50.0,0.0243,-0.1073
300.0,47,1,-21.98,-119.0,45.8,50.0,0.0002,-0.2193
300.0,48,3,-31.36,-119.93,195.43,50.0,0.0,-0.3813
300.0,5,1,-25.13,-110.74,92.44,50.0,0.0,-0.3285
300.0,50,3,-22.85,-112.12,32.68,50.0,0.0002,-0.2105
300.0,52,3,-7.03,-112.14,6.68,50.0,0.0407,-0.05
300.0,53,3,0.31,-57.87,6.1,50.0,0.3561,0.1085
300.0,57,3,2.07,-117.65,6.05,50.0,0.5062,0.2271
300.0,58,3,-9.73,-101.74,7.28,50.0,0.0162,-0.0861
300.0,59,3,-13.86,-90.47,9.35,50.0,0.0039,-0.1285
300.0,6,1,-5.89,-36.93,3.17,50.0,0.0594,-0.0732
300.0,60,3,-13.57,-111.42,9.13,50.0,0.0043,-0.1123
300.0,61,6,-60.0,-150.0,69.32,50.0,0.0,-0.289
300.0,62,3,-16.69,-108.9,12.44,50.0,0.0014,-0.1382
300.0,63,3,-1.06,-55.52,6.15,50.0,0.2555,0.0516
300.0,64,3,-0.68,-103.24,6.13,50.0,0.2815,0.1002
300.0,66,1,-2.04,-64.42,2.53,50.0,0.1954,0.0235
300.0,67,3,-30.79,-114.03,172.22,50.0,0.0,-0.3813
300.0,68,3,-21.09,-123.11,23.81,50.0,0.0003,-0.1837
300.0,69,1,-24.56,-125.61,81.4,50.0,0.0001,-0.3035
300.0,70,3,-3.35,-54.34,6.27,50.0,0.1331,-0.021
300.0,71,3,-1.87,-39.01,6.19,50.0,0.2051,0.012
300.0,72,1,-18.47,-119.41,21.6,50.0,0.0008,-0.1528
300.0,73,1,-26.55,-131.21,127.29,50.0,0.0,-0.3508
300.0,75,3,-33.9,-97.12,345.92,50.0,0.0,-0.3906
300.0,78,3,-27.79,-119.79,89.24,50.0,0.0,-0.3487
300.0,80,3,-31.33,-114.52,194.24,50.0,0.0,-0.3813
300.0,81,3,-23.82,-110.85,39.4,50.0,0.0001,-0.2289
300.0,82,3,-4.86,-102.14,6.4,50.0,0.0832,-0.0205
300.0,83,1,-17.8,-111.04,18.82,50.0,0.001,-0.1437
300.0,84,1,-5.49,-59.39,3.08,50.0,0.0677,-0.0534
300.0,85,1,-41.4,-122.66,2774.69,50.0,0.0,-0.3681
300.0,87,1,-0.73,-61.28,2.42,50.0,0.2776,0.0623
300.0,88,1,-31.04,-134.71,354.78,50.0,0.0,-0.3681
300.0,90,3,-7.15,-102.91,6.7,50.0,0.039,-0.0567
300.0,91,3,-15.85,-111.58,11.31,50.0,0.0019,-0.1304
300.0,92,3,-32.55,-116.19,255.23,50.0,0.0,-0.3814
300.0,93,3,-17.58,-108.21,13.91,50.0,0.0011,-0.1465
300.0,94,3,-22.28,-113.87,29.39,50.0,0.0002,-0.201
300.0,95,1,-13.67,-113.87,8.55,50.0,0.0041,-0.1003
300.0,96,3,-18.06,-104.32,14.85,50.0,0.0009,-0.1538
300.0,97,1,-5.2,-106.42,3.01,50.0,0.0744,-0.0152
300.0,98,3,-20.56,-97.99,21.75,50.0,0.0004,-0.1854
300.0,99,3,-25.82,-103.15,58.94,50.0,0.0001,-0.283
