time,vehicle_id,longitude,latitude,angle,vehicle_type,speed_mps,position_on_lane,lane,slope
0.0,car_001,77.623238,12.917440,75.88,car,14.85,4.60,1073384217#1_0,0.00
1.0,car_001,77.623383,12.917474,75.88,car,16.17,20.77,1073384217#1_0,0.00
2.0,car_001,77.623523,12.917507,75.88,car,15.68,36.45,1073384217#1_0,0.00
3.0,car_001,77.623670,12.917539,79.72,car,16.42,52.87,1073384217#1_0,0.00
4.0,car_001,77.623819,12.917563,80.17,car,16.33,69.20,1073384217#1_0,0.00
5.0,car_001,77.623963,12.917586,80.17,car,15.90,85.10,1073384217#1_0,0.00
6.0,car_001,77.624113,12.917610,80.17,car,16.56,101.66,1073384217#1_0,0.00
7.0,car_001,77.624254,12.917632,80.17,car,15.50,117.16,1073384217#1_0,0.00
8.0,car_001,77.624402,12.917654,81.92,car,16.26,133.42,1073384217#1_0,0.00
8.0,car_002,77.623231,12.917468,75.88,car,10.78,4.60,1073384217#1_1,0.00
9.0,car_001,77.624547,12.917665,85.09,car,15.89,149.31,1073384217#1_0,0.00
9.0,car_002,77.623345,12.917495,75.88,car,12.67,17.27,1073384217#1_1,0.00
10.0,car_001,77.624698,12.917676,85.09,car,16.40,165.71,1073384217#1_0,0.00
10.0,car_002,77.623478,12.917526,75.88,car,14.87,32.14,1073384217#1_1,0.00
11.0,car_001,77.624843,12.917680,88.98,car,15.84,181.55,1073384217#1_0,0.00
11.0,car_002,77.623602,12.917555,75.88,car,13.85,45.99,1073384217#1_1,0.00
12.0,bike_001,77.623202,12.917491,75.88,motorcycle,0.76,2.10,1073384217#1_2,0.00
12.0,car_001,77.624992,12.917681,88.98,car,16.20,197.75,1073384217#1_0,0.00
12.0,car_002,77.623728,12.917577,80.16,car,13.92,59.91,1073384217#1_1,0.00
13.0,bike_001,77.623232,12.917498,75.88,motorcycle,3.36,5.46,1073384217#1_2,0.00
13.0,car_001,77.625145,12.917681,89.89,car,16.67,214.42,1073384217#1_0,0.00
13.0,car_002,77.623865,12.917599,80.16,car,15.02,74.93,1073384217#1_1,0.00
14.0,bike_001,77.623280,12.917509,75.88,motorcycle,5.29,10.76,1073384217#1_2,0.00
14.0,car_001,77.625288,12.917679,89.89,car,15.46,229.89,1073384217#1_0,0.00
14.0,car_002,77.624007,12.917593,80.17,car,15.07,90.00,1073384217#1_0,0.00
15.0,bike_001,77.623354,12.917527,75.88,motorcycle,8.29,19.05,1073384217#1_2,0.00
15.0,car_001,77.625433,12.917678,89.89,car,15.85,245.73,1073384217#1_0,0.00
15.0,car_002,77.624133,12.917613,80.17,car,13.87,103.86,1073384217#1_0,0.00
16.0,bike_001,77.623459,12.917551,75.88,motorcycle,11.74,30.79,1073384217#1_2,0.00
16.0,car_001,77.625577,12.917664,96.07,car,15.72,261.46,1073384217#1_0,0.00
16.0,car_002,77.624261,12.917633,80.17,car,14.13,117.99,1073384217#1_0,0.00
16.0,car_003,77.623231,12.917468,75.88,car,8.19,4.60,1073384217#1_1,0.00
17.0,bike_001,77.623583,12.917581,75.88,motorcycle,13.77,44.56,1073384217#1_2,0.00
17.0,car_001,77.625719,12.917648,96.07,car,15.57,277.03,1073384217#1_0,0.00
17.0,car_002,77.624394,12.917654,81.00,car,14.58,132.57,1073384217#1_0,0.00
17.0,car_003,77.623324,12.917490,75.88,car,10.29,14.89,1073384217#1_1,0.00
18.0,bike_001,77.623733,12.917578,80.16,motorcycle,15.92,60.48,1073384217#1_1,0.00
18.0,car_001,77.625869,12.917619,100.86,car,16.55,293.57,1073384217#1_0,0.00
18.0,car_002,77.624529,12.917664,85.09,car,14.79,147.37,1073384217#1_0,0.00
18.0,car_003,77.623430,12.917515,75.88,car,11.89,26.77,1073384217#1_1,0.00
19.0,bike_001,77.623865,12.917599,80.16,motorcycle,14.47,74.95,1073384217#1_1,0.00
19.0,car_001,77.626009,12.917587,105.03,car,15.75,309.32,1073384217#1_0,0.00
19.0,car_002,77.624664,12.917674,85.09,car,14.68,162.05,1073384217#1_0,0.00
19.0,car_003,77.623556,12.917544,75.88,car,14.08,40.85,1073384217#1_1,0.00
20.0,bike_001,77.624014,12.917623,80.16,motorcycle,16.41,91.35,1073384217#1_1,0.00
20.0,car_001,77.626148,12.917549,105.03,car,15.63,324.95,1073384217#1_0,0.00
20.0,car_002,77.624797,12.917680,88.98,car,14.46,176.51,1073384217#1_0,0.00
20.0,car_003,77.623697,12.917573,80.16,car,15.66,56.52,1073384217#1_1,0.00
21.0,bike_001,77.624154,12.917646,80.16,motorcycle,15.42,106.78,1073384217#1_1,0.00
21.0,car_001,77.626293,12.917509,105.03,car,16.43,341.38,1073384217#1_0,0.00
21.0,car_002,77.624935,12.917681,88.98,car,15.03,191.54,1073384217#1_0,0.00
21.0,car_003,77.623844,12.917596,80.16,car,16.14,72.66,1073384217#1_1,0.00
22.0,bike_001,77.624301,12.917669,80.16,motorcycle,16.11,122.88,1073384217#1_1,0.00
22.0,car_001,77.626430,12.917472,105.03,car,15.41,356.79,1073384217#1_0,0.00
22.0,car_002,77.625073,12.917681,89.89,car,14.97,206.51,1073384217#1_0,0.00
22.0,car_003,77.623988,12.917619,80.16,car,15.79,88.45,1073384217#1_1,0.00
23.0,bike_001,77.624432,12.917686,85.09,motorcycle,14.45,137.33,1073384217#1_1,0.00
23.0,car_001,77.626574,12.917432,105.03,car,16.26,373.05,1073384217#1_0,0.00
23.0,car_002,77.625211,12.917680,89.89,car,15.05,221.56,1073384217#1_0,0.00
23.0,car_003,77.624128,12.917641,80.16,car,15.50,103.95,1073384217#1_1,0.00
24.0,bike_001,77.624570,12.917696,85.09,motorcycle,14.94,152.27,1073384217#1_1,0.00
24.0,car_001,77.626716,12.917393,105.03,car,16.03,389.08,1073384217#1_0,0.00
24.0,car_002,77.625341,12.917679,89.89,car,14.18,235.74,1073384217#1_0,0.00
24.0,car_003,77.624279,12.917665,80.16,car,16.51,120.47,1073384217#1_1,0.00
24.0,car_004,77.623225,12.917496,75.88,car,9.83,4.60,1073384217#1_2,0.00
25.0,bike_001,77.624707,12.917706,85.09,motorcycle,14.94,167.21,1073384217#1_1,0.00
25.0,car_001,77.626853,12.917354,106.23,car,15.59,404.67,1073384217#1_0,0.00
25.0,car_002,77.625475,12.917676,92.51,car,14.49,250.23,1073384217#1_0,0.00
25.0,car_003,77.624429,12.917686,85.09,car,16.53,137.00,1073384217#1_1,0.00
25.0,car_004,77.623328,12.917520,75.88,car,11.50,16.10,1073384217#1_2,0.00
26.0,bike_001,77.624854,12.917709,88.98,motorcycle,15.95,183.16,1073384217#1_1,0.00
26.0,car_001,77.626990,12.917314,106.23,car,15.46,420.13,1073384217#1_0,0.00
26.0,car_002,77.625609,12.917661,96.07,car,14.77,265.00,1073384217#1_0,0.00
26.0,car_003,77.624579,12.917697,85.09,car,16.28,153.28,1073384217#1_1,0.00
26.0,car_004,77.623443,12.917548,75.88,car,12.88,28.98,1073384217#1_2,0.00
27.0,bike_001,77.624989,12.917710,88.98,motorcycle,14.75,197.91,1073384217#1_1,0.00
27.0,car_001,77.627133,12.917271,106.23,car,16.33,436.46,1073384217#1_0,0.00
27.0,car_002,77.625747,12.917643,98.45,car,15.11,280.10,1073384217#1_0,0.00
27.0,car_003,77.624724,12.917707,85.09,car,15.80,169.08,1073384217#1_1,0.00
27.0,car_004,77.623582,12.917580,75.88,car,15.48,44.46,1073384217#1_2,0.00
28.0,bike_001,77.625141,12.917709,89.89,motorcycle,16.44,214.35,1073384217#1_1,0.00
28.0,bike_002,77.623209,12.917463,75.88,motorcycle,0.52,2.10,1073384217#1_1,0.00
28.0,car_001,77.627279,12.917228,106.23,car,16.54,453.01,1073384217#1_0,0.00
28.0,car_002,77.625875,12.917618,100.86,car,14.16,294.26,1073384217#1_0,0.00
28.0,car_003,77.624878,12.917680,88.98,car,16.26,185.33,1073384217#1_0,0.00
28.0,car_004,77.623725,12.917606,80.16,car,15.73,60.20,1073384217#1_2,0.00
29.0,bike_001,77.625292,12.917708,89.89,motorcycle,16.37,230.73,1073384217#1_1,0.00
29.0,bike_002,77.623227,12.917467,75.88,motorcycle,2.05,4.15,1073384217#1_1,0.00
29.0,car_001,77.627422,12.917186,106.23,car,16.22,469.23,1073384217#1_0,0.00
29.0,car_002,77.626007,12.917587,105.03,car,14.83,309.09,1073384217#1_0,0.00
29.0,car_003,77.625022,12.917682,88.98,car,15.67,201.00,1073384217#1_0,0.00
29.0,car_004,77.623871,12.917630,80.16,car,16.05,76.25,1073384217#1_2,0.00
30.0,bike_001,77.625435,12.917707,89.89,motorcycle,15.56,246.29,1073384217#1_1,0.00
30.0,bike_002,77.623257,12.917474,75.88,motorcycle,3.30,7.44,1073384217#1_1,0.00
30.0,car_001,77.627562,12.917144,106.23,car,16.00,485.23,1073384217#1_0,0.00
30.0,car_002,77.626134,12.917553,105.03,car,14.34,323.43,1073384217#1_0,0.00
30.0,car_003,77.625170,12.917680,89.89,car,16.10,217.10,1073384217#1_0,0.00
30.0,car_004,77.624024,12.917625,80.16,car,16.26,92.51,1073384217#1_1,0.00
31.0,bike_001,77.625567,12.917694,96.07,motorcycle,14.44,260.73,1073384217#1_1,0.00
31.0,bike_002,77.623305,12.917485,75.88,motorcycle,5.32,12.76,1073384217#1_1,0.00
31.0,car_001,77.627708,12.917100,106.23,car,16.58,501.80,1073384217#1_0,0.00
31.0,car_002,77.626259,12.917519,105.03,car,14.01,337.45,1073384217#1_0,0.00
31.0,car_003,77.625321,12.917679,89.89,car,16.40,233.50,1073384217#1_0,0.00
31.0,car_004,77.624169,12.917648,80.16,car,15.94,108.45,1073384217#1_1,0.00
32.0,bike_001,77.625706,12.917679,96.07,motorcycle,15.17,275.90,1073384217#1_1,0.00
32.0,bike_002,77.623375,12.917502,75.88,motorcycle,7.85,20.61,1073384217#1_1,0.00
32.0,car_001,77.627855,12.917057,106.23,car,16.63,518.43,1073384217#1_0,0.00
32.0,car_002,77.626388,12.917483,105.03,car,14.67,352.12,1073384217#1_0,0.00
32.0,car_003,77.625468,12.917677,91.58,car,16.05,249.55,1073384217#1_0,0.00
32.0,car_004,77.624320,12.917672,80.16,car,16.63,125.07,1073384217#1_1,0.00
32.0,car_005,77.623225,12.917496,75.88,car,12.39,4.60,1073384217#1_2,0.00
33.0,bike_001,77.625841,12.917654,100.86,motorcycle,14.94,290.84,1073384217#1_1,0.00
33.0,bike_002,77.623469,12.917524,75.88,motorcycle,10.53,31.14,1073384217#1_1,0.00
33.0,car_001,77.627995,12.917015,106.23,car,15.95,534.38,1073384217#1_0,0.00
33.0,car_002,77.626521,12.917447,105.03,car,14.97,367.09,1073384217#1_0,0.00
33.0,car_003,77.625609,12.917661,96.07,car,15.45,265.00,1073384217#1_0,0.00
33.0,car_004,77.624470,12.917689,85.09,car,16.33,141.40,1073384217#1_1,0.00
33.0,car_005,77.623356,12.917527,75.88,car,14.67,19.27,1073384217#1_2,0.00
34.0,bike_001,77.625990,12.917622,105.03,motorcycle,16.56,307.40,1073384217#1_1,0.00
34.0,bike_002,77.623579,12.917520,75.88,motorcycle,11.63,42.77,1073384217#1_0,0.00
34.0,car_001,77.628136,12.916974,106.23,car,15.99,550.37,1073384217#1_0,0.00
34.0,car_002,77.626650,12.917411,105.03,car,14.54,381.63,1073384217#1_0,0.00
34.0,car_003,77.625755,12.917642,99.33,car,15.93,280.94,1073384217#1_0,0.00
34.0,car_004,77.624615,12.917699,85.09,car,15.86,157.26,1073384217#1_1,0.00
34.0,car_005,77.623500,12.917561,75.88,car,16.00,35.26,1073384217#1_2,0.00
35.0,bike_001,77.626119,12.917587,105.03,motorcycle,14.49,321.89,1073384217#1_1,0.00
35.0,bike_002,77.623682,12.917541,80.17,motorcycle,11.37,54.14,1073384217#1_0,0.00
35.0,car_001,77.628279,12.916931,106.23,car,16.29,566.66,1073384217#1_0,0.00
35.0,car_002,77.626777,12.917376,105.03,car,14.36,395.99,1073384217#1_0,0.00
35.0,car_003,77.625897,12.917613,100.86,car,15.79,296.73,1073384217#1_0,0.00
35.0,car_004,77.624758,12.917709,87.14,car,15.57,172.83,1073384217#1_1,0.00
35.0,car_005,77.623643,12.917593,78.00,car,15.90,51.17,1073384217#1_2,0.00
36.0,bike_001,77.626258,12.917549,105.03,motorcycle,15.72,337.61,1073384217#1_1,0.00
36.0,bike_002,77.623784,12.917557,80.17,motorcycle,11.26,65.40,1073384217#1_0,0.00
36.0,car_001,77.628423,12.916891,103.44,car,16.29,582.95,1073384217#1_0,0.00
36.0,car_002,77.626900,12.917340,106.23,car,13.99,409.98,1073384217#1_0,0.00
36.0,car_003,77.626038,12.917579,105.03,car,15.87,312.60,1073384217#1_0,0.00
36.0,car_004,77.624915,12.917681,88.98,car,16.53,189.35,1073384217#1_0,0.00
36.0,car_005,77.623794,12.917617,80.16,car,16.63,67.80,1073384217#1_2,0.00
37.0,bike_001,77.626392,12.917512,105.03,motorcycle,15.14,352.75,1073384217#1_1,0.00
37.0,bike_002,77.623888,12.917574,80.17,motorcycle,11.44,76.84,1073384217#1_0,0.00
37.0,car_001,77.628571,12.916855,103.14,car,16.59,599.55,1073384217#1_0,0.00
37.0,car_002,77.627025,12.917303,106.23,car,14.17,424.15,1073384217#1_0,0.00
37.0,car_003,77.626178,12.917541,105.03,car,15.79,328.38,1073384217#1_0,0.00
37.0,car_004,77.625060,12.917681,89.81,car,15.74,205.10,1073384217#1_0,0.00
37.0,car_005,77.623944,12.917641,80.16,car,16.54,84.34,1073384217#1_2,0.00
38.0,bike_001,77.626539,12.917472,105.03,motorcycle,16.58,369.34,1073384217#1_1,0.00
38.0,bike_002,77.623995,12.917591,80.17,motorcycle,11.77,88.62,1073384217#1_0,0.00
38.0,car_001,77.628714,12.916840,94.28,car,15.59,615.13,1073384217#1_0,0.00
38.0,car_002,77.627148,12.917267,106.23,car,13.93,438.08,1073384217#1_0,0.00
38.0,car_003,77.626315,12.917503,105.03,car,15.46,343.84,1073384217#1_0,0.00
38.0,car_004,77.625205,12.917680,89.89,car,15.81,220.91,1073384217#1_0,0.00
38.0,car_005,77.624090,12.917665,80.16,car,16.03,100.37,1073384217#1_2,0.00
39.0,bike_001,77.626684,12.917432,105.03,motorcycle,16.25,385.59,1073384217#1_1,0.00
39.0,bike_002,77.624091,12.917606,80.17,motorcycle,10.56,99.18,1073384217#1_0,0.00
39.0,car_001,77.628858,12.916828,94.23,car,15.75,630.89,1073384217#1_0,0.00
39.0,car_002,77.627274,12.917229,106.23,car,14.37,452.45,1073384217#1_0,0.00
39.0,car_003,77.626454,12.917465,105.03,car,15.72,359.57,1073384217#1_0,0.00
39.0,car_004,77.625351,12.917679,89.89,car,15.91,236.82,1073384217#1_0,0.00
39.0,car_005,77.624240,12.917659,80.16,car,15.84,116.21,1073384217#1_1,0.00
40.0,bike_001,77.626812,12.917396,106.08,motorcycle,14.50,400.09,1073384217#1_1,0.00
40.0,bike_002,77.624184,12.917621,80.17,motorcycle,10.34,109.52,1073384217#1_0,0.00
40.0,car_001,77.629006,12.916816,94.23,car,16.14,647.03,1073384217#1_0,0.00
40.0,car_002,77.627402,12.917191,106.23,car,14.58,467.03,1073384217#1_0,0.00
40.0,car_003,77.626591,12.917428,105.03,car,15.37,374.94,1073384217#1_0,0.00
40.0,car_004,77.625495,12.917674,95.53,car,15.60,252.42,1073384217#1_0,0.00
40.0,car_005,77.624383,12.917682,80.16,car,15.71,131.93,1073384217#1_1,0.00
40.0,car_006,77.623225,12.917496,75.88,car,3.42,4.60,1073384217#1_2,0.00
41.0,bike_001,77.626946,12.917357,106.23,motorcycle,15.22,415.31,1073384217#1_1,0.00
41.0,bike_002,77.624277,12.917636,80.17,motorcycle,10.22,119.74,1073384217#1_0,0.00
41.0,car_001,77.629153,12.916804,94.23,car,16.01,663.05,1073384217#1_0,0.00
41.0,car_002,77.627535,12.917152,106.23,car,15.07,482.10,1073384217#1_0,0.00
41.0,car_003,77.626736,12.917388,105.03,car,16.45,391.39,1073384217#1_0,0.00
41.0,car_004,77.625638,12.917657,96.07,car,15.74,268.16,1073384217#1_0,0.00
41.0,car_005,77.624536,12.917693,85.09,car,16.66,148.59,1073384217#1_1,0.00
41.0,car_006,77.623272,12.917507,75.88,car,5.33,9.93,1073384217#1_2,0.00
42.0,bike_001,77.627075,12.917319,106.23,motorcycle,14.60,429.91,1073384217#1_1,0.00
42.0,bike_002,77.624372,12.917651,80.17,motorcycle,10.39,130.13,1073384217#1_0,0.00
42.0,car_001,77.629299,12.916792,93.87,car,15.93,0.62,1534247766#0_0,0.00
42.0,car_002,77.627659,12.917115,106.23,car,14.05,496.15,1073384217#1_0,0.00
42.0,car_003,77.626881,12.917346,106.23,car,16.37,407.75,1073384217#1_0,0.00
42.0,car_004,77.625782,12.917636,100.86,car,15.80,283.96,1073384217#1_0,0.00
42.0,car_005,77.624683,12.917704,85.09,car,16.05,164.65,1073384217#1_1,0.00
42.0,car_006,77.623337,12.917522,75.88,car,7.20,17.13,1073384217#1_2,0.00
43.0,bike_001,77.627216,12.917277,106.23,motorcycle,16.03,445.93,1073384217#1_1,0.00
43.0,bike_002,77.624470,12.917660,85.09,motorcycle,10.79,140.92,1073384217#1_0,0.00
43.0,car_001,77.629444,12.916782,93.53,car,15.82,16.44,1534247766#0_0,0.00
43.0,car_002,77.627780,12.917079,106.23,car,13.83,509.98,1073384217#1_0,0.00
43.0,car_003,77.627025,12.917303,106.23,car,16.43,424.18,1073384217#1_0,0.00
43.0,car_004,77.625928,12.917607,100.86,car,16.16,300.12,1073384217#1_0,0.00
43.0,car_005,77.624825,12.917709,88.98,car,15.43,180.08,1073384217#1_1,0.00
43.0,car_006,77.623416,12.917541,75.88,car,8.86,25.99,1073384217#1_2,0.00
44.0,bike_001,77.627347,12.917238,106.23,motorcycle,14.84,460.78,1073384217#1_1,0.00
44.0,bike_002,77.624567,12.917667,85.09,motorcycle,10.59,151.51,1073384217#1_0,0.00
44.0,car_001,77.629594,12.916771,93.53,car,16.29,32.73,1534247766#0_0,0.00
44.0,car_002,77.627907,12.917042,106.23,car,14.40,524.38,1073384217#1_0,0.00
44.0,car_003,77.627163,12.917262,106.23,car,15.62,439.80,1073384217#1_0,0.00
44.0,car_004,77.626065,12.917572,105.03,car,15.42,315.55,1073384217#1_0,0.00
44.0,car_005,77.624975,12.917710,88.98,car,16.27,196.35,1073384217#1_1,0.00
44.0,car_006,77.623517,12.917565,75.88,car,11.22,37.20,1073384217#1_2,0.00
45.0,bike_001,77.627488,12.917196,106.23,motorcycle,16.00,476.78,1073384217#1_1,0.00
45.0,bike_002,77.624670,12.917674,85.09,motorcycle,11.22,162.73,1073384217#1_0,0.00
45.0,bike_003,77.623209,12.917463,75.88,motorcycle,8.42,2.10,1073384217#1_1,0.00
45.0,car_001,77.629739,12.916761,93.53,car,15.75,48.48,1534247766#0_0,0.00
45.0,car_002,77.628037,12.917003,106.23,car,14.80,539.19,1073384217#1_0,0.00
45.0,car_003,77.627304,12.917220,106.23,car,16.04,455.84,1073384217#1_0,0.00
45.0,car_004,77.626202,12.917534,105.03,car,15.55,331.09,1073384217#1_0,0.00
45.0,car_005,77.625124,12.917710,89.89,car,16.19,212.54,1073384217#1_1,0.00
45.0,car_006,77.623641,12.917593,77.85,car,13.81,51.01,1073384217#1_2,0.00
46.0,bike_001,77.627630,12.917154,106.23,motorcycle,16.10,492.88,1073384217#1_1,0.00
46.0,bike_002,77.624767,12.917680,88.98,motorcycle,10.57,173.30,1073384217#1_0,0.00
46.0,bike_003,77.623315,12.917488,75.88,motorcycle,11.82,13.92,1073384217#1_1,0.00
46.0,car_001,77.629887,12.916750,93.53,car,16.13,64.60,1534247766#0_0,0.00
46.0,car_002,77.628161,12.916966,106.23,car,14.07,553.25,1073384217#1_0,0.00
46.0,car_003,77.627448,12.917178,106.23,car,16.34,472.18,1073384217#1_0,0.00
46.0,car_004,77.626348,12.917494,105.03,car,16.42,347.51,1073384217#1_0,0.00
46.0,car_005,77.625277,12.917679,89.89,car,16.19,228.73,1073384217#1_0,0.00
46.0,car_006,77.623767,12.917584,80.16,car,13.22,64.23,1073384217#1_1,0.00
47.0,bike_001,77.627774,12.917111,106.23,motorcycle,16.29,509.16,1073384217#1_1,0.00
47.0,bike_002,77.624859,12.917680,88.98,motorcycle,9.96,183.26,1073384217#1_0,0.00
47.0,bike_003,77.623432,12.917515,75.88,motorcycle,13.08,26.99,1073384217#1_1,0.00
47.0,car_001,77.630033,12.916741,93.26,car,15.86,80.46,1534247766#0_0,0.00
47.0,car_002,77.628287,12.916929,106.23,car,14.26,567.51,1073384217#1_0,0.00
47.0,car_003,77.627594,12.917134,106.23,car,16.64,488.81,1073384217#1_0,0.00
47.0,car_004,77.626489,12.917455,105.03,car,16.01,363.53,1073384217#1_0,0.00
47.0,car_005,77.625421,12.917678,89.89,car,15.63,244.35,1073384217#1_0,0.00
47.0,car_006,77.623890,12.917603,80.16,car,13.46,77.69,1073384217#1_1,0.00
48.0,bike_001,77.627909,12.917071,106.23,motorcycle,15.34,524.50,1073384217#1_1,0.00
48.0,bike_002,77.624952,12.917681,88.98,motorcycle,10.14,193.40,1073384217#1_0,0.00
48.0,bike_003,77.623552,12.917544,75.88,motorcycle,13.43,40.42,1073384217#1_1,0.00
48.0,car_001,77.630175,12.916731,93.26,car,15.54,96.00,1534247766#0_0,0.00
48.0,car_002,77.628411,12.916893,104.34,car,14.13,581.63,1073384217#1_0,0.00
48.0,car_003,77.627733,12.917093,106.23,car,15.81,504.63,1073384217#1_0,0.00
48.0,car_004,77.626634,12.917416,105.03,car,16.34,379.87,1073384217#1_0,0.00
48.0,car_005,77.625572,12.917665,96.07,car,16.52,260.87,1073384217#1_0,0.00
48.0,car_006,77.624015,12.917623,80.16,car,13.78,91.47,1073384217#1_1,0.00
49.0,bike_001,77.628043,12.917032,106.23,motorcycle,15.20,539.70,1073384217#1_1,0.00
49.0,bike_002,77.625051,12.917681,89.89,motorcycle,10.78,204.18,1073384217#1_0,0.00
49.0,bike_003,77.623686,12.917571,80.16,motorcycle,14.80,55.23,1073384217#1_1,0.00
49.0,car_001,77.630321,12.916722,93.26,car,15.85,111.84,1534247766#0_0,0.00
49.0,car_002,77.628535,12.916864,103.14,car,13.87,595.50,1073384217#1_0,0.00
49.0,car_003,77.627878,12.917050,106.23,car,16.42,521.05,1073384217#1_0,0.00
49.0,car_004,77.626780,12.917376,105.03,car,16.48,396.35,1073384217#1_0,0.00
49.0,car_005,77.625723,12.917648,96.07,car,16.54,277.41,1073384217#1_0,0.00
49.0,car_006,77.624137,12.917643,80.16,car,13.36,104.84,1073384217#1_1,0.00
50.0,bike_001,77.628174,12.916993,106.23,motorcycle,14.92,554.62,1073384217#1_1,0.00
50.0,bike_002,77.625160,12.917680,89.89,motorcycle,11.79,215.97,1073384217#1_0,0.00
50.0,bike_003,77.623819,12.917592,80.16,motorcycle,14.73,69.96,1073384217#1_1,0.00
50.0,car_001,77.630468,12.916712,93.26,car,16.03,127.87,1534247766#0_0,0.00
50.0,car_002,77.628661,12.916844,94.28,car,13.87,609.37,1073384217#1_0,0.00
50.0,car_003,77.628017,12.917009,106.23,car,15.87,536.92,1073384217#1_0,0.00
50.0,car_004,77.626922,12.917334,106.23,car,16.16,412.51,1073384217#1_0,0.00
50.0,car_005,77.625871,12.917618,100.86,car,16.44,293.85,1073384217#1_0,0.00
50.0,car_006,77.624256,12.917662,80.16,car,13.13,117.97,1073384217#1_1,0.00
50.0,car_007,77.623225,12.917496,75.88,car,9.76,4.60,1073384217#1_2,0.00
51.0,bike_001,77.628321,12.916949,106.23,motorcycle,16.60,571.22,1073384217#1_1,0.00
51.0,bike_002,77.625249,12.917680,89.89,motorcycle,9.70,225.68,1073384217#1_0,0.00
51.0,bike_003,77.623946,12.917612,80.16,motorcycle,13.89,83.84,1073384217#1_1,0.00
51.0,car_001,77.630613,12.916703,92.98,car,15.76,2.54,:12683580002_3_0,0.00
51.0,car_002,77.628795,12.916833,94.28,car,14.62,623.99,1073384217#1_0,0.00
51.0,car_003,77.628157,12.916968,106.23,car,15.83,552.75,1073384217#1_0,0.00
51.0,car_004,77.627063,12.917292,106.23,car,15.93,428.44,1073384217#1_0,0.00
51.0,car_005,77.626011,12.917586,105.03,car,15.68,309.53,1073384217#1_0,0.00
51.0,car_006,77.624380,12.917682,80.16,car,13.65,131.62,1073384217#1_1,0.00
51.0,car_007,77.623330,12.917521,75.88,car,11.80,16.40,1073384217#1_2,0.00
52.0,bike_001,77.628465,12.916910,103.15,motorcycle,16.25,587.47,1073384217#1_1,0.00
52.0,bike_002,77.625357,12.917679,89.89,motorcycle,11.78,237.45,1073384217#1_0,0.00
52.0,bike_003,77.624078,12.917633,80.16,motorcycle,14.57,98.41,1073384217#1_1,0.00
52.0,car_001,77.630755,12.916695,92.21,car,15.39,8.44,1534247766#1_0,0.00
52.0,car_002,77.628923,12.916823,94.23,car,13.97,637.97,1073384217#1_0,0.00
52.0,car_003,77.628295,12.916926,106.23,car,15.72,568.47,1073384217#1_0,0.00
52.0,car_004,77.627207,12.917249,106.23,car,16.39,444.82,1073384217#1_0,0.00
52.0,car_005,77.626152,12.917548,105.03,car,15.94,325.47,1073384217#1_0,0.00
52.0,car_006,77.624495,12.917690,85.09,car,12.56,144.17,1073384217#1_1,0.00
52.0,car_007,77.623441,12.917547,75.88,car,12.30,28.70,1073384217#1_2,0.00
53.0,bike_001,77.628600,12.916878,101.91,motorcycle,15.06,602.53,1073384217#1_1,0.00
53.0,bike_002,77.625455,12.917678,89.89,motorcycle,10.69,248.14,1073384217#1_0,0.00
53.0,bike_003,77.624204,12.917654,80.16,motorcycle,13.89,112.30,1073384217#1_1,0.00
53.0,car_001,77.630908,12.916688,92.21,car,16.67,25.10,1534247766#1_0,0.00
53.0,car_002,77.629054,12.916812,94.23,car,14.34,652.30,1073384217#1_0,0.00
53.0,car_003,77.628438,12.916887,103.14,car,16.19,584.65,1073384217#1_0,0.00
53.0,car_004,77.627351,12.917206,106.23,car,16.40,461.22,1073384217#1_0,0.00
53.0,car_005,77.626290,12.917510,105.03,car,15.57,341.03,1073384217#1_0,0.00
53.0,car_006,77.624612,12.917699,85.09,car,12.77,156.94,1073384217#1_1,0.00
53.0,car_007,77.623549,12.917572,75.88,car,12.04,40.74,1073384217#1_2,0.00
54.0,bike_001,77.628736,12.916867,94.28,motorcycle,14.88,617.40,1073384217#1_1,0.00
54.0,bike_002,77.625555,12.917667,96.07,motorcycle,10.88,259.03,1073384217#1_0,0.00
54.0,bike_003,77.624344,12.917676,80.16,motorcycle,15.36,127.66,1073384217#1_1,0.00
54.0,car_001,77.631058,12.916681,92.21,car,16.27,41.37,1534247766#1_0,0.00
54.0,car_002,77.629187,12.916801,94.23,car,14.46,666.77,1073384217#1_0,0.00
54.0,car_003,77.628587,12.916851,103.14,car,16.66,601.32,1073384217#1_0,0.00
54.0,car_004,77.627490,12.917165,106.23,car,15.77,476.99,1073384217#1_0,0.00
54.0,car_005,77.626433,12.917471,105.03,car,16.13,357.16,1073384217#1_0,0.00
54.0,car_006,77.624739,12.917708,85.31,car,13.76,170.71,1073384217#1_1,0.00
54.0,car_007,77.623656,12.917595,79.44,car,11.94,52.68,1073384217#1_2,0.00
55.0,bike_001,77.628877,12.916855,94.23,motorcycle,15.40,632.80,1073384217#1_1,0.00
55.0,bike_002,77.625648,12.917656,96.07,motorcycle,10.22,269.25,1073384217#1_0,0.00
55.0,bike_003,77.624476,12.917689,85.09,motorcycle,14.48,142.14,1073384217#1_1,0.00
55.0,car_001,77.631202,12.916667,95.08,car,15.75,57.12,1534247766#1_0,0.00
55.0,car_002,77.629320,12.916790,93.67,car,14.46,2.87,1534247766#0_0,0.00
55.0,car_003,77.628736,12.916838,94.28,car,16.26,617.58,1073384217#1_0,0.00
55.0,car_004,77.627632,12.917123,106.23,car,16.14,493.13,1073384217#1_0,0.00
55.0,car_005,77.626576,12.917432,105.03,car,16.09,373.25,1073384217#1_0,0.00
55.0,car_006,77.624859,12.917709,88.98,car,13.02,183.72,1073384217#1_1,0.00
55.0,car_007,77.623765,12.917613,80.16,car,11.89,64.57,1073384217#1_2,0.00
56.0,bike_001,77.629016,12.916844,94.23,motorcycle,15.09,647.89,1073384217#1_1,0.00
56.0,bike_002,77.625743,12.917644,100.33,motorcycle,10.40,279.65,1073384217#1_0,0.00
56.0,bike_003,77.624611,12.917699,85.09,motorcycle,14.67,156.81,1073384217#1_1,0.00
56.0,car_001,77.631347,12.916653,95.08,car,15.82,72.94,1534247766#1_0,0.00
56.0,car_002,77.629452,12.916781,93.53,car,14.37,17.24,1534247766#0_0,0.00
56.0,car_003,77.628887,12.916825,94.23,car,16.49,634.07,1073384217#1_0,0.00
56.0,car_004,77.627771,12.917082,106.23,car,15.79,508.92,1073384217#1_0,0.00
56.0,car_005,77.626722,12.917392,105.03,car,16.49,389.74,1073384217#1_0,0.00
56.0,car_006,77.624981,12.917710,88.98,car,13.27,196.99,1073384217#1_1,0.00
56.0,car_007,77.623886,12.917603,80.16,car,12.76,77.33,1073384217#1_1,0.00
57.0,bike_001,77.629165,12.916831,94.23,motorcycle,16.27,664.16,1073384217#1_1,0.00
57.0,bike_002,77.625844,12.917624,100.86,motorcycle,11.20,290.85,1073384217#1_0,0.00
57.0,bike_003,77.624745,12.917708,86.93,motorcycle,14.59,171.40,1073384217#1_1,0.00
57.0,car_001,77.631491,12.916639,95.08,car,15.78,88.72,1534247766#1_0,0.00
57.0,car_002,77.629590,12.916771,93.53,car,15.02,32.25,1534247766#0_0,0.00
57.0,car_003,77.629034,12.916813,94.23,car,15.98,650.05,1073384217#1_0,0.00
57.0,car_004,77.627915,12.917039,106.23,car,16.34,525.26,1073384217#1_0,0.00
57.0,car_005,77.626864,12.917351,106.23,car,16.17,405.91,1073384217#1_0,0.00
57.0,car_006,77.625098,12.917710,89.89,car,12.73,209.73,1073384217#1_1,0.00
57.0,car_007,77.623994,12.917620,80.16,car,11.87,89.19,1073384217#1_1,0.00
58.0,bike_001,77.629311,12.916820,93.59,motorcycle,15.90,1.71,1534247766#0_1,0.00
58.0,bike_002,77.625944,12.917604,100.86,motorcycle,11.08,301.93,1073384217#1_0,0.00
58.0,bike_003,77.624866,12.917709,88.98,motorcycle,13.06,184.46,1073384217#1_1,0.00
58.0,car_001,77.631633,12.916625,95.08,car,15.44,104.16,1534247766#1_0,0.00
58.0,car_002,77.629723,12.916762,93.53,car,14.47,46.72,1534247766#0_0,0.00
58.0,car_003,77.629184,12.916801,94.23,car,16.43,666.48,1073384217#1_0,0.00
58.0,car_004,77.628053,12.916998,106.23,car,15.74,541.00,1073384217#1_0,0.00
58.0,car_005,77.627007,12.917309,106.23,car,16.15,422.06,1073384217#1_0,0.00
58.0,car_006,77.625216,12.917709,89.89,car,12.75,222.47,1073384217#1_1,0.00
58.0,car_007,77.624106,12.917638,80.16,car,12.30,101.50,1073384217#1_1,0.00
59.0,bike_001,77.629458,12.916810,93.54,motorcycle,16.01,17.71,1534247766#0_1,0.00
59.0,bike_002,77.626040,12.917578,105.03,motorcycle,10.85,312.78,1073384217#1_0,0.00
59.0,bike_003,77.624996,12.917710,88.98,motorcycle,14.18,198.64,1073384217#1_1,0.00
59.0,car_001,77.631782,12.916611,95.08,car,16.28,120.44,1534247766#1_0,0.00
59.0,car_002,77.629862,12.916752,93.53,car,15.11,61.84,1534247766#0_0,0.00
59.0,car_003,77.629331,12.916790,93.56,car,15.96,4.08,1534247766#0_0,0.00
59.0,car_004,77.628190,12.916958,106.23,car,15.58,556.58,1073384217#1_0,0.00
59.0,car_005,77.627152,12.917266,106.23,car,16.49,438.55,1073384217#1_0,0.00
59.0,car_006,77.625342,12.917708,89.89,car,13.71,236.18,1073384217#1_1,0.00
59.0,car_007,77.624221,12.917656,80.16,car,12.67,114.17,1073384217#1_1,0.00
60.0,bike_001,77.629609,12.916799,93.54,motorcycle,16.44,34.15,1534247766#0_1,0.00
60.0,bike_002,77.626131,12.917554,105.03,motorcycle,10.21,322.99,1073384217#1_0,0.00
60.0,bike_003,77.625130,12.917710,89.89,motorcycle,14.52,213.16,1073384217#1_1,0.00
60.0,car_001,77.631925,12.916597,95.08,car,15.66,136.10,1534247766#1_0,0.00
60.0,car_002,77.629999,12.916743,93.26,car,14.98,76.82,1534247766#0_0,0.00
60.0,car_003,77.629484,12.916779,93.53,car,16.67,20.75,1534247766#0_0,0.00
60.0,car_004,77.628334,12.916915,106.23,car,16.29,572.87,1073384217#1_0,0.00
60.0,car_005,77.627289,12.917225,106.23,car,15.56,454.11,1073384217#1_0,0.00
60.0,car_006,77.625466,12.917706,90.90,car,13.45,249.63,1073384217#1_1,0.00
60.0,car_007,77.624334,12.917674,80.16,car,12.39,126.56,1073384217#1_1,0.00
60.0,car_008,77.623225,12.917496,75.88,car,0.10,4.60,1073384217#1_2,0.00
61.0,bike_001,77.629741,12.916790,93.54,motorcycle,14.29,48.44,1534247766#0_1,0.00
61.0,bike_002,77.626216,12.917530,105.03,motorcycle,9.70,332.69,1073384217#1_0,0.00
61.0,bike_003,77.625255,12.917709,89.89,motorcycle,13.64,226.80,1073384217#1_1,0.00
61.0,car_001,77.632077,12.916582,95.08,car,16.57,152.67,1534247766#1_0,0.00
61.0,car_002,77.630126,12.916735,93.26,car,13.84,90.66,1534247766#0_0,0.00
61.0,car_003,77.629632,12.916768,93.53,car,16.15,36.90,1534247766#0_0,0.00
61.0,car_004,77.628480,12.916877,103.14,car,16.45,589.31,1073384217#1_0,0.00
61.0,car_005,77.627428,12.917184,106.23,car,15.79,469.90,1073384217#1_0,0.00
61.0,car_006,77.625592,12.917692,96.07,car,13.80,263.43,1073384217#1_1,0.00
61.0,car_007,77.624448,12.917687,85.09,car,12.46,139.01,1073384217#1_1,0.00
61.0,car_008,77.623248,12.917502,75.88,car,2.64,7.24,1073384217#1_2,0.00
62.0,bike_001,77.629873,12.916780,93.54,motorcycle,14.45,62.89,1534247766#0_1,0.00
62.0,bike_002,77.626301,12.917507,105.03,motorcycle,9.59,342.28,1073384217#1_0,0.00
62.0,bike_003,77.625379,12.917708,89.89,motorcycle,13.45,240.25,1073384217#1_1,0.00
62.0,car_001,77.632222,12.916568,95.33,car,15.79,168.46,1534247766#1_0,0.00
62.0,car_002,77.630257,12.916726,93.26,car,14.26,104.92,1534247766#0_0,0.00
62.0,car_003,77.629774,12.916758,93.53,car,15.40,52.30,1534247766#0_0,0.00
62.0,car_004,77.628618,12.916848,97.62,car,15.37,604.69,1073384217#1_0,0.00
62.0,car_005,77.627565,12.917143,106.23,car,15.66,485.55,1073384217#1_0,0.00
62.0,car_006,77.625715,12.917678,96.07,car,13.41,276.84,1073384217#1_1,0.00
62.0,car_007,77.624572,12.917667,85.09,car,13.02,152.03,1073384217#1_0,0.00
62.0,car_008,77.623289,12.917511,75.88,car,4.49,11.74,1073384217#1_2,0.00
63.0,bike_001,77.630008,12.916771,93.25,motorcycle,14.65,77.54,1534247766#0_1,0.00
63.0,bike_002,77.626406,12.917478,105.03,motorcycle,11.81,354.09,1073384217#1_0,0.00
63.0,bike_003,77.625500,12.917702,96.07,motorcycle,13.13,253.38,1073384217#1_1,0.00
63.0,car_001,77.632369,12.916552,95.68,car,16.08,0.22,380707230#0_0,0.00
63.0,car_002,77.630394,12.916717,93.26,car,14.82,119.75,1534247766#0_0,0.00
63.0,car_003,77.629926,12.916748,93.33,car,16.50,68.80,1534247766#0_0,0.00
63.0,car_004,77.628770,12.916835,94.28,car,16.62,621.31,1073384217#1_0,0.00
63.0,car_005,77.627711,12.917100,106.23,car,16.59,502.14,1073384217#1_0,0.00
63.0,car_006,77.625838,12.917655,100.86,car,13.63,290.47,1073384217#1_1,0.00
63.0,car_007,77.624686,12.917676,85.09,car,12.43,164.46,1073384217#1_0,0.00
63.0,car_008,77.623342,12.917524,75.88,car,6.01,17.74,1073384217#1_2,0.00
64.0,bike_001,77.630140,12.916763,93.25,motorcycle,14.34,91.88,1534247766#0_1,0.00
64.0,bike_002,77.626509,12.917450,105.03,motorcycle,11.65,365.74,1073384217#1_0,0.00
64.0,bike_003,77.625634,12.917687,96.07,motorcycle,14.65,268.03,1073384217#1_1,0.00
64.0,car_001,77.632515,12.916537,95.19,car,15.95,16.17,380707230#0_0,0.00
64.0,car_002,77.630526,12.916708,93.26,car,14.45,134.20,1534247766#0_0,0.00
64.0,car_003,77.630077,12.916738,93.26,car,16.44,85.24,1534247766#0_0,0.00
64.0,car_004,77.628919,12.916823,94.23,car,16.20,637.50,1073384217#1_0,0.00
64.0,car_005,77.627851,12.917058,106.23,car,15.87,518.01,1073384217#1_0,0.00
64.0,car_006,77.625957,12.917631,100.86,car,13.16,303.63,1073384217#1_1,0.00
64.0,car_007,77.624805,12.917680,88.98,car,12.89,177.35,1073384217#1_0,0.00
64.0,car_008,77.623415,12.917541,75.88,car,8.10,25.84,1073384217#1_2,0.00
65.0,bike_001,77.630287,12.916753,93.25,motorcycle,15.98,107.86,1534247766#0_1,0.00
65.0,bike_002,77.626599,12.917425,105.03,motorcycle,10.14,375.88,1073384217#1_0,0.00
65.0,bike_003,77.625771,12.917668,100.86,motorcycle,15.05,283.08,1073384217#1_1,0.00
65.0,bike_004,77.623209,12.917463,75.88,motorcycle,11.22,2.10,1073384217#1_1,0.00
65.0,car_001,77.632661,12.916523,95.19,car,16.01,32.18,380707230#0_0,0.00
65.0,car_002,77.630663,12.916700,92.76,car,14.76,7.87,:12683580002_3_0,0.00
65.0,car_003,77.630223,12.916728,93.26,car,15.97,101.22,1534247766#0_0,0.00
65.0,car_004,77.629069,12.916810,94.23,car,16.39,653.89,1073384217#1_0,0.00
65.0,car_005,77.627997,12.917015,106.23,car,16.64,534.65,1073384217#1_0,0.00
65.0,car_006,77.626072,12.917600,105.03,car,12.97,316.60,1073384217#1_1,0.00
65.0,car_007,77.624916,12.917681,88.98,car,12.15,189.50,1073384217#1_0,0.00
65.0,car_008,77.623503,12.917562,75.88,car,9.77,35.61,1073384217#1_2,0.00
66.0,bike_001,77.630426,12.916744,93.25,motorcycle,15.21,123.07,1534247766#0_1,0.00
66.0,bike_002,77.626686,12.917401,105.03,motorcycle,9.86,385.74,1073384217#1_0,0.00
66.0,bike_003,77.625892,12.917644,100.86,motorcycle,13.39,296.47,1073384217#1_1,0.00
66.0,bike_004,77.623334,12.917492,75.88,motorcycle,13.99,16.09,1073384217#1_1,0.00
66.0,car_001,77.632813,12.916508,95.19,car,16.50,48.68,380707230#0_0,0.00
66.0,car_002,77.630795,12.916693,92.21,car,14.41,12.79,1534247766#1_0,0.00
66.0,car_003,77.630374,12.916718,93.26,car,16.38,117.60,1534247766#0_0,0.00
66.0,car_004,77.629220,12.916798,94.13,car,16.45,1.45,:2471287780_3_0,0.00
66.0,car_005,77.628135,12.916974,106.23,car,15.60,550.25,1073384217#1_0,0.00
66.0,car_006,77.626185,12.917569,105.03,car,12.75,329.35,1073384217#1_1,0.00
66.0,car_007,77.625028,12.917681,89.11,car,12.16,201.65,1073384217#1_0,0.00
66.0,car_008,77.623617,12.917559,75.88,car,12.02,47.63,1073384217#1_1,0.00
67.0,bike_001,77.630570,12.916734,93.25,motorcycle,15.62,138.70,1534247766#0_1,0.00
67.0,bike_002,77.626779,12.917376,105.03,motorcycle,10.43,396.17,1073384217#1_0,0.00
67.0,bike_003,77.626025,12.917613,105.03,motorcycle,14.89,311.36,1073384217#1_1,0.00
67.0,bike_004,77.623468,12.917524,75.88,motorcycle,14.89,30.98,1073384217#1_1,0.00
67.0,car_001,77.632958,12.916493,95.19,car,15.86,64.54,380707230#0_0,0.00
67.0,car_002,77.630925,12.916687,92.21,car,14.12,26.91,1534247766#1_0,0.00
67.0,car_003,77.630525,12.916708,93.26,car,16.49,134.09,1534247766#0_0,0.00
67.0,car_004,77.629361,12.916788,93.53,car,15.43,7.41,1534247766#0_0,0.00
67.0,car_005,77.628281,12.916931,106.23,car,16.60,566.85,1073384217#1_0,0.00
67.0,car_006,77.626306,12.917535,105.03,car,13.72,343.06,1073384217#1_1,0.00
67.0,car_007,77.625146,12.917681,89.89,car,12.87,214.52,1073384217#1_0,0.00
67.0,car_008,77.623740,12.917579,80.16,car,13.53,61.16,1073384217#1_1,0.00
68.0,bike_001,77.630713,12.916726,92.22,motorcycle,15.58,3.69,1534247766#1_1,0.00
68.0,bike_002,77.626866,12.917350,106.23,motorcycle,9.91,406.09,1073384217#1_0,0.00
68.0,bike_003,77.626152,12.917578,105.03,motorcycle,14.35,325.71,1073384217#1_1,0.00
68.0,bike_004,77.623609,12.917557,75.88,motorcycle,15.78,46.77,1073384217#1_1,0.00
68.0,car_001,77.633104,12.916479,95.19,car,15.88,80.42,380707230#0_0,0.00
68.0,car_002,77.631061,12.916681,92.21,car,14.75,41.66,1534247766#1_0,0.00
68.0,car_003,77.630673,12.916699,92.76,car,15.94,8.95,:12683580002_3_0,0.00
68.0,car_004,77.629511,12.916777,93.53,car,16.30,23.71,1534247766#0_0,0.00
68.0,car_005,77.628420,12.916891,103.70,car,15.72,582.57,1073384217#1_0,0.00
68.0,car_006,77.626419,12.917505,105.03,car,12.65,355.71,1073384217#1_1,0.00
68.0,car_007,77.625264,12.917680,89.89,car,12.85,227.37,1073384217#1_0,0.00
68.0,car_008,77.623885,12.917603,80.16,car,16.02,77.18,1073384217#1_1,0.00
69.0,bike_001,77.630852,12.916720,92.22,motorcycle,15.07,18.76,1534247766#1_1,0.00
69.0,bike_002,77.626964,12.917321,106.23,motorcycle,11.14,417.22,1073384217#1_0,0.00
69.0,bike_003,77.626289,12.917540,105.03,motorcycle,15.43,341.14,1073384217#1_1,0.00
69.0,bike_004,77.623751,12.917581,80.16,motorcycle,15.60,62.37,1073384217#1_1,0.00
69.0,car_001,77.633250,12.916464,95.05,car,15.97,96.39,380707230#0_0,0.00
69.0,car_002,77.631189,12.916668,95.08,car,14.06,55.72,1534247766#1_0,0.00
69.0,car_003,77.630821,12.916692,92.21,car,16.09,15.55,1534247766#1_0,0.00
69.0,car_004,77.629659,12.916767,93.53,car,16.09,39.80,1534247766#0_0,0.00
69.0,car_005,77.628564,12.916857,103.14,car,16.17,598.74,1073384217#1_0,0.00
69.0,car_006,77.626532,12.917444,105.03,car,12.64,368.35,1073384217#1_0,0.00
69.0,car_007,77.625375,12.917679,89.89,car,12.03,239.40,1073384217#1_0,0.00
69.0,car_008,77.624034,12.917626,80.16,car,16.40,93.58,1073384217#1_1,0.00
70.0,bike_001,77.630993,12.916713,92.22,motorcycle,15.36,34.13,1534247766#1_1,0.00
70.0,bike_002,77.627050,12.917296,106.23,motorcycle,9.73,426.95,1073384217#1_0,0.00
70.0,bike_003,77.626409,12.917507,105.03,motorcycle,13.51,354.65,1073384217#1_1,0.00
70.0,bike_004,77.623883,12.917602,80.16,motorcycle,14.55,76.92,1073384217#1_1,0.00
70.0,car_001,77.633402,12.916450,95.04,car,16.57,112.96,380707230#0_0,0.00
70.0,car_002,77.631322,12.916655,95.08,car,14.52,70.25,1534247766#1_0,0.00
70.0,car_003,77.630966,12.916685,92.21,car,15.78,31.33,1534247766#1_0,0.00
70.0,car_004,77.629811,12.916756,93.53,car,16.59,56.39,1534247766#0_0,0.00
70.0,car_005,77.628712,12.916840,94.28,car,16.17,614.91,1073384217#1_0,0.00
70.0,car_006,77.626644,12.917413,105.03,car,12.67,381.02,1073384217#1_0,0.00
70.0,car_007,77.625495,12.917674,95.52,car,13.02,252.42,1073384217#1_0,0.00
70.0,car_008,77.624185,12.917650,80.16,car,16.58,110.16,1073384217#1_1,0.00
71.0,bike_001,77.631137,12.916702,95.08,motorcycle,15.71,49.83,1534247766#1_1,0.00
71.0,bike_002,77.627146,12.917267,106.23,motorcycle,10.93,437.89,1073384217#1_0,0.00
71.0,bike_003,77.626538,12.917472,105.03,motorcycle,14.51,369.16,1073384217#1_1,0.00
71.0,bike_004,77.624027,12.917625,80.16,motorcycle,15.91,92.82,1073384217#1_1,0.00
71.0,car_001,77.633543,12.916436,95.04,car,15.39,128.34,380707230#0_0,0.00
71.0,car_002,77.631457,12.916642,95.08,car,14.68,84.92,1534247766#1_0,0.00
71.0,car_003,77.631112,12.916676,95.08,car,15.98,47.31,1534247766#1_0,0.00
71.0,car_004,77.629953,12.916746,93.26,car,15.45,71.84,1534247766#0_0,0.00
71.0,car_005,77.628859,12.916828,94.23,car,16.05,630.96,1073384217#1_0,0.00
71.0,car_006,77.626762,12.917381,105.03,car,13.27,394.30,1073384217#1_0,0.00
71.0,car_007,77.625607,12.917661,96.07,car,12.31,264.73,1073384217#1_0,0.00
71.0,car_008,77.624334,12.917674,80.16,car,16.43,126.59,1073384217#1_1,0.00
72.0,bike_001,77.631272,12.916689,95.08,motorcycle,14.75,64.59,1534247766#1_1,0.00
72.0,bike_002,77.627231,12.917242,106.23,motorcycle,9.64,447.53,1073384217#1_0,0.00
72.0,bike_003,77.626668,12.917436,105.03,motorcycle,14.72,383.88,1073384217#1_1,0.00
72.0,bike_004,77.624167,12.917648,80.16,motorcycle,15.38,108.20,1073384217#1_1,0.00
72.0,car_001,77.633691,12.916422,95.04,car,16.19,144.54,380707230#0_0,0.00
72.0,car_002,77.631585,12.916630,95.08,car,14.07,98.99,1534247766#1_0,0.00
72.0,car_003,77.631259,12.916661,95.08,car,15.99,63.30,1534247766#1_0,0.00
72.0,car_004,77.630100,12.916736,93.26,car,15.93,87.77,1534247766#0_0,0.00
72.0,car_005,77.629007,12.916816,94.23,car,16.24,647.19,1073384217#1_0,0.00
72.0,car_006,77.626875,12.917348,106.23,car,12.78,407.07,1073384217#1_0,0.00
72.0,car_007,77.625726,12.917647,96.07,car,13.02,277.75,1073384217#1_0,0.00
72.0,car_008,77.624482,12.917689,85.09,car,16.13,142.72,1073384217#1_1,0.00
72.0,car_009,77.623225,12.917496,75.88,car,7.77,4.60,1073384217#1_2,0.00
73.0,bike_001,77.631408,12.916676,95.08,motorcycle,14.77,79.36,1534247766#1_1,0.00
73.0,bike_002,77.627322,12.917215,106.23,motorcycle,10.34,457.87,1073384217#1_0,0.00
73.0,bike_003,77.626788,12.917404,105.03,motorcycle,13.44,397.32,1073384217#1_1,0.00
73.0,bike_004,77.624307,12.917670,80.16,motorcycle,15.33,123.54,1073384217#1_1,0.00
73.0,car_001,77.633837,12.916408,95.04,car,15.87,160.40,380707230#0_0,0.00
73.0,car_002,77.631723,12.916616,95.08,car,15.01,114.00,1534247766#1_0,0.00
73.0,car_003,77.631403,12.916647,95.08,car,15.76,79.07,1534247766#1_0,0.00
73.0,car_004,77.630244,12.916727,93.26,car,15.64,103.42,1534247766#0_0,0.00
73.0,car_005,77.629155,12.916803,94.23,car,16.12,663.31,1073384217#1_0,0.00
73.0,car_006,77.626989,12.917314,106.23,car,13.00,420.07,1073384217#1_0,0.00
73.0,car_007,77.625833,12.917626,100.86,car,11.84,289.58,1073384217#1_0,0.00
73.0,car_008,77.624632,12.917701,85.09,car,16.36,159.08,1073384217#1_1,0.00
73.0,car_009,77.623317,12.917518,75.88,car,10.29,14.89,1073384217#1_2,0.00
74.0,bike_001,77.631552,12.916662,95.08,motorcycle,15.70,95.06,1534247766#1_1,0.00
74.0,bike_002,77.627415,12.917187,106.23,motorcycle,10.61,468.48,1073384217#1_0,0.00
74.0,bike_003,77.626904,12.917369,106.23,motorcycle,13.23,410.55,1073384217#1_1,0.00
74.0,bike_004,77.624451,12.917687,85.09,motorcycle,15.84,139.38,1073384217#1_1,0.00
74.0,car_001,77.633986,12.916393,95.04,car,16.28,176.68,380707230#0_0,0.00
74.0,car_002,77.631859,12.916603,95.08,car,14.84,128.84,1534247766#1_0,0.00
74.0,car_003,77.631544,12.916634,95.08,car,15.43,94.50,1534247766#1_0,0.00
74.0,car_004,77.630387,12.916717,93.26,car,15.61,119.03,1534247766#0_0,0.00
74.0,car_005,77.629300,12.916792,93.86,car,15.75,0.70,1534247766#0_0,0.00
74.0,car_006,77.627103,12.917280,106.23,car,12.90,432.97,1073384217#1_0,0.00
74.0,car_007,77.625941,12.917605,100.86,car,11.98,301.56,1073384217#1_0,0.00
74.0,car_008,77.624780,12.917709,88.98,car,16.11,175.19,1073384217#1_1,0.00
74.0,car_009,77.623421,12.917542,75.88,car,11.65,26.54,1073384217#1_2,0.00
75.0,bike_001,77.631690,12.916649,95.08,motorcycle,15.05,110.11,1534247766#1_1,0.00
75.0,bike_002,77.627512,12.917159,106.23,motorcycle,11.07,479.54,1073384217#1_0,0.00
75.0,bike_003,77.627033,12.917331,106.23,motorcycle,14.60,425.15,1073384217#1_1,0.00
75.0,bike_004,77.624583,12.917697,85.09,motorcycle,14.41,153.78,1073384217#1_1,0.00
75.0,car_001,77.634135,12.916379,95.04,car,16.24,192.92,380707230#0_0,0.00
75.0,car_002,77.631995,12.916590,95.08,car,14.89,143.72,1534247766#1_0,0.00
75.0,car_003,77.631695,12.916619,95.08,car,16.49,110.98,1534247766#1_0,0.00
75.0,car_004,77.630537,12.916708,93.26,car,16.26,135.29,1534247766#0_0,0.00
75.0,car_005,77.629444,12.916782,93.53,car,15.72,16.42,1534247766#0_0,0.00
75.0,car_006,77.627219,12.917246,106.23,car,13.25,446.22,1073384217#1_0,0.00
75.0,car_007,77.626047,12.917577,105.03,car,11.97,313.53,1073384217#1_0,0.00
75.0,car_008,77.624931,12.917710,88.98,car,16.42,191.61,1073384217#1_1,0.00
75.0,car_009,77.623544,12.917571,75.88,car,13.71,40.25,1073384217#1_2,0.00
76.0,bike_001,77.631833,12.916635,95.08,motorcycle,15.70,125.82,1534247766#1_1,0.00
76.0,bike_002,77.627612,12.917129,106.23,motorcycle,11.34,490.89,1073384217#1_0,0.00
76.0,bike_003,77.627152,12.917296,106.23,motorcycle,13.54,438.70,1073384217#1_1,0.00
76.0,bike_004,77.624723,12.917707,85.09,motorcycle,15.19,168.97,1073384217#1_1,0.00
76.0,car_001,77.634282,12.916365,93.91,car,16.09,209.01,380707230#0_0,0.00
76.0,car_002,77.632131,12.916577,95.08,car,14.84,158.56,1534247766#1_0,0.00
76.0,car_003,77.631846,12.916604,95.08,car,16.46,127.45,1534247766#1_0,0.00
76.0,car_004,77.630690,12.916698,92.59,car,16.66,1.37,1534247766#1_0,0.00
76.0,car_005,77.629587,12.916772,93.53,car,15.50,31.92,1534247766#0_0,0.00
76.0,car_006,77.627330,12.917213,106.23,car,12.62,458.85,1073384217#1_0,0.00
76.0,car_007,77.626156,12.917547,105.03,car,12.32,325.85,1073384217#1_0,0.00
76.0,car_008,77.625082,12.917710,89.89,car,16.41,208.02,1073384217#1_1,0.00
76.0,car_009,77.623691,12.917601,80.16,car,16.20,56.45,1073384217#1_2,0.00
77.0,bike_001,77.631979,12.916620,95.08,motorcycle,15.85,141.66,1534247766#1_1,0.00
77.0,bike_002,77.627702,12.917102,106.23,motorcycle,10.24,501.12,1073384217#1_0,0.00
77.0,bike_003,77.627272,12.917260,106.23,motorcycle,13.59,452.28,1073384217#1_1,0.00
77.0,bike_004,77.624860,12.917709,88.98,motorcycle,14.94,183.91,1073384217#1_1,0.00
77.0,car_001,77.634435,12.916354,93.91,car,16.57,225.58,380707230#0_0,0.00
77.0,car_002,77.632265,12.916563,95.59,car,14.68,173.24,1534247766#1_0,0.00
77.0,car_003,77.631992,12.916590,95.08,car,15.93,143.38,1534247766#1_0,0.00
77.0,car_004,77.630842,12.916691,92.21,car,16.51,17.88,1534247766#1_0,0.00
77.0,car_005,77.629730,12.916762,93.53,car,15.58,47.50,1534247766#0_0,0.00
77.0,car_006,77.627444,12.917179,106.23,car,12.92,471.77,1073384217#1_0,0.00
77.0,car_007,77.626263,12.917517,105.03,car,12.10,337.95,1073384217#1_0,0.00
77.0,car_008,77.625230,12.917709,89.89,car,16.06,224.09,1073384217#1_1,0.00
77.0,car_009,77.623834,12.917624,80.16,car,15.71,72.16,1073384217#1_2,0.00
78.0,bike_001,77.632121,12.916607,95.08,motorcycle,15.48,157.14,1534247766#1_1,0.00
78.0,bike_002,77.627786,12.917078,106.23,motorcycle,9.46,510.59,1073384217#1_0,0.00
78.0,bike_003,77.627399,12.917222,106.23,motorcycle,14.37,466.66,1073384217#1_1,0.00
78.0,bike_004,77.625000,12.917710,88.98,motorcycle,15.13,199.04,1073384217#1_1,0.00
78.0,car_001,77.634579,12.916343,93.91,car,15.71,241.29,380707230#0_0,0.00
78.0,car_002,77.632394,12.916549,95.36,car,14.08,3.00,380707230#0_0,0.00
78.0,car_003,77.632140,12.916576,95.08,car,16.17,159.55,1534247766#1_0,0.00
78.0,car_004,77.630985,12.916684,92.21,car,15.58,33.47,1534247766#1_0,0.00
78.0,car_005,77.629873,12.916751,93.53,car,15.59,63.10,1534247766#0_0,0.00
78.0,car_006,77.627558,12.917145,106.23,car,12.92,484.69,1073384217#1_0,0.00
78.0,car_007,77.626374,12.917487,105.03,car,12.49,350.44,1073384217#1_0,0.00
78.0,car_008,77.625377,12.917708,89.89,car,15.87,239.96,1073384217#1_1,0.00
78.0,car_009,77.623985,12.917648,80.16,car,16.63,88.79,1073384217#1_2,0.00
79.0,bike_001,77.632262,12.916592,95.60,motorcycle,15.40,172.54,1534247766#1_1,0.00
79.0,bike_002,77.627878,12.917050,106.23,motorcycle,10.45,521.03,1073384217#1_0,0.00
79.0,bike_003,77.627531,12.917183,106.23,motorcycle,15.00,481.66,1073384217#1_1,0.00
79.0,bike_004,77.625143,12.917709,89.89,motorcycle,15.60,214.64,1073384217#1_1,0.00
79.0,car_001,77.634727,12.916331,93.91,car,16.15,257.44,380707230#0_0,0.00
79.0,car_002,77.632521,12.916537,95.19,car,13.84,16.84,380707230#0_0,0.00
79.0,car_003,77.632273,12.916562,95.59,car,14.50,174.05,1534247766#1_0,0.00
79.0,car_004,77.631132,12.916674,95.08,car,16.01,49.48,1534247766#1_0,0.00
79.0,car_005,77.630021,12.916742,93.26,car,16.13,79.23,1534247766#0_0,0.00
79.0,car_006,77.627670,12.917112,106.23,car,12.73,497.42,1073384217#1_0,0.00
79.0,car_007,77.626484,12.917457,105.03,car,12.46,362.91,1073384217#1_0,0.00
79.0,car_008,77.625524,12.917699,96.07,car,16.00,255.96,1073384217#1_1,0.00
79.0,car_009,77.624131,12.917671,80.16,car,16.05,104.84,1073384217#1_2,0.00
80.0,bike_001,77.632404,12.916577,95.19,motorcycle,15.51,3.72,380707230#0_1,0.00
80.0,bike_002,77.627961,12.917026,106.23,motorcycle,9.48,530.52,1073384217#1_0,0.00
80.0,bike_003,77.627650,12.917148,106.23,motorcycle,13.45,495.11,1073384217#1_1,0.00
80.0,bike_004,77.625276,12.917708,89.89,motorcycle,14.39,229.03,1073384217#1_1,0.00
80.0,car_001,77.634878,12.916319,93.96,car,16.48,273.91,380707230#0_0,0.00
80.0,car_002,77.632648,12.916524,95.19,car,13.88,30.72,380707230#0_0,0.00
80.0,car_003,77.632413,12.916547,95.19,car,15.31,5.03,380707230#0_0,0.00
80.0,car_004,77.631282,12.916659,95.08,car,16.42,65.90,1534247766#1_0,0.00
80.0,car_005,77.630173,12.916732,93.26,car,16.52,95.75,1534247766#0_0,0.00
80.0,car_006,77.627782,12.917079,106.23,car,12.77,510.19,1073384217#1_0,0.00
80.0,car_007,77.626600,12.917425,105.03,car,13.09,375.99,1073384217#1_0,0.00
80.0,car_008,77.625667,12.917683,96.07,car,15.63,271.59,1073384217#1_1,0.00
80.0,car_009,77.624282,12.917695,80.16,car,16.60,121.44,1073384217#1_2,0.00
81.0,bike_001,77.632554,12.916562,95.19,motorcycle,16.42,20.14,380707230#0_1,0.00
81.0,bike_002,77.628063,12.916995,106.23,motorcycle,11.54,542.05,1073384217#1_0,0.00
81.0,bike_003,77.627767,12.917113,106.23,motorcycle,13.35,508.46,1073384217#1_1,0.00
81.0,bike_004,77.625408,12.917707,89.89,motorcycle,14.31,243.34,1073384217#1_1,0.00
81.0,car_001,77.635021,12.916312,91.85,car,15.46,6.27,380707230#1_0,0.00
81.0,car_002,77.632785,12.916510,95.19,car,14.95,45.67,380707230#0_0,0.00
81.0,car_003,77.632548,12.916534,95.19,car,14.72,19.75,380707230#0_0,0.00
81.0,car_004,77.631426,12.916645,95.08,car,15.71,81.61,1534247766#1_0,0.00
81.0,car_005,77.630324,12.916722,93.26,car,16.42,112.17,1534247766#0_0,0.00
81.0,car_006,77.627876,12.917051,106.23,car,10.70,520.88,1073384217#1_0,0.00
81.0,car_007,77.626712,12.917394,105.03,car,12.61,388.60,1073384217#1_0,0.00
81.0,car_008,77.625814,12.917659,100.86,car,16.19,287.79,1073384217#1_1,0.00
81.0,car_009,77.624434,12.917715,85.09,car,16.58,138.02,1073384217#1_2,0.00
82.0,bike_001,77.632688,12.916549,95.19,motorcycle,14.64,34.78,380707230#0_1,0.00
82.0,bike_002,77.628149,12.916970,106.23,motorcycle,9.85,551.91,1073384217#1_0,0.00
82.0,bike_003,77.627882,12.917079,106.23,motorcycle,13.00,521.45,1073384217#1_1,0.00
82.0,bike_004,77.625562,12.917666,96.07,motorcycle,16.44,259.78,1073384217#1_0,0.00
82.0,car_001,77.635169,12.916305,91.90,car,16.05,6.08,380707230#2_0,0.00
82.0,car_002,77.632921,12.916497,95.19,car,14.87,60.54,380707230#0_0,0.00
82.0,car_003,77.632691,12.916520,95.19,car,15.62,35.38,380707230#0_0,0.00
82.0,car_004,77.631569,12.916631,95.08,car,15.57,97.18,1534247766#1_0,0.00
82.0,car_005,77.630473,12.916712,93.26,car,16.25,128.41,1534247766#0_0,0.00
82.0,car_006,77.627986,12.917018,106.23,car,12.51,533.39,1073384217#1_0,0.00
82.0,car_007,77.626820,12.917364,106.00,car,12.32,400.93,1073384217#1_0,0.00
82.0,car_008,77.625953,12.917632,100.86,car,15.50,303.29,1073384217#1_1,0.00
82.0,car_009,77.624589,12.917697,85.09,car,16.37,154.38,1073384217#1_1,0.00
83.0,bike_001,77.632831,12.916535,95.19,motorcycle,15.64,50.42,380707230#0_1,0.00
83.0,bike_002,77.628236,12.916944,106.23,motorcycle,9.84,561.75,1073384217#1_0,0.00
83.0,bike_003,77.628006,12.917042,106.23,motorcycle,14.12,535.57,1073384217#1_1,0.00
83.0,bike_004,77.625699,12.917650,96.07,motorcycle,15.08,274.86,1073384217#1_0,0.00
83.0,car_001,77.635316,12.916299,91.90,car,15.86,21.94,380707230#2_0,0.00
83.0,car_002,77.633059,12.916483,95.19,car,15.05,75.59,380707230#0_0,0.00
83.0,car_003,77.632826,12.916506,95.19,car,14.72,50.10,380707230#0_0,0.00
83.0,car_004,77.631714,12.916617,95.08,car,15.82,113.00,1534247766#1_0,0.00
83.0,car_005,77.630620,12.916702,92.90,car,15.96,3.28,:12683580002_3_0,0.00
83.0,car_006,77.628080,12.916990,106.23,car,10.67,544.06,1073384217#1_0,0.00
83.0,car_007,77.626928,12.917332,106.23,car,12.17,413.10,1073384217#1_0,0.00
83.0,car_008,77.626095,12.917593,105.03,car,15.98,319.27,1073384217#1_1,0.00
83.0,car_009,77.624737,12.917708,85.13,car,16.12,170.50,1073384217#1_1,0.00
84.0,bike_001,77.632973,12.916521,95.19,motorcycle,15.46,65.88,380707230#0_1,0.00
84.0,bike_002,77.628321,12.916919,106.23,motorcycle,9.70,571.44,1073384217#1_0,0.00
84.0,bike_003,77.628142,12.917002,106.23,motorcycle,15.37,550.95,1073384217#1_1,0.00
84.0,bike_004,77.625829,12.917627,100.86,motorcycle,14.29,289.15,1073384217#1_0,0.00
84.0,car_001,77.635465,12.916293,91.90,car,16.18,38.12,380707230#2_0,0.00
84.0,car_002,77.633197,12.916470,95.19,car,15.04,90.63,380707230#0_0,0.00
84.0,car_003,77.632971,12.916492,95.19,car,15.82,65.92,380707230#0_0,0.00
84.0,car_004,77.631855,12.916603,95.08,car,15.43,128.43,1534247766#1_0,0.00
84.0,car_005,77.630765,12.916695,92.21,car,15.75,9.54,1534247766#1_0,0.00
84.0,car_006,77.628169,12.916964,106.23,car,10.12,554.19,1073384217#1_0,0.00
84.0,car_007,77.627043,12.917298,106.23,car,13.08,426.18,1073384217#1_0,0.00
84.0,car_008,77.626240,12.917554,105.03,car,16.31,335.58,1073384217#1_1,0.00
84.0,car_009,77.624883,12.917709,88.98,car,15.84,186.34,1073384217#1_1,0.00
85.0,bike_001,77.633116,12.916507,95.19,motorcycle,15.62,81.50,380707230#0_1,0.00
85.0,bike_002,77.628418,12.916892,103.14,motorcycle,10.92,582.36,1073384217#1_0,0.00
85.0,bike_003,77.628273,12.916963,106.23,motorcycle,14.92,565.87,1073384217#1_1,0.00
85.0,bike_004,77.625968,12.917598,104.00,motorcycle,15.48,304.64,1073384217#1_0,0.00
85.0,car_001,77.635608,12.916283,95.79,car,15.50,53.62,380707230#2_0,0.00
85.0,car_002,77.633332,12.916457,95.04,car,14.67,105.30,380707230#0_0,0.00
85.0,car_003,77.633111,12.916478,95.19,car,15.35,81.26,380707230#0_0,0.00
85.0,car_004,77.631999,12.916589,95.08,car,15.75,144.19,1534247766#1_0,0.00
85.0,car_005,77.630911,12.916688,92.21,car,15.86,25.40,1534247766#1_0,0.00
85.0,car_006,77.628252,12.916939,106.23,car,9.38,563.57,1073384217#1_0,0.00
85.0,car_007,77.627158,12.917264,106.23,car,13.04,439.22,1073384217#1_0,0.00
85.0,car_008,77.626383,12.917514,105.03,car,16.17,351.75,1073384217#1_1,0.00
85.0,car_009,77.625033,12.917710,89.23,car,16.33,202.67,1073384217#1_1,0.00
85.0,car_010,77.623225,12.917496,75.88,car,7.54,4.60,1073384217#1_2,0.00
86.0,bike_001,77.633253,12.916493,95.04,motorcycle,14.97,96.47,380707230#0_1,0.00
86.0,bike_002,77.628510,12.916870,103.14,motorcycle,10.30,592.66,1073384217#1_0,0.00
86.0,bike_003,77.628403,12.916925,104.73,motorcycle,14.72,580.59,1073384217#1_1,0.00
86.0,bike_004,77.626111,12.917559,105.03,motorcycle,16.16,320.80,1073384217#1_0,0.00
86.0,car_001,77.635758,12.916266,95.79,car,16.37,69.99,380707230#2_0,0.00
86.0,car_002,77.633470,12.916443,95.04,car,15.10,120.40,380707230#0_0,0.00
86.0,car_003,77.633248,12.916465,95.05,car,14.94,96.21,380707230#0_0,0.00
86.0,car_004,77.632150,12.916575,95.08,car,16.47,160.66,1534247766#1_0,0.00
86.0,car_005,77.631057,12.916681,92.21,car,15.88,41.28,1534247766#1_0,0.00
86.0,car_006,77.628348,12.916911,106.23,car,10.88,574.44,1073384217#1_0,0.00
86.0,car_007,77.627265,12.917232,106.23,car,12.19,451.41,1073384217#1_0,0.00
86.0,car_008,77.626530,12.917474,105.03,car,16.53,368.28,1073384217#1_1,0.00
86.0,car_009,77.625178,12.917709,89.89,car,15.74,218.42,1073384217#1_1,0.00
86.0,car_010,77.623314,12.917517,75.88,car,9.94,14.54,1073384217#1_2,0.00
87.0,bike_001,77.633400,12.916479,95.04,motorcycle,16.02,112.49,380707230#0_1,0.00
87.0,bike_002,77.628598,12.916850,100.42,motorcycle,9.84,602.50,1073384217#1_0,0.00
87.0,bike_003,77.628520,12.916897,103.15,motorcycle,13.02,593.61,1073384217#1_1,0.00
87.0,bike_004,77.626240,12.917524,105.03,motorcycle,14.61,335.41,1073384217#1_0,0.00
87.0,car_001,77.635901,12.916251,95.79,car,15.51,85.50,380707230#2_0,0.00
87.0,car_002,77.633605,12.916430,95.04,car,14.74,135.14,380707230#0_0,0.00
87.0,car_003,77.633387,12.916451,95.04,car,15.13,111.34,380707230#0_0,0.00
87.0,car_004,77.632297,12.916560,95.61,car,16.02,0.72,:cluster_11374930008_11374930009_11374930010_11374930011_10_0,0.00
87.0,car_005,77.631201,12.916667,95.08,car,15.70,56.98,1534247766#1_0,0.00
87.0,car_006,77.628443,12.916886,103.14,car,10.76,585.21,1073384217#1_0,0.00
87.0,car_007,77.627372,12.917200,106.23,car,12.23,463.64,1073384217#1_0,0.00
87.0,car_008,77.626673,12.917435,105.03,car,16.11,384.40,1073384217#1_1,0.00
87.0,car_009,77.625327,12.917708,89.89,car,16.20,234.62,1073384217#1_1,0.00
87.0,car_010,77.623418,12.917542,75.88,car,11.64,26.18,1073384217#1_2,0.00
88.0,bike_001,77.633532,12.916466,95.04,motorcycle,14.43,126.92,380707230#0_1,0.00
88.0,bike_002,77.628700,12.916841,94.28,motorcycle,11.10,613.59,1073384217#1_0,0.00
88.0,bike_003,77.628646,12.916875,94.28,motorcycle,13.92,607.53,1073384217#1_1,0.00
88.0,bike_004,77.626378,12.917486,105.03,motorcycle,15.52,350.93,1073384217#1_0,0.00
88.0,car_001,77.636048,12.916235,95.79,car,16.08,101.58,380707230#2_0,0.00
88.0,car_002,77.633739,12.916417,95.04,car,14.61,149.75,380707230#0_0,0.00
88.0,car_003,77.633519,12.916438,95.04,car,14.44,125.78,380707230#0_0,0.00
88.0,car_004,77.632439,12.916545,95.19,car,15.50,7.86,380707230#0_0,0.00
88.0,car_005,77.631352,12.916652,95.08,car,16.47,73.46,1534247766#1_0,0.00
88.0,car_006,77.628531,12.916865,103.14,car,9.82,595.03,1073384217#1_0,0.00
88.0,car_007,77.627483,12.917167,106.23,car,12.59,476.22,1073384217#1_0,0.00
88.0,car_008,77.626810,12.917397,105.44,car,15.46,399.86,1073384217#1_1,0.00
88.0,car_009,77.625475,12.917705,92.32,car,16.05,250.67,1073384217#1_1,0.00
88.0,car_010,77.623544,12.917571,75.88,car,14.00,40.18,1073384217#1_2,0.00
89.0,bike_001,77.633679,12.916452,95.04,motorcycle,16.04,142.95,380707230#0_1,0.00
89.0,bike_002,77.628806,12.916832,94.28,motorcycle,11.57,625.16,1073384217#1_0,0.00
89.0,bike_003,77.628784,12.916863,94.28,motorcycle,15.05,622.58,1073384217#1_1,0.00
89.0,bike_004,77.626517,12.917448,105.03,motorcycle,15.72,366.65,1073384217#1_0,0.00
89.0,car_001,77.636200,12.916218,95.79,car,16.56,118.14,380707230#2_0,0.00
89.0,car_002,77.633871,12.916404,95.04,car,14.39,164.14,380707230#0_0,0.00
89.0,car_003,77.633658,12.916425,95.04,car,15.17,140.95,380707230#0_0,0.00
89.0,car_004,77.632586,12.916530,95.19,car,16.06,23.92,380707230#0_0,0.00
89.0,car_005,77.631498,12.916638,95.08,car,16.01,89.47,1534247766#1_0,0.00
89.0,car_006,77.628625,12.916847,96.10,car,10.43,605.46,1073384217#1_0,0.00
89.0,car_007,77.627597,12.917134,106.23,car,12.92,489.15,1073384217#1_0,0.00
89.0,car_008,77.626952,12.917355,106.23,car,16.06,415.92,1073384217#1_1,0.00
89.0,car_009,77.625616,12.917689,96.07,car,15.39,266.06,1073384217#1_1,0.00
89.0,car_010,77.623688,12.917600,80.16,car,16.00,56.18,1073384217#1_2,0.00
90.0,bike_001,77.633815,12.916439,95.04,motorcycle,14.77,157.73,380707230#0_1,0.00
90.0,bike_002,77.628914,12.916823,94.23,motorcycle,11.84,637.00,1073384217#1_0,0.00
90.0,bike_003,77.628911,12.916853,94.23,motorcycle,13.85,636.43,1073384217#1_1,0.00
90.0,bike_004,77.626653,12.917410,105.03,motorcycle,15.37,382.02,1073384217#1_0,0.00
90.0,bike_005,77.623216,12.917434,75.88,motorcycle,9.44,2.10,1073384217#1_0,0.00
90.0,car_001,77.636349,12.916202,95.79,car,16.15,134.29,380707230#2_0,0.00
90.0,car_002,77.634001,12.916392,95.04,car,14.23,178.38,380707230#0_0,0.00
90.0,car_003,77.633793,12.916412,95.04,car,14.70,155.65,380707230#0_0,0.00
90.0,car_004,77.632730,12.916516,95.19,car,15.71,39.63,380707230#0_0,0.00
90.0,car_005,77.631643,12.916624,95.08,car,15.86,105.33,1534247766#1_0,0.00
90.0,car_006,77.628735,12.916867,94.28,car,11.84,617.29,1073384217#1_1,0.00
90.0,car_007,77.627701,12.917103,106.23,car,11.84,500.99,1073384217#1_0,0.00
90.0,car_008,77.627088,12.917315,106.23,car,15.50,431.43,1073384217#1_1,0.00
90.0,car_009,77.625767,12.917669,100.23,car,16.56,282.62,1073384217#1_1,0.00
90.0,car_010,77.623834,12.917624,80.16,car,15.97,72.15,1073384217#1_2,0.00
91.0,bike_001,77.633966,12.916424,95.04,motorcycle,16.49,174.21,380707230#0_1,0.00
91.0,bike_002,77.629011,12.916815,94.23,motorcycle,10.57,647.57,1073384217#1_0,0.00
91.0,bike_003,77.629044,12.916841,94.23,motorcycle,14.56,650.99,1073384217#1_1,0.00
91.0,bike_004,77.626797,12.917371,105.61,motorcycle,16.23,398.25,1073384217#1_0,0.00
91.0,bike_005,77.623329,12.917461,75.88,motorcycle,12.68,14.78,1073384217#1_0,0.00
91.0,car_001,77.636492,12.916186,95.79,car,15.61,149.90,380707230#2_0,0.00
91.0,car_002,77.634128,12.916379,95.04,car,13.83,192.21,380707230#0_0,0.00
91.0,car_003,77.633925,12.916399,95.04,car,14.34,169.99,380707230#0_0,0.00
91.0,car_004,77.632881,12.916501,95.19,car,16.46,56.09,380707230#0_0,0.00
91.0,car_005,77.631792,12.916609,95.08,car,16.25,121.58,1534247766#1_0,0.00
91.0,car_006,77.628852,12.916857,94.24,car,12.75,630.04,1073384217#1_1,0.00
91.0,car_007,77.627811,12.917070,106.23,car,12.47,513.46,1073384217#1_0,0.00
91.0,car_008,77.627232,12.917272,106.23,car,16.24,447.67,1073384217#1_1,0.00
91.0,car_009,77.625919,12.917609,100.86,car,16.53,299.15,1073384217#1_0,0.00
91.0,car_010,77.623988,12.917619,80.16,car,16.32,88.47,1073384217#1_1,0.00
92.0,bike_001,77.634110,12.916410,95.04,motorcycle,15.71,189.92,380707230#0_1,0.00
92.0,bike_002,77.629114,12.916807,94.23,motorcycle,11.22,658.80,1073384217#1_0,0.00
92.0,bike_003,77.629168,12.916831,94.23,motorcycle,13.45,664.43,1073384217#1_1,0.00
92.0,bike_004,77.626940,12.917328,106.23,motorcycle,16.26,414.51,1073384217#1_0,0.00
92.0,bike_005,77.623456,12.917491,75.88,motorcycle,14.21,28.99,1073384217#1_0,0.00
92.0,car_001,77.636645,12.916168,96.76,car,16.66,166.56,380707230#2_0,0.00
92.0,car_002,77.634256,12.916367,94.55,car,13.98,206.19,380707230#0_0,0.00
92.0,car_003,77.634046,12.916387,95.04,car,13.23,183.22,380707230#0_0,0.00
92.0,car_004,77.633026,12.916486,95.19,car,15.90,71.99,380707230#0_0,0.00
92.0,car_005,77.631938,12.916595,95.08,car,15.96,137.54,1534247766#1_0,0.00
92.0,car_006,77.628972,12.916847,94.23,car,13.02,643.07,1073384217#1_1,0.00
92.0,car_007,77.627926,12.917036,106.23,car,13.04,526.50,1073384217#1_0,0.00
92.0,car_008,77.627367,12.917232,106.23,car,15.39,463.06,1073384217#1_1,0.00
92.0,car_009,77.626056,12.917574,105.03,car,15.42,314.57,1073384217#1_0,0.00
92.0,car_010,77.624130,12.917642,80.16,car,15.69,104.17,1073384217#1_1,0.00
93.0,bike_001,77.634262,12.916396,93.91,motorcycle,16.55,206.47,380707230#0_1,0.00
93.0,bike_002,77.629206,12.916799,94.23,motorcycle,10.04,668.83,1073384217#1_0,0.00
93.0,bike_003,77.629289,12.916793,93.92,motorcycle,13.47,9.01,:2471287780_3_0,0.00
93.0,bike_004,77.627078,12.917287,106.23,motorcycle,15.72,430.23,1073384217#1_0,0.00
93.0,bike_005,77.623595,12.917524,75.88,motorcycle,15.53,44.52,1073384217#1_0,0.00
93.0,car_001,77.636792,12.916150,96.76,car,16.04,182.60,380707230#2_0,0.00
93.0,car_002,77.634391,12.916357,93.91,car,14.60,220.79,380707230#0_0,0.00
93.0,car_003,77.634170,12.916375,95.04,car,13.57,196.79,380707230#0_0,0.00
93.0,car_004,77.633174,12.916472,95.19,car,16.10,88.09,380707230#0_0,0.00
93.0,car_005,77.632084,12.916581,95.08,car,15.95,153.49,1534247766#1_0,0.00
93.0,car_006,77.629095,12.916837,94.23,car,13.44,656.51,1073384217#1_1,0.00
93.0,car_007,77.628031,12.917005,106.23,car,11.95,538.45,1073384217#1_0,0.00
93.0,car_008,77.627507,12.917190,106.23,car,15.87,478.93,1073384217#1_1,0.00
93.0,car_009,77.626199,12.917535,105.03,car,16.17,330.74,1073384217#1_0,0.00
93.0,car_010,77.624273,12.917665,80.16,car,15.68,119.85,1073384217#1_1,0.00
94.0,bike_001,77.634398,12.916386,93.91,motorcycle,14.84,221.31,380707230#0_1,0.00
94.0,bike_002,77.629299,12.916792,93.80,motorcycle,10.16,0.63,1534247766#0_0,0.00
94.0,bike_003,77.629412,12.916784,93.53,motorcycle,13.37,12.91,1534247766#0_0,0.00
94.0,bike_004,77.627220,12.917245,106.23,motorcycle,16.12,446.35,1073384217#1_0,0.00
94.0,bike_005,77.623724,12.917548,80.17,motorcycle,14.27,58.80,1073384217#1_0,0.00
94.0,car_001,77.636939,12.916131,96.76,car,16.05,198.65,380707230#2_0,0.00
94.0,car_002,77.634520,12.916347,93.91,car,14.14,234.93,380707230#0_0,0.00
94.0,car_003,77.634303,12.916364,93.91,car,14.47,211.26,380707230#0_0,0.00
94.0,car_004,77.633323,12.916457,95.04,car,16.30,104.39,380707230#0_0,0.00
94.0,car_005,77.632227,12.916567,95.39,car,15.53,169.02,1534247766#1_0,0.00
94.0,car_006,77.629219,12.916827,94.15,car,13.47,1.09,:2471287780_3_1,0.00
94.0,car_007,77.628145,12.916971,106.23,car,12.91,551.36,1073384217#1_0,0.00
94.0,car_008,77.627654,12.917147,106.23,car,16.67,495.60,1073384217#1_1,0.00
94.0,car_009,77.626342,12.917496,105.03,car,16.08,346.82,1073384217#1_0,0.00
94.0,car_010,77.624422,12.917685,84.78,car,16.36,136.21,1073384217#1_1,0.00
95.0,bike_001,77.634544,12.916374,93.91,motorcycle,15.94,237.25,380707230#0_1,0.00
95.0,bike_002,77.629397,12.916785,93.53,motorcycle,10.68,11.31,1534247766#0_0,0.00
95.0,bike_003,77.629546,12.916774,93.53,motorcycle,14.62,27.53,1534247766#0_0,0.00
95.0,bike_004,77.627359,12.917204,106.23,motorcycle,15.73,462.08,1073384217#1_0,0.00
95.0,bike_005,77.623872,12.917571,80.17,motorcycle,16.26,75.06,1073384217#1_0,0.00
95.0,car_001,77.637085,12.916113,96.76,car,15.92,214.57,380707230#2_0,0.00
95.0,car_002,77.634655,12.916337,93.91,car,14.63,249.56,380707230#0_0,0.00
95.0,car_003,77.634433,12.916354,93.91,car,14.21,225.46,380707230#0_0,0.00
95.0,car_004,77.633471,12.916443,95.04,car,16.17,120.56,380707230#0_0,0.00
95.0,car_005,77.632371,12.916551,95.65,car,15.80,0.50,380707230#0_0,0.00
95.0,car_006,77.629337,12.916818,93.54,car,12.88,4.50,1534247766#0_1,0.00
95.0,car_007,77.628252,12.916939,106.23,car,12.23,563.59,1073384217#1_0,0.00
95.0,car_008,77.627797,12.917104,106.23,car,16.24,511.84,1073384217#1_1,0.00
95.0,car_009,77.626480,12.917458,105.03,car,15.63,362.44,1073384217#1_0,0.00
95.0,car_010,77.624567,12.917696,85.09,car,15.81,152.02,1073384217#1_1,0.00
96.0,bike_001,77.634685,12.916363,93.91,motorcycle,15.33,252.58,380707230#0_1,0.00
96.0,bike_002,77.629494,12.916778,93.53,motorcycle,10.53,21.84,1534247766#0_0,0.00
96.0,bike_003,77.629669,12.916766,93.53,motorcycle,13.36,40.89,1534247766#0_0,0.00
96.0,bike_004,77.627505,12.917161,106.23,motorcycle,16.61,478.69,1073384217#1_0,0.00
96.0,bike_005,77.624009,12.917593,80.17,motorcycle,15.07,90.13,1073384217#1_0,0.00
96.0,car_001,77.637237,12.916093,96.98,car,16.59,231.16,380707230#2_0,0.00
96.0,car_002,77.634788,12.916326,93.96,car,14.51,264.08,380707230#0_0,0.00
96.0,car_003,77.634569,12.916343,93.91,car,14.81,240.27,380707230#0_0,0.00
96.0,car_004,77.633620,12.916429,95.04,car,16.16,136.72,380707230#0_0,0.00
96.0,car_005,77.632523,12.916536,95.19,car,16.55,17.04,380707230#0_0,0.00
96.0,car_006,77.629455,12.916810,93.54,car,12.84,17.34,1534247766#0_1,0.00
96.0,car_007,77.628363,12.916906,106.23,car,12.64,576.23,1073384217#1_0,0.00
96.0,car_008,77.627937,12.917063,106.23,car,15.83,527.67,1073384217#1_1,0.00
96.0,car_009,77.626618,12.917420,105.03,car,15.61,378.05,1073384217#1_0,0.00
96.0,car_010,77.624715,12.917707,85.09,car,16.05,168.08,1073384217#1_1,0.00
97.0,bike_001,77.634822,12.916353,93.96,motorcycle,14.95,267.53,380707230#0_1,0.00
97.0,bike_002,77.629598,12.916771,93.53,motorcycle,11.35,33.19,1534247766#0_0,0.00
97.0,bike_003,77.629795,12.916757,93.53,motorcycle,13.67,54.56,1534247766#0_0,0.00
97.0,bike_004,77.627640,12.917121,106.23,motorcycle,15.34,494.03,1073384217#1_0,0.00
97.0,bike_005,77.624153,12.917616,80.17,motorcycle,15.93,106.06,1073384217#1_0,0.00
97.0,car_001,77.637386,12.916074,96.98,car,16.23,247.39,380707230#2_0,0.00
97.0,car_002,77.634922,12.916316,93.33,car,14.94,2.74,:1653906436_1_0,0.00
97.0,car_003,77.634707,12.916333,93.91,car,15.00,255.27,380707230#0_0,0.00
97.0,car_004,77.633768,12.916414,95.04,car,16.16,152.87,380707230#0_0,0.00
97.0,car_005,77.632664,12.916522,95.19,car,15.46,32.50,380707230#0_0,0.00
97.0,car_006,77.629575,12.916801,93.54,car,13.07,30.42,1534247766#0_1,0.00
97.0,car_007,77.628480,12.916877,103.14,car,13.06,589.29,1073384217#1_0,0.00
97.0,car_008,77.628077,12.917021,106.23,car,15.94,543.61,1073384217#1_1,0.00
97.0,car_009,77.626758,12.917382,105.03,car,15.81,393.86,1073384217#1_0,0.00
97.0,car_010,77.624863,12.917680,88.98,car,15.66,183.74,1073384217#1_0,0.00
98.0,bike_001,77.634957,12.916343,92.69,motorcycle,14.64,5.90,:1653906436_1_1,0.00
98.0,bike_002,77.629695,12.916764,93.53,motorcycle,10.54,43.73,1534247766#0_0,0.00
98.0,bike_003,77.629923,12.916748,93.26,motorcycle,14.02,68.57,1534247766#0_0,0.00
98.0,bike_004,77.627769,12.917083,106.23,motorcycle,14.66,508.69,1073384217#1_0,0.00
98.0,bike_005,77.624293,12.917638,80.17,motorcycle,15.37,121.43,1073384217#1_0,0.00
98.0,car_001,77.637533,12.916054,96.98,car,16.09,263.48,380707230#2_0,0.00
98.0,car_002,77.635055,12.916310,91.87,car,14.00,3.09,:11977577698_3_0,0.00
98.0,car_003,77.634845,12.916322,93.96,car,14.96,270.23,380707230#0_0,0.00
98.0,car_004,77.633917,12.916400,95.04,car,16.26,169.13,380707230#0_0,0.00
98.0,car_005,77.632812,12.916508,95.19,car,16.15,48.65,380707230#0_0,0.00
98.0,car_006,77.629692,12.916793,93.54,car,12.75,43.16,1534247766#0_1,0.00
98.0,car_007,77.628597,12.916850,102.20,car,13.07,602.36,1073384217#1_0,0.00
98.0,car_008,77.628223,12.916978,106.23,car,16.58,560.19,1073384217#1_1,0.00
98.0,car_009,77.626904,12.917339,106.23,car,16.52,410.38,1073384217#1_0,0.00
98.0,car_010,77.625016,12.917681,88.98,car,16.64,200.38,1073384217#1_0,0.00
99.0,bike_001,77.635105,12.916337,91.88,motorcycle,16.08,8.33,:11977577698_3_1,0.00
99.0,bike_002,77.629786,12.916758,93.53,motorcycle,9.85,53.58,1534247766#0_0,0.00
99.0,bike_003,77.630044,12.916740,93.26,motorcycle,13.15,81.72,1534247766#0_0,0.00
99.0,bike_004,77.627912,12.917040,106.23,motorcycle,16.20,524.89,1073384217#1_0,0.00
99.0,bike_005,77.624441,12.917657,85.09,motorcycle,16.30,137.73,1073384217#1_0,0.00
99.0,car_001,77.637678,12.916035,97.17,car,15.79,279.27,380707230#2_0,0.00
99.0,car_002,77.635185,12.916305,91.90,car,14.11,7.78,380707230#2_0,0.00
99.0,car_003,77.634970,12.916314,92.48,car,14.31,1.44,380707230#1_0,0.00
99.0,car_004,77.634063,12.916386,95.04,car,15.99,185.12,380707230#0_0,0.00
99.0,car_005,77.632959,12.916493,95.19,car,15.99,64.64,380707230#0_0,0.00
99.0,car_006,77.629817,12.916784,93.54,car,13.61,56.77,1534247766#0_1,0.00
99.0,car_007,77.628714,12.916840,94.28,car,12.84,615.21,1073384217#1_0,0.00
99.0,car_008,77.628361,12.916937,106.23,car,15.66,575.85,1073384217#1_1,0.00
99.0,car_009,77.627039,12.917299,106.23,car,15.38,425.76,1073384217#1_0,0.00
99.0,car_010,77.625159,12.917680,89.89,car,15.54,215.92,1073384217#1_0,0.00
100.0,bike_001,77.635243,12.916331,91.90,motorcycle,15.03,13.94,380707230#2_1,0.00
100.0,bike_002,77.629873,12.916751,93.53,motorcycle,9.53,63.10,1534247766#0_0,0.00
100.0,bike_003,77.630171,12.916732,93.26,motorcycle,13.77,95.49,1534247766#0_0,0.00
100.0,bike_004,77.628039,12.917002,106.23,motorcycle,14.52,539.41,1073384217#1_0,0.00
100.0,bike_005,77.624583,12.917668,85.09,motorcycle,15.50,153.23,1073384217#1_0,0.00
100.0,bus_001,77.623292,12.917512,75.88,bus,13.78,12.10,1073384217#1_2,0.00
100.0,car_001,77.637822,12.916015,97.53,car,15.80,295.07,380707230#2_0,0.00
100.0,car_002,77.635322,12.916299,91.90,car,14.78,22.56,380707230#2_0,0.00
100.0,car_003,77.635107,12.916308,91.89,car,14.08,8.70,:11977577698_3_0,0.00
100.0,car_004,77.634208,12.916372,95.04,car,15.80,200.92,380707230#0_0,0.00
100.0,car_005,77.633108,12.916478,95.19,car,16.26,80.90,380707230#0_0,0.00
100.0,car_006,77.629942,12.916776,93.25,car,13.58,70.35,1534247766#0_1,0.00
100.0,car_007,77.628825,12.916831,94.27,car,12.11,627.32,1073384217#1_0,0.00
100.0,car_008,77.628499,12.916902,103.15,car,15.44,591.29,1073384217#1_1,0.00
100.0,car_009,77.627181,12.917257,106.23,car,16.16,441.92,1073384217#1_0,0.00
100.0,car_010,77.625306,12.917679,89.89,car,15.95,231.88,1073384217#1_0,0.00
101.0,bike_001,77.635389,12.916325,91.90,motorcycle,15.86,29.80,380707230#2_1,0.00
101.0,bike_002,77.629964,12.916745,93.26,motorcycle,9.94,73.04,1534247766#0_0,0.00
101.0,bike_003,77.630292,12.916724,93.26,motorcycle,13.17,108.65,1534247766#0_0,0.00
101.0,bike_004,77.628181,12.916960,106.23,motorcycle,16.08,555.49,1073384217#1_0,0.00
101.0,bike_005,77.624717,12.917678,85.09,motorcycle,14.56,167.79,1073384217#1_0,0.00
101.0,bus_001,77.623413,12.917541,75.88,bus,13.55,25.65,1073384217#1_2,0.00
101.0,car_001,77.637974,12.916009,90.73,car,16.49,311.56,380707230#2_0,0.00
101.0,car_002,77.635459,12.916293,91.90,car,14.91,37.46,380707230#2_0,0.00
101.0,car_003,77.635244,12.916302,91.90,car,14.93,14.21,380707230#2_0,0.00
101.0,car_004,77.634360,12.916359,93.91,car,16.50,217.41,380707230#0_0,0.00
101.0,car_005,77.633259,12.916464,95.04,car,16.45,97.35,380707230#0_0,0.00
101.0,car_006,77.630060,12.916768,93.25,car,12.87,83.22,1534247766#0_1,0.00
101.0,car_007,77.628939,12.916821,94.23,car,12.43,639.74,1073384217#1_0,0.00
101.0,car_008,77.628639,12.916875,94.28,car,15.54,606.83,1073384217#1_1,0.00
101.0,car_009,77.627324,12.917214,106.23,car,16.24,458.16,1073384217#1_0,0.00
101.0,car_010,77.625456,12.917678,89.89,car,16.38,248.25,1073384217#1_0,0.00
102.0,bike_001,77.635540,12.916318,91.90,motorcycle,16.45,46.25,380707230#2_1,0.00
102.0,bike_002,77.630062,12.916739,93.26,motorcycle,10.60,83.64,1534247766#0_0,0.00
102.0,bike_003,77.630422,12.916715,93.26,motorcycle,14.20,122.86,1534247766#0_0,0.00
102.0,bike_004,77.628319,12.916919,106.23,motorcycle,15.68,571.17,1073384217#1_0,0.00
102.0,bike_005,77.624848,12.917680,88.98,motorcycle,14.29,182.08,1073384217#1_0,0.00
102.0,bus_001,77.623535,12.917569,75.88,bus,13.50,39.16,1073384217#1_2,0.00
102.0,car_001,77.638124,12.916012,86.39,car,16.19,327.76,380707230#2_0,0.00
102.0,car_002,77.635590,12.916285,95.46,car,14.24,51.70,380707230#2_0,0.00
102.0,car_003,77.635378,12.916296,91.90,car,14.49,28.70,380707230#2_0,0.00
102.0,car_004,77.634509,12.916348,93.91,car,16.24,233.66,380707230#0_0,0.00
102.0,car_005,77.633409,12.916449,95.04,car,16.41,113.76,380707230#0_0,0.00
102.0,car_006,77.630185,12.916760,93.25,car,13.57,96.79,1534247766#0_1,0.00
102.0,car_007,77.629050,12.916812,94.23,car,12.12,651.86,1073384217#1_0,0.00
102.0,car_008,77.628786,12.916863,94.28,car,16.01,622.84,1073384217#1_1,0.00
102.0,car_009,77.627461,12.917174,106.23,car,15.55,473.70,1073384217#1_0,0.00
102.0,car_010,77.625604,12.917661,96.07,car,16.12,264.37,1073384217#1_0,0.00
103.0,bike_001,77.635678,12.916304,95.79,motorcycle,15.02,61.27,380707230#2_1,0.00
103.0,bike_002,77.630158,12.916733,93.26,motorcycle,10.44,94.08,1534247766#0_0,0.00
103.0,bike_003,77.630544,12.916707,93.26,motorcycle,13.22,136.07,1534247766#0_0,0.00
103.0,bike_004,77.628461,12.916882,103.14,motorcycle,16.01,587.18,1073384217#1_0,0.00
103.0,bike_005,77.624983,12.917681,88.98,motorcycle,14.72,196.80,1073384217#1_0,0.00
103.0,bus_001,77.623658,12.917596,77.29,bus,13.75,52.91,1073384217#1_2,0.00
103.0,car_001,77.638275,12.916020,86.39,car,16.35,344.11,380707230#2_0,0.00
103.0,car_002,77.635719,12.916271,95.79,car,14.05,65.75,380707230#2_0,0.00
103.0,car_003,77.635507,12.916291,91.90,car,13.93,42.63,380707230#2_0,0.00
103.0,car_004,77.634651,12.916337,93.91,car,15.54,249.20,380707230#0_0,0.00
103.0,car_005,77.633556,12.916435,95.04,car,15.98,129.74,380707230#0_0,0.00
103.0,car_006,77.630304,12.916752,93.25,car,12.93,109.72,1534247766#0_1,0.00
103.0,car_007,77.629163,12.916803,94.23,car,12.32,664.17,1073384217#1_0,0.00
103.0,car_008,77.628934,12.916851,94.23,car,16.10,638.95,1073384217#1_1,0.00
103.0,car_009,77.627598,12.917133,106.23,car,15.55,489.25,1073384217#1_0,0.00
103.0,car_010,77.625749,12.917643,98.68,car,15.95,280.33,1073384217#1_0,0.00
104.0,bike_001,77.635823,12.916288,95.79,motorcycle,15.89,77.16,380707230#2_1,0.00
104.0,bike_002,77.630255,12.916726,93.26,motorcycle,10.53,104.61,1534247766#0_0,0.00
104.0,bike_003,77.630664,12.916700,92.76,motorcycle,13.06,8.04,:12683580002_3_0,0.00
104.0,bike_004,77.628606,12.916849,96.27,motorcycle,16.26,603.43,1073384217#1_0,0.00
104.0,bike_005,77.625126,12.917681,89.89,motorcycle,15.50,212.31,1073384217#1_0,0.00
104.0,bus_001,77.623779,12.917615,80.16,bus,13.27,66.18,1073384217#1_2,0.00
104.0,car_001,77.638423,12.916039,79.22,car,16.21,360.32,380707230#2_0,0.00
104.0,car_002,77.635851,12.916256,95.79,car,14.32,80.07,380707230#2_0,0.00
104.0,car_003,77.635640,12.916279,95.79,car,14.51,57.14,380707230#2_0,0.00
104.0,car_004,77.634799,12.916325,93.96,car,16.10,265.30,380707230#0_0,0.00
104.0,car_005,77.633700,12.916421,95.04,car,15.70,145.44,380707230#0_0,0.00
104.0,car_006,77.630420,12.916744,93.25,car,12.67,122.39,1534247766#0_1,0.00
104.0,car_007,77.629274,12.916794,93.92,car,12.02,7.31,:2471287780_3_0,0.00
104.0,car_008,77.629075,12.916839,94.23,car,15.38,654.33,1073384217#1_1,0.00
104.0,car_009,77.627742,12.917090,106.23,car,16.40,505.65,1073384217#1_0,0.00
104.0,car_010,77.625897,12.917613,100.86,car,16.39,296.71,1073384217#1_0,0.00
105.0,bike_001,77.635974,12.916272,95.79,motorcycle,16.47,93.63,380707230#2_1,0.00
105.0,bike_002,77.630360,12.916719,93.26,motorcycle,11.51,116.12,1534247766#0_0,0.00
105.0,bike_003,77.630801,12.916693,92.21,motorcycle,14.85,13.39,1534247766#1_0,0.00
105.0,bike_004,77.628743,12.916837,94.28,motorcycle,14.87,618.31,1073384217#1_0,0.00
105.0,bike_005,77.625276,12.917679,89.89,motorcycle,16.35,228.65,1073384217#1_0,0.00
105.0,bus_001,77.623905,12.917635,80.16,bus,13.78,79.96,1073384217#1_2,0.00
105.0,car_001,77.638563,12.916064,79.22,car,15.44,375.76,380707230#2_0,0.00
105.0,car_002,77.635981,12.916242,95.79,car,14.13,94.20,380707230#2_0,0.00
105.0,car_003,77.635768,12.916265,95.79,car,13.86,71.00,380707230#2_0,0.00
105.0,car_004,77.634944,12.916315,92.86,car,16.41,5.45,:1653906436_1_0,0.00
105.0,car_005,77.633849,12.916406,95.04,car,16.28,161.73,380707230#0_0,0.00
105.0,car_006,77.630544,12.916736,93.25,car,13.45,135.84,1534247766#0_1,0.00
105.0,car_007,77.629383,12.916786,93.53,car,11.95,9.79,1534247766#0_0,0.00
105.0,car_008,77.629219,12.916827,94.14,car,15.74,1.17,:2471287780_3_1,0.00
105.0,car_009,77.627886,12.917048,106.23,car,16.34,521.99,1073384217#1_0,0.00
105.0,car_010,77.626042,12.917578,105.03,car,16.34,313.05,1073384217#1_0,0.00
106.0,bike_001,77.636126,12.916255,95.79,motorcycle,16.62,110.25,380707230#2_1,0.00
106.0,bike_002,77.630449,12.916713,93.26,motorcycle,9.61,125.73,1534247766#0_0,0.00
106.0,bike_003,77.630932,12.916687,92.21,motorcycle,14.28,27.67,1534247766#1_0,0.00
106.0,bike_004,77.628886,12.916826,94.23,motorcycle,15.64,633.95,1073384217#1_0,0.00
106.0,bike_005,77.625418,12.917678,89.89,motorcycle,15.44,244.09,1073384217#1_0,0.00
106.0,bus_001,77.624034,12.917626,80.16,bus,13.56,93.52,1073384217#1_1,0.00
106.0,car_001,77.638705,12.916098,71.90,car,15.86,391.62,380707230#2_0,0.00
106.0,car_002,77.636113,12.916227,95.79,car,14.45,108.65,380707230#2_0,0.00
106.0,car_003,77.635896,12.916280,95.79,car,14.13,85.13,380707230#2_1,0.00
106.0,car_004,77.635096,12.916308,91.89,car,15.77,7.57,:11977577698_3_0,0.00
106.0,car_005,77.633992,12.916393,95.04,car,15.67,177.39,380707230#0_0,0.00
106.0,car_006,77.630670,12.916728,92.78,car,13.72,8.47,:12683580002_3_1,0.00
106.0,car_007,77.629492,12.916778,93.53,car,11.81,21.60,1534247766#0_0,0.00
106.0,car_008,77.629370,12.916816,93.54,car,16.43,8.14,1534247766#0_1,0.00
106.0,car_009,77.628031,12.917005,106.23,car,16.41,538.40,1073384217#1_0,0.00
106.0,car_010,77.626190,12.917537,105.03,car,16.61,329.66,1073384217#1_0,0.00
107.0,bike_001,77.636263,12.916240,95.79,motorcycle,15.03,125.28,380707230#2_1,0.00
107.0,bike_002,77.630554,12.916706,93.26,motorcycle,11.51,137.24,1534247766#0_0,0.00
107.0,bike_003,77.631054,12.916681,92.21,motorcycle,13.27,40.94,1534247766#1_0,0.00
107.0,bike_004,77.629027,12.916814,94.23,motorcycle,15.39,649.34,1073384217#1_0,0.00
107.0,bike_005,77.625563,12.917666,96.07,motorcycle,15.78,259.87,1073384217#1_0,0.00
107.0,bus_001,77.624156,12.917646,80.16,bus,13.42,106.94,1073384217#1_1,0.00
107.0,car_001,77.638842,12.916141,70.92,car,15.56,407.19,380707230#2_0,0.00
107.0,car_002,77.636241,12.916214,95.79,car,13.85,122.51,380707230#2_0,0.00
107.0,car_003,77.636041,12.916264,95.79,car,15.85,100.98,380707230#2_1,0.00
107.0,car_004,77.635241,12.916302,91.90,car,15.68,13.83,380707230#2_0,0.00
107.0,car_005,77.634141,12.916378,95.04,car,16.19,193.58,380707230#0_0,0.00
107.0,car_006,77.630789,12.916723,92.22,car,12.93,11.91,1534247766#1_1,0.00
107.0,car_007,77.629601,12.916771,93.53,car,11.89,33.49,1534247766#0_0,0.00
107.0,car_008,77.629512,12.916806,93.54,car,15.39,23.52,1534247766#0_1,0.00
107.0,car_009,77.628174,12.916962,106.23,car,16.30,554.70,1073384217#1_0,0.00
107.0,car_010,77.626329,12.917499,105.03,car,15.80,345.45,1073384217#1_0,0.00
108.0,bike_001,77.636396,12.916226,95.79,motorcycle,14.53,139.81,380707230#2_1,0.00
108.0,bike_002,77.630645,12.916701,92.76,motorcycle,9.77,5.92,:12683580002_3_0,0.00
108.0,bike_003,77.631185,12.916669,95.08,motorcycle,14.30,55.24,1534247766#1_0,0.00
108.0,bike_004,77.629172,12.916802,94.23,motorcycle,15.85,665.18,1073384217#1_0,0.00
108.0,bike_005,77.625706,12.917649,96.07,motorcycle,15.71,275.57,1073384217#1_0,0.00
108.0,bus_001,77.624277,12.917665,80.16,bus,13.34,120.28,1073384217#1_1,0.00
108.0,car_001,77.638982,12.916191,69.28,car,16.12,423.31,380707230#2_0,0.00
108.0,car_002,77.636372,12.916199,95.79,car,14.36,136.87,380707230#2_0,0.00
108.0,car_003,77.636175,12.916250,95.79,car,14.59,115.57,380707230#2_1,0.00
108.0,car_004,77.635393,12.916296,91.90,car,16.47,30.30,380707230#2_0,0.00
108.0,car_005,77.634282,12.916365,93.91,car,15.38,208.96,380707230#0_0,0.00
108.0,car_006,77.630903,12.916688,92.21,car,12.63,24.54,1534247766#1_0,0.00
108.0,car_007,77.629717,12.916762,93.53,car,12.65,46.14,1534247766#0_0,0.00
108.0,car_008,77.629664,12.916795,93.54,car,16.60,40.13,1534247766#0_1,0.00
108.0,car_009,77.628313,12.916921,106.23,car,15.76,570.46,1073384217#1_0,0.00
108.0,car_010,77.626474,12.917460,105.03,car,16.29,361.75,1073384217#1_0,0.00
109.0,bike_001,77.636531,12.916211,95.79,motorcycle,14.71,154.52,380707230#2_1,0.00
109.0,bike_002,77.630738,12.916696,92.21,motorcycle,10.11,6.54,1534247766#1_0,0.00
109.0,bike_003,77.631325,12.916655,95.08,motorcycle,15.26,70.49,1534247766#1_0,0.00
109.0,bike_004,77.629315,12.916791,93.53,motorcycle,15.52,2.35,1534247766#0_0,0.00
109.0,bike_005,77.625836,12.917625,100.86,motorcycle,14.38,289.95,1073384217#1_0,0.00
109.0,bus_001,77.624400,12.917683,80.92,bus,13.56,133.84,1073384217#1_1,0.00
109.0,car_001,77.639122,12.916242,69.28,car,16.15,439.46,380707230#2_0,0.00
109.0,car_002,77.636503,12.916185,95.79,car,14.21,151.08,380707230#2_0,0.00
109.0,car_003,77.636308,12.916264,95.78,car,14.84,130.41,380707230#2_2,0.00
109.0,car_004,77.635539,12.916290,91.90,car,15.79,46.09,380707230#2_0,0.00
109.0,car_005,77.634429,12.916354,93.91,car,16.06,225.01,380707230#0_0,0.00
109.0,car_006,77.631027,12.916682,92.21,car,13.46,37.99,1534247766#1_0,0.00
109.0,car_007,77.629835,12.916754,93.53,car,12.78,58.92,1534247766#0_0,0.00
109.0,car_008,77.629812,12.916785,93.54,car,16.07,56.20,1534247766#0_1,0.00
109.0,car_009,77.628451,12.916884,103.14,car,15.66,586.12,1073384217#1_0,0.00
109.0,car_010,77.626616,12.917421,105.03,car,16.08,377.82,1073384217#1_0,0.00
110.0,bike_001,77.636668,12.916195,96.75,motorcycle,14.93,169.45,380707230#2_1,0.00
110.0,bike_002,77.630828,12.916692,92.21,motorcycle,9.87,16.40,1534247766#1_0,0.00
110.0,bike_003,77.631455,12.916642,95.08,motorcycle,14.23,84.72,1534247766#1_0,0.00
110.0,bike_004,77.629448,12.916781,93.53,motorcycle,14.44,16.79,1534247766#0_0,0.00
110.0,bike_005,77.625970,12.917598,104.45,motorcycle,14.90,304.85,1073384217#1_0,0.00
110.0,bus_001,77.624527,12.917693,85.09,bus,13.76,147.60,1073384217#1_1,0.00
110.0,car_001,77.639257,12.916290,69.28,car,15.56,455.02,380707230#2_0,0.00
110.0,car_002,77.636637,12.916169,96.76,car,14.62,165.70,380707230#2_0,0.00
110.0,car_003,77.636459,12.916248,95.78,car,16.59,147.01,380707230#2_2,0.00
110.0,car_004,77.635689,12.916274,95.79,car,16.31,62.40,380707230#2_0,0.00
110.0,car_005,77.634576,12.916343,93.91,car,15.94,240.95,380707230#0_0,0.00
110.0,car_006,77.631152,12.916672,95.08,car,13.62,51.61,1534247766#1_0,0.00
110.0,car_007,77.629945,12.916747,93.26,car,11.95,70.87,1534247766#0_0,0.00
110.0,car_008,77.629955,12.916775,93.25,car,15.55,71.75,1534247766#0_1,0.00
110.0,car_009,77.628591,12.916850,103.14,car,15.68,601.79,1073384217#1_0,0.00
110.0,car_010,77.626762,12.917381,105.03,car,16.45,394.28,1073384217#1_0,0.00
111.0,bike_001,77.636811,12.916177,96.75,motorcycle,15.71,185.16,380707230#2_1,0.00
111.0,bike_002,77.630921,12.916687,92.21,motorcycle,10.04,26.44,1534247766#1_0,0.00
111.0,bike_003,77.631584,12.916630,95.08,motorcycle,14.15,98.87,1534247766#1_0,0.00
111.0,bike_004,77.629596,12.916771,93.53,motorcycle,16.15,32.94,1534247766#0_0,0.00
111.0,bike_005,77.626097,12.917563,105.03,motorcycle,14.30,319.16,1073384217#1_0,0.00
111.0,bus_001,77.624653,12.917702,85.09,bus,13.77,161.36,1073384217#1_1,0.00
111.0,car_001,77.639400,12.916342,68.69,car,16.46,471.48,380707230#2_0,0.00
111.0,car_002,77.636769,12.916153,96.76,car,14.39,180.09,380707230#2_0,0.00
111.0,car_003,77.636606,12.916232,95.87,car,16.09,163.10,380707230#2_2,0.00
111.0,car_004,77.635836,12.916258,95.79,car,15.99,78.40,380707230#2_0,0.00
111.0,car_005,77.634724,12.916331,93.91,car,16.20,257.15,380707230#0_0,0.00
111.0,car_006,77.631276,12.916660,95.08,car,13.56,65.18,1534247766#1_0,0.00
111.0,car_007,77.630059,12.916739,93.26,car,12.49,83.36,1534247766#0_0,0.00
111.0,car_008,77.630099,12.916765,93.25,car,15.70,87.45,1534247766#0_1,0.00
111.0,car_009,77.628743,12.916837,94.28,car,16.55,618.34,1073384217#1_0,0.00
111.0,car_010,77.626905,12.917339,106.23,car,16.25,410.52,1073384217#1_0,0.00
112.0,bike_001,77.636961,12.916158,96.75,motorcycle,16.39,201.55,380707230#2_1,0.00
112.0,bike_002,77.631029,12.916682,92.21,motorcycle,11.77,38.22,1534247766#1_0,0.00
112.0,bike_003,77.631714,12.916617,95.08,motorcycle,14.20,113.07,1534247766#1_0,0.00
112.0,bike_004,77.629735,12.916761,93.53,motorcycle,15.09,48.03,1534247766#0_0,0.00
112.0,bike_005,77.626233,12.917526,105.03,motorcycle,15.35,334.51,1073384217#1_0,0.00
112.0,bus_001,77.624780,12.917680,86.58,bus,13.33,174.69,1073384217#1_0,0.00
112.0,car_001,77.639535,12.916393,68.59,car,15.69,487.17,380707230#2_0,0.00
112.0,car_002,77.636896,12.916137,96.76,car,13.88,193.97,380707230#2_0,0.00
112.0,car_003,77.636746,12.916214,96.75,car,15.37,178.47,380707230#2_2,0.00
112.0,car_004,77.635988,12.916241,95.79,car,16.63,95.02,380707230#2_0,0.00
112.0,car_005,77.634875,12.916320,93.96,car,16.37,273.52,380707230#0_0,0.00
112.0,car_006,77.631393,12.916648,95.08,car,12.75,77.93,1534247766#1_0,0.00
112.0,car_007,77.630175,12.916731,93.26,car,12.64,96.00,1534247766#0_0,0.00
112.0,car_008,77.630245,12.916756,93.25,car,15.85,103.30,1534247766#0_1,0.00
112.0,car_009,77.628895,12.916825,94.23,car,16.57,634.91,1073384217#1_0,0.00
112.0,car_010,77.627043,12.917298,106.23,car,15.71,426.23,1073384217#1_0,0.00
113.0,bike_001,77.637100,12.916140,96.75,motorcycle,15.29,216.84,380707230#2_1,0.00
113.0,bike_002,77.631117,12.916675,95.08,motorcycle,9.66,47.88,1534247766#1_0,0.00
113.0,bike_003,77.631846,12.916604,95.08,motorcycle,14.36,127.43,1534247766#1_0,0.00
113.0,bike_004,77.629887,12.916750,93.53,motorcycle,16.56,64.59,1534247766#0_0,0.00
113.0,bike_005,77.626360,12.917491,105.03,motorcycle,14.43,348.94,1073384217#1_0,0.00
113.0,bus_001,77.624902,12.917681,88.98,bus,13.25,187.94,1073384217#1_0,0.00
113.0,car_001,77.639664,12.916454,63.45,car,15.55,502.72,380707230#2_0,0.00
113.0,car_002,77.637033,12.916119,96.76,car,14.92,208.89,380707230#2_0,0.00
113.0,car_003,77.636888,12.916196,96.75,car,15.67,194.14,380707230#2_2,0.00
113.0,car_004,77.636131,12.916226,95.79,car,15.50,110.52,380707230#2_0,0.00
113.0,car_005,77.635017,12.916312,91.85,car,15.45,5.87,380707230#1_0,0.00
113.0,car_006,77.631509,12.916637,95.08,car,12.74,90.67,1534247766#1_0,0.00
113.0,car_007,77.630288,12.916724,93.26,car,12.26,108.26,1534247766#0_0,0.00
113.0,car_008,77.630388,12.916717,93.26,car,15.85,119.14,1534247766#0_0,0.00
113.0,car_009,77.629047,12.916812,94.23,car,16.64,651.56,1073384217#1_0,0.00
113.0,car_010,77.627179,12.917257,106.23,car,15.45,441.67,1073384217#1_0,0.00
114.0,bike_001,77.637233,12.916123,96.99,motorcycle,14.55,231.39,380707230#2_1,0.00
114.0,bike_002,77.631211,12.916666,95.08,motorcycle,10.20,58.08,1534247766#1_0,0.00
114.0,bike_003,77.631969,12.916592,95.08,motorcycle,13.41,140.84,1534247766#1_0,0.00
114.0,bike_004,77.630019,12.916742,93.26,motorcycle,14.40,78.99,1534247766#0_0,0.00
114.0,bike_005,77.626496,12.917453,105.03,motorcycle,15.33,364.27,1073384217#1_0,0.00
114.0,bus_001,77.625027,12.917681,89.02,bus,13.63,201.57,1073384217#1_0,0.00
114.0,car_001,77.639799,12.916522,59.88,car,16.39,519.10,380707230#2_0,0.00
114.0,car_002,77.637160,12.916103,96.98,car,13.89,222.78,380707230#2_0,0.00
114.0,car_003,77.637029,12.916178,96.75,car,15.40,209.54,380707230#2_2,0.00
114.0,car_004,77.636279,12.916209,95.79,car,16.18,126.70,380707230#2_0,0.00
114.0,car_005,77.635160,12.916306,91.90,car,15.40,5.03,380707230#2_0,0.00
114.0,car_006,77.631626,12.916626,95.08,car,12.75,103.42,1534247766#1_0,0.00
114.0,car_007,77.630392,12.916717,93.26,car,11.36,119.62,1534247766#0_0,0.00
114.0,car_008,77.630541,12.916707,93.26,car,16.61,135.75,1534247766#0_0,0.00
114.0,car_009,77.629198,12.916800,94.23,car,16.47,668.03,1073384217#1_0,0.00
114.0,car_010,77.627319,12.917216,106.23,car,15.94,457.61,1073384217#1_0,0.00
115.0,bike_001,77.637383,12.916103,96.99,motorcycle,16.37,247.76,380707230#2_1,0.00
115.0,bike_002,77.631317,12.916656,95.08,motorcycle,11.58,69.66,1534247766#1_0,0.00
115.0,bike_003,77.632104,12.916579,95.08,motorcycle,14.74,155.58,1534247766#1_0,0.00
115.0,bike_004,77.630156,12.916733,93.26,motorcycle,14.90,93.89,1534247766#0_0,0.00
115.0,bike_005,77.626636,12.917415,105.03,motorcycle,15.80,380.07,1073384217#1_0,0.00
115.0,bus_001,77.625149,12.917680,89.89,bus,13.29,214.86,1073384217#1_0,0.00
115.0,car_001,77.639924,12.916592,59.30,car,15.54,534.65,380707230#2_0,0.00
115.0,car_002,77.637291,12.916086,96.98,car,14.26,237.04,380707230#2_0,0.00
115.0,car_003,77.637171,12.916160,96.99,car,15.65,225.20,380707230#2_2,0.00
115.0,car_004,77.636432,12.916193,95.79,car,16.64,143.34,380707230#2_0,0.00
115.0,car_005,77.635303,12.916300,91.90,car,15.47,20.50,380707230#2_0,0.00
115.0,car_006,77.631745,12.916614,95.08,car,12.98,116.40,1534247766#1_0,0.00
115.0,car_007,77.630506,12.916710,93.26,car,12.36,131.98,1534247766#0_0,0.00
115.0,car_008,77.630693,12.916698,92.56,car,16.51,1.68,1534247766#1_0,0.00
115.0,car_009,77.629348,12.916788,93.53,car,16.25,5.91,1534247766#0_0,0.00
115.0,car_010,77.627458,12.917175,106.23,car,15.77,473.38,1073384217#1_0,0.00
116.0,bike_001,77.637513,12.916086,96.99,motorcycle,14.24,262.00,380707230#2_1,0.00
116.0,bike_002,77.631414,12.916646,95.08,motorcycle,10.63,80.29,1534247766#1_0,0.00
116.0,bike_003,77.632234,12.916566,95.59,motorcycle,14.26,169.84,1534247766#1_0,0.00
116.0,bike_004,77.630301,12.916723,93.26,motorcycle,15.82,109.72,1534247766#0_0,0.00
116.0,bike_005,77.626771,12.917378,105.03,motorcycle,15.22,395.29,1073384217#1_0,0.00
116.0,bus_001,77.625274,12.917679,89.89,bus,13.56,228.42,1073384217#1_0,0.00
116.0,car_001,77.640047,12.916669,52.03,car,15.87,550.51,380707230#2_0,0.00
116.0,car_002,77.637429,12.916068,96.98,car,15.12,252.16,380707230#2_0,0.00
116.0,car_003,77.637313,12.916141,96.99,car,15.57,240.76,380707230#2_2,0.00
116.0,car_004,77.636584,12.916176,95.79,car,16.53,159.87,380707230#2_0,0.00
116.0,car_005,77.635451,12.916293,91.90,car,16.12,36.63,380707230#2_0,0.00
116.0,car_006,77.631865,12.916602,95.08,car,13.11,129.50,1534247766#1_0,0.00
116.0,car_007,77.630621,12.916702,92.88,car,12.52,3.41,:12683580002_3_0,0.00
116.0,car_008,77.630841,12.916691,92.21,car,16.12,17.80,1534247766#1_0,0.00
116.0,car_009,77.629500,12.916778,93.53,car,16.59,22.50,1534247766#0_0,0.00
116.0,car_010,77.627605,12.917131,106.23,car,16.63,490.01,1073384217#1_0,0.00
117.0,bike_001,77.637647,12.916069,96.99,motorcycle,14.68,276.68,380707230#2_1,0.00
117.0,bike_002,77.631508,12.916637,95.08,motorcycle,10.30,90.58,1534247766#1_0,0.00
117.0,bike_003,77.632362,12.916552,95.71,motorcycle,14.04,7.91,:cluster_11374930008_11374930009_11374930010_11374930011_10_0,0.00
117.0,bike_004,77.630442,12.916714,93.26,motorcycle,15.25,124.97,1534247766#0_0,0.00
117.0,bike_005,77.626915,12.917336,106.23,motorcycle,16.36,411.64,1073384217#1_0,0.00
117.0,bus_001,77.625397,12.917678,89.89,bus,13.32,241.74,1073384217#1_0,0.00
117.0,car_001,77.640168,12.916760,52.03,car,16.53,567.05,380707230#2_0,0.00
117.0,car_002,77.637563,12.916051,96.98,car,14.56,266.72,380707230#2_0,0.00
117.0,car_003,77.637453,12.916123,96.99,car,15.41,256.18,380707230#2_2,0.00
117.0,car_004,77.636736,12.916157,96.76,car,16.64,176.51,380707230#2_0,0.00
117.0,car_005,77.635595,12.916284,95.79,car,15.55,52.17,380707230#2_0,0.00
117.0,car_006,77.631987,12.916591,95.08,car,13.31,142.82,1534247766#1_0,0.00
117.0,car_007,77.630737,12.916696,92.21,car,12.49,6.41,1534247766#1_0,0.00
117.0,car_008,77.630983,12.916684,92.21,car,15.48,33.28,1534247766#1_0,0.00
117.0,car_009,77.629642,12.916768,93.53,car,15.49,37.99,1534247766#0_0,0.00
117.0,car_010,77.627750,12.917088,106.23,car,16.48,506.49,1073384217#1_0,0.00
118.0,bike_001,77.637789,12.916049,97.51,motorcycle,15.59,292.27,380707230#2_1,0.00
118.0,bike_002,77.631609,12.916627,95.08,motorcycle,11.01,101.59,1534247766#1_0,0.00
118.0,bike_003,77.632504,12.916538,95.19,motorcycle,15.43,14.99,380707230#0_0,0.00
118.0,bike_004,77.630594,12.916704,93.15,motorcycle,16.57,0.45,:12683580002_3_0,0.00
118.0,bike_005,77.627043,12.917298,106.23,motorcycle,14.54,426.18,1073384217#1_0,0.00
118.0,bus_001,77.625519,12.917671,93.37,bus,13.33,255.08,1073384217#1_0,0.00
118.0,car_001,77.640279,12.916853,48.29,car,15.74,582.79,380707230#2_0,0.00
118.0,car_002,77.637689,12.916034,97.33,car,13.84,280.56,380707230#2_0,0.00
118.0,car_003,77.637604,12.916103,96.99,car,16.55,272.73,380707230#2_2,0.00
118.0,car_004,77.636881,12.916139,96.76,car,15.79,192.30,380707230#2_0,0.00
118.0,car_005,77.635741,12.916268,95.79,car,15.88,68.05,380707230#2_0,0.00
118.0,car_006,77.632109,12.916579,95.08,car,13.32,156.13,1534247766#1_0,0.00
118.0,car_007,77.630847,12.916691,92.21,car,12.01,18.43,1534247766#1_0,0.00
118.0,car_008,77.631125,12.916674,95.08,car,15.41,48.68,1534247766#1_0,0.00
118.0,car_009,77.629784,12.916758,93.53,car,15.38,53.37,1534247766#0_0,0.00
118.0,car_010,77.627890,12.917047,106.23,car,15.94,522.43,1073384217#1_0,0.00
119.0,bike_001,77.637941,12.916038,90.74,motorcycle,16.54,308.81,380707230#2_1,0.00
119.0,bike_002,77.631713,12.916617,95.08,motorcycle,11.29,112.88,1534247766#1_0,0.00
119.0,bike_003,77.632640,12.916525,95.19,motorcycle,14.87,29.85,380707230#0_0,0.00
119.0,bike_004,77.630730,12.916725,92.22,motorcycle,14.62,5.57,1534247766#1_1,0.00
119.0,bike_005,77.627178,12.917258,106.23,motorcycle,15.31,441.49,1073384217#1_0,0.00
119.0,bus_001,77.625643,12.917657,96.07,bus,13.64,268.72,1073384217#1_0,0.00
119.0,car_001,77.640387,12.916945,48.29,car,15.44,598.23,380707230#2_0,0.00
119.0,car_002,77.637825,12.916015,97.53,car,14.86,295.42,380707230#2_0,0.00
119.0,car_003,77.637752,12.916083,97.49,car,16.36,289.09,380707230#2_2,0.00
119.0,car_004,77.637024,12.916120,96.76,car,15.65,207.95,380707230#2_0,0.00
119.0,car_005,77.635887,12.916252,95.79,car,15.96,84.01,380707230#2_0,0.00
119.0,car_006,77.632229,12.916567,95.42,car,13.12,169.25,1534247766#1_0,0.00
119.0,car_007,77.630959,12.916685,92.21,car,12.21,30.64,1534247766#1_0,0.00
119.0,car_008,77.631271,12.916660,95.08,car,16.02,64.70,1534247766#1_0,0.00
119.0,car_009,77.629927,12.916748,93.32,car,15.64,69.01,1534247766#0_0,0.00
119.0,car_010,77.628033,12.917004,106.23,car,16.23,538.66,1073384217#1_0,0.00
120.0,bike_001,77.638072,12.916038,86.39,motorcycle,14.29,323.10,380707230#2_1,0.00
120.0,bike_002,77.631805,12.916608,95.08,motorcycle,10.10,122.98,1534247766#1_0,0.00
120.0,bike_003,77.632777,12.916511,95.19,motorcycle,14.92,44.77,380707230#0_0,0.00
120.0,bike_004,77.630862,12.916719,92.22,motorcycle,14.27,19.85,1534247766#1_1,0.00
120.0,bike_005,77.627317,12.917217,106.23,motorcycle,15.82,457.31,1073384217#1_0,0.00
120.0,bus_001,77.625764,12.917640,97.73,bus,13.31,282.02,1073384217#1_0,0.00
120.0,car_001,77.640500,12.917047,46.41,car,16.59,614.82,380707230#2_0,0.00
120.0,car_002,77.637958,12.916009,90.73,car,14.35,309.77,380707230#2_0,0.00
120.0,car_003,77.637894,12.916068,90.79,car,15.53,304.61,380707230#2_2,0.00
120.0,car_004,77.637176,12.916101,96.98,car,16.60,224.56,380707230#2_0,0.00
120.0,car_005,77.636033,12.916236,95.79,car,15.88,99.89,380707230#2_0,0.00
120.0,car_006,77.632344,12.916554,95.71,car,12.59,5.88,:cluster_11374930008_11374930009_11374930010_11374930011_10_0,0.00
120.0,car_007,77.631078,12.916679,93.21,car,12.92,43.57,1534247766#1_0,0.00
120.0,car_008,77.631420,12.916646,95.08,car,16.19,80.89,1534247766#1_0,0.00
120.0,car_009,77.630077,12.916738,93.26,car,16.27,85.28,1534247766#0_0,0.00
120.0,car_010,77.628170,12.916964,106.23,car,15.60,554.26,1073384217#1_0,0.00
121.0,bike_001,77.638214,12.916045,86.39,motorcycle,15.43,338.54,380707230#2_1,0.00
121.0,bike_002,77.631910,12.916598,95.08,motorcycle,11.42,134.40,1534247766#1_0,0.00
121.0,bike_003,77.632903,12.916499,95.19,motorcycle,13.73,58.50,380707230#0_0,0.00
121.0,bike_004,77.631002,12.916712,92.22,motorcycle,15.30,35.15,1534247766#1_1,0.00
121.0,bike_005,77.627462,12.917173,106.23,motorcycle,16.54,473.84,1073384217#1_0,0.00
121.0,bus_001,77.625886,12.917615,100.86,bus,13.52,295.54,1073384217#1_0,0.00
121.0,car_001,77.640614,12.917139,51.54,car,16.13,630.94,380707230#2_0,0.00
121.0,car_002,77.638091,12.916010,86.39,car,14.46,324.23,380707230#2_0,0.00
121.0,car_003,77.638043,12.916066,90.03,car,16.23,320.84,380707230#2_2,0.00
121.0,car_004,77.637329,12.916081,96.98,car,16.62,241.18,380707230#2_0,0.00
121.0,car_005,77.636184,12.916220,95.79,car,16.51,116.40,380707230#2_0,0.00
121.0,car_006,77.632466,12.916542,95.19,car,13.39,10.91,380707230#0_0,0.00
121.0,car_007,77.631194,12.916668,95.08,car,12.67,56.24,1534247766#1_0,0.00
121.0,car_008,77.631567,12.916631,95.08,car,16.09,96.98,1534247766#1_0,0.00
121.0,car_009,77.630218,12.916729,93.26,car,15.39,100.67,1534247766#0_0,0.00
121.0,car_010,77.628314,12.916921,106.23,car,16.39,570.64,1073384217#1_0,0.00
122.0,bike_001,77.638365,12.916058,79.21,motorcycle,16.49,355.02,380707230#2_1,0.00
122.0,bike_002,77.632016,12.916588,95.08,motorcycle,11.63,146.03,1534247766#1_0,0.00
122.0,bike_003,77.633032,12.916486,95.19,motorcycle,14.13,72.63,380707230#0_0,0.00
122.0,bike_004,77.631133,12.916703,95.08,motorcycle,14.27,49.42,1534247766#1_1,0.00
122.0,bike_005,77.627590,12.917136,106.23,motorcycle,14.52,488.36,1073384217#1_0,0.00
122.0,bus_001,77.626006,12.917588,102.89,bus,13.44,308.98,1073384217#1_0,0.00
122.0,car_001,77.640729,12.917226,51.54,car,15.63,646.58,380707230#2_0,0.00
122.0,car_002,77.638226,12.916017,86.39,car,14.64,338.87,380707230#2_0,0.00
122.0,car_003,77.638193,12.916073,86.39,car,16.44,337.28,380707230#2_2,0.00
122.0,car_004,77.637471,12.916063,96.98,car,15.51,256.69,380707230#2_0,0.00
122.0,car_005,77.636327,12.916204,95.79,car,15.54,131.94,380707230#2_0,0.00
122.0,car_006,77.632581,12.916531,95.19,car,12.55,23.46,380707230#0_0,0.00
122.0,car_007,77.631307,12.916657,95.08,car,12.32,68.55,1534247766#1_0,0.00
122.0,car_008,77.631709,12.916618,95.08,car,15.52,112.50,1534247766#1_0,0.00
122.0,car_009,77.630363,12.916719,93.26,car,15.72,116.38,1534247766#0_0,0.00
122.0,car_010,77.628452,12.916884,103.14,car,15.57,586.21,1073384217#1_0,0.00
123.0,bike_001,77.638496,12.916081,79.21,motorcycle,14.41,369.43,380707230#2_1,0.00
123.0,bike_002,77.632110,12.916579,95.08,motorcycle,10.23,156.27,1534247766#1_0,0.00
123.0,bike_003,77.633151,12.916474,95.19,motorcycle,12.99,85.63,380707230#0_0,0.00
123.0,bike_004,77.631274,12.916689,95.08,motorcycle,15.35,64.77,1534247766#1_1,0.00
123.0,bike_005,77.627736,12.917092,106.23,motorcycle,16.60,504.97,1073384217#1_0,0.00
123.0,bus_001,77.626124,12.917555,105.03,bus,13.29,322.26,1073384217#1_0,0.00
123.0,car_001,77.640849,12.917319,51.41,car,16.59,663.17,380707230#2_0,0.00
123.0,car_002,77.638364,12.916029,80.45,car,15.02,353.89,380707230#2_0,0.00
123.0,car_003,77.638345,12.916084,82.68,car,16.56,353.83,380707230#2_2,0.00
123.0,car_004,77.637622,12.916043,96.98,car,16.51,273.20,380707230#2_0,0.00
123.0,car_005,77.636477,12.916188,95.79,car,16.30,148.24,380707230#2_0,0.00
123.0,car_006,77.632706,12.916518,95.19,car,13.58,37.04,380707230#0_0,0.00
123.0,car_007,77.631418,12.916646,95.08,car,12.10,80.66,1534247766#1_0,0.00
123.0,car_008,77.631853,12.916604,95.08,car,15.74,128.24,1534247766#1_0,0.00
123.0,car_009,77.630513,12.916709,93.26,car,16.34,132.73,1534247766#0_0,0.00
123.0,car_010,77.628594,12.916850,102.83,car,15.83,602.04,1073384217#1_0,0.00
124.0,bike_001,77.638626,12.916104,79.21,motorcycle,14.43,383.86,380707230#2_1,0.00
124.0,bike_002,77.632218,12.916568,95.54,motorcycle,11.82,168.09,1534247766#1_0,0.00
124.0,bike_003,77.633290,12.916461,95.04,motorcycle,15.13,100.76,380707230#0_0,0.00
124.0,bike_004,77.631419,12.916675,95.08,motorcycle,15.78,80.55,1534247766#1_1,0.00
124.0,bike_005,77.627881,12.917049,106.23,motorcycle,16.45,521.42,1073384217#1_0,0.00
124.0,bus_001,77.626242,12.917523,105.03,bus,13.28,335.54,1073384217#1_0,0.00
124.0,car_001,77.640967,12.917409,51.42,car,16.22,6.03,:11892824102_0_0,0.00
124.0,car_002,77.638491,12.916051,79.22,car,13.94,367.83,380707230#2_0,0.00
124.0,car_003,77.638485,12.916108,79.20,car,15.49,369.33,380707230#2_2,0.00
124.0,car_004,77.637764,12.916023,97.53,car,15.46,288.67,380707230#2_0,0.00
124.0,car_005,77.636627,12.916171,96.53,car,16.34,164.58,380707230#2_0,0.00
124.0,car_006,77.632830,12.916506,95.19,car,13.58,50.62,380707230#0_0,0.00
124.0,car_007,77.631534,12.916635,95.08,car,12.67,93.33,1534247766#1_0,0.00
124.0,car_008,77.631983,12.916620,95.08,car,13.93,142.17,1534247766#1_1,0.00
124.0,car_009,77.630661,12.916700,92.76,car,16.10,7.74,:12683580002_3_0,0.00
124.0,car_010,77.628739,12.916838,94.28,car,15.82,617.86,1073384217#1_0,0.00
125.0,bike_001,77.638782,12.916122,71.90,motorcycle,16.46,400.32,380707230#2_0,0.00
125.0,bike_002,77.632316,12.916557,95.71,motorcycle,10.72,2.85,:cluster_11374930008_11374930009_11374930010_11374930011_10_0,0.00
125.0,bike_003,77.633426,12.916447,95.04,motorcycle,14.87,115.63,380707230#0_0,0.00
125.0,bike_004,77.631569,12.916660,95.08,motorcycle,16.44,96.99,1534247766#1_1,0.00
125.0,bike_005,77.628016,12.917009,106.23,motorcycle,15.33,536.75,1073384217#1_0,0.00
125.0,bus_001,77.626361,12.917490,105.03,bus,13.47,349.01,1073384217#1_0,0.00
125.0,car_001,77.641088,12.917501,51.39,car,16.56,6.67,377125912#2_0,0.00
125.0,car_002,77.638623,12.916074,79.22,car,14.52,382.35,380707230#2_0,0.00
125.0,car_003,77.638629,12.916135,77.71,car,15.98,385.31,380707230#2_2,0.00
125.0,car_004,77.637909,12.916010,90.73,car,15.80,304.47,380707230#2_0,0.00
125.0,car_005,77.636769,12.916153,96.76,car,15.49,180.07,380707230#2_0,0.00
125.0,car_006,77.632953,12.916494,95.19,car,13.35,63.97,380707230#0_0,0.00
125.0,car_007,77.631646,12.916624,95.08,car,12.29,105.62,1534247766#1_0,0.00
125.0,car_008,77.632126,12.916606,95.08,car,15.62,157.79,1534247766#1_1,0.00
125.0,car_009,77.630804,12.916693,92.21,car,15.48,13.73,1534247766#1_0,0.00
125.0,car_010,77.628882,12.916826,94.23,car,15.68,633.54,1073384217#1_0,0.00
126.0,bike_001,77.638925,12.916171,69.28,motorcycle,16.39,416.71,380707230#2_0,0.00
126.0,bike_002,77.632422,12.916546,95.19,motorcycle,11.54,6.03,380707230#0_0,0.00
126.0,bike_003,77.633551,12.916435,95.04,motorcycle,13.59,129.23,380707230#0_0,0.00
126.0,bike_004,77.631708,12.916647,95.08,motorcycle,15.09,112.08,1534247766#1_1,0.00
126.0,bike_005,77.628146,12.916971,106.23,motorcycle,14.72,551.48,1073384217#1_0,0.00
126.0,bus_001,77.626480,12.917458,105.03,bus,13.40,362.42,1073384217#1_0,0.00
126.0,car_001,77.641190,12.917601,43.92,car,15.58,22.25,377125912#2_0,0.00
126.0,car_002,77.638753,12.916113,71.90,car,14.68,397.04,380707230#2_0,0.00
126.0,car_003,77.638765,12.916177,71.92,car,15.52,400.83,380707230#2_2,0.00
126.0,car_004,77.638056,12.916008,88.67,car,15.98,320.46,380707230#2_0,0.00
126.0,car_005,77.636916,12.916134,96.76,car,16.08,196.15,380707230#2_0,0.00
126.0,car_006,77.633076,12.916482,95.19,car,13.49,77.47,380707230#0_0,0.00
126.0,car_007,77.631764,12.916612,95.08,car,12.86,118.48,1534247766#1_0,0.00
126.0,car_008,77.632274,12.916591,95.60,car,16.13,173.91,1534247766#1_1,0.00
126.0,car_009,77.630952,12.916686,92.21,car,16.15,29.88,1534247766#1_0,0.00
126.0,car_010,77.629025,12.916814,94.23,car,15.59,649.13,1073384217#1_0,0.00
127.0,bike_001,77.639058,12.916219,69.28,motorcycle,15.31,432.03,380707230#2_0,0.00
127.0,bike_002,77.632529,12.916536,95.19,motorcycle,11.71,17.74,380707230#0_0,0.00
127.0,bike_003,77.633691,12.916422,95.04,motorcycle,15.26,144.49,380707230#0_0,0.00
127.0,bike_004,77.631859,12.916632,95.08,motorcycle,16.52,128.60,1534247766#1_1,0.00
127.0,bike_005,77.628284,12.916930,106.23,motorcycle,15.69,567.17,1073384217#1_0,0.00
127.0,bus_001,77.626599,12.917425,105.03,bus,13.51,375.93,1073384217#1_0,0.00
127.0,car_001,77.641295,12.917706,43.92,car,16.25,38.50,377125912#2_0,0.00
127.0,car_002,77.638879,12.916154,69.28,car,14.41,411.45,380707230#2_0,0.00
127.0,car_003,77.638899,12.916223,69.27,car,15.50,416.33,380707230#2_2,0.00
127.0,car_004,77.638206,12.916016,86.39,car,16.20,336.66,380707230#2_0,0.00
127.0,car_005,77.637059,12.916116,96.76,car,15.62,211.76,380707230#2_0,0.00
127.0,car_006,77.633197,12.916469,95.19,car,13.20,90.67,380707230#0_0,0.00
127.0,car_007,77.631880,12.916601,95.08,car,12.65,131.13,1534247766#1_0,0.00
127.0,car_008,77.632415,12.916576,95.19,car,15.42,5.02,380707230#0_1,0.00
127.0,car_009,77.631103,12.916677,94.93,car,16.38,46.26,1534247766#1_0,0.00
127.0,car_010,77.629176,12.916802,94.23,car,16.45,665.58,1073384217#1_0,0.00
128.0,bike_001,77.639183,12.916263,69.28,motorcycle,14.39,446.42,380707230#2_0,0.00
128.0,bike_002,77.632626,12.916526,95.19,motorcycle,10.60,28.34,380707230#0_0,0.00
128.0,bike_003,77.633821,12.916409,95.04,motorcycle,14.19,158.68,380707230#0_0,0.00
128.0,bike_004,77.631996,12.916619,95.08,motorcycle,14.90,143.50,1534247766#1_1,0.00
128.0,bike_005,77.628418,12.916892,103.14,motorcycle,15.21,582.38,1073384217#1_0,0.00
128.0,bus_001,77.626717,12.917393,105.03,bus,13.32,389.25,1073384217#1_0,0.00
128.0,car_001,77.641402,12.917812,43.92,car,16.52,55.02,377125912#2_0,0.00
128.0,car_002,77.638997,12.916197,69.28,car,13.60,425.05,380707230#2_0,0.00
128.0,car_003,77.639038,12.916273,69.27,car,16.14,432.47,380707230#2_2,0.00
128.0,car_004,77.638356,12.916027,81.91,car,16.32,352.97,380707230#2_0,0.00
128.0,car_005,77.637209,12.916097,96.98,car,16.36,228.12,380707230#2_0,0.00
128.0,car_006,77.633316,12.916458,95.04,car,12.92,103.58,380707230#0_0,0.00
128.0,car_007,77.631996,12.916590,95.08,car,12.67,143.80,1534247766#1_0,0.00
128.0,car_008,77.632560,12.916562,95.19,car,15.80,20.81,380707230#0_1,0.00
128.0,car_009,77.631251,12.916662,95.08,car,16.23,62.49,1534247766#1_0,0.00
128.0,car_010,77.629321,12.916790,93.66,car,15.78,3.00,1534247766#0_0,0.00
129.0,bike_001,77.639316,12.916312,69.28,motorcycle,15.42,461.84,380707230#2_0,0.00
129.0,bike_002,77.632718,12.916517,95.19,motorcycle,10.01,38.35,380707230#0_0,0.00
129.0,bike_003,77.633953,12.916396,95.04,motorcycle,14.42,173.09,380707230#0_0,0.00
129.0,bike_004,77.632148,12.916604,95.08,motorcycle,16.66,160.16,1534247766#1_1,0.00
129.0,bike_005,77.628563,12.916857,103.14,motorcycle,16.25,598.63,1073384217#1_0,0.00
129.0,bus_001,77.626834,12.917360,105.55,bus,13.23,402.48,1073384217#1_0,0.00
129.0,car_001,77.641506,12.917916,43.92,car,16.04,71.06,377125912#2_0,0.00
129.0,car_002,77.639113,12.916239,69.28,car,13.39,438.45,380707230#2_0,0.00
129.0,car_003,77.639181,12.916325,69.27,car,16.64,449.11,380707230#2_2,0.00
129.0,car_004,77.638499,12.916052,79.22,car,15.69,368.67,380707230#2_0,0.00
129.0,car_005,77.637355,12.916078,96.98,car,15.98,244.10,380707230#2_0,0.00
129.0,car_006,77.633436,12.916446,95.04,car,13.11,116.69,380707230#0_0,0.00
129.0,car_007,77.632114,12.916578,95.08,car,12.88,156.68,1534247766#1_0,0.00
129.0,car_008,77.632704,12.916548,95.19,car,15.69,36.50,380707230#0_1,0.00
129.0,car_009,77.631403,12.916647,95.08,car,16.58,79.08,1534247766#1_0,0.00
129.0,car_010,77.629469,12.916780,93.53,car,16.06,19.06,1534247766#0_0,0.00
130.0,bike_001,77.639447,12.916360,68.69,motorcycle,15.08,476.92,380707230#2_0,0.00
130.0,bike_002,77.632809,12.916508,95.19,motorcycle,9.95,48.30,380707230#0_0,0.00
130.0,bike_003,77.634073,12.916385,95.04,motorcycle,13.07,186.16,380707230#0_0,0.00
130.0,bike_004,77.632291,12.916589,95.60,motorcycle,15.60,175.76,1534247766#1_1,0.00
130.0,bike_005,77.628698,12.916841,94.28,motorcycle,14.76,613.39,1073384217#1_0,0.00
130.0,bus_001,77.626953,12.917325,106.23,bus,13.48,415.96,1073384217#1_0,0.00
130.0,car_001,77.641608,12.918018,43.75,car,15.80,86.86,377125912#2_0,0.00
130.0,car_002,77.639240,12.916284,69.28,car,14.63,453.08,380707230#2_0,0.00
130.0,car_003,77.639331,12.916348,69.14,car,15.84,464.94,380707230#2_1,0.00
130.0,car_004,77.638638,12.916077,78.57,car,15.37,384.04,380707230#2_0,0.00
130.0,car_005,77.637507,12.916058,96.98,car,16.53,260.63,380707230#2_0,0.00
130.0,car_006,77.633554,12.916435,95.04,car,12.89,129.58,380707230#0_0,0.00
130.0,car_007,77.632233,12.916566,95.47,car,13.04,169.72,1534247766#1_0,0.00
130.0,car_008,77.632856,12.916532,95.19,car,16.64,53.14,380707230#0_1,0.00
130.0,car_009,77.631553,12.916633,95.08,car,16.36,95.43,1534247766#1_0,0.00
130.0,car_010,77.629613,12.916770,93.53,car,15.77,34.82,1534247766#0_0,0.00
130.0,truck_001,77.623299,12.917484,75.88,truck,12.14,12.10,1073384217#1_1,0.00
131.0,bike_001,77.639571,12.916410,63.45,motorcycle,14.54,491.46,380707230#2_0,0.00
131.0,bike_002,77.632912,12.916498,95.19,motorcycle,11.18,59.48,380707230#0_0,0.00
131.0,bike_003,77.634209,12.916372,95.04,motorcycle,14.82,200.97,380707230#0_0,0.00
131.0,bike_004,77.632443,12.916573,95.19,motorcycle,16.55,7.99,380707230#0_1,0.00
131.0,bike_005,77.628837,12.916830,94.23,motorcycle,15.17,628.56,1073384217#1_0,0.00
131.0,bus_001,77.627069,12.917290,106.23,bus,13.19,429.16,1073384217#1_0,0.00
131.0,car_001,77.641705,12.918122,41.91,car,15.51,102.37,377125912#2_0,0.00
131.0,car_002,77.639362,12.916328,68.82,car,13.99,467.07,380707230#2_0,0.00
131.0,car_003,77.639471,12.916400,68.69,car,16.27,481.21,380707230#2_1,0.00
131.0,car_004,77.638784,12.916122,71.90,car,16.50,400.53,380707230#2_0,0.00
131.0,car_005,77.637653,12.916039,96.98,car,15.98,276.61,380707230#2_0,0.00
131.0,car_006,77.633670,12.916424,95.04,car,12.69,142.27,380707230#0_0,0.00
131.0,car_007,77.632351,12.916554,95.71,car,12.89,6.65,:cluster_11374930008_11374930009_11374930010_11374930011_10_0,0.00
131.0,car_008,77.633005,12.916518,95.19,car,16.26,69.40,380707230#0_1,0.00
131.0,car_009,77.631697,12.916619,95.08,car,15.70,111.14,1534247766#1_0,0.00
131.0,car_010,77.629762,12.916759,93.53,car,16.20,51.03,1534247766#0_0,0.00
131.0,truck_001,77.623405,12.917509,75.88,truck,11.84,23.94,1073384217#1_1,0.00
132.0,bike_001,77.639693,12.916468,63.45,motorcycle,14.70,506.16,380707230#2_0,0.00
132.0,bike_002,77.633000,12.916489,95.19,motorcycle,9.63,69.11,380707230#0_0,0.00
132.0,bike_003,77.634349,12.916360,93.91,motorcycle,15.26,216.23,380707230#0_0,0.00
132.0,bike_004,77.632577,12.916560,95.19,motorcycle,14.70,22.70,380707230#0_1,0.00
132.0,bike_005,77.628974,12.916818,94.23,motorcycle,14.95,643.51,1073384217#1_0,0.00
132.0,bus_001,77.627188,12.917255,106.23,bus,13.57,442.72,1073384217#1_0,0.00
132.0,car_001,77.641805,12.918229,41.91,car,16.06,118.44,377125912#2_0,0.00
132.0,car_002,77.639488,12.916375,68.69,car,14.57,481.64,380707230#2_0,0.00
132.0,car_003,77.639609,12.916460,63.46,car,16.44,497.65,380707230#2_1,0.00
132.0,car_004,77.638926,12.916171,69.28,car,16.33,416.86,380707230#2_0,0.00
132.0,car_005,77.637805,12.916018,97.53,car,16.59,293.19,380707230#2_0,0.00
132.0,car_006,77.633790,12.916412,95.04,car,13.05,155.32,380707230#0_0,0.00
132.0,car_007,77.632466,12.916542,95.19,car,12.53,10.82,380707230#0_0,0.00
132.0,car_008,77.633155,12.916503,95.19,car,16.39,85.78,380707230#0_1,0.00
132.0,car_009,77.631847,12.916604,95.08,car,16.46,127.59,1534247766#1_0,0.00
132.0,car_010,77.629905,12.916749,93.46,car,15.54,66.57,1534247766#0_0,0.00
132.0,truck_001,77.623513,12.917534,75.88,truck,12.12,36.06,1073384217#1_1,0.00
133.0,bike_001,77.639814,12.916530,59.30,motorcycle,14.76,520.92,380707230#2_0,0.00
133.0,bike_002,77.633092,12.916480,95.19,motorcycle,10.04,79.15,380707230#0_0,0.00
133.0,bike_003,77.634489,12.916350,93.91,motorcycle,15.26,231.49,380707230#0_0,0.00
133.0,bike_004,77.632725,12.916545,95.19,motorcycle,16.12,38.82,380707230#0_1,0.00
133.0,bike_005,77.629120,12.916806,94.23,motorcycle,15.96,659.47,1073384217#1_0,0.00
133.0,bus_001,77.627308,12.917219,106.23,bus,13.62,456.34,1073384217#1_0,0.00
133.0,car_001,77.641904,12.918340,40.69,car,16.30,134.74,377125912#2_0,0.00
133.0,car_002,77.639605,12.916426,63.45,car,13.93,495.57,380707230#2_0,0.00
133.0,car_003,77.639743,12.916524,63.46,car,16.17,513.82,380707230#2_1,0.00
133.0,car_004,77.639067,12.916222,69.28,car,16.27,433.13,380707230#2_0,0.00
133.0,car_005,77.637958,12.916009,90.73,car,16.61,309.80,380707230#2_0,0.00
133.0,car_006,77.633915,12.916400,95.04,car,13.61,168.92,380707230#0_0,0.00
133.0,car_007,77.632580,12.916531,95.19,car,12.47,23.29,380707230#0_0,0.00
133.0,car_008,77.633303,12.916488,95.04,car,16.10,101.89,380707230#0_1,0.00
133.0,car_009,77.631994,12.916590,95.08,car,15.98,143.57,1534247766#1_0,0.00
133.0,car_010,77.630057,12.916739,93.26,car,16.53,83.09,1534247766#0_0,0.00
133.0,truck_001,77.623618,12.917559,75.88,truck,11.71,47.77,1073384217#1_1,0.00
134.0,bike_001,77.639929,12.916595,59.30,motorcycle,14.38,535.30,380707230#2_0,0.00
134.0,bike_002,77.633194,12.916470,95.19,motorcycle,11.18,90.33,380707230#0_0,0.00
134.0,bike_003,77.634616,12.916340,93.91,motorcycle,13.81,245.30,380707230#0_0,0.00
134.0,bike_004,77.632877,12.916530,95.19,motorcycle,16.52,55.34,380707230#0_1,0.00
134.0,bike_005,77.629253,12.916795,93.92,motorcycle,14.47,5.05,:2471287780_3_0,0.00
134.0,bus_001,77.627426,12.917184,106.23,bus,13.34,469.67,1073384217#1_0,0.00
134.0,car_001,77.642001,12.918448,40.69,car,15.89,150.63,377125912#2_0,0.00
134.0,car_002,77.639726,12.916484,63.45,car,14.53,510.11,380707230#2_0,0.00
134.0,car_003,77.639876,12.916599,59.29,car,16.65,530.47,380707230#2_1,0.00
134.0,car_004,77.639202,12.916270,69.28,car,15.50,448.63,380707230#2_0,0.00
134.0,car_005,77.638107,12.916011,86.39,car,16.16,325.96,380707230#2_0,0.00
134.0,car_006,77.634036,12.916388,95.04,car,13.18,182.10,380707230#0_0,0.00
134.0,car_007,77.632690,12.916520,95.19,car,11.99,35.27,380707230#0_0,0.00
134.0,car_008,77.633444,12.916475,95.04,car,15.37,117.26,380707230#0_1,0.00
134.0,car_009,77.632135,12.916576,95.08,car,15.42,158.99,1534247766#1_0,0.00
134.0,car_010,77.630207,12.916729,93.26,car,16.37,99.46,1534247766#0_0,0.00
134.0,truck_001,77.623726,12.917577,79.73,truck,11.92,59.69,1073384217#1_1,0.00
135.0,bike_001,77.640040,12.916664,52.03,motorcycle,14.29,549.59,380707230#2_0,0.00
135.0,bike_002,77.633287,12.916461,95.04,motorcycle,10.07,100.41,380707230#0_0,0.00
135.0,bike_003,77.634753,12.916329,93.94,motorcycle,15.01,260.31,380707230#0_0,0.00
135.0,bike_004,77.633027,12.916515,95.19,motorcycle,16.43,71.77,380707230#0_1,0.00
135.0,bike_005,77.629405,12.916784,93.53,motorcycle,16.58,12.15,1534247766#0_0,0.00
135.0,bus_001,77.627545,12.917149,106.23,bus,13.56,483.23,1073384217#1_0,0.00
135.0,car_001,77.642095,12.918564,36.74,car,16.31,166.94,377125912#2_0,0.00
135.0,car_002,77.639846,12.916548,59.30,car,14.84,524.95,380707230#2_0,0.00
135.0,car_003,77.640001,12.916671,57.47,car,15.76,546.23,380707230#2_1,0.00
135.0,car_004,77.639338,12.916320,69.17,car,15.77,464.40,380707230#2_0,0.00
135.0,car_005,77.638249,12.916018,86.39,car,15.39,341.35,380707230#2_0,0.00
135.0,car_006,77.634153,12.916377,95.04,car,12.76,194.87,380707230#0_0,0.00
135.0,car_007,77.632798,12.916509,95.19,car,11.81,47.09,380707230#0_0,0.00
135.0,car_008,77.633597,12.916460,95.04,car,16.67,133.93,380707230#0_1,0.00
135.0,car_009,77.632280,12.916561,95.59,car,15.86,174.85,1534247766#1_0,0.00
135.0,car_010,77.630352,12.916720,93.26,car,15.73,115.19,1534247766#0_0,0.00
135.0,truck_001,77.623833,12.917594,80.16,truck,11.77,71.46,1073384217#1_1,0.00
136.0,bike_001,77.640157,12.916752,52.03,motorcycle,15.87,565.46,380707230#2_0,0.00
136.0,bike_002,77.633381,12.916452,95.04,motorcycle,10.33,110.74,380707230#0_0,0.00
136.0,bike_003,77.634878,12.916319,93.96,motorcycle,13.51,273.82,380707230#0_0,0.00
136.0,bike_004,77.633170,12.916501,95.19,motorcycle,15.63,87.40,380707230#0_1,0.00
136.0,bike_005,77.629553,12.916774,93.53,motorcycle,16.07,28.22,1534247766#0_0,0.00
136.0,bus_001,77.627664,12.917114,106.23,bus,13.52,496.75,1073384217#1_0,0.00
136.0,car_001,77.642184,12.918678,36.74,car,15.91,182.84,377125912#2_0,0.00
136.0,car_002,77.639963,12.916615,59.30,car,14.69,539.63,380707230#2_0,0.00
136.0,car_003,77.640114,12.916756,52.04,car,15.45,561.68,380707230#2_1,0.00
136.0,car_004,77.639475,12.916370,68.69,car,15.74,480.14,380707230#2_0,0.00
136.0,car_005,77.638391,12.916033,79.22,car,15.52,356.87,380707230#2_0,0.00
136.0,car_006,77.634269,12.916366,94.20,car,12.72,207.59,380707230#0_0,0.00
136.0,car_007,77.632908,12.916498,95.19,car,11.94,59.03,380707230#0_0,0.00
136.0,car_008,77.633744,12.916446,95.04,car,16.11,150.04,380707230#0_1,0.00
136.0,car_009,77.632424,12.916546,95.19,car,15.71,6.24,380707230#0_0,0.00
136.0,car_010,77.630503,12.916710,93.26,car,16.46,131.65,1534247766#0_0,0.00
136.0,truck_001,77.623949,12.917583,80.17,truck,12.10,83.56,1073384217#1_0,0.00
137.0,bike_001,77.640259,12.916836,48.29,motorcycle,14.47,579.93,380707230#2_0,0.00
137.0,bike_002,77.633479,12.916442,95.04,motorcycle,10.70,121.43,380707230#0_0,0.00
137.0,bike_003,77.634997,12.916313,91.85,motorcycle,13.31,4.03,380707230#1_0,0.00
137.0,bike_004,77.633305,12.916488,95.04,motorcycle,14.70,102.10,380707230#0_1,0.00
137.0,bike_005,77.629689,12.916764,93.53,motorcycle,14.81,43.03,1534247766#0_0,0.00
137.0,bus_001,77.627783,12.917078,106.23,bus,13.48,510.23,1073384217#1_0,0.00
137.0,car_001,77.642274,12.918800,35.32,car,16.58,199.42,377125912#2_0,0.00
137.0,car_002,77.640074,12.916689,52.03,car,14.50,554.14,380707230#2_0,0.00
137.0,car_003,77.640224,12.916844,48.30,car,15.48,577.16,380707230#2_1,0.00
137.0,car_004,77.639610,12.916428,63.45,car,16.01,496.16,380707230#2_0,0.00
137.0,car_005,77.638533,12.916058,79.22,car,15.53,372.39,380707230#2_0,0.00
137.0,car_006,77.634393,12.916357,93.91,car,13.48,221.07,380707230#0_0,0.00
137.0,car_007,77.633023,12.916487,95.19,car,12.63,71.67,380707230#0_0,0.00
137.0,car_008,77.633896,12.916431,95.04,car,16.56,166.60,380707230#0_1,0.00
137.0,car_009,77.632567,12.916532,95.19,car,15.64,21.88,380707230#0_0,0.00
137.0,car_010,77.630653,12.916700,92.76,car,16.24,6.81,:12683580002_3_0,0.00
137.0,truck_001,77.624056,12.917601,80.17,truck,11.81,95.37,1073384217#1_0,0.00
138.0,bike_001,77.640367,12.916928,48.29,motorcycle,15.44,595.38,380707230#2_0,0.00
138.0,bike_002,77.633574,12.916433,95.04,motorcycle,10.32,131.75,380707230#0_0,0.00
138.0,bike_003,77.635129,12.916307,91.90,motorcycle,13.94,1.73,380707230#2_0,0.00
138.0,bike_004,77.633442,12.916475,95.04,motorcycle,14.92,117.03,380707230#0_1,0.00
138.0,bike_005,77.629838,12.916754,93.53,motorcycle,16.27,59.30,1534247766#0_0,0.00
138.0,bus_001,77.627900,12.917044,106.23,bus,13.39,523.62,1073384217#1_0,0.00
138.0,car_001,77.642362,12.918919,35.32,car,16.26,215.67,377125912#2_0,0.00
138.0,car_002,77.640178,12.916767,52.03,car,14.17,568.31,380707230#2_0,0.00
138.0,car_003,77.640335,12.916938,48.30,car,15.90,593.06,380707230#2_1,0.00
138.0,car_004,77.639744,12.916492,63.45,car,16.11,512.27,380707230#2_0,0.00
138.0,car_005,77.638682,12.916091,71.90,car,16.55,388.94,380707230#2_0,0.00
138.0,car_006,77.634509,12.916348,93.91,car,12.67,233.74,380707230#0_0,0.00
138.0,car_007,77.633141,12.916475,95.19,car,12.80,84.47,380707230#0_0,0.00
138.0,car_008,77.634040,12.916417,95.04,car,15.65,182.26,380707230#0_1,0.00
138.0,car_009,77.632715,12.916517,95.19,car,16.19,38.07,380707230#0_0,0.00
138.0,car_010,77.630804,12.916693,92.21,car,16.39,13.70,1534247766#1_0,0.00
138.0,truck_001,77.624165,12.917618,80.17,truck,12.00,107.37,1073384217#1_0,0.00
139.0,bike_001,77.640473,12.917022,46.41,motorcycle,15.50,610.87,380707230#2_0,0.00
139.0,bike_002,77.633664,12.916424,95.04,motorcycle,9.77,141.53,380707230#0_0,0.00
139.0,bike_003,77.635267,12.916301,91.90,motorcycle,14.96,16.69,380707230#2_0,0.00
139.0,bike_004,77.633589,12.916461,95.04,motorcycle,16.03,133.06,380707230#0_1,0.00
139.0,bike_005,77.629974,12.916745,93.26,motorcycle,14.73,74.03,1534247766#0_0,0.00
139.0,bus_001,77.628021,12.917008,106.23,bus,13.68,537.30,1073384217#1_0,0.00
139.0,car_001,77.642450,12.919039,35.32,car,16.34,232.02,377125912#2_0,0.00
139.0,car_002,77.640275,12.916849,48.29,car,13.91,582.22,380707230#2_0,0.00
139.0,car_003,77.640442,12.917033,46.40,car,15.71,608.77,380707230#2_1,0.00
139.0,car_004,77.639877,12.916566,59.30,car,16.52,528.78,380707230#2_0,0.00
139.0,car_005,77.638819,12.916133,71.90,car,15.64,404.58,380707230#2_0,0.00
139.0,car_006,77.634626,12.916339,93.91,car,12.66,246.40,380707230#0_0,0.00
139.0,car_007,77.633253,12.916464,95.04,car,12.29,96.76,380707230#0_0,0.00
139.0,car_008,77.634190,12.916403,95.04,car,16.40,198.66,380707230#0_1,0.00
139.0,car_009,77.632866,12.916502,95.19,car,16.40,54.47,380707230#0_0,0.00
139.0,car_010,77.630955,12.916686,92.21,car,16.47,30.17,1534247766#1_0,0.00
139.0,truck_001,77.624273,12.917635,80.17,truck,11.95,119.32,1073384217#1_0,0.00
140.0,bike_001,77.640583,12.917115,51.54,motorcycle,15.72,626.60,380707230#2_0,0.00
140.0,bike_002,77.633768,12.916414,95.04,motorcycle,11.33,152.85,380707230#0_0,0.00
140.0,bike_003,77.635393,12.916296,91.90,motorcycle,13.61,30.30,380707230#2_0,0.00
140.0,bike_004,77.633722,12.916448,95.04,motorcycle,14.53,147.59,380707230#0_1,0.00
140.0,bike_005,77.630111,12.916736,93.26,motorcycle,14.95,88.98,1534247766#0_0,0.00
140.0,bus_001,77.628137,12.916973,106.23,bus,13.19,550.50,1073384217#1_0,0.00
140.0,car_001,77.642539,12.919159,35.32,car,16.40,248.42,377125912#2_0,0.00
140.0,car_002,77.640380,12.916939,48.29,car,15.00,597.22,380707230#2_0,0.00
140.0,car_003,77.640557,12.917132,51.55,car,16.59,625.36,380707230#2_1,0.00
140.0,car_004,77.640007,12.916640,59.30,car,16.26,545.04,380707230#2_0,0.00
140.0,car_005,77.638958,12.916183,69.28,car,15.94,420.52,380707230#2_0,0.00
140.0,car_006,77.634745,12.916330,93.91,car,12.94,259.34,380707230#0_0,0.00
140.0,car_007,77.633370,12.916453,95.04,car,12.76,109.51,380707230#0_0,0.00
140.0,car_008,77.634336,12.916390,93.91,car,15.94,214.60,380707230#0_1,0.00
140.0,car_009,77.633009,12.916488,95.19,car,15.68,70.15,380707230#0_0,0.00
140.0,car_010,77.631099,12.916677,94.69,car,15.72,45.89,1534247766#1_0,0.00
140.0,truck_001,77.624379,12.917652,80.17,truck,11.66,130.99,1073384217#1_0,0.00
141.0,bike_001,77.640697,12.917203,51.54,motorcycle,15.69,642.29,380707230#2_0,0.00
141.0,bike_002,77.633866,12.916405,95.04,motorcycle,10.73,163.58,380707230#0_0,0.00
141.0,bike_003,77.635532,12.916290,91.90,motorcycle,15.03,45.33,380707230#2_0,0.00
141.0,bike_004,77.633871,12.916433,95.04,motorcycle,16.30,163.89,380707230#0_1,0.00
141.0,bike_005,77.630242,12.916727,93.26,motorcycle,14.25,103.23,1534247766#0_0,0.00
141.0,bus_001,77.628255,12.916938,106.23,bus,13.42,563.92,1073384217#1_0,0.00
141.0,car_001,77.642624,12.919274,35.32,car,15.63,264.05,377125912#2_0,0.00
141.0,car_002,77.640478,12.917027,46.41,car,14.41,611.63,380707230#2_0,0.00
141.0,car_003,77.640673,12.917221,51.55,car,16.02,641.38,380707230#2_1,0.00
141.0,car_004,77.640123,12.916727,52.03,car,15.89,560.93,380707230#2_0,0.00
141.0,car_005,77.639099,12.916233,69.28,car,16.24,436.76,380707230#2_0,0.00
141.0,car_006,77.634866,12.916320,93.96,car,13.27,272.61,380707230#0_0,0.00
141.0,car_007,77.633486,12.916442,95.04,car,12.67,122.19,380707230#0_0,0.00
141.0,car_008,77.634477,12.916379,93.91,car,15.37,229.98,380707230#0_1,0.00
141.0,car_009,77.633158,12.916473,95.19,car,16.21,86.37,380707230#0_0,0.00
141.0,car_010,77.631242,12.916663,95.08,car,15.60,61.49,1534247766#1_0,0.00
141.0,truck_001,77.624487,12.917661,84.63,truck,11.71,142.70,1073384217#1_0,0.00
142.0,bike_001,77.640811,12.917290,51.41,motorcycle,15.63,657.92,380707230#2_0,0.00
142.0,bike_002,77.633965,12.916395,95.04,motorcycle,10.84,174.43,380707230#0_0,0.00
142.0,bike_003,77.635661,12.916277,95.79,motorcycle,14.05,59.38,380707230#2_0,0.00
142.0,bike_004,77.634012,12.916420,95.04,motorcycle,15.31,179.20,380707230#0_1,0.00
142.0,bike_005,77.630383,12.916718,93.26,motorcycle,15.36,118.59,1534247766#0_0,0.00
142.0,bus_001,77.628375,12.916903,106.23,bus,13.67,577.59,1073384217#1_0,0.00
142.0,car_001,77.642708,12.919388,35.32,car,15.54,279.59,377125912#2_0,0.00
142.0,car_002,77.640580,12.917113,51.54,car,14.54,626.18,380707230#2_0,0.00
142.0,car_003,77.640788,12.917308,51.48,car,15.73,657.11,380707230#2_1,0.00
142.0,car_004,77.640242,12.916821,48.29,car,16.53,577.46,380707230#2_0,0.00
142.0,car_005,77.639236,12.916283,69.28,car,15.85,452.61,380707230#2_0,0.00
142.0,car_006,77.634978,12.916313,92.31,car,12.65,2.16,380707230#1_0,0.00
142.0,car_007,77.633604,12.916430,95.04,car,12.78,134.96,380707230#0_0,0.00
142.0,car_008,77.634623,12.916368,93.91,car,15.82,245.80,380707230#0_1,0.00
142.0,car_009,77.633308,12.916459,95.04,car,16.38,102.75,380707230#0_0,0.00
142.0,car_010,77.631391,12.916649,95.08,car,16.26,77.75,1534247766#1_0,0.00
142.0,truck_001,77.624594,12.917669,85.09,truck,11.68,154.38,1073384217#1_0,0.00
143.0,bike_001,77.640923,12.917375,51.41,motorcycle,15.30,673.22,380707230#2_0,0.00
143.0,bike_002,77.634068,12.916385,95.04,motorcycle,11.17,185.60,380707230#0_0,0.00
143.0,bike_003,77.635788,12.916263,95.79,motorcycle,13.81,73.18,380707230#2_0,0.00
143.0,bike_004,77.634144,12.916407,95.04,motorcycle,14.41,193.62,380707230#0_1,0.00
143.0,bike_005,77.630528,12.916708,93.26,motorcycle,15.72,134.31,1534247766#0_0,0.00
143.0,bus_001,77.628495,12.916873,103.14,bus,13.39,590.98,1073384217#1_0,0.00
143.0,car_001,77.642795,12.919506,35.32,car,16.05,295.65,377125912#2_0,0.00
143.0,car_002,77.640685,12.917193,51.54,car,14.43,640.61,380707230#2_0,0.00
143.0,car_003,77.640900,12.917394,51.41,car,15.49,672.60,380707230#2_1,0.00
143.0,car_004,77.640356,12.916918,48.29,car,16.27,593.73,380707230#2_0,0.00
143.0,car_005,77.639380,12.916335,68.69,car,16.56,469.17,380707230#2_0,0.00
143.0,car_006,77.635100,12.916308,91.89,car,12.66,8.00,:11977577698_3_0,0.00
143.0,car_007,77.633722,12.916419,95.04,car,12.96,147.92,380707230#0_0,0.00
143.0,car_008,77.634774,12.916356,93.95,car,16.54,262.33,380707230#0_1,0.00
143.0,car_009,77.633446,12.916445,95.04,car,15.00,117.74,380707230#0_0,0.00
143.0,car_010,77.631538,12.916634,95.08,car,16.02,93.76,1534247766#1_0,0.00
143.0,truck_001,77.624703,12.917677,85.09,truck,11.94,166.32,1073384217#1_0,0.00
144.0,bike_001,77.641029,12.917456,51.42,motorcycle,14.61,14.48,:11892824102_0_0,0.00
144.0,bike_002,77.634174,12.916375,95.04,motorcycle,11.56,197.16,380707230#0_0,0.00
144.0,bike_003,77.635923,12.916248,95.79,motorcycle,14.76,87.94,380707230#2_0,0.00
144.0,bike_004,77.634279,12.916395,93.91,motorcycle,14.72,208.34,380707230#0_1,0.00
144.0,bike_005,77.630660,12.916700,92.76,motorcycle,14.36,7.59,:12683580002_3_0,0.00
144.0,bus_001,77.628613,12.916848,101.44,bus,13.22,604.20,1073384217#1_0,0.00
144.0,car_001,77.642885,12.919628,35.32,car,16.64,312.28,377125912#2_0,0.00
144.0,car_002,77.640795,12.917277,51.52,car,15.06,655.67,380707230#2_0,0.00
144.0,car_003,77.641015,12.917483,51.40,car,15.90,15.15,:11892824102_0_1,0.00
144.0,car_004,77.640461,12.917011,46.41,car,15.37,609.10,380707230#2_0,0.00
144.0,car_005,77.639521,12.916387,68.69,car,16.32,485.49,380707230#2_0,0.00
144.0,car_006,77.635225,12.916303,91.90,car,13.47,12.05,380707230#2_0,0.00
144.0,car_007,77.633837,12.916408,95.04,car,12.51,160.43,380707230#0_0,0.00
144.0,car_008,77.634926,12.916345,93.22,car,16.57,2.63,:1653906436_1_1,0.00
144.0,car_009,77.633589,12.916461,95.04,car,15.31,133.05,380707230#0_1,0.00
144.0,car_010,77.631683,12.916620,95.08,car,15.89,109.65,1534247766#1_0,0.00
144.0,truck_001,77.624813,12.917680,87.76,truck,11.99,178.32,1073384217#1_0,0.00
145.0,bike_001,77.641135,12.917546,43.92,motorcycle,15.28,13.83,377125912#2_0,0.00
145.0,bike_002,77.634269,12.916366,93.91,motorcycle,10.39,207.55,380707230#0_0,0.00
145.0,bike_003,77.636053,12.916234,95.79,motorcycle,14.16,102.11,380707230#2_0,0.00
145.0,bike_004,77.634419,12.916384,93.91,motorcycle,15.28,223.62,380707230#0_1,0.00
145.0,bike_005,77.630795,12.916693,92.21,motorcycle,14.71,12.81,1534247766#1_0,0.00
145.0,bus_001,77.628735,12.916838,94.28,bus,13.27,617.47,1073384217#1_0,0.00
145.0,car_001,77.642974,12.919749,35.30,car,16.48,328.76,377125912#2_0,0.00
145.0,car_002,77.640901,12.917358,51.41,car,14.53,670.20,380707230#2_0,0.00
145.0,car_003,77.641127,12.917579,43.92,car,16.19,15.41,377125912#2_1,0.00
145.0,car_004,77.640575,12.917110,51.54,car,16.49,625.59,380707230#2_0,0.00
145.0,car_005,77.639652,12.916448,63.45,car,15.71,501.20,380707230#2_0,0.00
145.0,car_006,77.635351,12.916298,91.90,car,13.69,25.74,380707230#2_0,0.00
145.0,car_007,77.633950,12.916397,95.04,car,12.29,172.71,380707230#0_0,0.00
145.0,car_008,77.635070,12.916338,91.88,car,15.57,4.54,:11977577698_3_1,0.00
145.0,car_009,77.633738,12.916446,95.04,car,16.30,149.35,380707230#0_1,0.00
145.0,car_010,77.631835,12.916605,95.08,car,16.54,126.19,1534247766#1_0,0.00
145.0,truck_001,77.624924,12.917681,88.98,truck,12.04,190.35,1073384217#1_0,0.00
146.0,bike_001,77.641230,12.917640,43.92,motorcycle,14.56,28.39,377125912#2_0,0.00
146.0,bike_002,77.634375,12.916358,93.91,motorcycle,11.57,219.12,380707230#0_0,0.00
146.0,bike_003,77.636176,12.916221,95.79,motorcycle,13.35,115.45,380707230#2_0,0.00
146.0,bike_004,77.634559,12.916344,93.91,motorcycle,15.53,239.16,380707230#0_0,0.00
146.0,bike_005,77.630941,12.916686,92.21,motorcycle,15.80,28.61,1534247766#1_0,0.00
146.0,bus_001,77.628860,12.916828,94.26,bus,13.60,631.07,1073384217#1_0,0.00
146.0,car_001,77.643063,12.919865,37.01,car,16.13,7.75,:650141428_3_0,0.00
146.0,car_002,77.641009,12.917441,51.42,car,14.86,11.71,:11892824102_0_0,0.00
146.0,car_003,77.641232,12.917684,43.92,car,16.25,31.66,377125912#2_1,0.00
146.0,car_004,77.640690,12.917197,51.54,car,15.75,641.34,380707230#2_0,0.00
146.0,car_005,77.639780,12.916511,62.09,car,15.51,516.71,380707230#2_0,0.00
146.0,car_006,77.635478,12.916292,91.90,car,13.78,39.52,380707230#2_0,0.00
146.0,car_007,77.634069,12.916385,95.04,car,12.97,185.69,380707230#0_0,0.00
146.0,car_008,77.635213,12.916332,91.90,car,15.57,10.70,380707230#2_1,0.00
146.0,car_009,77.633890,12.916432,95.04,car,16.58,165.93,380707230#0_1,0.00
146.0,car_010,77.631983,12.916591,95.08,car,16.22,142.41,1534247766#1_0,0.00
146.0,truck_001,77.625032,12.917681,89.06,truck,11.69,202.05,1073384217#1_0,0.00
147.0,bike_001,77.641331,12.917741,43.92,motorcycle,15.59,43.99,377125912#2_0,0.00
147.0,bike_002,77.634463,12.916351,93.91,motorcycle,9.56,228.68,380707230#0_0,0.00
147.0,bike_003,77.636296,12.916207,95.79,motorcycle,13.13,128.59,380707230#2_0,0.00
147.0,bike_004,77.634705,12.916333,93.91,motorcycle,15.86,255.01,380707230#0_0,0.00
147.0,bike_005,77.631084,12.916678,95.08,motorcycle,15.61,44.21,1534247766#1_0,0.00
147.0,bus_001,77.628981,12.916818,94.23,bus,13.25,644.31,1073384217#1_0,0.00
147.0,car_001,77.643154,12.919978,38.57,car,16.05,9.12,377125912#3_0,0.00
147.0,car_002,77.641116,12.917527,47.13,car,15.08,10.86,377125912#2_0,0.00
147.0,car_003,77.641339,12.917790,43.92,car,16.51,48.17,377125912#2_1,0.00
147.0,car_004,77.640810,12.917289,51.45,car,16.45,657.80,380707230#2_0,0.00
147.0,car_005,77.639907,12.916583,59.30,car,15.81,532.52,380707230#2_0,0.00
147.0,car_006,77.635597,12.916284,95.79,car,12.95,52.47,380707230#2_0,0.00
147.0,car_007,77.634185,12.916374,95.04,car,12.74,198.43,380707230#0_0,0.00
147.0,car_008,77.635365,12.916326,91.90,car,16.51,27.20,380707230#2_1,0.00
147.0,car_009,77.634041,12.916417,95.04,car,16.46,182.39,380707230#0_1,0.00
147.0,car_010,77.632134,12.916576,95.08,car,16.48,158.90,1534247766#1_0,0.00
147.0,truck_001,77.625141,12.917681,89.89,truck,11.95,214.00,1073384217#1_0,0.00
148.0,bike_001,77.641423,12.917834,43.92,motorcycle,14.32,58.30,377125912#2_0,0.00
148.0,bike_002,77.634563,12.916344,93.91,motorcycle,10.89,239.57,380707230#0_0,0.00
148.0,bike_003,77.636418,12.916194,95.79,motorcycle,13.23,141.82,380707230#2_0,0.00
148.0,bike_004,77.634849,12.916322,93.96,motorcycle,15.66,270.67,380707230#0_0,0.00
148.0,bike_005,77.631231,12.916664,95.08,motorcycle,16.06,60.28,1534247766#1_0,0.00
148.0,bus_001,77.629103,12.916808,94.23,bus,13.29,657.60,1073384217#1_0,0.00
148.0,car_001,77.643249,12.920092,38.57,car,16.32,25.44,377125912#3_0,0.00
148.0,car_002,77.641208,12.917619,43.92,car,14.24,25.10,377125912#2_0,0.00
148.0,car_003,77.641443,12.917895,43.92,car,16.24,64.41,377125912#2_1,0.00
148.0,car_004,77.640929,12.917380,51.41,car,16.29,0.74,:11892824102_0_0,0.00
148.0,car_005,77.640030,12.916657,54.61,car,15.67,548.20,380707230#2_0,0.00
148.0,car_006,77.635715,12.916271,95.79,car,12.79,65.25,380707230#2_0,0.00
148.0,car_007,77.634294,12.916365,93.91,car,11.90,210.32,380707230#0_0,0.00
148.0,car_008,77.635516,12.916319,91.90,car,16.47,43.67,380707230#2_1,0.00
148.0,car_009,77.634190,12.916403,95.04,car,16.24,198.63,380707230#0_1,0.00
148.0,car_010,77.632277,12.916562,95.59,car,15.65,174.54,1534247766#1_0,0.00
148.0,truck_001,77.625250,12.917680,89.89,truck,11.79,225.79,1073384217#1_0,0.00
149.0,bike_001,77.641522,12.917932,43.92,motorcycle,15.21,73.51,377125912#2_0,0.00
149.0,bike_002,77.634663,12.916336,93.91,motorcycle,10.84,250.41,380707230#0_0,0.00
149.0,bike_003,77.636543,12.916180,95.79,motorcycle,13.65,155.47,380707230#2_0,0.00
149.0,bike_004,77.634979,12.916313,91.85,motorcycle,14.71,2.28,380707230#1_0,0.00
149.0,bike_005,77.631378,12.916650,95.08,motorcycle,16.03,76.30,1534247766#1_0,0.00
149.0,bus_001,77.629229,12.916797,94.17,bus,13.78,2.49,:2471287780_3_0,0.00
149.0,car_001,77.643342,12.920203,38.57,car,15.93,41.37,377125912#3_0,0.00
149.0,car_002,77.641304,12.917715,43.92,car,14.81,39.90,377125912#2_0,0.00
149.0,car_003,77.641543,12.917994,43.92,car,15.47,79.88,377125912#2_1,0.00
149.0,car_004,77.641047,12.917470,51.41,car,16.28,1.09,377125912#2_0,0.00
149.0,car_005,77.640152,12.916748,52.03,car,16.65,564.85,380707230#2_0,0.00
149.0,car_006,77.635839,12.916258,95.79,car,13.51,78.77,380707230#2_0,0.00
149.0,car_007,77.634413,12.916355,93.91,car,12.96,223.28,380707230#0_0,0.00
149.0,car_008,77.635660,12.916306,95.79,car,15.71,59.39,380707230#2_1,0.00
149.0,car_009,77.634341,12.916390,93.91,car,16.47,215.10,380707230#0_1,0.00
149.0,car_010,77.632421,12.916547,95.19,car,15.67,5.89,380707230#0_0,0.00
149.0,truck_001,77.625359,12.917679,89.89,truck,11.87,237.66,1073384217#1_0,0.00
150.0,bike_001,77.641618,12.918028,42.01,motorcycle,14.86,88.38,377125912#2_0,0.00
150.0,bike_002,77.634760,12.916329,93.96,motorcycle,10.64,261.06,380707230#0_0,0.00
150.0,bike_003,77.636668,12.916165,96.76,motorcycle,13.58,169.04,380707230#2_0,0.00
150.0,bike_004,77.635131,12.916307,91.90,motorcycle,15.85,1.89,380707230#2_0,0.00
150.0,bike_005,77.631520,12.916636,95.08,motorcycle,15.49,91.80,1534247766#1_0,0.00
150.0,bus_001,77.629354,12.916788,93.71,bus,13.53,6.55,1534247766#0_0,0.00
150.0,car_001,77.643435,12.920316,38.57,car,16.02,57.39,377125912#3_0,0.00
150.0,car_002,77.641394,12.917804,43.92,car,13.86,53.76,377125912#2_0,0.00
150.0,car_003,77.641641,12.918096,41.92,car,15.46,95.34,377125912#2_1,0.00
150.0,car_004,77.641158,12.917568,43.92,car,16.18,17.27,377125912#2_0,0.00
150.0,car_005,77.640265,12.916840,48.29,car,15.86,580.71,380707230#2_0,0.00
150.0,car_006,77.635956,12.916245,95.79,car,12.71,91.48,380707230#2_0,0.00
150.0,car_007,77.634525,12.916347,93.91,car,12.11,235.40,380707230#0_0,0.00
150.0,car_008,77.635809,12.916290,95.79,car,16.24,75.63,380707230#2_1,0.00
150.0,car_009,77.634491,12.916378,93.91,car,16.37,231.47,380707230#0_1,0.00
150.0,car_010,77.632573,12.916531,95.19,car,16.66,22.56,380707230#0_0,0.00
150.0,truck_001,77.625470,12.917677,90.61,truck,12.05,249.71,1073384217#1_0,0.00
151.0,bike_001,77.641711,12.918128,41.91,motorcycle,14.99,103.37,377125912#2_0,0.00
151.0,bike_002,77.634866,12.916320,93.96,motorcycle,11.49,272.54,380707230#0_0,0.00
151.0,bike_003,77.636801,12.916149,96.76,motorcycle,14.58,183.62,380707230#2_0,0.00
151.0,bike_004,77.635275,12.916301,91.90,motorcycle,15.67,17.56,380707230#2_0,0.00
151.0,bike_005,77.631666,12.916622,95.08,motorcycle,16.02,107.82,1534247766#1_0,0.00
151.0,bus_001,77.629480,12.916779,93.53,bus,13.75,20.30,1534247766#0_0,0.00
151.0,car_001,77.643532,12.920432,38.57,car,16.66,74.05,377125912#3_0,0.00
151.0,car_002,77.641492,12.917902,43.92,car,15.11,68.88,377125912#2_0,0.00
151.0,car_003,77.641741,12.918203,41.92,car,16.11,111.46,377125912#2_1,0.00
151.0,car_004,77.641265,12.917676,43.92,car,16.63,33.90,377125912#2_0,0.00
151.0,car_005,77.640380,12.916939,48.29,car,16.57,597.28,380707230#2_0,0.00
151.0,car_006,77.636072,12.916232,95.79,car,12.69,104.17,380707230#2_0,0.00
151.0,car_007,77.634642,12.916338,93.91,car,12.80,248.19,380707230#0_0,0.00
151.0,car_008,77.635957,12.916274,95.79,car,16.12,91.75,380707230#2_1,0.00
151.0,car_009,77.634638,12.916367,93.91,car,16.03,247.50,380707230#0_1,0.00
151.0,car_010,77.632720,12.916517,95.19,car,16.04,38.59,380707230#0_0,0.00
151.0,truck_001,77.625579,12.917664,96.07,truck,12.01,261.72,1073384217#1_0,0.00
152.0,bike_001,77.641808,12.918232,41.91,motorcycle,15.49,118.85,377125912#2_0,0.00
152.0,bike_002,77.634961,12.916314,92.51,motorcycle,11.14,0.59,380707230#1_0,0.00
152.0,bike_003,77.636925,12.916133,96.76,motorcycle,13.45,197.07,380707230#2_0,0.00
152.0,bike_004,77.635422,12.916295,91.90,motorcycle,15.88,33.44,380707230#2_0,0.00
152.0,bike_005,77.631815,12.916607,95.08,motorcycle,16.29,124.11,1534247766#1_0,0.00
152.0,bus_001,77.629603,12.916770,93.53,bus,13.38,33.69,1534247766#0_0,0.00
152.0,car_001,77.643622,12.920542,38.57,car,15.62,89.67,377125912#3_0,0.00
152.0,car_002,77.641582,12.917992,43.92,car,13.96,82.84,377125912#2_0,0.00
152.0,car_003,77.641841,12.918313,40.69,car,16.26,127.72,377125912#2_1,0.00
152.0,car_004,77.641368,12.917779,43.92,car,15.92,49.82,377125912#2_0,0.00
152.0,car_005,77.640489,12.917037,46.41,car,15.95,613.23,380707230#2_0,0.00
152.0,car_006,77.636190,12.916219,95.79,car,12.78,116.95,380707230#2_0,0.00
152.0,car_007,77.634752,12.916329,93.92,car,11.91,260.10,380707230#0_0,0.00
152.0,car_008,77.636104,12.916258,95.79,car,16.11,107.86,380707230#2_1,0.00
152.0,car_009,77.634789,12.916355,93.96,car,16.39,263.89,380707230#0_1,0.00
152.0,car_010,77.632865,12.916502,95.19,car,15.85,54.45,380707230#0_0,0.00
152.0,truck_001,77.625688,12.917652,96.07,truck,11.87,273.60,1073384217#1_0,0.00
153.0,bike_001,77.641906,12.918341,40.69,motorcycle,16.07,134.92,377125912#2_0,0.00
153.0,bike_002,77.635076,12.916309,91.89,motorcycle,11.62,5.39,:11977577698_3_0,0.00
153.0,bike_003,77.637045,12.916118,96.76,motorcycle,13.12,210.19,380707230#2_0,0.00
153.0,bike_004,77.635561,12.916288,93.75,motorcycle,15.09,48.53,380707230#2_0,0.00
153.0,bike_005,77.631966,12.916593,95.08,motorcycle,16.43,140.54,1534247766#1_0,0.00
153.0,bus_001,77.629725,12.916762,93.53,bus,13.34,47.02,1534247766#0_0,0.00
153.0,car_001,77.643712,12.920650,38.57,car,15.47,105.14,377125912#3_0,0.00
153.0,car_002,77.641671,12.918085,41.91,car,14.12,96.96,377125912#2_0,0.00
153.0,car_003,77.641939,12.918423,40.69,car,16.17,143.89,377125912#2_1,0.00
153.0,car_004,77.641474,12.917884,43.92,car,16.30,66.12,377125912#2_0,0.00
153.0,car_005,77.640605,12.917132,51.54,car,16.35,629.58,380707230#2_0,0.00
153.0,car_006,77.636309,12.916206,95.79,car,12.97,129.92,380707230#2_0,0.00
153.0,car_007,77.634862,12.916321,93.96,car,12.08,272.18,380707230#0_0,0.00
153.0,car_008,77.636245,12.916242,95.79,car,15.44,123.29,380707230#2_1,0.00
153.0,car_009,77.634939,12.916344,92.84,car,16.33,3.95,:1653906436_1_1,0.00
153.0,car_010,77.633014,12.916488,95.19,car,16.16,70.60,380707230#0_0,0.00
153.0,truck_001,77.625797,12.917633,99.17,truck,12.05,285.65,1073384217#1_0,0.00
154.0,bike_001,77.641997,12.918443,40.69,motorcycle,14.98,149.90,377125912#2_0,0.00
154.0,bike_002,77.635179,12.916305,91.90,motorcycle,11.14,7.11,380707230#2_0,0.00
154.0,bike_003,77.637173,12.916101,96.98,motorcycle,14.03,224.21,380707230#2_0,0.00
154.0,bike_004,77.635712,12.916272,95.79,motorcycle,16.38,64.91,380707230#2_0,0.00
154.0,bike_005,77.632118,12.916578,95.08,motorcycle,16.55,157.10,1534247766#1_0,0.00
154.0,bus_001,77.629848,12.916753,93.53,bus,13.30,60.32,1534247766#0_0,0.00
154.0,car_001,77.643802,12.920758,38.57,car,15.47,120.61,377125912#3_0,0.00
154.0,car_002,77.641763,12.918184,41.91,car,14.72,111.68,377125912#2_0,0.00
154.0,car_003,77.642036,12.918537,36.74,car,16.46,160.35,377125912#2_1,0.00
154.0,car_004,77.641579,12.917989,43.92,car,16.21,82.33,377125912#2_0,0.00
154.0,car_005,77.640724,12.917223,51.54,car,16.35,645.93,380707230#2_0,0.00
154.0,car_006,77.636427,12.916193,95.79,car,12.93,142.85,380707230#2_0,0.00
154.0,car_007,77.634974,12.916314,92.40,car,12.67,1.75,380707230#1_0,0.00
154.0,car_008,77.636387,12.916227,95.79,car,15.49,138.78,380707230#2_1,0.00
154.0,car_009,77.635086,12.916338,91.88,car,16.05,6.35,:11977577698_3_1,0.00
154.0,car_010,77.633166,12.916473,95.19,car,16.59,87.19,380707230#0_0,0.00
154.0,truck_001,77.625906,12.917611,100.86,truck,12.13,297.78,1073384217#1_0,0.00
155.0,bike_001,77.642086,12.918553,36.74,motorcycle,15.50,165.40,377125912#2_0,0.00
155.0,bike_002,77.635285,12.916300,91.90,motorcycle,11.47,18.57,380707230#2_0,0.00
155.0,bike_003,77.637303,12.916084,96.98,motorcycle,14.19,238.41,380707230#2_0,0.00
155.0,bike_004,77.635843,12.916257,95.79,motorcycle,14.31,79.23,380707230#2_0,0.00
155.0,bike_005,77.632260,12.916563,95.59,motorcycle,15.57,172.67,1534247766#1_0,0.00
155.0,bus_001,77.629973,12.916745,93.34,bus,13.64,73.97,1534247766#0_0,0.00
155.0,car_001,77.643896,12.920872,38.57,car,16.19,136.80,377125912#3_0,0.00
155.0,car_002,77.641854,12.918283,40.69,car,14.72,126.40,377125912#2_0,0.00
155.0,car_003,77.642124,12.918649,36.74,car,15.65,176.01,377125912#2_1,0.00
155.0,car_004,77.641679,12.918094,41.91,car,15.89,98.22,377125912#2_0,0.00
155.0,car_005,77.640845,12.917315,51.41,car,16.58,662.50,380707230#2_0,0.00
155.0,car_006,77.636550,12.916180,95.79,car,13.33,156.18,380707230#2_0,0.00
155.0,car_007,77.635086,12.916309,91.89,car,11.53,6.46,:11977577698_3_0,0.00
155.0,car_008,77.636532,12.916211,95.79,car,15.88,154.66,380707230#2_1,0.00
155.0,car_009,77.635240,12.916331,91.90,car,16.66,13.59,380707230#2_1,0.00
155.0,car_010,77.633311,12.916458,95.04,car,15.91,103.09,380707230#0_0,0.00
155.0,truck_001,77.626011,12.917586,103.07,truck,11.73,309.51,1073384217#1_0,0.00
156.0,bike_001,77.642177,12.918669,36.74,motorcycle,16.19,181.59,377125912#2_0,0.00
156.0,bike_002,77.635381,12.916296,91.90,motorcycle,10.39,28.96,380707230#2_0,0.00
156.0,bike_003,77.637432,12.916068,96.98,motorcycle,14.05,252.45,380707230#2_0,0.00
156.0,bike_004,77.635986,12.916241,95.79,motorcycle,15.57,94.80,380707230#2_0,0.00
156.0,bike_005,77.632400,12.916549,95.19,motorcycle,15.34,3.69,380707230#0_0,0.00
156.0,bus_001,77.630095,12.916737,93.26,bus,13.31,87.28,1534247766#0_0,0.00
156.0,car_001,77.643991,12.920985,38.57,car,16.23,153.03,377125912#3_0,0.00
156.0,car_002,77.641940,12.918379,40.69,car,14.13,140.53,377125912#2_0,0.00
156.0,car_003,77.642213,12.918767,35.32,car,16.20,192.20,377125912#2_1,0.00
156.0,car_004,77.641775,12.918196,41.91,car,15.33,113.55,377125912#2_0,0.00
156.0,car_005,77.640962,12.917405,51.42,car,16.11,5.26,:11892824102_0_0,0.00
156.0,car_006,77.636668,12.916165,96.76,car,12.89,169.08,380707230#2_0,0.00
156.0,car_007,77.635200,12.916304,91.90,car,12.37,9.41,380707230#2_0,0.00
156.0,car_008,77.636675,12.916194,96.75,car,15.56,170.22,380707230#2_1,0.00
156.0,car_009,77.635382,12.916325,91.90,car,15.45,29.05,380707230#2_1,0.00
156.0,car_010,77.633458,12.916444,95.04,car,16.03,119.12,380707230#0_0,0.00
156.0,truck_001,77.626118,12.917557,105.03,truck,12.12,321.63,1073384217#1_0,0.00
157.0,bike_001,77.642258,12.918778,35.32,motorcycle,14.88,196.47,377125912#2_0,0.00
157.0,bike_002,77.635475,12.916292,91.90,motorcycle,10.18,39.14,380707230#2_0,0.00
157.0,bike_003,77.637558,12.916051,96.98,motorcycle,13.73,266.19,380707230#2_0,0.00
157.0,bike_004,77.636119,12.916227,95.79,motorcycle,14.42,109.22,380707230#2_0,0.00
157.0,bike_005,77.632543,12.916534,95.19,motorcycle,15.53,19.22,380707230#0_0,0.00
157.0,bus_001,77.630218,12.916729,93.26,bus,13.33,100.60,1534247766#0_0,0.00
157.0,car_001,77.644082,12.921095,38.57,car,15.71,168.74,377125912#3_0,0.00
157.0,car_002,77.642031,12.918482,39.74,car,15.10,155.63,377125912#2_0,0.00
157.0,car_003,77.642298,12.918882,35.32,car,15.74,207.94,377125912#2_1,0.00
157.0,car_004,77.641868,12.918298,40.69,car,15.12,128.67,377125912#2_0,0.00
157.0,car_005,77.641082,12.917497,51.39,car,16.51,5.84,377125912#2_0,0.00
157.0,car_006,77.636793,12.916150,96.76,car,13.64,182.72,380707230#2_0,0.00
157.0,car_007,77.635296,12.916329,91.90,car,10.31,19.72,380707230#2_1,0.00
157.0,car_008,77.636816,12.916176,96.75,car,15.44,185.66,380707230#2_1,0.00
157.0,car_009,77.635526,12.916319,91.90,car,15.71,44.75,380707230#2_1,0.00
157.0,car_010,77.633609,12.916430,95.04,car,16.47,135.59,380707230#0_0,0.00
157.0,truck_001,77.626225,12.917528,105.03,truck,12.03,333.65,1073384217#1_0,0.00
158.0,bike_001,77.642344,12.918896,35.32,motorcycle,16.01,212.48,377125912#2_0,0.00
158.0,bike_002,77.635581,12.916286,95.79,motorcycle,11.58,50.73,380707230#2_0,0.00
158.0,bike_003,77.637682,12.916035,97.53,motorcycle,13.57,279.76,380707230#2_0,0.00
158.0,bike_004,77.636260,12.916211,95.79,motorcycle,15.39,124.60,380707230#2_0,0.00
158.0,bike_005,77.632689,12.916520,95.19,motorcycle,15.98,35.20,380707230#0_0,0.00
158.0,bus_001,77.630343,12.916720,93.26,bus,13.60,114.20,1534247766#0_0,0.00
158.0,car_001,77.644171,12.921203,38.57,car,15.38,184.12,377125912#3_0,0.00
158.0,car_002,77.642115,12.918590,36.74,car,14.92,170.55,377125912#2_0,0.00
158.0,car_003,77.642384,12.918999,35.32,car,15.98,223.93,377125912#2_1,0.00
158.0,car_004,77.641964,12.918407,40.69,car,15.91,144.58,377125912#2_0,0.00
158.0,car_005,77.641184,12.917594,43.92,car,15.44,21.28,377125912#2_0,0.00
158.0,car_006,77.636914,12.916134,96.76,car,13.15,195.87,380707230#2_0,0.00
158.0,car_007,77.635409,12.916324,91.90,car,12.30,32.03,380707230#2_1,0.00
158.0,car_008,77.636957,12.916158,96.75,car,15.45,201.10,380707230#2_1,0.00
158.0,car_009,77.635673,12.916305,95.79,car,16.00,60.76,380707230#2_1,0.00
158.0,car_010,77.633758,12.916415,95.04,car,16.26,151.85,380707230#0_0,0.00
158.0,truck_001,77.626329,12.917499,105.03,truck,11.71,345.36,1073384217#1_0,0.00
159.0,bike_001,77.642425,12.919004,35.32,motorcycle,14.82,227.30,377125912#2_0,0.00
159.0,bike_002,77.635687,12.916274,95.79,motorcycle,11.49,62.22,380707230#2_0,0.00
159.0,bike_003,77.637821,12.916015,97.53,motorcycle,15.20,294.96,380707230#2_0,0.00
159.0,bike_004,77.636405,12.916196,95.79,motorcycle,15.78,140.38,380707230#2_0,0.00
159.0,bike_005,77.632830,12.916506,95.19,motorcycle,15.42,50.62,380707230#0_0,0.00
159.0,bus_001,77.630467,12.916712,93.26,bus,13.52,127.73,1534247766#0_0,0.00
159.0,car_001,77.644267,12.921318,38.57,car,16.44,200.56,377125912#3_0,0.00
159.0,car_002,77.642197,12.918696,36.45,car,14.67,185.23,377125912#2_0,0.00
159.0,car_003,77.642468,12.919112,35.32,car,15.48,239.41,377125912#2_1,0.00
159.0,car_004,77.642030,12.918529,36.74,car,14.71,159.29,377125912#2_1,0.00
159.0,car_005,77.641284,12.917695,43.92,car,15.57,36.85,377125912#2_0,0.00
159.0,car_006,77.637034,12.916119,96.76,car,13.09,208.97,380707230#2_0,0.00
159.0,car_007,77.635528,12.916319,91.90,car,12.91,44.93,380707230#2_1,0.00
159.0,car_008,77.637107,12.916139,96.75,car,16.45,217.55,380707230#2_1,0.00
159.0,car_009,77.635814,12.916289,95.79,car,15.41,76.17,380707230#2_1,0.00
159.0,car_010,77.633904,12.916401,95.04,car,15.87,167.73,380707230#0_0,0.00
159.0,truck_001,77.626432,12.917471,105.03,truck,11.67,357.04,1073384217#1_0,0.00
160.0,bike_001,77.642514,12.919126,35.32,motorcycle,16.57,243.87,377125912#2_0,0.00
160.0,bike_002,77.635790,12.916263,95.79,motorcycle,11.24,73.46,380707230#2_0,0.00
160.0,bike_003,77.637948,12.916009,90.73,motorcycle,13.77,308.73,380707230#2_0,0.00
160.0,bike_004,77.636544,12.916180,95.79,motorcycle,15.20,155.59,380707230#2_0,0.00
160.0,bike_005,77.632979,12.916491,95.19,motorcycle,16.24,66.87,380707230#0_0,0.00
160.0,bus_001,77.630593,12.916704,93.25,bus,13.74,0.38,:12683580002_3_0,0.00
160.0,car_001,77.644360,12.921430,38.57,car,16.04,216.60,377125912#3_0,0.00
160.0,car_002,77.642275,12.918802,35.32,car,14.47,199.70,377125912#2_0,0.00
160.0,car_003,77.642552,12.919226,35.32,car,15.64,255.05,377125912#2_1,0.00
160.0,car_004,77.642121,12.918645,36.74,car,16.19,175.48,377125912#2_1,0.00
160.0,car_005,77.641392,12.917802,43.92,car,16.60,53.45,377125912#2_0,0.00
160.0,car_006,77.637158,12.916103,96.98,car,13.52,222.49,380707230#2_0,0.00
160.0,car_007,77.635642,12.916308,95.79,car,12.41,57.35,380707230#2_1,0.00
160.0,car_008,77.637258,12.916119,96.99,car,16.55,234.10,380707230#2_1,0.00
160.0,car_009,77.635956,12.916274,95.79,car,15.49,91.65,380707230#2_1,0.00
160.0,car_010,77.634048,12.916387,95.04,car,15.71,183.44,380707230#0_0,0.00
160.0,truck_001,77.626539,12.917442,105.03,truck,12.11,369.14,1073384217#1_0,0.00
161.0,bike_001,77.642594,12.919234,35.32,motorcycle,14.68,258.55,377125912#2_0,0.00
161.0,bike_002,77.635878,12.916253,95.79,motorcycle,9.56,83.02,380707230#2_0,0.00
161.0,bike_003,77.638078,12.916009,86.39,motorcycle,14.06,322.79,380707230#2_0,0.00
161.0,bike_004,77.636676,12.916165,96.76,motorcycle,14.31,169.89,380707230#2_0,0.00
161.0,bike_005,77.633129,12.916476,95.19,motorcycle,16.36,83.22,380707230#0_0,0.00
161.0,bus_001,77.630718,12.916697,92.56,bus,13.51,4.40,1534247766#1_0,0.00
161.0,car_001,77.644456,12.921546,38.57,car,16.44,233.05,377125912#3_0,0.00
161.0,car_002,77.642351,12.918904,35.32,car,13.97,213.68,377125912#2_0,0.00
161.0,car_003,77.642636,12.919340,35.32,car,15.53,270.58,377125912#2_1,0.00
161.0,car_004,77.642212,12.918765,35.32,car,16.49,191.97,377125912#2_1,0.00
161.0,car_005,77.641498,12.917908,43.92,car,16.36,69.81,377125912#2_0,0.00
161.0,car_006,77.637279,12.916088,96.98,car,13.26,235.75,380707230#2_0,0.00
161.0,car_007,77.635751,12.916296,95.79,car,11.89,69.23,380707230#2_1,0.00
161.0,car_008,77.637403,12.916101,96.99,car,15.87,249.97,380707230#2_1,0.00
161.0,car_009,77.636100,12.916258,95.79,car,15.82,107.47,380707230#2_1,0.00
161.0,car_010,77.634200,12.916373,95.04,car,16.62,200.06,380707230#0_0,0.00
161.0,truck_001,77.626643,12.917413,105.03,truck,11.72,380.87,1073384217#1_0,0.00
162.0,bike_001,77.642677,12.919346,35.32,motorcycle,15.40,273.95,377125912#2_0,0.00
162.0,bike_002,77.635973,12.916243,95.79,motorcycle,10.30,93.32,380707230#2_0,0.00
162.0,bike_003,77.638216,12.916017,86.39,motorcycle,15.00,337.79,380707230#2_0,0.00
162.0,bike_004,77.636815,12.916147,96.76,motorcycle,15.22,185.11,380707230#2_0,0.00
162.0,bike_005,77.633265,12.916463,95.04,motorcycle,14.78,98.00,380707230#0_0,0.00
162.0,bus_001,77.630844,12.916691,92.21,bus,13.71,18.11,1534247766#1_0,0.00
162.0,car_001,77.644548,12.921656,38.57,car,15.82,248.87,377125912#3_0,0.00
162.0,car_002,77.642426,12.919006,35.32,car,13.84,227.52,377125912#2_0,0.00
162.0,car_003,77.642722,12.919456,35.32,car,15.84,286.43,377125912#2_1,0.00
162.0,car_004,77.642301,12.918886,35.32,car,16.49,208.46,377125912#2_1,0.00
162.0,car_005,77.641599,12.918009,43.92,car,15.71,85.52,377125912#2_0,0.00
162.0,car_006,77.637397,12.916072,96.98,car,12.92,248.67,380707230#2_0,0.00
162.0,car_007,77.635870,12.916283,95.79,car,13.07,82.30,380707230#2_1,0.00
162.0,car_008,77.637545,12.916082,96.99,car,15.52,265.49,380707230#2_1,0.00
162.0,car_009,77.636241,12.916243,95.79,car,15.40,122.87,380707230#2_1,0.00
162.0,car_010,77.634351,12.916360,93.91,car,16.39,216.45,380707230#0_0,0.00
162.0,truck_001,77.626750,12.917384,105.03,truck,12.06,392.93,1073384217#1_0,0.00
163.0,bike_001,77.642761,12.919460,35.32,motorcycle,15.53,289.48,377125912#2_0,0.00
163.0,bike_002,77.636076,12.916232,95.79,motorcycle,11.25,104.57,380707230#2_0,0.00
163.0,bike_003,77.638358,12.916027,79.22,motorcycle,15.37,353.16,380707230#2_0,0.00
163.0,bike_004,77.636961,12.916128,96.76,motorcycle,15.89,201.00,380707230#2_0,0.00
163.0,bike_005,77.633397,12.916450,95.04,motorcycle,14.41,112.41,380707230#0_0,0.00
163.0,bus_001,77.630966,12.916685,92.21,bus,13.30,31.41,1534247766#1_0,0.00
163.0,car_001,77.644644,12.921772,38.57,car,16.49,265.36,377125912#3_0,0.00
163.0,car_002,77.642504,12.919112,35.32,car,14.51,242.03,377125912#2_0,0.00
163.0,car_003,77.642805,12.919569,35.32,car,15.38,301.81,377125912#2_1,0.00
163.0,car_004,77.642386,12.919001,35.32,car,15.76,224.22,377125912#2_1,0.00
163.0,car_005,77.641701,12.918118,41.91,car,16.25,101.77,377125912#2_0,0.00
163.0,car_006,77.637518,12.916056,96.98,car,13.12,261.80,380707230#2_0,0.00
163.0,car_007,77.635983,12.916271,95.79,car,12.28,94.58,380707230#2_1,0.00
163.0,car_008,77.637693,12.916062,97.31,car,16.22,281.71,380707230#2_1,0.00
163.0,car_009,77.636386,12.916227,95.79,car,15.75,138.61,380707230#2_1,0.00
163.0,car_010,77.634500,12.916349,93.91,car,16.31,232.75,380707230#0_0,0.00
163.0,truck_001,77.626854,12.917354,105.77,truck,11.75,404.68,1073384217#1_0,0.00
164.0,bike_001,77.642851,12.919582,35.32,motorcycle,16.55,306.03,377125912#2_0,0.00
164.0,bike_002,77.636172,12.916221,95.79,motorcycle,10.48,115.05,380707230#2_0,0.00
164.0,bike_003,77.638487,12.916050,79.22,motorcycle,14.22,367.37,380707230#2_0,0.00
164.0,bike_004,77.637096,12.916111,96.76,motorcycle,14.81,215.81,380707230#2_0,0.00
164.0,bike_005,77.633536,12.916437,95.04,motorcycle,15.16,127.57,380707230#0_0,0.00
164.0,bus_001,77.631092,12.916678,92.96,bus,13.71,45.12,1534247766#1_0,0.00
164.0,car_001,77.644746,12.921880,44.66,car,16.35,281.71,377125912#3_0,0.00
164.0,car_002,77.642584,12.919220,35.32,car,14.65,256.68,377125912#2_0,0.00
164.0,car_003,77.642889,12.919683,35.32,car,15.61,317.42,377125912#2_1,0.00
164.0,car_004,77.642471,12.919117,35.32,car,15.81,240.03,377125912#2_1,0.00
164.0,car_005,77.641801,12.918224,41.91,car,15.99,117.76,377125912#2_0,0.00
164.0,car_006,77.637637,12.916041,96.98,car,13.02,274.82,380707230#2_0,0.00
164.0,car_007,77.636097,12.916258,95.79,car,12.48,107.06,380707230#2_1,0.00
164.0,car_008,77.637833,12.916043,97.51,car,15.37,297.08,380707230#2_1,0.00
164.0,car_009,77.636534,12.916210,95.79,car,16.19,154.80,380707230#2_1,0.00
164.0,car_010,77.634647,12.916337,93.91,car,16.01,248.77,380707230#0_0,0.00
164.0,truck_001,77.626960,12.917322,106.23,truck,12.11,416.79,1073384217#1_0,0.00
165.0,bike_001,77.642928,12.919687,35.32,motorcycle,14.28,320.31,377125912#2_0,0.00
165.0,bike_002,77.636268,12.916211,95.79,motorcycle,10.42,125.47,380707230#2_0,0.00
165.0,bike_003,77.638616,12.916073,79.22,motorcycle,14.20,381.57,380707230#2_0,0.00
165.0,bike_004,77.637240,12.916093,96.98,motorcycle,15.71,231.52,380707230#2_0,0.00
165.0,bike_005,77.633684,12.916422,95.04,motorcycle,16.17,143.74,380707230#0_0,0.00
165.0,bus_001,77.631215,12.916666,95.08,bus,13.40,58.52,1534247766#1_0,0.00
165.0,car_001,77.644847,12.921978,44.46,car,15.50,297.21,377125912#3_0,0.00
165.0,car_002,77.642664,12.919329,35.32,car,14.83,271.51,377125912#2_0,0.00
165.0,car_003,77.643003,12.919787,35.30,car,16.62,334.04,377125912#2_0,0.00
165.0,car_004,77.642560,12.919236,35.32,car,16.37,256.40,377125912#2_1,0.00
165.0,car_005,77.641897,12.918331,40.69,car,15.72,133.48,377125912#2_0,0.00
165.0,car_006,77.637760,12.916024,97.53,car,13.50,288.32,380707230#2_0,0.00
165.0,car_007,77.636211,12.916246,95.79,car,12.49,119.55,380707230#2_1,0.00
165.0,car_008,77.637982,12.916037,90.74,car,16.19,313.28,380707230#2_1,0.00
165.0,car_009,77.636678,12.916193,96.75,car,15.82,170.62,380707230#2_1,0.00
165.0,car_010,77.634797,12.916326,93.96,car,16.32,265.09,380707230#0_0,0.00
165.0,truck_001,77.627066,12.917291,106.23,truck,12.04,428.83,1073384217#1_0,0.00
166.0,bike_001,77.642971,12.919794,35.30,motorcycle,12.30,332.62,377125912#2_1,0.00
166.0,bike_002,77.636355,12.916201,95.79,motorcycle,9.48,134.95,380707230#2_0,0.00
166.0,bike_003,77.638740,12.916109,71.90,motorcycle,13.95,395.52,380707230#2_0,0.00
166.0,bike_004,77.637373,12.916075,96.98,motorcycle,14.54,246.06,380707230#2_0,0.00
166.0,bike_005,77.633819,12.916409,95.04,motorcycle,14.76,158.50,380707230#0_0,0.00
166.0,bus_001,77.631338,12.916654,95.08,bus,13.50,72.02,1534247766#1_0,0.00
166.0,car_001,77.644957,12.922078,47.21,car,16.41,12.49,:cluster_2385141385_650141020_10_0,0.00
166.0,car_002,77.642742,12.919434,35.32,car,14.33,285.84,377125912#2_0,0.00
166.0,car_003,77.643094,12.919905,37.01,car,16.55,13.45,:650141428_3_0,0.00
166.0,car_004,77.642648,12.919356,35.32,car,16.41,272.81,377125912#2_1,0.00
166.0,car_005,77.641993,12.918439,40.69,car,15.87,149.35,377125912#2_0,0.00
166.0,car_006,77.637877,12.916011,92.82,car,12.68,301.00,380707230#2_0,0.00
166.0,car_007,77.636328,12.916233,95.79,car,12.76,132.31,380707230#2_1,0.00
166.0,car_008,77.638127,12.916041,86.39,car,15.83,329.11,380707230#2_1,0.00
166.0,car_009,77.636825,12.916175,96.75,car,16.07,186.69,380707230#2_1,0.00
166.0,car_010,77.634936,12.916316,92.89,car,15.59,4.40,:1653906436_1_0,0.00
166.0,truck_001,77.627171,12.917260,106.23,truck,11.91,440.73,1073384217#1_0,0.00
167.0,bike_001,77.643050,12.919896,37.03,motorcycle,14.11,9.59,:650141428_3_1,0.00
167.0,bike_002,77.636447,12.916191,95.79,motorcycle,10.08,145.03,380707230#2_0,0.00
167.0,bike_003,77.638861,12.916148,69.28,motorcycle,13.80,409.32,380707230#2_0,0.00
167.0,bike_004,77.637509,12.916057,96.98,motorcycle,14.85,260.91,380707230#2_0,0.00
167.0,bike_005,77.633953,12.916396,95.04,motorcycle,14.62,173.12,380707230#0_0,0.00
167.0,bus_001,77.631461,12.916642,95.08,bus,13.42,85.44,1534247766#1_0,0.00
167.0,car_001,77.645063,12.922173,46.27,car,15.74,6.82,377125912#6_0,0.00
167.0,car_002,77.642817,12.919536,35.32,car,13.97,299.81,377125912#2_0,0.00
167.0,car_003,77.643185,12.920016,38.57,car,15.76,14.53,377125912#3_0,0.00
167.0,car_004,77.642737,12.919477,35.32,car,16.47,289.28,377125912#2_1,0.00
167.0,car_005,77.642088,12.918556,36.74,car,16.51,165.85,377125912#2_0,0.00
167.0,car_006,77.637999,12.916008,90.73,car,13.29,314.29,380707230#2_0,0.00
167.0,car_007,77.636439,12.916221,95.79,car,12.20,144.51,380707230#2_1,0.00
167.0,car_008,77.638270,12.916048,86.39,car,15.47,344.58,380707230#2_1,0.00
167.0,car_009,77.636967,12.916157,96.75,car,15.59,202.28,380707230#2_1,0.00
167.0,car_010,77.635088,12.916309,91.89,car,15.97,6.72,:11977577698_3_0,0.00
167.0,truck_001,77.627276,12.917229,106.23,truck,11.91,452.65,1073384217#1_0,0.00
168.0,bike_001,77.643131,12.919996,38.57,motorcycle,14.26,9.16,377125912#3_1,0.00
168.0,bike_002,77.636546,12.916180,95.79,motorcycle,10.74,155.76,380707230#2_0,0.00
168.0,bike_003,77.638982,12.916191,69.28,motorcycle,13.95,423.27,380707230#2_0,0.00
168.0,bike_004,77.637660,12.916038,96.98,motorcycle,16.39,277.30,380707230#2_0,0.00
168.0,bike_005,77.634092,12.916383,95.04,motorcycle,15.09,188.21,380707230#0_0,0.00
168.0,bus_001,77.631585,12.916630,95.08,bus,13.45,98.89,1534247766#1_0,0.00
168.0,car_001,77.645169,12.922271,46.27,car,15.83,22.64,377125912#6_0,0.00
168.0,car_002,77.642892,12.919638,35.32,car,13.86,313.67,377125912#2_0,0.00
168.0,car_003,77.643277,12.920126,38.57,car,15.77,30.30,377125912#3_0,0.00
168.0,car_004,77.642826,12.919597,35.32,car,16.42,305.70,377125912#2_1,0.00
168.0,car_005,77.642178,12.918670,36.74,car,15.90,181.75,377125912#2_0,0.00
168.0,car_006,77.638118,12.916012,86.39,car,12.80,327.09,380707230#2_0,0.00
168.0,car_007,77.636554,12.916208,95.79,car,12.55,157.06,380707230#2_1,0.00
168.0,car_008,77.638420,12.916068,79.21,car,16.45,361.03,380707230#2_1,0.00
168.0,car_009,77.637117,12.916138,96.78,car,16.41,218.70,380707230#2_1,0.00
168.0,car_010,77.635233,12.916303,91.90,car,15.63,12.93,380707230#2_0,0.00
168.0,truck_001,77.627382,12.917197,106.23,truck,12.10,464.75,1073384217#1_0,0.00
169.0,bike_001,77.643219,12.920101,38.57,motorcycle,14.99,24.15,377125912#3_1,0.00
169.0,bike_002,77.636649,12.916168,96.76,motorcycle,11.23,166.99,380707230#2_0,0.00
169.0,bike_003,77.639104,12.916235,69.28,motorcycle,14.09,437.36,380707230#2_0,0.00
169.0,bike_004,77.637798,12.916019,97.53,motorcycle,15.18,292.48,380707230#2_0,0.00
169.0,bike_005,77.634228,12.916370,95.04,motorcycle,14.83,203.05,380707230#0_0,0.00
169.0,bus_001,77.631711,12.916617,95.08,bus,13.76,112.65,1534247766#1_0,0.00
169.0,car_001,77.645275,12.922369,46.27,car,15.92,38.56,377125912#6_0,0.00
169.0,car_002,77.642973,12.919747,35.30,car,14.85,328.52,377125912#2_0,0.00
169.0,car_003,77.643373,12.920242,38.57,car,16.51,46.81,377125912#3_0,0.00
169.0,car_004,77.642911,12.919712,35.32,car,15.69,321.39,377125912#2_1,0.00
169.0,car_005,77.642267,12.918791,35.32,car,16.43,198.18,377125912#2_0,0.00
169.0,car_006,77.638237,12.916018,86.39,car,12.96,340.04,380707230#2_0,0.00
169.0,car_007,77.636663,12.916195,96.75,car,11.88,168.94,380707230#2_1,0.00
169.0,car_008,77.638568,12.916094,79.21,car,16.33,377.36,380707230#2_1,0.00
169.0,car_009,77.637268,12.916118,96.99,car,16.45,235.15,380707230#2_1,0.00
169.0,car_010,77.635384,12.916296,91.90,car,16.37,29.30,380707230#2_0,0.00
169.0,truck_001,77.627487,12.917166,106.23,truck,11.91,476.66,1073384217#1_0,0.00
170.0,bike_001,77.643302,12.920201,38.57,motorcycle,14.27,38.42,377125912#3_1,0.00
170.0,bike_002,77.636735,12.916157,96.76,motorcycle,9.43,176.42,380707230#2_0,0.00
170.0,bike_003,77.639236,12.916283,69.28,motorcycle,15.23,452.59,380707230#2_0,0.00
170.0,bike_004,77.637942,12.916009,90.73,motorcycle,15.57,308.05,380707230#2_0,0.00
170.0,bike_005,77.634375,12.916358,93.91,motorcycle,16.02,219.06,380707230#0_0,0.00
170.0,bus_001,77.631836,12.916605,95.08,bus,13.65,126.30,1534247766#1_0,0.00
170.0,car_001,77.645379,12.922464,46.27,car,15.40,53.96,377125912#6_0,0.00
170.0,car_002,77.643050,12.919849,37.01,car,14.18,5.56,:650141428_3_0,0.00
170.0,car_003,77.643463,12.920350,38.57,car,15.50,62.31,377125912#3_0,0.00
170.0,car_004,77.642995,12.919825,35.30,car,15.54,336.93,377125912#2_1,0.00
170.0,car_005,77.642351,12.918905,35.32,car,15.54,213.71,377125912#2_0,0.00
170.0,car_006,77.638353,12.916026,82.50,car,12.56,352.61,380707230#2_0,0.00
170.0,car_007,77.636774,12.916181,96.75,car,12.11,181.05,380707230#2_1,0.00
170.0,car_008,77.638709,12.916130,71.91,car,15.92,393.28,380707230#2_1,0.00
170.0,car_009,77.637413,12.916099,96.99,car,15.98,251.12,380707230#2_1,0.00
170.0,car_010,77.635530,12.916290,91.90,car,15.86,45.16,380707230#2_0,0.00
170.0,truck_001,77.627592,12.917135,106.23,truck,11.95,488.61,1073384217#1_0,0.00
171.0,bike_001,77.643395,12.920313,38.57,motorcycle,16.03,54.44,377125912#3_1,0.00
171.0,bike_002,77.636826,12.916145,96.76,motorcycle,9.88,186.31,380707230#2_0,0.00
171.0,bike_003,77.639358,12.916327,68.69,motorcycle,14.06,466.65,380707230#2_0,0.00
171.0,bike_004,77.638080,12.916010,86.39,motorcycle,15.00,323.05,380707230#2_0,0.00
171.0,bike_005,77.634508,12.916348,93.91,motorcycle,14.50,233.56,380707230#0_0,0.00
171.0,bus_001,77.631956,12.916594,95.08,bus,13.20,139.50,1534247766#1_0,0.00
171.0,car_001,77.645486,12.922563,46.27,car,16.03,69.99,377125912#6_0,0.00
171.0,car_002,77.643129,12.919947,38.57,car,13.86,4.74,377125912#3_0,0.00
171.0,car_003,77.643560,12.920466,38.57,car,16.59,78.90,377125912#3_0,0.00
171.0,car_004,77.643085,12.919940,37.43,car,16.08,1.19,377125912#3_1,0.00
171.0,car_005,77.642435,12.919019,35.32,car,15.54,229.25,377125912#2_0,0.00
171.0,car_006,77.638474,12.916048,79.22,car,13.30,365.91,380707230#2_0,0.00
171.0,car_007,77.636887,12.916167,96.75,car,12.46,193.51,380707230#2_1,0.00
171.0,car_008,77.638845,12.916173,70.10,car,15.48,408.76,380707230#2_1,0.00
171.0,car_009,77.637560,12.916080,96.99,car,16.03,267.16,380707230#2_1,0.00
171.0,car_010,77.635679,12.916275,95.79,car,16.22,61.38,380707230#2_0,0.00
171.0,truck_001,77.627696,12.917104,106.23,truck,11.84,500.45,1073384217#1_0,0.00
172.0,bike_001,77.643482,12.920418,38.57,motorcycle,14.99,69.43,377125912#3_1,0.00
172.0,bike_002,77.636925,12.916133,96.76,motorcycle,10.85,197.15,380707230#2_0,0.00
172.0,bike_003,77.639485,12.916374,68.69,motorcycle,14.69,481.34,380707230#2_0,0.00
172.0,bike_004,77.638218,12.916017,86.39,motorcycle,14.89,337.94,380707230#2_0,0.00
172.0,bike_005,77.634643,12.916338,93.91,motorcycle,14.68,248.24,380707230#0_0,0.00
172.0,bus_001,77.632080,12.916581,95.08,bus,13.48,152.98,1534247766#1_0,0.00
172.0,car_001,77.645595,12.922662,46.27,car,16.15,86.14,377125912#6_0,0.00
172.0,car_002,77.643215,12.920051,38.57,car,14.86,19.60,377125912#3_0,0.00
172.0,car_003,77.643654,12.920580,38.57,car,16.22,95.12,377125912#3_0,0.00
172.0,car_004,77.643181,12.920056,38.57,car,16.54,17.73,377125912#3_1,0.00
172.0,car_005,77.642523,12.919138,35.32,car,16.22,245.47,377125912#2_0,0.00
172.0,car_006,77.638592,12.916069,79.22,car,13.06,378.97,380707230#2_0,0.00
172.0,car_007,77.637006,12.916152,96.75,car,13.02,206.53,380707230#2_1,0.00
172.0,car_008,77.638985,12.916223,69.27,car,16.24,425.00,380707230#2_1,0.00
172.0,car_009,77.637705,12.916061,97.47,car,15.92,283.08,380707230#2_1,0.00
172.0,car_010,77.635828,12.916259,95.79,car,16.21,77.59,380707230#2_0,0.00
172.0,truck_001,77.627803,12.917072,106.23,truck,12.11,512.56,1073384217#1_0,0.00
173.0,bike_001,77.643566,12.920520,38.57,motorcycle,14.45,83.88,377125912#3_1,0.00
173.0,bike_002,77.637031,12.916120,96.76,motorcycle,11.52,208.68,380707230#2_0,0.00
173.0,bike_003,77.639606,12.916426,63.45,motorcycle,14.29,495.64,380707230#2_0,0.00
173.0,bike_004,77.638365,12.916029,79.22,motorcycle,16.01,353.95,380707230#2_0,0.00
173.0,bike_005,77.634787,12.916326,93.96,motorcycle,15.67,263.91,380707230#0_0,0.00
173.0,bus_001,77.632202,12.916570,95.08,bus,13.40,166.38,1534247766#1_0,0.00
173.0,car_001,77.645701,12.922760,46.27,car,15.82,101.97,377125912#6_0,0.00
173.0,car_002,77.643300,12.920153,38.57,car,14.61,34.21,377125912#3_0,0.00
173.0,car_003,77.643751,12.920696,38.57,car,16.63,111.76,377125912#3_0,0.00
173.0,car_004,77.643271,12.920165,38.57,car,15.47,33.20,377125912#3_1,0.00
173.0,car_005,77.642607,12.919251,35.32,car,15.45,260.92,377125912#2_0,0.00
173.0,car_006,77.638707,12.916098,71.90,car,12.85,391.81,380707230#2_0,0.00
173.0,car_007,77.637118,12.916138,96.78,car,12.26,218.79,380707230#2_1,0.00
173.0,car_008,77.639125,12.916274,69.27,car,16.19,441.18,380707230#2_1,0.00
173.0,car_009,77.637849,12.916041,97.51,car,15.82,298.89,380707230#2_1,0.00
173.0,car_010,77.635979,12.916242,95.79,car,16.42,94.01,380707230#2_0,0.00
173.0,truck_001,77.627910,12.917041,106.23,truck,12.11,524.67,1073384217#1_0,0.00
174.0,bike_001,77.643656,12.920628,38.57,motorcycle,15.48,99.36,377125912#3_1,0.00
174.0,bike_002,77.637139,12.916106,96.98,motorcycle,11.84,220.51,380707230#2_0,0.00
174.0,bike_003,77.639722,12.916482,63.45,motorcycle,13.97,509.61,380707230#2_0,0.00
174.0,bike_004,77.638500,12.916052,79.22,motorcycle,14.87,368.82,380707230#2_0,0.00
174.0,bike_005,77.634919,12.916317,92.86,motorcycle,14.69,2.33,:1653906436_1_0,0.00
174.0,bus_001,77.632326,12.916556,95.63,bus,13.55,3.97,:cluster_11374930008_11374930009_11374930010_11374930011_10_0,0.00
174.0,car_001,77.645806,12.922857,46.27,car,15.74,117.71,377125912#6_0,0.00
174.0,car_002,77.643381,12.920251,38.57,car,13.96,48.16,377125912#3_0,0.00
174.0,car_003,77.643841,12.920805,38.57,car,15.59,127.35,377125912#3_0,0.00
174.0,car_004,77.643364,12.920276,38.57,car,15.94,49.14,377125912#3_1,0.00
174.0,car_005,77.642695,12.919371,35.32,car,16.33,277.26,377125912#2_0,0.00
174.0,car_006,77.638822,12.916134,71.90,car,13.04,404.85,380707230#2_0,0.00
174.0,car_007,77.637230,12.916123,96.99,car,12.21,231.00,380707230#2_1,0.00
174.0,car_008,77.639263,12.916323,69.27,car,15.97,457.15,380707230#2_1,0.00
174.0,car_009,77.638009,12.916008,90.73,car,16.45,315.35,380707230#2_0,0.00
174.0,car_010,77.636123,12.916226,95.79,car,15.68,109.70,380707230#2_0,0.00
174.0,truck_001,77.628014,12.917010,106.23,truck,11.89,536.56,1073384217#1_0,0.00
175.0,bike_001,77.643743,12.920732,38.57,motorcycle,14.91,114.27,377125912#3_1,0.00
175.0,bike_002,77.637226,12.916094,96.98,motorcycle,9.43,229.94,380707230#2_0,0.00
175.0,bike_003,77.639836,12.916542,59.30,motorcycle,14.02,523.63,380707230#2_0,0.00
175.0,bike_004,77.638635,12.916076,79.05,motorcycle,14.85,383.68,380707230#2_0,0.00
175.0,bike_005,77.635060,12.916310,91.89,motorcycle,14.92,3.60,:11977577698_3_0,0.00
175.0,bus_001,77.632452,12.916543,95.30,bus,13.70,9.31,380707230#0_0,0.00
175.0,car_001,77.645914,12.922957,46.27,car,16.13,133.83,377125912#6_0,0.00
175.0,car_002,77.643464,12.920351,38.57,car,14.32,62.48,377125912#3_0,0.00
175.0,car_003,77.643938,12.920921,38.57,car,16.56,143.91,377125912#3_0,0.00
175.0,car_004,77.643460,12.920392,38.57,car,16.50,65.64,377125912#3_1,0.00
175.0,car_005,77.642785,12.919492,35.32,car,16.58,293.84,377125912#2_0,0.00
175.0,car_006,77.638940,12.916176,69.28,car,13.64,418.48,380707230#2_0,0.00
175.0,car_007,77.637345,12.916079,96.98,car,11.97,242.96,380707230#2_0,0.00
175.0,car_008,77.639396,12.916372,68.69,car,15.42,472.57,380707230#2_1,0.00
175.0,car_009,77.638152,12.916013,86.39,car,15.50,330.84,380707230#2_0,0.00
175.0,car_010,77.636271,12.916210,95.79,car,16.15,125.84,380707230#2_0,0.00
175.0,truck_001,77.628119,12.916979,106.23,truck,11.91,548.47,1073384217#1_0,0.00
176.0,bike_001,77.643837,12.920846,38.57,motorcycle,16.22,130.49,377125912#3_1,0.00
176.0,bike_002,77.637308,12.916084,96.98,motorcycle,8.93,238.87,380707230#2_0,0.00
176.0,bike_003,77.639942,12.916603,59.30,motorcycle,13.29,536.92,380707230#2_0,0.00
176.0,bike_004,77.638767,12.916117,71.90,motorcycle,14.95,398.63,380707230#2_0,0.00
176.0,bike_005,77.635196,12.916304,91.90,motorcycle,14.73,8.91,380707230#2_0,0.00
176.0,bus_001,77.632574,12.916531,95.19,bus,13.34,22.65,380707230#0_0,0.00
176.0,car_001,77.646022,12.923055,46.27,car,16.02,149.85,377125912#6_0,0.00
176.0,car_002,77.643551,12.920456,38.57,car,14.95,77.43,377125912#3_0,0.00
176.0,car_003,77.644030,12.921032,38.57,car,15.83,159.74,377125912#3_0,0.00
176.0,car_004,77.643550,12.920501,38.57,car,15.58,81.21,377125912#3_1,0.00
176.0,car_005,77.642872,12.919610,35.32,car,16.02,309.86,377125912#2_0,0.00
176.0,car_006,77.639058,12.916219,69.28,car,13.59,432.08,380707230#2_0,0.00
176.0,car_007,77.637457,12.916064,96.98,car,12.26,255.23,380707230#2_0,0.00
176.0,car_008,77.639536,12.916425,66.91,car,16.24,488.81,380707230#2_1,0.00
176.0,car_009,77.638303,12.916021,86.39,car,16.31,347.15,380707230#2_0,0.00
176.0,car_010,77.636418,12.916194,95.79,car,16.01,141.85,380707230#2_0,0.00
176.0,truck_001,77.628222,12.916948,106.23,truck,11.69,560.17,1073384217#1_0,0.00
177.0,bike_001,77.643921,12.920947,38.57,motorcycle,14.42,144.91,377125912#3_1,0.00
177.0,bike_002,77.637415,12.916070,96.98,motorcycle,11.73,250.60,380707230#2_0,0.00
177.0,bike_003,77.640048,12.916670,52.03,motorcycle,13.73,550.65,380707230#2_0,0.00
177.0,bike_004,77.638904,12.916163,69.28,motorcycle,15.71,414.34,380707230#2_0,0.00
177.0,bike_005,77.635346,12.916298,91.90,motorcycle,16.32,25.23,380707230#2_0,0.00
177.0,bus_001,77.632696,12.916519,95.19,bus,13.35,36.00,380707230#0_0,0.00
177.0,car_001,77.646134,12.923158,46.27,car,16.65,166.51,377125912#6_0,0.00
177.0,car_002,77.643634,12.920556,38.57,car,14.30,91.73,377125912#3_0,0.00
177.0,car_003,77.644122,12.921143,38.57,car,15.79,175.53,377125912#3_0,0.00
177.0,car_004,77.643643,12.920612,38.57,car,15.93,97.14,377125912#3_1,0.00
177.0,car_005,77.642956,12.919724,35.30,car,15.51,325.37,377125912#2_0,0.00
177.0,car_006,77.639169,12.916259,69.28,car,12.84,444.91,380707230#2_0,0.00
177.0,car_007,77.637576,12.916049,96.98,car,13.00,268.22,380707230#2_0,0.00
177.0,car_008,77.639673,12.916491,63.46,car,16.65,505.46,380707230#2_1,0.00
177.0,car_009,77.638443,12.916042,79.22,car,15.44,362.59,380707230#2_0,0.00
177.0,car_010,77.636562,12.916178,95.79,car,15.62,157.48,380707230#2_0,0.00
177.0,truck_001,77.628325,12.916918,106.23,truck,11.72,571.88,1073384217#1_0,0.00
178.0,bike_001,77.644016,12.921062,38.57,motorcycle,16.40,161.32,377125912#3_1,0.00
178.0,bike_002,77.637517,12.916057,96.98,motorcycle,11.09,261.69,380707230#2_0,0.00
178.0,bike_003,77.640151,12.916747,52.03,motorcycle,14.03,564.68,380707230#2_0,0.00
178.0,bike_004,77.639028,12.916208,69.28,motorcycle,14.26,428.60,380707230#2_0,0.00
178.0,bike_005,77.635497,12.916291,91.90,motorcycle,16.37,41.60,380707230#2_0,0.00
178.0,bus_001,77.632818,12.916507,95.19,bus,13.30,49.31,380707230#0_0,0.00
178.0,car_001,77.646241,12.923255,47.19,car,15.85,182.35,377125912#6_0,0.00
178.0,car_002,77.643720,12.920659,38.57,car,14.71,106.44,377125912#3_0,0.00
178.0,car_003,77.644215,12.921255,38.57,car,16.03,191.56,377125912#3_0,0.00
178.0,car_004,77.643738,12.920727,38.57,car,16.33,113.47,377125912#3_1,0.00
178.0,car_005,77.643041,12.919838,36.79,car,15.69,3.92,:650141428_3_0,0.00
178.0,car_006,77.639283,12.916299,69.28,car,13.05,457.96,380707230#2_0,0.00
178.0,car_007,77.637695,12.916033,97.40,car,12.90,281.12,380707230#2_0,0.00
178.0,car_008,77.639806,12.916559,59.29,car,16.19,521.65,380707230#2_1,0.00
178.0,car_009,77.638587,12.916068,79.22,car,15.83,378.42,380707230#2_0,0.00
178.0,car_010,77.636711,12.916160,96.76,car,16.32,173.80,380707230#2_0,0.00
178.0,truck_001,77.628431,12.916889,104.96,truck,11.94,583.83,1073384217#1_0,0.00
179.0,bike_001,77.644101,12.921164,38.57,motorcycle,14.60,175.91,377125912#3_1,0.00
179.0,bike_002,77.637610,12.916044,96.98,motorcycle,10.21,271.90,380707230#2_0,0.00
179.0,bike_003,77.640258,12.916834,48.29,motorcycle,15.00,579.68,380707230#2_0,0.00
179.0,bike_004,77.639155,12.916254,69.28,motorcycle,14.67,443.27,380707230#2_0,0.00
179.0,bike_005,77.635638,12.916280,95.79,motorcycle,15.33,56.94,380707230#2_0,0.00
179.0,bus_001,77.632941,12.916495,95.19,bus,13.42,62.73,380707230#0_0,0.00
179.0,car_001,77.646346,12.923348,47.19,car,15.38,197.73,377125912#6_0,0.00
179.0,car_002,77.643804,12.920760,38.57,car,14.40,120.84,377125912#3_0,0.00
179.0,car_003,77.644306,12.921365,38.57,car,15.65,207.20,377125912#3_0,0.00
179.0,car_004,77.643833,12.920841,38.57,car,16.24,129.71,377125912#3_1,0.00
179.0,car_005,77.643135,12.919955,38.57,car,16.58,5.82,377125912#3_0,0.00
179.0,car_006,77.639394,12.916340,68.69,car,12.91,470.86,380707230#2_0,0.00
179.0,car_007,77.637805,12.916018,97.53,car,12.06,293.19,380707230#2_0,0.00
179.0,car_008,77.639928,12.916628,59.29,car,15.40,537.05,380707230#2_1,0.00
179.0,car_009,77.638726,12.916104,71.90,car,15.54,393.96,380707230#2_0,0.00
179.0,car_010,77.636859,12.916141,96.76,car,16.14,189.94,380707230#2_0,0.00
179.0,truck_001,77.628538,12.916863,103.14,truck,11.99,595.82,1073384217#1_0,0.00
180.0,bike_001,77.644196,12.921278,38.57,motorcycle,16.22,192.14,377125912#3_1,0.00
180.0,bike_002,77.637717,12.916030,97.53,motorcycle,11.68,283.58,380707230#2_0,0.00
180.0,bike_003,77.640352,12.916915,48.29,motorcycle,13.50,593.18,380707230#2_0,0.00
180.0,bike_004,77.639280,12.916298,69.28,motorcycle,14.36,457.63,380707230#2_0,0.00
180.0,bike_005,77.635775,12.916265,95.79,motorcycle,14.83,71.77,380707230#2_0,0.00
180.0,bus_001,77.633062,12.916483,95.19,bus,13.20,75.93,380707230#0_0,0.00
180.0,car_001,77.646456,12.923442,49.74,car,15.95,213.69,377125912#6_0,0.00
180.0,car_002,77.643886,12.920859,38.57,car,14.13,134.97,377125912#3_0,0.00
180.0,car_003,77.644402,12.921480,38.57,car,16.53,223.73,377125912#3_0,0.00
180.0,car_004,77.643927,12.920954,38.57,car,16.21,145.91,377125912#3_1,0.00
180.0,car_005,77.643231,12.920070,38.57,car,16.53,22.35,377125912#3_0,0.00
180.0,car_006,77.639510,12.916383,68.69,car,13.40,484.26,380707230#2_0,0.00
180.0,car_007,77.637914,12.916010,90.73,car,11.82,305.01,380707230#2_0,0.00
180.0,car_008,77.640050,12.916708,52.04,car,15.93,552.98,380707230#2_1,0.00
180.0,car_009,77.638862,12.916148,69.58,car,15.53,409.49,380707230#2_0,0.00
180.0,car_010,77.637008,12.916122,96.76,car,16.22,206.16,380707230#2_0,0.00
180.0,truck_001,77.628647,12.916845,98.72,truck,12.05,607.87,1073384217#1_0,0.00
181.0,bike_001,77.644280,12.921379,38.57,motorcycle,14.51,206.64,377125912#3_1,0.00
181.0,bike_002,77.637807,12.916017,97.53,motorcycle,9.84,293.42,380707230#2_0,0.00
181.0,bike_003,77.640442,12.916994,46.41,motorcycle,13.08,606.25,380707230#2_0,0.00
181.0,bike_004,77.639392,12.916370,68.69,motorcycle,14.42,472.05,380707230#2_1,0.00
181.0,bike_005,77.635922,12.916248,95.79,motorcycle,16.07,87.84,380707230#2_0,0.00
181.0,bus_001,77.633186,12.916471,95.19,bus,13.51,89.44,380707230#0_0,0.00
181.0,car_001,77.646572,12.923537,49.74,car,16.39,230.08,377125912#6_0,0.00
181.0,car_002,77.643970,12.920961,38.57,car,14.58,149.54,377125912#3_0,0.00
181.0,car_003,77.644495,12.921592,38.57,car,16.02,239.75,377125912#3_0,0.00
181.0,car_004,77.644021,12.921068,38.57,car,16.28,162.19,377125912#3_1,0.00
181.0,car_005,77.643326,12.920185,38.57,car,16.38,38.74,377125912#3_0,0.00
181.0,car_006,77.639621,12.916434,63.45,car,13.24,497.50,380707230#2_0,0.00
181.0,car_007,77.638027,12.916008,90.73,car,12.29,317.30,380707230#2_0,0.00
181.0,car_008,77.640163,12.916793,52.04,car,15.49,568.47,380707230#2_1,0.00
181.0,car_009,77.638999,12.916197,69.28,car,15.74,425.23,380707230#2_0,0.00
181.0,car_010,77.637151,12.916104,96.98,car,15.57,221.73,380707230#2_0,0.00
181.0,truck_001,77.628755,12.916836,94.28,truck,11.76,619.63,1073384217#1_0,0.00
182.0,bike_001,77.644373,12.921492,38.57,motorcycle,16.02,222.66,377125912#3_1,0.00
182.0,bike_002,77.637897,12.916010,90.73,motorcycle,9.79,303.21,380707230#2_0,0.00
182.0,bike_003,77.640537,12.917080,47.44,motorcycle,14.05,620.30,380707230#2_0,0.00
182.0,bike_004,77.639534,12.916424,65.11,motorcycle,16.59,488.64,380707230#2_1,0.00
182.0,bike_005,77.636062,12.916233,95.79,motorcycle,15.25,103.09,380707230#2_0,0.00
182.0,bus_001,77.633309,12.916459,95.05,bus,13.45,102.89,380707230#0_0,0.00
182.0,car_001,77.646681,12.923625,50.63,car,15.43,245.50,377125912#6_0,0.00
182.0,car_002,77.644051,12.921058,38.57,car,13.87,163.41,377125912#3_0,0.00
182.0,car_003,77.644590,12.921708,38.57,car,16.44,256.19,377125912#3_0,0.00
182.0,car_004,77.644113,12.921179,38.57,car,15.81,178.00,377125912#3_1,0.00
182.0,car_005,77.643417,12.920295,38.57,car,15.64,54.37,377125912#3_0,0.00
182.0,car_006,77.639734,12.916488,63.45,car,13.65,511.14,380707230#2_0,0.00
182.0,car_007,77.638140,12.916013,86.39,car,12.19,329.49,380707230#2_0,0.00
182.0,car_008,77.640275,12.916887,48.30,car,15.99,584.46,380707230#2_1,0.00
182.0,car_009,77.639140,12.916248,69.28,car,16.23,441.46,380707230#2_0,0.00
182.0,car_010,77.637295,12.916085,96.98,car,15.74,237.47,380707230#2_0,0.00
182.0,truck_001,77.628862,12.916828,94.26,truck,11.64,631.27,1073384217#1_0,0.00
183.0,bike_001,77.644467,12.921604,38.57,motorcycle,16.05,238.72,377125912#3_1,0.00
183.0,bike_002,77.637993,12.916008,90.73,motorcycle,10.34,313.55,380707230#2_0,0.00
183.0,bike_003,77.640641,12.917160,51.54,motorcycle,14.34,634.64,380707230#2_0,0.00
183.0,bike_004,77.639654,12.916482,63.46,motorcycle,14.52,503.16,380707230#2_1,0.00
183.0,bike_005,77.636206,12.916217,95.79,motorcycle,15.66,118.75,380707230#2_0,0.00
183.0,bus_001,77.633431,12.916447,95.04,bus,13.31,116.20,380707230#0_0,0.00
183.0,car_001,77.646803,12.923698,57.77,car,15.53,261.03,377125912#6_0,0.00
183.0,car_002,77.644134,12.921158,38.57,car,14.33,177.74,377125912#3_0,0.00
183.0,car_003,77.644684,12.921820,39.49,car,16.07,272.26,377125912#3_0,0.00
183.0,car_004,77.644203,12.921287,38.57,car,15.46,193.47,377125912#3_1,0.00
183.0,car_005,77.643511,12.920408,38.57,car,16.19,70.56,377125912#3_0,0.00
183.0,car_006,77.639844,12.916547,59.30,car,13.49,524.64,380707230#2_0,0.00
183.0,car_007,77.638256,12.916019,86.39,car,12.65,342.14,380707230#2_0,0.00
183.0,car_008,77.640388,12.916984,48.30,car,16.35,600.81,380707230#2_1,0.00
183.0,car_009,77.639276,12.916297,69.28,car,15.77,457.24,380707230#2_0,0.00
183.0,car_010,77.637445,12.916066,96.98,car,16.39,253.86,380707230#2_0,0.00
183.0,truck_001,77.628970,12.916819,94.23,truck,11.85,643.13,1073384217#1_0,0.00
184.0,bike_001,77.644560,12.921717,38.57,motorcycle,16.12,254.84,377125912#3_1,0.00
184.0,bike_002,77.638081,12.916010,86.39,motorcycle,9.55,323.10,380707230#2_0,0.00
184.0,bike_003,77.640750,12.917242,51.54,motorcycle,14.83,649.47,380707230#2_0,0.00
184.0,bike_004,77.639791,12.916550,59.29,motorcycle,16.66,519.82,380707230#2_1,0.00
184.0,bike_005,77.636340,12.916203,95.79,motorcycle,14.58,133.33,380707230#2_0,0.00
184.0,bus_001,77.633553,12.916435,95.04,bus,13.29,129.49,380707230#0_0,0.00
184.0,car_001,77.646932,12.923777,57.77,car,16.54,277.57,377125912#6_0,0.00
184.0,car_002,77.644217,12.921258,38.57,car,14.20,191.95,377125912#3_0,0.00
184.0,car_003,77.644790,12.921922,44.66,car,16.10,288.36,377125912#3_0,0.00
184.0,car_004,77.644317,12.921378,38.57,car,15.71,209.17,377125912#3_0,0.00
184.0,car_005,77.643607,12.920523,38.57,car,16.49,87.05,377125912#3_0,0.00
184.0,car_006,77.639954,12.916610,59.30,car,13.81,538.45,380707230#2_0,0.00
184.0,car_007,77.638366,12.916029,80.17,car,11.93,354.07,380707230#2_0,0.00
184.0,car_008,77.640500,12.917087,46.40,car,16.64,617.46,380707230#2_1,0.00
184.0,car_009,77.639417,12.916349,68.69,car,16.26,473.49,380707230#2_0,0.00
184.0,car_010,77.637589,12.916047,96.98,car,15.70,269.55,380707230#2_0,0.00
184.0,truck_001,77.629080,12.916810,94.23,truck,12.01,655.14,1073384217#1_0,0.00
185.0,bike_001,77.644654,12.921830,38.57,motorcycle,16.19,271.03,377125912#3_1,0.00
185.0,bike_002,77.638176,12.916015,86.39,motorcycle,10.33,333.43,380707230#2_0,0.00
185.0,bike_003,77.640859,12.917326,51.41,motorcycle,14.98,664.45,380707230#2_0,0.00
185.0,bike_004,77.639920,12.916624,59.29,motorcycle,16.24,536.06,380707230#2_1,0.00
185.0,bike_005,77.636476,12.916188,95.79,motorcycle,14.78,148.11,380707230#2_0,0.00
185.0,bus_001,77.633675,12.916423,95.04,bus,13.32,142.81,380707230#0_0,0.00
185.0,car_001,77.647059,12.923853,57.77,car,16.23,293.80,377125912#6_0,0.00
185.0,car_002,77.644294,12.921350,38.57,car,13.24,205.19,377125912#3_0,0.00
185.0,car_003,77.644897,12.922024,46.60,car,16.29,3.52,:cluster_2385141385_650141020_10_0,0.00
185.0,car_004,77.644411,12.921491,38.57,car,16.14,225.31,377125912#3_0,0.00
185.0,car_005,77.643701,12.920636,38.57,car,16.15,103.20,377125912#3_0,0.00
185.0,car_006,77.640059,12.916678,52.03,car,13.70,552.15,380707230#2_0,0.00
185.0,car_007,77.638477,12.916048,79.22,car,12.17,366.23,380707230#2_0,0.00
185.0,car_008,77.640620,12.917180,51.55,car,16.64,634.10,380707230#2_1,0.00
185.0,car_009,77.639550,12.916400,66.52,car,15.46,488.95,380707230#2_0,0.00
185.0,car_010,77.637730,12.916028,97.53,car,15.41,284.97,380707230#2_0,0.00
185.0,truck_001,77.629187,12.916801,94.23,truck,11.66,666.79,1073384217#1_0,0.00
186.0,bike_001,77.644748,12.921923,44.66,motorcycle,14.42,285.45,377125912#3_1,0.00
186.0,bike_002,77.638272,12.916020,86.39,motorcycle,10.44,343.88,380707230#2_0,0.00
186.0,bike_003,77.640965,12.917407,51.42,motorcycle,14.58,5.68,:11892824102_0_0,0.00
186.0,bike_004,77.640047,12.916706,52.04,motorcycle,16.55,552.61,380707230#2_1,0.00
186.0,bike_005,77.636610,12.916173,96.57,motorcycle,14.63,162.73,380707230#2_0,0.00
186.0,bus_001,77.633799,12.916411,95.04,bus,13.50,156.30,380707230#0_0,0.00
186.0,car_001,77.647185,12.923929,57.77,car,16.04,309.84,377125912#6_0,0.00
186.0,car_002,77.644379,12.921453,38.57,car,14.63,219.81,377125912#3_0,0.00
186.0,car_003,77.645004,12.922120,47.21,car,15.96,19.48,:cluster_2385141385_650141020_10_0,0.00
186.0,car_004,77.644507,12.921607,38.57,car,16.55,241.86,377125912#3_0,0.00
186.0,car_005,77.643795,12.920750,38.57,car,16.20,119.40,377125912#3_0,0.00
186.0,car_006,77.640160,12.916754,52.03,car,13.69,565.84,380707230#2_0,0.00
186.0,car_007,77.638585,12.916067,79.22,car,11.94,378.17,380707230#2_0,0.00
186.0,car_008,77.640740,12.917272,51.55,car,16.48,650.58,380707230#2_1,0.00
186.0,car_009,77.639684,12.916464,63.45,car,16.14,505.09,380707230#2_0,0.00
186.0,car_010,77.637873,12.916011,93.47,car,15.60,300.57,380707230#2_0,0.00
186.0,truck_001,77.629296,12.916792,93.97,truck,11.87,0.31,1534247766#0_0,0.00
187.0,bike_001,77.644846,12.922018,44.43,motorcycle,15.03,300.48,377125912#3_1,0.00
187.0,bike_002,77.638362,12.916028,79.22,motorcycle,9.80,353.68,380707230#2_0,0.00
187.0,bike_003,77.641072,12.917489,51.39,motorcycle,14.76,4.51,377125912#2_0,0.00
187.0,bike_004,77.640167,12.916795,52.04,motorcycle,16.30,568.91,380707230#2_1,0.00
187.0,bike_005,77.636763,12.916153,96.76,motorcycle,16.66,179.39,380707230#2_0,0.00
187.0,bus_001,77.633921,12.916399,95.04,bus,13.33,169.63,380707230#0_0,0.00
187.0,car_001,77.647315,12.924008,57.77,car,16.66,326.50,377125912#6_0,0.00
187.0,car_002,77.644464,12.921555,38.57,car,14.55,234.37,377125912#3_0,0.00
187.0,car_003,77.645111,12.922218,46.27,car,15.92,13.99,377125912#6_0,0.00
187.0,car_004,77.644601,12.921721,38.57,car,16.22,258.09,377125912#3_0,0.00
187.0,car_005,77.643891,12.920865,38.57,car,16.51,135.90,377125912#3_0,0.00
187.0,car_006,77.640251,12.916829,48.29,car,12.92,578.76,380707230#2_0,0.00
187.0,car_007,77.638697,12.916095,71.90,car,12.50,390.67,380707230#2_0,0.00
187.0,car_008,77.640859,12.917363,51.41,car,16.43,667.01,380707230#2_1,0.00
187.0,car_009,77.639814,12.916530,59.30,car,15.86,520.96,380707230#2_0,0.00
187.0,car_010,77.638020,12.916008,90.73,car,15.98,316.55,380707230#2_0,0.00
187.0,truck_001,77.629405,12.916784,93.53,truck,11.85,12.15,1534247766#0_0,0.00
188.0,bike_001,77.644945,12.922107,47.20,motorcycle,14.50,13.84,:cluster_2385141385_650141020_10_1,0.00
188.0,bike_002,77.638462,12.916046,79.22,motorcycle,10.94,364.61,380707230#2_0,0.00
188.0,bike_003,77.641165,12.917576,43.92,motorcycle,13.86,18.37,377125912#2_0,0.00
188.0,bike_004,77.640277,12.916889,48.30,motorcycle,15.88,584.79,380707230#2_1,0.00
188.0,bike_005,77.636903,12.916136,96.76,motorcycle,15.29,194.68,380707230#2_0,0.00
188.0,bus_001,77.634044,12.916388,95.04,bus,13.42,183.05,380707230#0_0,0.00
188.0,car_001,77.647445,12.924071,64.88,car,16.38,1.34,377125912#7_0,0.00
188.0,car_002,77.644545,12.921653,38.57,car,14.05,248.41,377125912#3_0,0.00
188.0,car_003,77.645214,12.922313,46.27,car,15.46,29.45,377125912#6_0,0.00
188.0,car_004,77.644693,12.921828,41.24,car,15.46,273.55,377125912#3_0,0.00
188.0,car_005,77.643987,12.920980,38.57,car,16.41,152.31,377125912#3_0,0.00
188.0,car_006,77.640345,12.916909,48.29,car,13.53,592.29,380707230#2_0,0.00
188.0,car_007,77.638806,12.916129,71.90,car,12.39,403.05,380707230#2_0,0.00
188.0,car_008,77.640973,12.917450,51.40,car,15.69,9.35,:11892824102_0_1,0.00
188.0,car_009,77.639938,12.916600,59.30,car,15.46,536.41,380707230#2_0,0.00
188.0,car_010,77.638157,12.916014,86.39,car,14.86,331.41,380707230#2_0,0.00
188.0,truck_001,77.629516,12.916777,93.53,truck,12.12,24.28,1534247766#0_0,0.00
189.0,bike_001,77.645054,12.922205,46.26,motorcycle,16.03,8.46,377125912#6_1,0.00
189.0,bike_002,77.638568,12.916064,79.22,motorcycle,11.68,376.29,380707230#2_0,0.00
189.0,bike_003,77.641251,12.917662,43.92,motorcycle,13.39,31.76,377125912#2_0,0.00
189.0,bike_004,77.640390,12.916986,48.10,motorcycle,16.25,601.04,380707230#2_1,0.00
189.0,bike_005,77.637037,12.916119,96.76,motorcycle,14.62,209.30,380707230#2_0,0.00
189.0,bus_001,77.634167,12.916376,95.04,bus,13.43,196.48,380707230#0_0,0.00
189.0,car_001,77.647581,12.924138,63.53,car,16.32,1.64,379308034_0,0.00
189.0,car_002,77.644633,12.921758,38.57,car,15.04,263.45,377125912#3_0,0.00
189.0,car_003,77.645318,12.922408,46.27,car,15.46,44.91,377125912#6_0,0.00
189.0,car_004,77.644793,12.921926,44.66,car,15.37,288.92,377125912#3_0,0.00
189.0,car_005,77.644083,12.921096,38.57,car,16.52,168.83,377125912#3_0,0.00
189.0,car_006,77.640438,12.916990,46.49,car,13.34,605.63,380707230#2_0,0.00
189.0,car_007,77.638914,12.916167,69.28,car,12.39,415.44,380707230#2_0,0.00
189.0,car_008,77.641092,12.917544,48.40,car,16.50,9.92,377125912#2_1,0.00
189.0,car_009,77.640064,12.916682,52.03,car,16.40,552.82,380707230#2_0,0.00
189.0,car_010,77.638292,12.916021,86.39,car,14.56,345.97,380707230#2_0,0.00
189.0,truck_001,77.629625,12.916769,93.53,truck,11.83,36.11,1534247766#0_0,0.00
190.0,bike_001,77.645150,12.922294,46.26,motorcycle,14.41,22.87,377125912#6_1,0.00
190.0,bike_002,77.638666,12.916086,71.90,motorcycle,10.86,387.15,380707230#2_0,0.00
190.0,bike_003,77.641341,12.917752,43.92,motorcycle,13.87,45.63,377125912#2_0,0.00
190.0,bike_004,77.640489,12.917076,46.40,motorcycle,14.65,615.69,380707230#2_1,0.00
190.0,bike_005,77.637189,12.916099,96.98,motorcycle,16.59,225.89,380707230#2_0,0.00
190.0,bus_001,77.634292,12.916365,94.49,bus,13.63,210.11,380707230#0_0,0.00
190.0,car_001,77.647718,12.924199,64.78,car,16.41,18.05,379308034_0,0.00
190.0,car_002,77.644721,12.921856,44.66,car,14.46,277.92,377125912#3_0,0.00
190.0,car_003,77.645421,12.922503,46.27,car,15.39,60.29,377125912#6_0,0.00
190.0,car_004,77.644895,12.922023,46.44,car,15.47,3.26,:cluster_2385141385_650141020_10_0,0.00
190.0,car_005,77.644175,12.921208,38.57,car,15.95,184.79,377125912#3_0,0.00
190.0,car_006,77.640526,12.917071,46.41,car,13.16,618.79,380707230#2_0,0.00
190.0,car_007,77.639020,12.916205,69.28,car,12.25,427.70,380707230#2_0,0.00
190.0,car_008,77.641196,12.917648,43.92,car,16.13,26.05,377125912#2_1,0.00
190.0,car_009,77.640183,12.916772,52.03,car,16.25,569.07,380707230#2_0,0.00
190.0,car_010,77.638415,12.916067,79.21,car,14.56,360.53,380707230#2_1,0.00
190.0,truck_001,77.629736,12.916761,93.53,truck,12.12,48.22,1534247766#0_0,0.00
191.0,bike_001,77.645262,12.922397,46.26,motorcycle,16.66,39.53,377125912#6_1,0.00
191.0,bike_002,77.638755,12.916114,71.90,motorcycle,10.17,397.32,380707230#2_0,0.00
191.0,bike_003,77.641436,12.917847,43.92,motorcycle,14.71,60.34,377125912#2_0,0.00
191.0,bike_004,77.640606,12.917170,51.55,motorcycle,16.47,632.16,380707230#2_1,0.00
191.0,bike_005,77.637319,12.916082,96.98,motorcycle,14.28,240.17,380707230#2_0,0.00
191.0,bus_001,77.634416,12.916355,93.91,bus,13.42,223.53,380707230#0_0,0.00
191.0,car_001,77.647851,12.924250,70.30,car,15.51,33.56,379308034_0,0.00
191.0,car_002,77.644816,12.921948,44.66,car,14.54,292.46,377125912#3_0,0.00
191.0,car_003,77.645525,12.922598,46.27,car,15.42,75.72,377125912#6_0,0.00
191.0,car_004,77.644999,12.922116,47.21,car,15.54,18.80,:cluster_2385141385_650141020_10_0,0.00
191.0,car_005,77.644271,12.921323,38.57,car,16.48,201.27,377125912#3_0,0.00
191.0,car_006,77.640620,12.917144,51.54,car,12.93,631.72,380707230#2_0,0.00
191.0,car_007,77.639126,12.916243,69.28,car,12.26,439.96,380707230#2_0,0.00
191.0,car_008,77.641295,12.917747,43.92,car,15.43,41.48,377125912#2_1,0.00
191.0,car_009,77.640297,12.916867,48.29,car,16.19,585.26,380707230#2_0,0.00
191.0,car_010,77.638564,12.916093,79.21,car,16.45,376.98,380707230#2_1,0.00
191.0,truck_001,77.629845,12.916753,93.53,truck,11.79,60.02,1534247766#0_0,0.00
192.0,bike_001,77.645381,12.922466,46.27,motorcycle,14.81,54.34,377125912#6_0,0.00
192.0,bike_002,77.638842,12.916141,69.72,motorcycle,9.84,407.17,380707230#2_0,0.00
192.0,bike_003,77.641522,12.917932,43.92,motorcycle,13.28,73.62,377125912#2_0,0.00
192.0,bike_004,77.640713,12.917251,51.55,motorcycle,14.73,646.88,380707230#2_1,0.00
192.0,bike_005,77.637460,12.916064,96.98,motorcycle,15.32,255.49,380707230#2_0,0.00
192.0,bus_001,77.634540,12.916346,93.91,bus,13.50,237.03,380707230#0_0,0.00
192.0,car_001,77.647996,12.924293,73.63,car,16.52,50.08,379308034_0,0.00
192.0,car_002,77.644914,12.922040,47.21,car,14.74,6.07,:cluster_2385141385_650141020_10_0,0.00
192.0,car_003,77.645636,12.922700,46.27,car,16.55,92.26,377125912#6_0,0.00
192.0,car_004,77.645110,12.922217,46.27,car,16.55,13.94,377125912#6_0,0.00
192.0,car_005,77.644366,12.921437,38.57,car,16.30,217.57,377125912#3_0,0.00
192.0,car_006,77.640717,12.917217,51.54,car,13.21,644.93,380707230#2_0,0.00
192.0,car_007,77.639230,12.916281,69.28,car,11.98,451.93,380707230#2_0,0.00
192.0,car_008,77.641397,12.917849,43.92,car,15.80,57.27,377125912#2_1,0.00
192.0,car_009,77.640406,12.916961,48.29,car,15.68,600.94,380707230#2_0,0.00
192.0,car_010,77.638710,12.916130,71.91,car,16.36,393.34,380707230#2_1,0.00
192.0,truck_001,77.629953,12.916746,93.39,truck,11.76,71.77,1534247766#0_0,0.00
193.0,bike_001,77.645486,12.922562,46.27,motorcycle,15.56,69.89,377125912#6_0,0.00
193.0,bike_002,77.638930,12.916173,69.28,motorcycle,10.19,417.36,380707230#2_0,0.00
193.0,bike_003,77.641621,12.918032,41.91,motorcycle,15.29,88.92,377125912#2_0,0.00
193.0,bike_004,77.640819,12.917332,51.41,motorcycle,14.51,661.39,380707230#2_1,0.00
193.0,bike_005,77.637611,12.916044,96.98,motorcycle,16.52,272.01,380707230#2_0,0.00
193.0,bus_001,77.634664,12.916336,93.91,bus,13.50,250.53,380707230#0_0,0.00
193.0,car_001,77.648137,12.924330,76.84,car,15.93,66.01,379308034_0,0.00
193.0,car_002,77.645011,12.922126,47.21,car,14.43,20.50,:cluster_2385141385_650141020_10_0,0.00
193.0,car_003,77.645744,12.922800,46.27,car,16.23,108.50,377125912#6_0,0.00
193.0,car_004,77.645218,12.922317,46.27,car,16.12,30.06,377125912#6_0,0.00
193.0,car_005,77.644461,12.921552,38.57,car,16.36,233.93,377125912#3_0,0.00
193.0,car_006,77.640810,12.917289,51.45,car,12.87,657.81,380707230#2_0,0.00
193.0,car_007,77.639343,12.916321,69.11,car,12.98,464.92,380707230#2_0,0.00
193.0,car_008,77.641497,12.917948,43.92,car,15.45,72.72,377125912#2_1,0.00
193.0,car_009,77.640510,12.917056,46.41,car,15.49,616.42,380707230#2_0,0.00
193.0,car_010,77.638855,12.916176,69.41,car,16.61,409.94,380707230#2_1,0.00
193.0,truck_001,77.630063,12.916739,93.26,truck,11.96,83.74,1534247766#0_0,0.00
194.0,bike_001,77.645589,12.922657,46.27,motorcycle,15.35,85.24,377125912#6_0,0.00
194.0,bike_002,77.639032,12.916209,69.28,motorcycle,11.66,429.02,380707230#2_0,0.00
194.0,bike_003,77.641707,12.918124,41.91,motorcycle,13.86,102.77,377125912#2_0,0.00
194.0,bike_004,77.640940,12.917425,51.40,motorcycle,16.65,4.69,:11892824102_0_1,0.00
194.0,bike_005,77.637749,12.916025,97.53,motorcycle,15.07,287.08,380707230#2_0,0.00
194.0,bus_001,77.634789,12.916326,93.93,bus,13.65,264.17,380707230#0_0,0.00
194.0,car_001,77.648285,12.924357,78.93,car,16.37,82.38,379308034_0,0.00
194.0,car_002,77.645112,12.922219,46.27,car,15.12,14.21,377125912#6_0,0.00
194.0,car_003,77.645848,12.922896,46.27,car,15.50,124.00,377125912#6_0,0.00
194.0,car_004,77.645326,12.922416,46.27,car,16.07,46.14,377125912#6_0,0.00
194.0,car_005,77.644558,12.921668,38.57,car,16.62,250.55,377125912#3_0,0.00
194.0,car_006,77.640909,12.917364,51.41,car,13.49,671.30,380707230#2_0,0.00
194.0,car_007,77.639455,12.916363,68.69,car,12.92,477.84,380707230#2_0,0.00
194.0,car_008,77.641599,12.918051,42.88,car,15.85,88.57,377125912#2_1,0.00
194.0,car_009,77.640628,12.917150,51.54,car,16.35,632.77,380707230#2_0,0.00
194.0,car_010,77.638995,12.916227,69.27,car,16.24,426.18,380707230#2_1,0.00
194.0,truck_001,77.630170,12.916732,93.26,truck,11.64,95.38,1534247766#0_0,0.00
195.0,bike_001,77.645691,12.922751,46.27,motorcycle,15.29,100.53,377125912#6_0,0.00
195.0,bike_002,77.639120,12.916241,69.28,motorcycle,10.22,439.25,380707230#2_0,0.00
195.0,bike_003,77.641802,12.918226,41.91,motorcycle,15.18,117.95,377125912#2_0,0.00
195.0,bike_004,77.641050,12.917509,51.41,motorcycle,15.21,3.97,377125912#2_1,0.00
195.0,bike_005,77.637883,12.916011,90.73,motorcycle,14.59,301.67,380707230#2_0,0.00
195.0,bus_001,77.634913,12.916317,93.84,bus,13.65,1.55,:1653906436_1_0,0.00
195.0,car_001,77.648431,12.924382,79.92,car,16.17,98.55,379308034_0,0.00
195.0,car_002,77.645210,12.922309,46.27,car,14.56,28.77,377125912#6_0,0.00
195.0,car_003,77.645956,12.922995,46.27,car,16.05,140.05,377125912#6_0,0.00
195.0,car_004,77.645438,12.922518,46.27,car,16.65,62.78,377125912#6_0,0.00
195.0,car_005,77.644651,12.921781,38.57,car,16.11,266.66,377125912#3_0,0.00
195.0,car_006,77.641005,12.917438,51.42,car,13.22,11.17,:11892824102_0_0,0.00
195.0,car_007,77.639557,12.916403,65.55,car,11.94,489.78,380707230#2_0,0.00
195.0,car_008,77.641701,12.918161,41.92,car,16.49,105.06,377125912#2_1,0.00
195.0,car_009,77.640744,12.917238,51.54,car,15.95,648.73,380707230#2_0,0.00
195.0,car_010,77.639139,12.916279,69.27,car,16.58,442.76,380707230#2_1,0.00
195.0,truck_001,77.630281,12.916724,93.26,truck,12.12,107.50,1534247766#0_0,0.00
196.0,bike_001,77.645794,12.922846,46.27,motorcycle,15.34,115.87,377125912#6_0,0.00
196.0,bike_002,77.639216,12.916276,69.28,motorcycle,11.06,450.31,380707230#2_0,0.00
196.0,bike_003,77.641884,12.918317,40.69,motorcycle,13.38,131.33,377125912#2_0,0.00
196.0,bike_004,77.641157,12.917609,43.92,motorcycle,16.09,20.07,377125912#2_1,0.00
196.0,bike_005,77.638035,12.916007,90.73,motorcycle,16.52,318.19,380707230#2_0,0.00
196.0,bus_001,77.635042,12.916311,92.10,bus,13.74,1.64,:11977577698_3_0,0.00
196.0,car_001,77.648572,12.924401,81.94,car,15.51,114.06,379308034_0,0.00
196.0,car_002,77.645308,12.922399,46.27,car,14.69,43.46,377125912#6_0,0.00
196.0,car_003,77.646061,12.923092,46.27,car,15.69,155.75,377125912#6_0,0.00
196.0,car_004,77.645544,12.922616,46.27,car,15.89,78.67,377125912#6_0,0.00
196.0,car_005,77.644748,12.921882,44.66,car,15.38,282.04,377125912#3_0,0.00
196.0,car_006,77.641098,12.917509,51.39,car,12.85,8.09,377125912#2_0,0.00
196.0,car_007,77.639664,12.916454,63.45,car,12.85,502.63,380707230#2_0,0.00
196.0,car_008,77.641802,12.918269,41.29,car,16.22,121.28,377125912#2_1,0.00
196.0,car_009,77.640859,12.917326,51.41,car,15.77,664.50,380707230#2_0,0.00
196.0,car_010,77.639281,12.916330,69.27,car,16.44,459.19,380707230#2_1,0.00
196.0,truck_001,77.630391,12.916717,93.26,truck,11.91,119.41,1534247766#0_0,0.00
197.0,bike_001,77.645892,12.922936,46.27,motorcycle,14.56,130.43,377125912#6_0,0.00
197.0,bike_002,77.639306,12.916308,69.28,motorcycle,10.33,460.64,380707230#2_0,0.00
197.0,bike_003,77.641965,12.918407,40.69,motorcycle,13.27,144.60,377125912#2_0,0.00
197.0,bike_004,77.641260,12.917712,43.92,motorcycle,15.90,35.96,377125912#2_1,0.00
197.0,bike_005,77.638177,12.916015,86.39,motorcycle,15.30,333.49,380707230#2_0,0.00
197.0,bus_001,77.635164,12.916306,91.89,bus,13.25,5.48,380707230#2_0,0.00
197.0,car_001,77.648717,12.924419,81.94,car,15.83,129.89,379308034_0,0.00
197.0,car_002,77.645402,12.922486,46.27,car,13.98,57.45,377125912#6_0,0.00
197.0,car_003,77.646165,12.923187,46.27,car,15.42,171.17,377125912#6_0,0.00
197.0,car_004,77.645649,12.922712,46.27,car,15.56,94.23,377125912#6_0,0.00
197.0,car_005,77.644850,12.921981,44.45,car,15.51,297.55,377125912#3_0,0.00
197.0,car_006,77.641181,12.917592,43.92,car,12.78,20.87,377125912#2_0,0.00
197.0,car_007,77.639766,12.916503,63.45,car,12.34,514.97,380707230#2_0,0.00
197.0,car_008,77.641899,12.918378,40.69,car,16.02,137.31,377125912#2_1,0.00
197.0,car_009,77.640973,12.917414,51.42,car,15.71,6.86,:11892824102_0_0,0.00
197.0,car_010,77.639417,12.916380,68.69,car,15.78,474.97,380707230#2_1,0.00
197.0,truck_001,77.630502,12.916710,93.26,truck,12.12,131.52,1534247766#0_0,0.00
198.0,bike_001,77.645994,12.923030,46.27,motorcycle,15.32,145.75,377125912#6_0,0.00
198.0,bike_002,77.639390,12.916339,68.69,motorcycle,9.78,470.41,380707230#2_0,0.00
198.0,bike_003,77.642055,12.918513,36.74,motorcycle,15.27,159.87,377125912#2_0,0.00
198.0,bike_004,77.641357,12.917808,43.92,motorcycle,15.02,50.99,377125912#2_1,0.00
198.0,bike_005,77.638323,12.916022,86.39,motorcycle,15.85,349.34,380707230#2_0,0.00
198.0,bus_001,77.635290,12.916300,91.90,bus,13.63,19.10,380707230#2_0,0.00
198.0,car_001,77.648859,12.924429,85.39,car,15.55,145.44,379308034_0,0.00
198.0,car_002,77.645495,12.922571,46.27,car,13.85,71.30,377125912#6_0,0.00
198.0,car_003,77.646273,12.923283,47.19,car,15.84,187.01,377125912#6_0,0.00
198.0,car_004,77.645760,12.922814,46.27,car,16.54,110.77,377125912#6_0,0.00
198.0,car_005,77.644959,12.922080,47.21,car,16.45,12.87,:cluster_2385141385_650141020_10_0,0.00
198.0,car_006,77.641264,12.917675,43.92,car,12.88,33.75,377125912#2_0,0.00
198.0,car_007,77.639864,12.916558,59.30,car,12.18,527.15,380707230#2_0,0.00
198.0,car_008,77.641995,12.918485,40.69,car,15.77,153.07,377125912#2_1,0.00
198.0,car_009,77.641067,12.917523,51.41,car,15.45,6.38,377125912#2_1,0.00
198.0,car_010,77.639558,12.916436,63.77,car,16.54,491.50,380707230#2_1,0.00
198.0,truck_001,77.630610,12.916703,93.17,truck,11.78,2.21,:12683580002_3_0,0.00
199.0,bike_001,77.646096,12.923124,46.27,motorcycle,15.23,160.98,377125912#6_0,0.00
199.0,bike_002,77.639478,12.916371,68.69,motorcycle,10.10,480.52,380707230#2_0,0.00
199.0,bike_003,77.642133,12.918614,36.74,motorcycle,14.02,173.89,377125912#2_0,0.00
199.0,bike_004,77.641455,12.917906,43.92,motorcycle,15.15,66.14,377125912#2_1,0.00
199.0,bike_005,77.638459,12.916045,79.22,motorcycle,14.96,364.30,380707230#2_0,0.00
199.0,bus_001,77.635413,12.916295,91.90,bus,13.31,32.41,380707230#2_0,0.00
199.0,car_001,77.649001,12.924439,85.39,car,15.56,160.99,379308034_0,0.00
199.0,car_002,77.645596,12.922664,46.27,car,15.06,86.35,377125912#6_0,0.00
199.0,car_003,77.646381,12.923379,47.19,car,15.93,202.95,377125912#6_0,0.00
199.0,car_004,77.645871,12.922916,46.27,car,16.53,127.30,377125912#6_0,0.00
199.0,car_005,77.645071,12.922181,46.27,car,16.58,8.04,377125912#6_0,0.00
199.0,car_006,77.641352,12.917763,43.92,car,13.62,47.36,377125912#2_0,0.00
199.0,car_007,77.639960,12.916613,59.30,car,12.09,539.24,380707230#2_0,0.00
199.0,car_008,77.642087,12.918602,36.74,car,16.38,169.45,377125912#2_1,0.00
199.0,car_009,77.641169,12.917621,43.92,car,15.56,21.94,377125912#2_1,0.00
199.0,car_010,77.639695,12.916501,63.46,car,16.51,508.01,380707230#2_1,0.00
199.0,truck_001,77.630720,12.916697,92.55,truck,11.85,4.57,1534247766#1_0,0.00
200.0,bike_001,77.646197,12.923216,47.19,motorcycle,14.97,175.95,377125912#6_0,0.00
200.0,bike_002,77.639578,12.916413,63.45,motorcycle,11.80,492.32,380707230#2_0,0.00
200.0,bike_003,77.642214,12.918719,35.32,motorcycle,14.49,188.38,377125912#2_0,0.00
200.0,bike_004,77.641553,12.918005,43.92,motorcycle,15.30,81.44,377125912#2_1,0.00
200.0,bike_005,77.638599,12.916070,79.22,motorcycle,15.38,379.69,380707230#2_0,0.00
200.0,bus_001,77.635539,12.916290,91.90,bus,13.73,46.14,380707230#2_0,0.00
200.0,car_001,77.649145,12.924449,85.39,car,15.62,176.62,379308034_0,0.00
200.0,car_002,77.645694,12.922753,46.27,car,14.55,100.91,377125912#6_0,0.00
200.0,car_003,77.646497,12.923476,49.74,car,16.60,219.55,377125912#6_0,0.00
200.0,car_004,77.645974,12.923011,46.27,car,15.41,142.70,377125912#6_0,0.00
200.0,car_005,77.645177,12.922279,46.27,car,15.84,23.88,377125912#6_0,0.00
200.0,car_006,77.641437,12.917848,43.92,car,13.14,60.50,377125912#2_0,0.00
200.0,car_007,77.640055,12.916675,52.03,car,12.37,551.61,380707230#2_0,0.00
200.0,car_008,77.642176,12.918716,36.31,car,15.86,185.31,377125912#2_1,0.00
200.0,car_009,77.641270,12.917722,43.92,car,15.58,37.52,377125912#2_1,0.00
200.0,car_010,77.639826,12.916570,59.29,car,16.26,524.28,380707230#2_1,0.00
200.0,truck_001,77.630827,12.916692,92.21,truck,11.67,16.24,1534247766#1_0,0.00
201.0,bike_001,77.646302,12.923309,47.19,motorcycle,15.43,191.38,377125912#6_0,0.00
201.0,bike_002,77.639669,12.916456,63.45,motorcycle,10.92,503.24,380707230#2_0,0.00
201.0,bike_003,77.642291,12.918823,35.32,motorcycle,14.25,202.63,377125912#2_0,0.00
201.0,bike_004,77.641649,12.918104,41.92,motorcycle,15.12,96.56,377125912#2_1,0.00
201.0,bike_005,77.638728,12.916105,71.90,motorcycle,14.53,394.21,380707230#2_0,0.00
201.0,bus_001,77.635662,12.916277,95.77,bus,13.38,59.52,380707230#2_0,0.00
201.0,car_001,77.649295,12.924459,85.39,car,16.47,193.09,379308034_0,0.00
201.0,car_002,77.645789,12.922841,46.27,car,14.23,115.14,377125912#6_0,0.00
201.0,car_003,77.646612,12.923570,49.74,car,16.25,235.80,377125912#6_0,0.00
201.0,car_004,77.646082,12.923111,46.27,car,16.12,158.82,377125912#6_0,0.00
201.0,car_005,77.645287,12.922380,46.27,car,16.38,40.27,377125912#6_0,0.00
201.0,car_006,77.641523,12.917933,43.92,car,13.14,73.64,377125912#2_0,0.00
201.0,car_007,77.640144,12.916742,52.03,car,12.17,563.77,380707230#2_0,0.00
201.0,car_008,77.642260,12.918831,35.32,car,15.65,200.96,377125912#2_1,0.00
201.0,car_009,77.641372,12.917824,43.92,car,15.84,53.36,377125912#2_1,0.00
201.0,car_010,77.639951,12.916641,59.29,car,15.64,539.91,380707230#2_1,0.00
201.0,truck_001,77.630937,12.916687,92.21,truck,11.99,28.23,1534247766#1_0,0.00
202.0,bike_001,77.646400,12.923396,47.19,motorcycle,14.31,205.69,377125912#6_0,0.00
202.0,bike_002,77.639757,12.916499,63.45,motorcycle,10.62,513.86,380707230#2_0,0.00
202.0,bike_003,77.642365,12.918924,35.32,motorcycle,13.74,216.36,377125912#2_0,0.00
202.0,bike_004,77.641737,12.918199,41.92,motorcycle,14.22,110.79,377125912#2_1,0.00
202.0,bike_005,77.638863,12.916148,69.28,motorcycle,15.33,409.54,380707230#2_0,0.00
202.0,bus_001,77.635787,12.916263,95.79,bus,13.64,73.16,380707230#2_0,0.00
202.0,car_001,77.649444,12.924469,85.39,car,16.23,209.32,379308034_0,0.00
202.0,car_002,77.645889,12.922933,46.27,car,14.90,130.04,377125912#6_0,0.00
202.0,car_003,77.646735,12.923657,57.77,car,16.55,252.36,377125912#6_0,0.00
202.0,car_004,77.646186,12.923206,46.74,car,15.53,174.35,377125912#6_0,0.00
202.0,car_005,77.645393,12.922477,46.27,car,15.84,56.10,377125912#6_0,0.00
202.0,car_006,77.641611,12.918021,43.53,car,13.70,87.34,377125912#2_0,0.00
202.0,car_007,77.640230,12.916811,48.29,car,11.95,575.72,380707230#2_0,0.00
202.0,car_008,77.642346,12.918947,35.32,car,15.94,216.90,377125912#2_1,0.00
202.0,car_009,77.641471,12.917923,43.92,car,15.39,68.75,377125912#2_1,0.00
202.0,car_010,77.640072,12.916724,52.04,car,16.05,555.96,380707230#2_1,0.00
202.0,truck_001,77.631045,12.916681,92.21,truck,11.80,40.03,1534247766#1_0,0.00
203.0,bike_001,77.646500,12.923478,49.74,motorcycle,14.26,219.95,377125912#6_0,0.00
203.0,bike_002,77.639850,12.916550,59.30,motorcycle,11.56,525.42,380707230#2_0,0.00
203.0,bike_003,77.642446,12.919034,35.32,motorcycle,14.95,231.31,377125912#2_0,0.00
203.0,bike_004,77.641850,12.918279,40.69,motorcycle,15.00,125.78,377125912#2_0,0.00
203.0,bike_005,77.639001,12.916198,69.28,motorcycle,15.91,425.45,380707230#2_0,0.00
203.0,bus_001,77.635913,12.916249,95.79,bus,13.72,86.88,380707230#2_0,0.00
203.0,car_001,77.649592,12.924479,85.39,car,16.10,225.42,379308034_0,0.00
203.0,car_002,77.645987,12.923024,46.27,car,14.66,144.70,377125912#6_0,0.00
203.0,car_003,77.646863,12.923735,57.77,car,16.40,268.75,377125912#6_0,0.00
203.0,car_004,77.646298,12.923306,47.19,car,16.44,190.79,377125912#6_0,0.00
203.0,car_005,77.645504,12.922579,46.27,car,16.50,72.60,377125912#6_0,0.00
203.0,car_006,77.641696,12.918112,41.91,car,13.65,100.99,377125912#2_0,0.00
203.0,car_007,77.640316,12.916884,48.29,car,12.29,588.01,380707230#2_0,0.00
203.0,car_008,77.642431,12.919062,35.32,car,15.65,232.55,377125912#2_1,0.00
203.0,car_009,77.641573,12.918024,43.92,car,15.77,84.52,377125912#2_1,0.00
203.0,car_010,77.640192,12.916816,50.11,car,16.56,572.52,380707230#2_1,0.00
203.0,truck_001,77.631154,12.916672,94.56,truck,11.81,51.84,1534247766#1_0,0.00
204.0,bike_001,77.646611,12.923568,49.74,motorcycle,15.65,235.60,377125912#6_0,0.00
204.0,bike_002,77.639944,12.916604,59.30,motorcycle,11.76,537.18,380707230#2_0,0.00
204.0,bike_003,77.642524,12.919139,35.32,motorcycle,14.38,245.70,377125912#2_0,0.00
204.0,bike_004,77.641944,12.918384,40.69,motorcycle,15.47,141.25,377125912#2_0,0.00
204.0,bike_005,77.639142,12.916249,69.28,motorcycle,16.27,441.72,380707230#2_0,0.00
204.0,bus_001,77.636037,12.916236,95.79,bus,13.43,100.31,380707230#2_0,0.00
204.0,car_001,77.649737,12.924489,85.39,car,15.84,241.26,379308034_0,0.00
204.0,car_002,77.646085,12.923113,46.27,car,14.56,159.26,377125912#6_0,0.00
204.0,car_003,77.646988,12.923810,57.77,car,15.95,284.70,377125912#6_0,0.00
204.0,car_004,77.646405,12.923401,47.19,car,15.74,206.53,377125912#6_0,0.00
204.0,car_005,77.645615,12.922681,46.27,car,16.51,89.11,377125912#6_0,0.00
204.0,car_006,77.641776,12.918198,41.91,car,12.87,113.85,377125912#2_0,0.00
204.0,car_007,77.640405,12.916960,48.29,car,12.87,600.88,380707230#2_0,0.00
204.0,car_008,77.642520,12.919183,35.32,car,16.54,249.09,377125912#2_1,0.00
204.0,car_009,77.641674,12.918131,41.92,car,16.11,100.63,377125912#2_1,0.00
204.0,car_010,77.640305,12.916913,48.30,car,16.21,588.73,380707230#2_1,0.00
204.0,truck_001,77.631261,12.916661,95.08,truck,11.74,63.58,1534247766#1_0,0.00
205.0,bike_001,77.646722,12.923649,57.77,motorcycle,15.09,250.69,377125912#6_0,0.00
205.0,bike_002,77.640035,12.916660,52.03,motorcycle,11.66,548.84,380707230#2_0,0.00
205.0,bike_003,77.642596,12.919236,35.32,motorcycle,13.22,258.92,377125912#2_0,0.00
205.0,bike_004,77.642043,12.918497,36.74,motorcycle,16.43,157.68,377125912#2_0,0.00
205.0,bike_005,77.639271,12.916295,69.28,motorcycle,14.86,456.58,380707230#2_0,0.00
205.0,bus_001,77.636160,12.916222,95.79,bus,13.46,113.77,380707230#2_0,0.00
205.0,car_001,77.649889,12.924499,86.05,car,16.63,257.89,379308034_0,0.00
205.0,car_002,77.646183,12.923203,46.66,car,14.66,173.92,377125912#6_0,0.00
205.0,car_003,77.647116,12.923888,57.77,car,16.39,301.09,377125912#6_0,0.00
205.0,car_004,77.646522,12.923496,49.74,car,16.53,223.06,377125912#6_0,0.00
205.0,car_005,77.645721,12.922779,46.27,car,15.88,104.99,377125912#6_0,0.00
205.0,car_006,77.641860,12.918290,40.69,car,13.61,127.46,377125912#2_0,0.00
205.0,car_007,77.640491,12.917038,46.41,car,12.61,613.49,380707230#2_0,0.00
205.0,car_008,77.642604,12.919296,35.32,car,15.45,264.54,377125912#2_1,0.00
205.0,car_009,77.641772,12.918236,41.92,car,15.75,116.38,377125912#2_1,0.00
205.0,car_010,77.640415,12.917009,46.64,car,16.04,604.77,380707230#2_1,0.00
205.0,truck_001,77.631370,12.916651,95.08,truck,11.89,75.46,1534247766#1_0,0.00
206.0,bike_001,77.646849,12.923726,57.77,motorcycle,16.27,266.96,377125912#6_0,0.00
206.0,bike_002,77.640116,12.916721,52.03,motorcycle,11.08,559.92,380707230#2_0,0.00
206.0,bike_003,77.642679,12.919349,35.32,motorcycle,15.31,274.23,377125912#2_0,0.00
206.0,bike_004,77.642123,12.918601,36.74,motorcycle,14.37,172.05,377125912#2_0,0.00
206.0,bike_005,77.639398,12.916342,68.69,motorcycle,14.72,471.30,380707230#2_0,0.00
206.0,bus_001,77.636282,12.916209,95.79,bus,13.28,127.05,380707230#2_0,0.00
206.0,car_001,77.650033,12.924507,86.37,car,15.68,273.57,379308034_0,0.00
206.0,car_002,77.646280,12.923290,47.19,car,14.20,188.13,377125912#6_0,0.00
206.0,car_003,77.647243,12.923964,57.77,car,16.21,317.30,377125912#6_0,0.00
206.0,car_004,77.646634,12.923587,49.74,car,15.73,238.79,377125912#6_0,0.00
206.0,car_005,77.645830,12.922878,46.27,car,16.18,121.18,377125912#6_0,0.00
206.0,car_006,77.641939,12.918378,40.69,car,12.91,140.37,377125912#2_0,0.00
206.0,car_007,77.640580,12.917113,51.54,car,12.73,626.22,380707230#2_0,0.00
206.0,car_008,77.642689,12.919412,35.32,car,15.82,280.36,377125912#2_1,0.00
206.0,car_009,77.641867,12.918342,40.69,car,15.60,131.98,377125912#2_1,0.00
206.0,car_010,77.640521,12.917105,47.35,car,15.64,620.41,380707230#2_1,0.00
206.0,truck_001,77.631477,12.916640,95.08,truck,11.71,87.17,1534247766#1_0,0.00
207.0,bike_001,77.646965,12.923796,57.77,motorcycle,14.81,281.77,377125912#6_0,0.00
207.0,bike_002,77.640191,12.916777,52.03,motorcycle,10.14,570.06,380707230#2_0,0.00
207.0,bike_003,77.642759,12.919458,35.32,motorcycle,14.86,289.09,377125912#2_0,0.00
207.0,bike_004,77.642205,12.918707,35.32,motorcycle,14.75,186.79,377125912#2_0,0.00
207.0,bike_005,77.639530,12.916391,68.69,motorcycle,15.30,486.60,380707230#2_0,0.00
207.0,bus_001,77.636405,12.916196,95.79,bus,13.37,140.42,380707230#2_0,0.00
207.0,car_001,77.650178,12.924514,86.37,car,15.83,289.40,379308034_0,0.00
207.0,car_002,77.646383,12.923381,47.19,car,15.05,203.17,377125912#6_0,0.00
207.0,car_003,77.647369,12.924039,58.81,car,16.14,1.54,:1645178560_2_0,0.00
207.0,car_004,77.646756,12.923670,57.77,car,16.19,254.98,377125912#6_0,0.00
207.0,car_005,77.645941,12.922981,46.27,car,16.57,137.75,377125912#6_0,0.00
207.0,car_006,77.642019,12.918468,40.69,car,13.24,153.61,377125912#2_0,0.00
207.0,car_007,77.640674,12.917184,51.54,car,12.83,639.05,380707230#2_0,0.00
207.0,car_008,77.642777,12.919531,35.32,car,16.37,296.74,377125912#2_1,0.00
207.0,car_009,77.641963,12.918449,40.69,car,15.83,147.81,377125912#2_1,0.00
207.0,car_010,77.640634,12.917191,51.55,car,15.51,635.92,380707230#2_1,0.00
207.0,truck_001,77.631584,12.916630,95.08,truck,11.68,98.86,1534247766#1_0,0.00
208.0,bike_001,77.647078,12.923865,57.77,motorcycle,14.43,296.20,377125912#6_0,0.00
208.0,bike_002,77.640263,12.916838,48.29,motorcycle,10.33,580.39,380707230#2_0,0.00
208.0,bike_003,77.642836,12.919561,35.32,motorcycle,14.11,303.20,377125912#2_0,0.00
208.0,bike_004,77.642282,12.918812,35.32,motorcycle,14.23,201.03,377125912#2_0,0.00
208.0,bike_005,77.639656,12.916450,63.45,motorcycle,15.06,501.66,380707230#2_0,0.00
208.0,bus_001,77.636527,12.916182,95.79,bus,13.23,153.65,380707230#2_0,0.00
208.0,car_001,77.650327,12.924511,91.11,car,16.19,305.59,379308034_0,0.00
208.0,car_002,77.646485,12.923466,49.74,car,14.56,217.73,377125912#6_0,0.00
208.0,car_003,77.647505,12.924101,62.81,car,16.45,6.03,:650141496_0_0,0.00
208.0,car_004,77.646875,12.923742,57.77,car,15.28,270.25,377125912#6_0,0.00
208.0,car_005,77.646045,12.923076,46.27,car,15.49,153.24,377125912#6_0,0.00
208.0,car_006,77.642093,12.918561,36.74,car,12.97,166.59,377125912#2_0,0.00
208.0,car_007,77.640760,12.917250,51.54,car,11.81,650.86,380707230#2_0,0.00
208.0,car_008,77.642864,12.919649,35.32,car,16.11,312.85,377125912#2_1,0.00
208.0,car_009,77.642056,12.918562,36.74,car,16.08,163.88,377125912#2_1,0.00
208.0,car_010,77.640754,12.917283,51.55,car,16.59,652.51,380707230#2_1,0.00
208.0,truck_001,77.631693,12.916619,95.08,truck,11.86,110.71,1534247766#1_0,0.00
209.0,bike_001,77.647204,12.923941,57.77,motorcycle,16.10,312.30,377125912#6_0,0.00
209.0,bike_002,77.640339,12.916904,48.29,motorcycle,10.99,591.38,380707230#2_0,0.00
209.0,bike_003,77.642912,12.919665,35.32,motorcycle,14.13,317.33,377125912#2_0,0.00
209.0,bike_004,77.642371,12.918931,35.32,motorcycle,16.28,217.30,377125912#2_0,0.00
209.0,bike_005,77.639782,12.916512,59.91,motorcycle,15.28,516.93,380707230#2_0,0.00
209.0,bus_001,77.636648,12.916168,96.25,bus,13.21,166.86,380707230#2_0,0.00
209.0,car_001,77.650471,12.924506,91.11,car,15.68,321.28,379308034_0,0.00
209.0,car_002,77.646589,12.923550,49.74,car,14.72,232.46,377125912#6_0,0.00
209.0,car_003,77.647638,12.924163,64.78,car,16.08,8.41,379308034_0,0.00
209.0,car_004,77.646988,12.923810,57.77,car,14.39,284.64,377125912#6_0,0.00
209.0,car_005,77.646149,12.923172,46.27,car,15.56,168.80,377125912#6_0,0.00
209.0,car_006,77.642169,12.918659,36.74,car,13.62,180.20,377125912#2_0,0.00
209.0,car_007,77.640854,12.917322,51.41,car,12.94,663.80,380707230#2_0,0.00
209.0,car_008,77.642952,12.919768,35.30,car,16.16,329.01,377125912#2_1,0.00
209.0,car_009,77.642147,12.918679,36.74,car,16.26,180.14,377125912#2_1,0.00
209.0,car_010,77.640866,12.917368,51.41,car,15.42,667.93,380707230#2_1,0.00
209.0,truck_001,77.631801,12.916609,95.08,truck,11.81,122.53,1534247766#1_0,0.00
210.0,bike_001,77.647329,12.924016,57.79,motorcycle,15.90,328.19,377125912#6_0,0.00
210.0,bike_002,77.640409,12.916963,48.23,motorcycle,9.99,601.37,380707230#2_0,0.00
210.0,bike_003,77.642992,12.919773,35.30,motorcycle,14.72,332.05,377125912#2_0,0.00
210.0,bike_004,77.642449,12.919038,35.32,motorcycle,14.55,231.86,377125912#2_0,0.00
210.0,bike_005,77.639900,12.916579,59.30,motorcycle,14.78,531.71,380707230#2_0,0.00
210.0,bus_001,77.636771,12.916152,96.76,bus,13.41,180.28,380707230#2_0,0.00
210.0,car_001,77.650617,12.924496,94.50,car,16.03,337.30,379308034_0,0.00
210.0,car_002,77.646689,12.923630,52.47,car,14.07,246.53,377125912#6_0,0.00
210.0,car_003,77.647766,12.924221,64.78,car,15.40,23.81,379308034_0,0.00
210.0,car_004,77.647109,12.923883,57.77,car,15.49,300.14,377125912#6_0,0.00
210.0,car_005,77.646259,12.923270,47.19,car,16.16,184.96,377125912#6_0,0.00
210.0,car_006,77.642241,12.918756,35.32,car,13.26,193.46,377125912#2_0,0.00
210.0,car_007,77.640949,12.917395,51.42,car,13.01,3.46,:11892824102_0_0,0.00
210.0,car_008,77.643038,12.919881,37.03,car,15.69,7.56,:650141428_3_1,0.00
210.0,car_009,77.642234,12.918795,35.32,car,15.95,196.09,377125912#2_1,0.00
210.0,car_010,77.640984,12.917458,51.40,car,16.18,10.76,:11892824102_0_1,0.00
210.0,truck_001,77.631908,12.916598,95.08,truck,11.70,134.23,1534247766#1_0,0.00
211.0,bike_001,77.647453,12.924075,62.87,motorcycle,15.39,2.05,377125912#7_0,0.00
211.0,bike_002,77.640478,12.917027,46.41,motorcycle,10.29,611.66,380707230#2_0,0.00
211.0,bike_003,77.643071,12.919876,37.01,motorcycle,14.34,9.26,:650141428_3_0,0.00
211.0,bike_004,77.642529,12.919146,35.32,motorcycle,14.73,246.58,377125912#2_0,0.00
211.0,bike_005,77.640017,12.916647,55.24,motorcycle,14.70,546.41,380707230#2_0,0.00
211.0,bus_001,77.636895,12.916137,96.76,bus,13.59,193.86,380707230#2_0,0.00
211.0,car_001,77.650759,12.924483,94.50,car,15.50,352.80,379308034_0,0.00
211.0,car_002,77.646800,12.923697,57.77,car,14.17,260.70,377125912#6_0,0.00
211.0,car_003,77.647902,12.924267,71.35,car,15.66,39.47,379308034_0,0.00
211.0,car_004,77.647230,12.923957,57.77,car,15.50,315.63,377125912#6_0,0.00
211.0,car_005,77.646372,12.923371,47.19,car,16.62,201.58,377125912#6_0,0.00
211.0,car_006,77.642311,12.918851,35.32,car,12.88,206.34,377125912#2_0,0.00
211.0,car_007,77.641041,12.917466,51.42,car,12.74,0.27,377125912#2_0,0.00
211.0,car_008,77.643156,12.919980,38.57,car,16.57,9.45,377125912#3_0,0.00
211.0,car_009,77.642323,12.918916,35.32,car,16.48,212.58,377125912#2_1,0.00
211.0,car_010,77.641099,12.917551,46.59,car,16.18,11.01,377125912#2_1,0.00
211.0,truck_001,77.632017,12.916588,95.08,truck,11.94,146.17,1534247766#1_0,0.00
212.0,bike_001,77.647585,12.924139,64.78,motorcycle,16.04,2.06,379308034_0,0.00
212.0,bike_002,77.640545,12.917086,50.17,motorcycle,9.70,621.36,380707230#2_0,0.00
212.0,bike_003,77.643149,12.919972,38.57,motorcycle,13.70,8.27,377125912#3_0,0.00
212.0,bike_004,77.642616,12.919263,35.32,motorcycle,15.98,262.56,377125912#2_0,0.00
212.0,bike_005,77.640122,12.916726,52.03,motorcycle,14.34,560.75,380707230#2_0,0.00
212.0,bus_001,77.637016,12.916121,96.76,bus,13.19,207.05,380707230#2_0,0.00
212.0,car_001,77.650906,12.924463,98.47,car,16.11,368.92,379308034_0,0.00
212.0,car_002,77.646915,12.923766,57.77,car,14.70,275.40,377125912#6_0,0.00
212.0,car_003,77.648044,12.924306,73.63,car,16.05,55.52,379308034_0,0.00
212.0,car_004,77.647353,12.924031,57.80,car,15.67,331.30,377125912#6_0,0.00
212.0,car_005,77.646483,12.923464,49.74,car,15.91,217.49,377125912#6_0,0.00
212.0,car_006,77.642384,12.918950,35.32,car,13.51,219.85,377125912#2_0,0.00
212.0,car_007,77.641130,12.917541,43.92,car,12.70,12.97,377125912#2_0,0.00
212.0,car_008,77.643246,12.920089,38.57,car,15.54,24.99,377125912#3_0,0.00
212.0,car_009,77.642410,12.919033,35.32,car,16.10,228.68,377125912#2_1,0.00
212.0,car_010,77.641206,12.917658,43.92,car,16.66,27.66,377125912#2_1,0.00
212.0,truck_001,77.632125,12.916577,95.08,truck,11.76,157.92,1534247766#1_0,0.00
213.0,bike_001,77.647706,12.924194,64.78,motorcycle,14.48,16.55,379308034_0,0.00
213.0,bike_002,77.640628,12.917150,51.54,motorcycle,11.48,632.84,380707230#2_0,0.00
213.0,bike_003,77.643225,12.920063,38.57,motorcycle,12.98,21.25,377125912#3_0,0.00
213.0,bike_004,77.642699,12.919376,35.32,motorcycle,15.47,278.03,377125912#2_0,0.00
213.0,bike_005,77.640236,12.916815,48.29,motorcycle,15.80,576.55,380707230#2_0,0.00
213.0,bus_001,77.637140,12.916106,96.82,bus,13.51,220.57,380707230#2_0,0.00
213.0,car_001,77.651052,12.924440,98.47,car,16.19,385.10,379308034_0,0.00
213.0,car_002,77.647026,12.923833,57.77,car,14.13,289.53,377125912#6_0,0.00
213.0,car_003,77.648188,12.924339,78.93,car,16.07,71.59,379308034_0,0.00
213.0,car_004,77.647479,12.924088,62.84,car,15.42,2.87,:650141496_0_0,0.00
213.0,car_005,77.646597,12.923557,49.74,car,16.06,233.55,377125912#6_0,0.00
213.0,car_006,77.642456,12.919047,35.32,car,13.25,233.11,377125912#2_0,0.00
213.0,car_007,77.641214,12.917625,43.92,car,13.01,25.98,377125912#2_0,0.00
213.0,car_008,77.643338,12.920199,38.57,car,15.77,40.76,377125912#3_0,0.00
213.0,car_009,77.642498,12.919153,35.32,car,16.35,245.02,377125912#2_1,0.00
213.0,car_010,77.641307,12.917758,43.92,car,15.58,43.24,377125912#2_1,0.00
213.0,truck_001,77.632234,12.916566,95.23,truck,11.94,169.86,1534247766#1_0,0.00
214.0,bike_001,77.647828,12.924243,70.30,motorcycle,14.40,30.95,379308034_0,0.00
214.0,bike_002,77.640701,12.917205,51.54,motorcycle,9.96,642.81,380707230#2_0,0.00
214.0,bike_003,77.643309,12.920164,38.57,motorcycle,14.54,35.79,377125912#3_0,0.00
214.0,bike_004,77.642788,12.919497,35.32,motorcycle,16.39,294.42,377125912#2_0,0.00
214.0,bike_005,77.640338,12.916902,48.29,motorcycle,14.59,591.14,380707230#2_0,0.00
214.0,bus_001,77.637261,12.916090,96.98,bus,13.20,233.77,380707230#2_0,0.00
214.0,car_001,77.651200,12.924417,98.47,car,16.28,401.38,379308034_0,0.00
214.0,car_002,77.647138,12.923901,57.77,car,14.27,303.80,377125912#6_0,0.00
214.0,car_003,77.648332,12.924365,78.93,car,16.03,87.62,379308034_0,0.00
214.0,car_004,77.647608,12.924150,64.78,car,15.71,4.88,379308034_0,0.00
214.0,car_005,77.646713,12.923644,57.75,car,15.93,249.49,377125912#6_0,0.00
214.0,car_006,77.642527,12.919143,35.32,car,13.11,246.22,377125912#2_0,0.00
214.0,car_007,77.641294,12.917705,43.92,car,12.42,38.40,377125912#2_0,0.00
214.0,car_008,77.643434,12.920315,38.57,car,16.57,57.33,377125912#3_0,0.00
214.0,car_009,77.642583,12.919268,35.32,car,15.73,260.75,377125912#2_1,0.00
214.0,car_010,77.641413,12.917865,43.92,car,16.53,59.77,377125912#2_1,0.00
214.0,truck_001,77.632343,12.916555,95.65,truck,11.84,5.74,:cluster_11374930008_11374930009_11374930010_11374930011_10_0,0.00
215.0,bike_001,77.647971,12.924286,73.63,motorcycle,16.36,47.30,379308034_0,0.00
215.0,bike_002,77.640774,12.917261,51.54,motorcycle,9.98,652.78,380707230#2_0,0.00
215.0,bike_003,77.643385,12.920256,38.57,motorcycle,13.08,48.87,377125912#3_0,0.00
215.0,bike_004,77.642866,12.919602,35.32,motorcycle,14.34,308.76,377125912#2_0,0.00
215.0,bike_005,77.640439,12.916991,46.41,motorcycle,14.71,605.85,380707230#2_0,0.00
215.0,bus_001,77.637386,12.916074,96.98,bus,13.71,247.47,380707230#2_0,0.00
215.0,car_001,77.651345,12.924390,100.54,car,16.07,417.45,379308034_0,0.00
215.0,car_002,77.647247,12.923966,57.77,car,13.92,317.72,377125912#6_0,0.00
215.0,car_003,77.648483,12.924389,81.94,car,16.60,104.22,379308034_0,0.00
215.0,car_004,77.647732,12.924206,64.78,car,14.84,19.72,379308034_0,0.00
215.0,car_005,77.646842,12.923722,57.77,car,16.54,266.03,377125912#6_0,0.00
215.0,car_006,77.642599,12.919241,35.32,car,13.33,259.55,377125912#2_0,0.00
215.0,car_007,77.641378,12.917788,43.92,car,12.89,51.29,377125912#2_0,0.00
215.0,car_008,77.643529,12.920429,38.57,car,16.20,73.53,377125912#3_0,0.00
215.0,car_009,77.642672,12.919388,35.32,car,16.38,277.14,377125912#2_1,0.00
215.0,car_010,77.641519,12.917970,43.92,car,16.35,76.12,377125912#2_1,0.00
215.0,truck_001,77.632450,12.916544,95.31,truck,11.71,9.09,380707230#0_0,0.00
216.0,bike_001,77.648100,12.924322,73.63,motorcycle,14.53,61.83,379308034_0,0.00
216.0,bike_002,77.640847,12.917317,51.41,motorcycle,10.07,662.85,380707230#2_0,0.00
216.0,bike_003,77.643468,12.920356,38.57,motorcycle,14.27,63.14,377125912#3_0,0.00
216.0,bike_004,77.642952,12.919719,35.30,motorcycle,15.99,324.75,377125912#2_0,0.00
216.0,bike_005,77.640547,12.917088,51.03,motorcycle,15.85,621.70,380707230#2_0,0.00
216.0,bus_001,77.637511,12.916057,96.98,bus,13.57,261.05,380707230#2_0,0.00
216.0,car_001,77.651487,12.924363,100.54,car,15.71,433.16,379308034_0,0.00
216.0,car_002,77.647356,12.924033,57.81,car,14.02,331.74,377125912#6_0,0.00
216.0,car_003,77.648633,12.924408,81.94,car,16.50,120.71,379308034_0,0.00
216.0,car_004,77.647864,12.924255,70.30,car,15.40,35.12,379308034_0,0.00
216.0,car_005,77.646964,12.923795,57.77,car,15.51,281.54,377125912#6_0,0.00
216.0,car_006,77.642672,12.919339,35.32,car,13.40,272.95,377125912#2_0,0.00
216.0,car_007,77.641459,12.917869,43.92,car,12.52,63.81,377125912#2_0,0.00
216.0,car_008,77.643620,12.920539,38.57,car,15.71,89.24,377125912#3_0,0.00
216.0,car_009,77.642760,12.919507,35.32,car,16.31,293.45,377125912#2_1,0.00
216.0,car_010,77.641621,12.918075,41.92,car,16.05,92.17,377125912#2_1,0.00
216.0,truck_001,77.632557,12.916533,95.19,truck,11.70,20.79,380707230#0_0,0.00
217.0,bike_001,77.648238,12.924348,78.93,motorcycle,15.37,77.20,379308034_0,0.00
217.0,bike_002,77.640931,12.917381,51.41,motorcycle,11.46,0.96,:11892824102_0_0,0.00
217.0,bike_003,77.643557,12.920463,38.57,motorcycle,15.28,78.42,377125912#3_0,0.00
217.0,bike_004,77.643031,12.919825,37.01,motorcycle,14.52,2.12,:650141428_3_0,0.00
217.0,bike_005,77.640666,12.917178,51.54,motorcycle,16.26,637.96,380707230#2_0,0.00
217.0,bus_001,77.637632,12.916041,96.98,bus,13.29,274.33,380707230#2_0,0.00
217.0,car_001,77.651627,12.924336,100.54,car,15.62,448.78,379308034_0,0.00
217.0,car_002,77.647473,12.924085,62.90,car,14.19,2.07,:650141496_0_0,0.00
217.0,car_003,77.648776,12.924423,85.39,car,15.63,136.35,379308034_0,0.00
217.0,car_004,77.647982,12.924319,73.63,car,14.64,49.76,379308034_1,0.00
217.0,car_005,77.647088,12.923871,57.77,car,15.93,297.48,377125912#6_0,0.00
217.0,car_006,77.642742,12.919435,35.32,car,13.03,285.98,377125912#2_0,0.00
217.0,car_007,77.641538,12.917948,43.92,car,12.17,75.99,377125912#2_0,0.00
217.0,car_008,77.643710,12.920647,38.57,car,15.54,104.78,377125912#3_0,0.00
217.0,car_009,77.642850,12.919629,35.32,car,16.64,310.09,377125912#2_1,0.00
217.0,car_010,77.641718,12.918178,41.92,car,15.52,107.69,377125912#2_1,0.00
217.0,truck_001,77.632664,12.916522,95.19,truck,11.72,32.51,380707230#0_0,0.00
218.0,bike_001,77.648381,12.924374,78.93,motorcycle,15.77,92.97,379308034_0,0.00
218.0,bike_002,77.641017,12.917447,51.42,motorcycle,11.86,12.82,:11892824102_0_0,0.00
218.0,bike_003,77.643645,12.920568,38.57,motorcycle,15.08,93.50,377125912#3_0,0.00
218.0,bike_004,77.643113,12.919928,38.57,motorcycle,14.62,2.06,377125912#3_0,0.00
218.0,bike_005,77.640777,12.917264,51.54,motorcycle,15.30,653.26,380707230#2_0,0.00
218.0,bus_001,77.637754,12.916025,97.44,bus,13.33,287.67,380707230#2_0,0.00
218.0,car_001,77.651771,12.924308,100.54,car,15.96,464.74,379308034_0,0.00
218.0,car_002,77.647586,12.924140,63.80,car,13.88,2.25,379308034_0,0.00
218.0,car_003,77.648917,12.924433,85.39,car,15.48,151.83,379308034_0,0.00
218.0,car_004,77.648125,12.924357,76.12,car,16.10,65.86,379308034_1,0.00
218.0,car_005,77.647210,12.923944,57.77,car,15.53,313.01,377125912#6_0,0.00
218.0,car_006,77.642811,12.919528,35.32,car,12.65,298.63,377125912#2_0,0.00
218.0,car_007,77.641614,12.918024,43.33,car,11.81,87.80,377125912#2_0,0.00
218.0,car_008,77.643801,12.920757,38.57,car,15.61,120.39,377125912#3_0,0.00
218.0,car_009,77.642939,12.919751,35.30,car,16.62,326.72,377125912#2_1,0.00
218.0,car_010,77.641819,12.918288,40.69,car,16.44,124.13,377125912#2_1,0.00
218.0,truck_001,77.632773,12.916512,95.19,truck,11.89,44.40,380707230#0_0,0.00
219.0,bike_001,77.648531,12.924395,81.94,motorcycle,16.55,109.52,379308034_0,0.00
219.0,bike_002,77.641088,12.917501,51.39,motorcycle,9.77,6.66,377125912#2_0,0.00
219.0,bike_003,77.643726,12.920667,38.57,motorcycle,14.02,107.52,377125912#3_0,0.00
219.0,bike_004,77.643196,12.920028,38.57,motorcycle,14.29,16.35,377125912#3_0,0.00
219.0,bike_005,77.640890,12.917350,51.41,motorcycle,15.53,668.79,380707230#2_0,0.00
219.0,bus_001,77.637878,12.916011,95.70,bus,13.45,301.12,380707230#2_0,0.00
219.0,car_001,77.651910,12.924281,100.54,car,15.47,480.21,379308034_0,0.00
219.0,car_002,77.647712,12.924196,64.78,car,15.00,17.25,379308034_0,0.00
219.0,car_003,77.649068,12.924443,85.39,car,16.46,168.29,379308034_0,0.00
219.0,car_004,77.648270,12.924383,78.92,car,16.02,81.89,379308034_1,0.00
219.0,car_005,77.647338,12.924022,57.79,car,16.37,329.38,377125912#6_0,0.00
219.0,car_006,77.642881,12.919623,35.32,car,12.96,311.59,377125912#2_0,0.00
219.0,car_007,77.641688,12.918103,41.91,car,11.82,99.62,377125912#2_0,0.00
219.0,car_008,77.643895,12.920870,38.57,car,16.10,136.50,377125912#3_0,0.00
219.0,car_009,77.643028,12.919868,37.03,car,16.15,5.73,:650141428_3_1,0.00
219.0,car_010,77.641914,12.918395,40.69,car,15.65,139.78,377125912#2_1,0.00
219.0,truck_001,77.632883,12.916501,95.19,truck,11.92,56.33,380707230#0_0,0.00
220.0,bike_001,77.648666,12.924413,81.94,motorcycle,14.85,124.38,379308034_0,0.00
220.0,bike_002,77.641157,12.917567,43.92,motorcycle,10.44,17.09,377125912#2_0,0.00
220.0,bike_003,77.643805,12.920762,38.57,motorcycle,13.65,121.17,377125912#3_0,0.00
220.0,bike_004,77.643285,12.920135,38.57,motorcycle,15.24,31.59,377125912#3_0,0.00
220.0,bike_005,77.640965,12.917444,51.40,motorcycle,12.75,8.19,:11892824102_0_1,0.00
220.0,bus_001,77.638001,12.916008,90.73,bus,13.32,314.44,380707230#2_0,0.00
220.0,bus_002,77.623305,12.917456,75.88,bus,13.89,12.10,1073384217#1_0,0.00
220.0,car_001,77.652057,12.924252,101.06,car,16.28,496.48,379308034_0,0.00
220.0,car_002,77.647839,12.924246,70.30,car,14.98,32.23,379308034_0,0.00
220.0,car_003,77.649213,12.924453,85.39,car,15.81,184.10,379308034_0,0.00
220.0,car_004,77.648421,12.924410,79.49,car,16.63,98.52,379308034_1,0.00
220.0,car_005,77.647465,12.924081,63.36,car,15.60,1.12,:650141496_0_0,0.00
220.0,car_006,77.642952,12.919719,35.31,car,13.08,324.67,377125912#2_0,0.00
220.0,car_007,77.641766,12.918187,41.91,car,12.59,112.21,377125912#2_0,0.00
220.0,car_008,77.643991,12.920985,38.57,car,16.52,153.02,377125912#3_0,0.00
220.0,car_009,77.643121,12.919984,38.57,car,16.34,7.38,377125912#3_1,0.00
220.0,car_010,77.642031,12.918483,39.73,car,15.87,155.65,377125912#2_0,0.00
220.0,truck_001,77.632992,12.916490,95.19,truck,11.88,68.21,380707230#0_0,0.00
221.0,bike_001,77.648806,12.924425,85.39,motorcycle,15.31,139.69,379308034_0,0.00
221.0,bike_002,77.641221,12.917632,43.92,motorcycle,9.99,27.09,377125912#2_0,0.00
221.0,bike_003,77.643894,12.920868,38.57,motorcycle,15.17,136.34,377125912#3_0,0.00
221.0,bike_004,77.643368,12.920235,38.57,motorcycle,14.27,45.87,377125912#3_0,0.00
221.0,bike_005,77.641081,12.917533,50.82,motorcycle,16.01,8.27,377125912#2_1,0.00
221.0,bus_001,77.638126,12.916012,87.25,bus,13.52,327.96,380707230#2_0,0.00
221.0,bus_002,77.623428,12.917484,75.88,bus,13.68,25.78,1073384217#1_0,0.00
221.0,car_001,77.652204,12.924222,101.06,car,16.37,512.85,379308034_0,0.00
221.0,car_002,77.647969,12.924286,73.63,car,14.85,47.08,379308034_0,0.00
221.0,car_003,77.649362,12.924464,85.39,car,16.22,200.32,379308034_0,0.00
221.0,car_004,77.648565,12.924429,81.95,car,15.80,114.31,379308034_1,0.00
221.0,car_005,77.647593,12.924143,64.16,car,15.66,3.08,379308034_0,0.00
221.0,car_006,77.643026,12.919818,35.72,car,13.59,1.12,:650141428_3_0,0.00
221.0,car_007,77.641841,12.918269,40.69,car,12.17,124.39,377125912#2_0,0.00
221.0,car_008,77.644085,12.921098,38.57,car,16.15,169.17,377125912#3_0,0.00
221.0,car_009,77.643212,12.920093,38.57,car,15.57,22.96,377125912#3_1,0.00
221.0,car_010,77.642125,12.918602,36.74,car,16.64,172.29,377125912#2_0,0.00
221.0,truck_001,77.633101,12.916479,95.19,truck,11.96,80.18,380707230#0_0,0.00
222.0,bike_001,77.648943,12.924435,85.39,motorcycle,14.94,154.62,379308034_0,0.00
222.0,bike_002,77.641286,12.917696,43.92,motorcycle,9.98,37.06,377125912#2_0,0.00
222.0,bike_003,77.643980,12.920973,38.57,motorcycle,14.87,151.20,377125912#3_0,0.00
222.0,bike_004,77.643451,12.920335,38.57,motorcycle,14.31,60.18,377125912#3_0,0.00
222.0,bike_005,77.641188,12.917640,43.92,motorcycle,16.58,24.85,377125912#2_1,0.00
222.0,bus_001,77.638249,12.916018,86.39,bus,13.42,341.38,380707230#2_0,0.00
222.0,bus_002,77.623550,12.917513,75.88,bus,13.65,39.44,1073384217#1_0,0.00
222.0,car_001,77.652354,12.924192,101.06,car,16.61,529.47,379308034_0,0.00
222.0,car_002,77.648094,12.924320,73.63,car,14.15,61.23,379308034_0,0.00
222.0,car_003,77.649507,12.924474,85.39,car,15.88,216.20,379308034_0,0.00
222.0,car_004,77.648707,12.924447,81.95,car,15.49,129.81,379308034_1,0.00
222.0,car_005,77.647726,12.924203,64.78,car,15.87,18.95,379308034_0,0.00
222.0,car_006,77.643098,12.919910,37.01,car,13.08,14.20,:650141428_3_0,0.00
222.0,car_007,77.641915,12.918351,40.69,car,12.06,136.45,377125912#2_0,0.00
222.0,car_008,77.644178,12.921211,38.57,car,16.12,185.29,377125912#3_0,0.00
222.0,car_009,77.643304,12.920204,38.57,car,15.83,38.79,377125912#3_1,0.00
222.0,car_010,77.642213,12.918718,35.48,car,16.01,188.30,377125912#2_0,0.00
222.0,truck_001,77.633212,12.916468,95.19,truck,12.11,92.28,380707230#0_0,0.00
223.0,bike_001,77.649084,12.924444,85.39,motorcycle,15.41,170.04,379308034_0,0.00
223.0,bike_002,77.641348,12.917759,43.92,motorcycle,9.68,46.75,377125912#2_0,0.00
223.0,bike_003,77.644070,12.921080,38.57,motorcycle,15.39,166.59,377125912#3_0,0.00
223.0,bike_004,77.643547,12.920451,38.57,motorcycle,16.48,76.66,377125912#3_0,0.00
223.0,bike_005,77.641282,12.917734,43.92,motorcycle,14.59,39.45,377125912#2_1,0.00
223.0,bus_001,77.638372,12.916030,83.69,bus,13.30,354.68,380707230#2_0,0.00
223.0,bus_002,77.623670,12.917539,77.32,bus,13.44,52.87,1073384217#1_0,0.00
223.0,car_001,77.652493,12.924164,101.06,car,15.51,544.98,379308034_0,0.00
223.0,car_002,77.648230,12.924347,78.93,car,15.09,76.32,379308034_0,0.00
223.0,car_003,77.649653,12.924484,85.39,car,15.98,232.17,379308034_0,0.00
223.0,car_004,77.648851,12.924457,85.39,car,15.75,145.56,379308034_1,0.00
223.0,car_005,77.647865,12.924255,70.30,car,16.22,35.18,379308034_0,0.00
223.0,car_006,77.643174,12.920001,38.57,car,12.97,12.49,377125912#3_0,0.00
223.0,car_007,77.641995,12.918440,40.69,car,13.09,149.54,377125912#2_0,0.00
223.0,car_008,77.644272,12.921324,38.57,car,16.16,201.45,377125912#3_0,0.00
223.0,car_009,77.643395,12.920313,38.57,car,15.66,54.45,377125912#3_1,0.00
223.0,car_010,77.642303,12.918839,35.32,car,16.45,204.76,377125912#2_0,0.00
223.0,truck_001,77.633320,12.916458,95.04,truck,11.75,104.03,380707230#0_0,0.00
224.0,bike_001,77.649233,12.924455,85.39,motorcycle,16.22,186.26,379308034_0,0.00
224.0,bike_002,77.641417,12.917827,43.92,motorcycle,10.58,57.33,377125912#2_0,0.00
224.0,bike_003,77.644155,12.921184,38.57,motorcycle,14.77,181.36,377125912#3_0,0.00
224.0,bike_004,77.643633,12.920554,38.57,motorcycle,14.83,91.48,377125912#3_0,0.00
224.0,bike_005,77.641380,12.917832,43.92,motorcycle,15.18,54.62,377125912#2_1,0.00
224.0,bus_001,77.638494,12.916051,79.22,bus,13.48,368.17,380707230#2_0,0.00
224.0,bus_002,77.623795,12.917559,80.17,bus,13.74,66.62,1073384217#1_0,0.00
224.0,car_001,77.652636,12.924135,101.06,car,15.89,560.87,379308034_0,0.00
224.0,car_002,77.648362,12.924371,78.93,car,14.53,90.85,379308034_0,0.00
224.0,car_003,77.649797,12.924494,85.39,car,15.65,247.82,379308034_0,0.00
224.0,car_004,77.648996,12.924467,85.39,car,15.73,161.29,379308034_1,0.00
224.0,car_005,77.648002,12.924295,73.63,car,15.64,50.82,379308034_0,0.00
224.0,car_006,77.643251,12.920094,38.57,car,13.31,25.80,377125912#3_0,0.00
224.0,car_007,77.642064,12.918524,36.74,car,11.91,161.44,377125912#2_0,0.00
224.0,car_008,77.644367,12.921438,38.57,car,16.22,217.68,377125912#3_0,0.00
224.0,car_009,77.643487,12.920424,38.57,car,15.76,70.21,377125912#3_1,0.00
224.0,car_010,77.642388,12.918955,35.32,car,15.82,220.58,377125912#2_0,0.00
224.0,truck_001,77.633427,12.916447,95.04,truck,11.65,115.68,380707230#0_0,0.00
225.0,bike_001,77.649379,12.924465,85.39,motorcycle,15.95,202.21,379308034_0,0.00
225.0,bike_002,77.641487,12.917897,43.92,motorcycle,10.87,68.20,377125912#2_0,0.00
225.0,bike_003,77.644237,12.921282,38.57,motorcycle,14.10,195.46,377125912#3_0,0.00
225.0,bike_004,77.643720,12.920659,38.57,motorcycle,14.96,106.44,377125912#3_0,0.00
225.0,bike_005,77.641481,12.917932,43.92,motorcycle,15.63,70.25,377125912#2_1,0.00
225.0,bus_001,77.638617,12.916073,79.22,bus,13.56,381.72,380707230#2_0,0.00
225.0,bus_002,77.623917,12.917578,80.17,bus,13.41,80.03,1073384217#1_0,0.00
225.0,car_001,77.652775,12.924107,101.06,car,15.45,576.32,379308034_0,0.00
225.0,car_002,77.648494,12.924390,81.94,car,14.56,105.42,379308034_0,0.00
225.0,car_003,77.649944,12.924502,86.37,car,16.08,263.90,379308034_0,0.00
225.0,car_004,77.649138,12.924477,85.39,car,15.46,176.75,379308034_1,0.00
225.0,car_005,77.648148,12.924332,78.29,car,16.42,67.24,379308034_0,0.00
225.0,car_006,77.643324,12.920183,38.57,car,12.63,38.42,377125912#3_0,0.00
225.0,car_007,77.642134,12.918615,36.74,car,12.62,174.06,377125912#2_0,0.00
225.0,car_008,77.644457,12.921547,38.57,car,15.56,233.24,377125912#3_0,0.00
225.0,car_009,77.643577,12.920533,38.57,car,15.52,85.73,377125912#3_1,0.00
225.0,car_010,77.642477,12.919076,35.32,car,16.47,237.05,377125912#2_0,0.00
225.0,truck_001,77.633537,12.916437,95.04,truck,12.06,127.74,380707230#0_0,0.00
226.0,bike_001,77.649510,12.924474,85.39,motorcycle,14.27,216.48,379308034_0,0.00
226.0,bike_002,77.641549,12.917959,43.92,motorcycle,9.48,77.68,377125912#2_0,0.00
226.0,bike_003,77.644316,12.921377,38.57,motorcycle,13.44,208.91,377125912#3_0,0.00
226.0,bike_004,77.643816,12.920775,38.57,motorcycle,16.53,122.97,377125912#3_0,0.00
226.0,bike_005,77.641584,12.918035,43.92,motorcycle,15.91,86.16,377125912#2_1,0.00
226.0,bus_001,77.638735,12.916107,72.27,bus,13.29,395.02,380707230#2_0,0.00
226.0,bus_002,77.624042,12.917598,80.17,bus,13.84,93.87,1073384217#1_0,0.00
226.0,car_001,77.652920,12.924077,101.06,car,16.15,592.47,379308034_0,0.00
226.0,car_002,77.648629,12.924408,81.94,car,14.89,120.31,379308034_0,0.00
226.0,car_003,77.650091,12.924510,86.37,car,15.99,279.88,379308034_0,0.00
226.0,car_004,77.649283,12.924487,85.39,car,15.82,192.57,379308034_1,0.00
226.0,car_005,77.648296,12.924359,78.93,car,16.38,83.62,379308034_0,0.00
226.0,car_006,77.643400,12.920274,38.57,car,12.99,51.42,377125912#3_0,0.00
226.0,car_007,77.642204,12.918706,36.02,car,12.55,186.61,377125912#2_0,0.00
226.0,car_008,77.644550,12.921659,38.57,car,15.99,249.23,377125912#3_0,0.00
226.0,car_009,77.643668,12.920643,38.57,car,15.74,101.47,377125912#3_1,0.00
226.0,car_010,77.642565,12.919194,35.32,car,16.14,253.19,377125912#2_0,0.00
226.0,truck_001,77.633646,12.916426,95.04,truck,11.90,139.64,380707230#0_0,0.00
227.0,bike_001,77.649646,12.924483,85.39,motorcycle,14.89,231.36,379308034_0,0.00
227.0,bike_002,77.641610,12.918021,43.16,motorcycle,9.54,87.23,377125912#2_0,0.00
227.0,bike_003,77.644405,12.921484,38.57,motorcycle,15.35,224.26,377125912#3_0,0.00
227.0,bike_004,77.643909,12.920886,38.57,motorcycle,15.93,138.90,377125912#3_0,0.00
227.0,bike_005,77.641686,12.918144,41.92,motorcycle,16.45,102.61,377125912#2_1,0.00
227.0,bus_001,77.638852,12.916145,71.27,bus,13.35,408.37,380707230#2_0,0.00
227.0,bus_002,77.624168,12.917618,80.17,bus,13.81,107.68,1073384217#1_0,0.00
227.0,car_001,77.653064,12.924048,101.06,car,15.97,608.44,379308034_0,0.00
227.0,car_002,77.648764,12.924422,85.39,car,14.73,135.03,379308034_0,0.00
227.0,car_003,77.650237,12.924513,91.11,car,15.96,295.85,379308034_0,0.00
227.0,car_004,77.649432,12.924497,85.39,car,16.19,208.75,379308034_1,0.00
227.0,car_005,77.648438,12.924383,80.43,car,15.69,99.31,379308034_0,0.00
227.0,car_006,77.643476,12.920365,38.57,car,13.03,64.45,377125912#3_0,0.00
227.0,car_007,77.642275,12.918801,35.32,car,13.04,199.65,377125912#2_0,0.00
227.0,car_008,77.644645,12.921773,38.57,car,16.30,265.53,377125912#3_0,0.00
227.0,car_009,77.643765,12.920760,38.57,car,16.66,118.13,377125912#3_1,0.00
227.0,car_010,77.642653,12.919313,35.32,car,16.23,269.42,377125912#2_0,0.00
227.0,truck_001,77.633754,12.916416,95.04,truck,11.75,151.39,380707230#0_0,0.00
228.0,bike_001,77.649795,12.924493,85.39,motorcycle,16.21,247.57,379308034_0,0.00
228.0,bike_002,77.641677,12.918091,41.91,motorcycle,10.61,97.84,377125912#2_0,0.00
228.0,bike_003,77.644483,12.921579,38.57,motorcycle,13.52,237.78,377125912#3_0,0.00
228.0,bike_004,77.643998,12.920994,38.57,motorcycle,15.31,154.22,377125912#3_0,0.00
228.0,bike_005,77.641778,12.918243,41.92,motorcycle,14.78,117.39,377125912#2_1,0.00
228.0,bus_001,77.638971,12.916187,69.28,bus,13.63,422.00,380707230#2_0,0.00
228.0,bus_002,77.624289,12.917638,80.17,bus,13.33,121.01,1073384217#1_0,0.00
228.0,car_001,77.653203,12.924020,101.23,car,15.43,623.87,379308034_0,0.00
228.0,car_002,77.648893,12.924431,85.39,car,14.11,149.15,379308034_0,0.00
228.0,car_003,77.650381,12.924509,91.11,car,15.61,311.46,379308034_0,0.00
228.0,car_004,77.649574,12.924507,85.39,car,15.44,224.20,379308034_1,0.00
228.0,car_005,77.648582,12.924402,81.94,car,15.80,115.11,379308034_0,0.00
228.0,car_006,77.643554,12.920459,38.57,car,13.41,77.86,377125912#3_0,0.00
228.0,car_007,77.642345,12.918897,35.32,car,13.00,212.66,377125912#2_0,0.00
228.0,car_008,77.644741,12.921875,44.66,car,15.41,280.93,377125912#3_0,0.00
228.0,car_009,77.643858,12.920871,38.57,car,15.91,134.05,377125912#3_1,0.00
228.0,car_010,77.642742,12.919434,35.32,car,16.47,285.89,377125912#2_0,0.00
228.0,truck_001,77.633863,12.916405,95.04,truck,11.89,163.27,380707230#0_0,0.00
229.0,bike_001,77.649944,12.924502,86.37,motorcycle,16.30,263.87,379308034_0,0.00
229.0,bike_002,77.641747,12.918167,41.91,motorcycle,11.32,109.16,377125912#2_0,0.00
229.0,bike_003,77.644564,12.921675,38.57,motorcycle,13.81,251.60,377125912#3_0,0.00
229.0,bike_004,77.644094,12.921109,38.57,motorcycle,16.53,170.75,377125912#3_0,0.00
229.0,bike_005,77.641870,12.918345,40.69,motorcycle,15.13,132.53,377125912#2_1,0.00
229.0,bus_001,77.639090,12.916230,69.28,bus,13.74,435.73,380707230#2_0,0.00
229.0,bus_002,77.624415,12.917655,81.43,bus,13.88,134.89,1073384217#1_0,0.00
229.0,car_001,77.653351,12.923989,101.23,car,16.53,640.40,379308034_0,0.00
229.0,car_002,77.649031,12.924441,85.39,car,15.04,164.18,379308034_0,0.00
229.0,car_003,77.650532,12.924503,92.77,car,16.47,327.93,379308034_0,0.00
229.0,car_004,77.649721,12.924517,85.39,car,16.09,240.29,379308034_1,0.00
229.0,car_005,77.648731,12.924420,83.11,car,16.40,131.51,379308034_0,0.00
229.0,car_006,77.643628,12.920548,38.57,car,12.71,90.57,377125912#3_0,0.00
229.0,car_007,77.642416,12.918992,35.32,car,12.97,225.63,377125912#2_0,0.00
229.0,car_008,77.644848,12.921979,44.46,car,16.31,297.25,377125912#3_0,0.00
229.0,car_009,77.643948,12.920979,38.57,car,15.48,149.53,377125912#3_1,0.00
229.0,car_010,77.642827,12.919549,35.32,car,15.65,301.54,377125912#2_0,0.00
229.0,truck_001,77.633972,12.916395,95.04,truck,11.85,175.13,380707230#0_0,0.00
230.0,bike_001,77.650096,12.924510,86.37,motorcycle,16.60,280.47,379308034_0,0.00
230.0,bike_002,77.641815,12.918240,41.43,motorcycle,10.87,120.03,377125912#2_0,0.00
230.0,bike_003,77.644652,12.921782,38.57,motorcycle,15.20,266.80,377125912#3_0,0.00
230.0,bike_004,77.644182,12.921216,38.57,motorcycle,15.20,185.95,377125912#3_0,0.00
230.0,bike_005,77.641963,12.918449,40.69,motorcycle,15.21,147.74,377125912#2_1,0.00
230.0,bus_001,77.639208,12.916273,69.28,bus,13.61,449.35,380707230#2_0,0.00
230.0,bus_002,77.624542,12.917665,85.09,bus,13.81,148.70,1073384217#1_0,0.00
230.0,car_001,77.653493,12.923960,101.23,car,15.75,656.16,379308034_0,0.00
230.0,car_002,77.649169,12.924450,85.39,car,15.09,179.28,379308034_0,0.00
230.0,car_003,77.650678,12.924491,94.50,car,16.00,343.94,379308034_0,0.00
230.0,car_004,77.649867,12.924527,85.56,car,15.82,256.11,379308034_1,0.00
230.0,car_005,77.648882,12.924431,85.39,car,16.45,147.95,379308034_0,0.00
230.0,car_006,77.643701,12.920636,38.57,car,12.55,103.12,377125912#3_0,0.00
230.0,car_007,77.642484,12.919084,35.32,car,12.57,238.20,377125912#2_0,0.00
230.0,car_008,77.644958,12.922079,47.21,car,16.49,12.61,:cluster_2385141385_650141020_10_0,0.00
230.0,car_009,77.644041,12.921092,38.57,car,16.07,165.59,377125912#3_1,0.00
230.0,car_010,77.642913,12.919666,35.32,car,15.91,317.45,377125912#2_0,0.00
230.0,truck_001,77.634081,12.916384,95.04,truck,11.95,187.07,380707230#0_0,0.00
231.0,bike_001,77.650245,12.924513,91.11,motorcycle,16.18,296.64,379308034_0,0.00
231.0,bike_002,77.641875,12.918306,40.69,motorcycle,9.79,129.82,377125912#2_0,0.00
231.0,bike_003,77.644746,12.921879,44.66,motorcycle,14.88,281.67,377125912#3_0,0.00
231.0,bike_004,77.644272,12.921324,38.57,motorcycle,15.47,201.42,377125912#3_0,0.00
231.0,bike_005,77.642049,12.918553,36.74,motorcycle,14.85,162.59,377125912#2_1,0.00
231.0,bus_001,77.639326,12.916315,69.28,bus,13.61,462.96,380707230#2_0,0.00
231.0,bus_002,77.624664,12.917674,85.09,bus,13.39,162.09,1073384217#1_0,0.00
231.0,car_001,77.653634,12.923931,101.23,car,15.67,671.82,379308034_0,0.00
231.0,car_002,77.649304,12.924460,85.39,car,14.72,193.99,379308034_0,0.00
231.0,car_003,77.650827,12.924476,97.23,car,16.31,360.24,379308034_0,0.00
231.0,car_004,77.650009,12.924535,86.37,car,15.51,271.62,379308034_1,0.00
231.0,car_005,77.649028,12.924441,85.39,car,15.98,163.93,379308034_0,0.00
231.0,car_006,77.643779,12.920730,38.57,car,13.43,116.55,377125912#3_0,0.00
231.0,car_007,77.642549,12.919172,35.32,car,11.98,250.18,377125912#2_0,0.00
231.0,car_008,77.645063,12.922174,46.27,car,15.70,6.90,377125912#6_0,0.00
231.0,car_009,77.644133,12.921202,38.57,car,15.70,181.30,377125912#3_1,0.00
231.0,car_010,77.642997,12.919780,35.30,car,15.61,333.06,377125912#2_0,0.00
231.0,truck_001,77.634190,12.916374,95.04,truck,11.87,198.94,380707230#0_0,0.00
232.0,bike_001,77.650394,12.924509,91.11,motorcycle,16.27,312.91,379308034_0,0.00
232.0,bike_002,77.641946,12.918386,40.69,motorcycle,11.66,141.47,377125912#2_0,0.00
232.0,bike_003,77.644840,12.921971,44.45,motorcycle,14.44,296.11,377125912#3_0,0.00
232.0,bike_004,77.644363,12.921434,38.57,motorcycle,15.69,217.11,377125912#3_0,0.00
232.0,bike_005,77.642141,12.918671,36.74,motorcycle,16.44,179.03,377125912#2_1,0.00
232.0,bus_001,77.639443,12.916359,68.69,bus,13.56,476.52,380707230#2_0,0.00
232.0,bus_002,77.624790,12.917680,86.95,bus,13.73,175.82,1073384217#1_0,0.00
232.0,car_001,77.653780,12.923901,101.23,car,16.32,688.14,379308034_0,0.00
232.0,car_002,77.649441,12.924469,85.39,car,14.96,208.95,379308034_0,0.00
232.0,car_003,77.650975,12.924452,98.47,car,16.37,376.61,379308034_0,0.00
232.0,car_004,77.650155,12.924542,86.37,car,15.83,287.44,379308034_1,0.00
232.0,car_005,77.649174,12.924451,85.39,car,15.89,179.82,379308034_0,0.00
232.0,car_006,77.643852,12.920818,38.57,car,12.60,129.15,377125912#3_0,0.00
232.0,car_007,77.642619,12.919268,35.32,car,13.00,263.18,377125912#2_0,0.00
232.0,car_008,77.645170,12.922272,46.27,car,15.86,22.76,377125912#6_0,0.00
232.0,car_009,77.644226,12.921314,38.57,car,15.99,197.29,377125912#3_1,0.00
232.0,car_010,77.643086,12.919895,37.01,car,16.04,11.95,:650141428_3_0,0.00
232.0,truck_001,77.634298,12.916364,94.43,truck,11.75,210.69,380707230#0_0,0.00
233.0,bike_001,77.650534,12.924503,94.50,motorcycle,15.28,328.20,379308034_0,0.00
233.0,bike_002,77.642014,12.918462,40.69,motorcycle,11.21,152.69,377125912#2_0,0.00
233.0,bike_003,77.644935,12.922059,47.21,motorcycle,14.32,9.30,:cluster_2385141385_650141020_10_0,0.00
233.0,bike_004,77.644449,12.921537,38.57,motorcycle,14.72,231.83,377125912#3_0,0.00
233.0,bike_005,77.642219,12.918774,35.32,motorcycle,14.24,193.27,377125912#2_1,0.00
233.0,bus_001,77.639558,12.916404,67.43,bus,13.44,489.96,380707230#2_0,0.00
233.0,bus_002,77.624917,12.917681,88.98,bus,13.81,189.62,1073384217#1_0,0.00
233.0,car_001,77.653923,12.923872,101.23,car,15.84,703.98,379308034_0,0.00
233.0,car_002,77.649571,12.924478,85.39,car,14.20,223.15,379308034_0,0.00
233.0,car_003,77.651123,12.924429,98.47,car,16.26,392.87,379308034_0,0.00
233.0,car_004,77.650299,12.924540,91.10,car,15.67,303.11,379308034_1,0.00
233.0,car_005,77.649316,12.924460,85.39,car,15.54,195.36,379308034_0,0.00
233.0,car_006,77.643927,12.920908,38.57,car,12.87,142.02,377125912#3_0,0.00
233.0,car_007,77.642689,12.919362,35.32,car,12.90,276.08,377125912#2_0,0.00
233.0,car_008,77.645276,12.922369,46.27,car,15.86,38.62,377125912#6_0,0.00
233.0,car_009,77.644316,12.921423,38.57,car,15.54,212.82,377125912#3_1,0.00
233.0,car_010,77.643179,12.920008,38.57,car,16.12,13.39,377125912#3_0,0.00
233.0,truck_001,77.634407,12.916356,93.91,truck,11.86,222.55,380707230#0_0,0.00
234.0,bike_001,77.650667,12.924492,94.50,motorcycle,14.54,342.74,379308034_0,0.00
234.0,bike_002,77.642076,12.918540,36.74,motorcycle,11.00,163.68,377125912#2_0,0.00
234.0,bike_003,77.645034,12.922147,46.27,motorcycle,14.61,2.51,377125912#6_0,0.00
234.0,bike_004,77.644538,12.921645,38.57,motorcycle,15.39,247.22,377125912#3_0,0.00
234.0,bike_005,77.642303,12.918888,35.32,motorcycle,15.58,208.85,377125912#2_1,0.00
234.0,bus_001,77.639669,12.916457,63.45,bus,13.35,503.32,380707230#2_0,0.00
234.0,bus_002,77.625042,12.917681,89.15,bus,13.56,203.19,1073384217#1_0,0.00
234.0,car_001,77.654062,12.923843,101.23,car,15.53,719.51,379308034_0,0.00
234.0,car_002,77.649702,12.924487,85.39,car,14.34,237.49,379308034_0,0.00
234.0,car_003,77.651265,12.924406,100.40,car,15.67,408.54,379308034_0,0.00
234.0,car_004,77.650442,12.924536,91.10,car,15.49,318.60,379308034_1,0.00
234.0,car_005,77.649460,12.924470,85.39,car,15.68,211.04,379308034_0,0.00
234.0,car_006,77.644005,12.921002,38.57,car,13.39,155.41,377125912#3_0,0.00
234.0,car_007,77.642756,12.919453,35.32,car,12.33,288.41,377125912#2_0,0.00
234.0,car_008,77.645384,12.922469,46.27,car,16.17,54.79,377125912#6_0,0.00
234.0,car_009,77.644411,12.921537,38.57,car,16.34,229.16,377125912#3_1,0.00
234.0,car_010,77.643269,12.920116,38.57,car,15.47,28.87,377125912#3_0,0.00
234.0,truck_001,77.634516,12.916347,93.91,truck,11.86,234.41,380707230#0_0,0.00
235.0,bike_001,77.650810,12.924478,96.92,motorcycle,15.64,358.38,379308034_0,0.00
235.0,bike_002,77.642133,12.918613,36.74,motorcycle,10.04,173.72,377125912#2_0,0.00
235.0,bike_003,77.645122,12.922228,46.27,motorcycle,13.23,15.73,377125912#6_0,0.00
235.0,bike_004,77.644631,12.921756,38.57,motorcycle,15.89,263.11,377125912#3_0,0.00
235.0,bike_005,77.642392,12.919009,35.32,motorcycle,16.52,225.37,377125912#2_1,0.00
235.0,bus_001,77.639782,12.916512,62.85,bus,13.65,516.97,380707230#2_0,0.00
235.0,bus_002,77.625166,12.917680,89.89,bus,13.50,216.68,1073384217#1_0,0.00
235.0,car_001,77.654210,12.923809,103.31,car,16.56,736.07,379308034_0,0.00
235.0,car_002,77.649838,12.924496,85.39,car,14.79,252.28,379308034_0,0.00
235.0,car_003,77.651406,12.924378,100.54,car,15.70,424.24,379308034_0,0.00
235.0,car_004,77.650595,12.924527,94.51,car,16.63,335.23,379308034_1,0.00
235.0,car_005,77.649600,12.924480,85.39,car,15.24,226.28,379308034_0,0.00
235.0,car_006,77.644079,12.921091,38.57,car,12.75,168.16,377125912#3_0,0.00
235.0,car_007,77.642825,12.919547,35.32,car,12.90,301.30,377125912#2_0,0.00
235.0,car_008,77.645496,12.922572,46.27,car,16.65,71.45,377125912#6_0,0.00
235.0,car_009,77.644506,12.921651,38.57,car,16.32,245.48,377125912#3_1,0.00
235.0,car_010,77.643360,12.920226,38.57,car,15.65,44.52,377125912#3_0,0.00
235.0,truck_001,77.634624,12.916339,93.91,truck,11.83,246.24,380707230#0_0,0.00
236.0,bike_001,77.650949,12.924456,98.47,motorcycle,15.35,373.73,379308034_0,0.00
236.0,bike_002,77.642195,12.918693,36.33,motorcycle,11.17,184.90,377125912#2_0,0.00
236.0,bike_003,77.645219,12.922317,46.27,motorcycle,14.41,30.15,377125912#6_0,0.00
236.0,bike_004,77.644720,12.921854,44.66,motorcycle,14.53,277.64,377125912#3_0,0.00
236.0,bike_005,77.642471,12.919117,35.32,motorcycle,14.70,240.07,377125912#2_1,0.00
236.0,bus_001,77.639888,12.916572,59.30,bus,13.20,530.17,380707230#2_0,0.00
236.0,bus_002,77.625288,12.917679,89.89,bus,13.30,229.98,1073384217#1_0,0.00
236.0,car_001,77.654355,12.923774,103.31,car,16.28,752.35,379308034_0,0.00
236.0,car_002,77.649969,12.924504,86.37,car,14.35,266.63,379308034_0,0.00
236.0,car_003,77.651551,12.924350,100.54,car,16.10,440.34,379308034_0,0.00
236.0,car_004,77.650739,12.924514,94.51,car,15.78,351.01,379308034_1,0.00
236.0,car_005,77.649738,12.924518,85.39,car,15.82,242.10,379308034_1,0.00
236.0,car_006,77.644154,12.921182,38.57,car,12.92,181.08,377125912#3_0,0.00
236.0,car_007,77.642896,12.919642,35.32,car,12.93,314.24,377125912#2_0,0.00
236.0,car_008,77.645602,12.922670,46.27,car,15.84,87.29,377125912#6_0,0.00
236.0,car_009,77.644599,12.921764,38.57,car,15.99,261.47,377125912#3_1,0.00
236.0,car_010,77.643450,12.920334,38.57,car,15.54,60.06,377125912#3_0,0.00
236.0,truck_001,77.634732,12.916331,93.91,truck,11.70,257.94,380707230#0_0,0.00
237.0,bike_001,77.651089,12.924435,98.47,motorcycle,15.38,389.11,379308034_0,0.00
237.0,bike_002,77.642250,12.918768,35.32,motorcycle,10.17,195.07,377125912#2_0,0.00
237.0,bike_003,77.645315,12.922405,46.27,motorcycle,14.30,44.44,377125912#6_0,0.00
237.0,bike_004,77.644815,12.921947,44.66,motorcycle,14.64,292.28,377125912#3_0,0.00
237.0,bike_005,77.642555,12.919229,35.32,motorcycle,15.40,255.47,377125912#2_1,0.00
237.0,bus_001,77.639998,12.916634,59.30,bus,13.73,543.90,380707230#2_0,0.00
237.0,bus_002,77.625413,12.917678,89.89,bus,13.51,243.49,1073384217#1_0,0.00
237.0,car_001,77.654499,12.923744,100.56,car,15.76,11.07,377105485-AddedOnRampEdge_2,0.00
237.0,car_002,77.650103,12.924511,86.37,car,14.63,281.26,379308034_0,0.00
237.0,car_003,77.651693,12.924323,100.54,car,15.71,456.05,379308034_0,0.00
237.0,car_004,77.650891,12.924495,98.46,car,16.64,367.65,379308034_1,0.00
237.0,car_005,77.649887,12.924528,86.04,car,16.19,258.29,379308034_1,0.00
237.0,car_006,77.644234,12.921278,38.57,car,13.80,194.88,377125912#3_0,0.00
237.0,car_007,77.642964,12.919735,35.30,car,12.71,326.95,377125912#2_0,0.00
237.0,car_008,77.645707,12.922766,46.27,car,15.65,102.94,377125912#6_0,0.00
237.0,car_009,77.644696,12.921872,44.66,car,16.04,277.52,377125912#3_1,0.00
237.0,car_010,77.643542,12.920445,38.57,car,15.83,75.89,377125912#3_0,0.00
237.0,truck_001,77.634842,12.916322,93.96,truck,11.97,269.91,380707230#0_0,0.00
238.0,bike_001,77.651238,12.924411,99.79,motorcycle,16.50,405.61,379308034_0,0.00
238.0,bike_002,77.642303,12.918840,35.32,motorcycle,9.85,204.92,377125912#2_0,0.00
238.0,bike_003,77.645414,12.922496,46.27,motorcycle,14.78,59.22,377125912#6_0,0.00
238.0,bike_004,77.644914,12.922040,47.21,motorcycle,15.00,6.14,:cluster_2385141385_650141020_10_0,0.00
238.0,bike_005,77.642636,12.919340,35.32,motorcycle,15.05,270.52,377125912#2_1,0.00
238.0,bus_001,77.640095,12.916706,52.16,bus,13.19,557.09,380707230#2_0,0.00
238.0,bus_002,77.625536,12.917669,94.33,bus,13.45,256.95,1073384217#1_0,0.00
238.0,car_001,77.654648,12.923715,100.56,car,16.59,27.66,377105485-AddedOnRampEdge_2,0.00
238.0,car_002,77.650233,12.924513,91.11,car,14.08,295.34,379308034_0,0.00
238.0,car_003,77.651837,12.924295,100.54,car,16.06,472.11,379308034_0,0.00
238.0,car_004,77.651038,12.924472,98.46,car,16.19,383.84,379308034_1,0.00
238.0,car_005,77.650037,12.924536,86.37,car,16.30,274.59,379308034_1,0.00
238.0,car_006,77.644310,12.921370,38.57,car,13.07,207.95,377125912#3_0,0.00
238.0,car_007,77.643030,12.919824,36.03,car,12.14,1.95,:650141428_3_0,0.00
238.0,car_008,77.645818,12.922868,46.27,car,16.51,119.45,377125912#6_0,0.00
238.0,car_009,77.644798,12.921971,44.66,car,15.57,293.08,377125912#3_1,0.00
238.0,car_010,77.643632,12.920553,38.57,car,15.40,91.29,377125912#3_0,0.00
238.0,truck_001,77.634946,12.916315,93.48,truck,12.00,5.64,:1653906436_1_0,0.00
239.0,bike_001,77.651375,12.924384,100.54,motorcycle,15.16,420.77,379308034_0,0.00
239.0,bike_002,77.642359,12.918915,35.32,motorcycle,10.17,215.09,377125912#2_0,0.00
239.0,bike_003,77.645517,12.922591,46.27,motorcycle,15.33,74.55,377125912#6_0,0.00
239.0,bike_004,77.645018,12.922132,47.14,motorcycle,15.42,0.15,377125912#6_0,0.00
239.0,bike_005,77.642719,12.919453,35.32,motorcycle,15.47,285.99,377125912#2_1,0.00
239.0,bus_001,77.640192,12.916778,52.03,bus,13.22,570.30,380707230#2_0,0.00
239.0,bus_002,77.625659,12.917655,96.07,bus,13.45,270.39,1073384217#1_0,0.00
239.0,car_001,77.654790,12.923688,100.56,car,15.70,43.36,377105485-AddedOnRampEdge_2,0.00
239.0,car_002,77.650368,12.924509,91.11,car,14.81,310.15,379308034_0,0.00
239.0,car_003,77.651988,12.924266,100.76,car,16.66,488.77,379308034_0,0.00
239.0,car_004,77.651185,12.924449,98.46,car,16.16,400.00,379308034_1,0.00
239.0,car_005,77.650182,12.924544,86.37,car,15.75,290.34,379308034_1,0.00
239.0,car_006,77.644389,12.921465,38.57,car,13.60,221.54,377125912#3_0,0.00
239.0,car_007,77.643099,12.919911,37.01,car,12.38,14.32,:650141428_3_0,0.00
239.0,car_008,77.645928,12.922969,46.27,car,16.39,135.85,377125912#6_0,0.00
239.0,car_009,77.644901,12.922067,47.20,car,15.40,7.35,:cluster_2385141385_650141020_10_1,0.00
239.0,car_010,77.643725,12.920665,38.57,car,15.96,107.25,377125912#3_0,0.00
239.0,truck_001,77.635063,12.916310,91.94,truck,11.98,3.98,:11977577698_3_0,0.00
240.0,bike_001,77.651518,12.924357,100.54,motorcycle,15.88,436.64,379308034_0,0.00
240.0,bike_002,77.642421,12.918999,35.32,motorcycle,11.55,226.64,377125912#2_0,0.00
240.0,bike_003,77.645616,12.922682,46.27,motorcycle,14.83,89.38,377125912#6_0,0.00
240.0,bike_004,77.645118,12.922224,46.27,motorcycle,14.89,15.04,377125912#6_0,0.00
240.0,bike_005,77.642807,12.919571,35.32,motorcycle,16.14,302.13,377125912#2_1,0.00
240.0,bus_001,77.640288,12.916860,48.29,bus,13.77,584.07,380707230#2_0,0.00
240.0,bus_002,77.625781,12.917636,98.47,bus,13.50,283.89,1073384217#1_0,0.00
240.0,car_001,77.654931,12.923661,100.56,car,15.62,58.98,377105485-AddedOnRampEdge_2,0.00
240.0,car_002,77.650499,12.924506,91.11,car,14.18,324.33,379308034_0,0.00
240.0,car_003,77.652131,12.924237,101.06,car,15.91,504.69,379308034_0,0.00
240.0,car_004,77.651326,12.924423,100.54,car,15.57,415.57,379308034_1,0.00
240.0,car_005,77.650327,12.924539,91.10,car,15.76,306.11,379308034_1,0.00
240.0,car_006,77.644465,12.921557,38.57,car,13.13,234.68,377125912#3_0,0.00
240.0,car_007,77.643171,12.919998,38.57,car,12.35,11.99,377125912#3_0,0.00
240.0,car_008,77.646034,12.923067,46.27,car,15.83,151.68,377125912#6_0,0.00
240.0,car_009,77.645012,12.922166,46.74,car,16.26,2.21,377125912#6_1,0.00
240.0,car_010,77.643816,12.920775,38.57,car,15.78,123.03,377125912#3_0,0.00
240.0,truck_001,77.635172,12.916305,91.89,truck,11.76,6.32,380707230#2_0,0.00
241.0,bike_001,77.651663,12.924329,100.54,motorcycle,16.15,452.80,379308034_0,0.00
241.0,bike_002,77.642481,12.919080,35.32,motorcycle,10.98,237.62,377125912#2_0,0.00
241.0,bike_003,77.645709,12.922768,46.27,motorcycle,13.80,103.18,377125912#6_0,0.00
241.0,bike_004,77.645220,12.922318,46.27,motorcycle,15.30,30.34,377125912#6_0,0.00
241.0,bike_005,77.642884,12.919676,35.32,motorcycle,14.39,316.51,377125912#2_1,0.00
241.0,bus_001,77.640384,12.916942,48.29,bus,13.74,597.81,380707230#2_0,0.00
241.0,bus_002,77.625903,12.917612,100.86,bus,13.57,297.45,1073384217#1_0,0.00
241.0,car_001,77.655081,12.923632,100.44,car,16.60,75.58,377105485-AddedOnRampEdge_2,0.00
241.0,car_002,77.650632,12.924495,94.50,car,14.53,338.86,379308034_0,0.00
241.0,car_003,77.652278,12.924207,101.06,car,16.36,521.05,379308034_0,0.00
241.0,car_004,77.651473,12.924395,100.54,car,16.21,431.78,379308034_1,0.00
241.0,car_005,77.650471,12.924535,91.10,car,15.67,321.78,379308034_1,0.00
241.0,car_006,77.644545,12.921653,38.57,car,13.69,248.37,377125912#3_0,0.00
241.0,car_007,77.643247,12.920089,38.57,car,13.08,25.08,377125912#3_0,0.00
241.0,car_008,77.646142,12.923165,46.27,car,16.04,167.72,377125912#6_0,0.00
241.0,car_009,77.645121,12.922267,46.26,car,16.35,18.56,377125912#6_1,0.00
241.0,car_010,77.643911,12.920890,38.57,car,16.36,139.39,377125912#3_0,0.00
241.0,truck_001,77.635284,12.916300,91.90,truck,12.14,18.46,380707230#2_0,0.00
242.0,bike_001,77.651806,12.924301,100.54,motorcycle,15.87,468.66,379308034_0,0.00
242.0,bike_002,77.642538,12.919158,35.32,motorcycle,10.64,248.25,377125912#2_0,0.00
242.0,bike_003,77.645797,12.922849,46.27,motorcycle,13.20,116.38,377125912#6_0,0.00
242.0,bike_004,77.645319,12.922410,46.27,motorcycle,14.79,45.12,377125912#6_0,0.00
242.0,bike_005,77.642962,12.919782,35.30,motorcycle,14.43,330.94,377125912#2_1,0.00
242.0,bus_001,77.640476,12.917025,46.71,bus,13.59,611.39,380707230#2_0,0.00
242.0,bus_002,77.626025,12.917583,103.60,bus,13.57,311.03,1073384217#1_0,0.00
242.0,car_001,77.655223,12.923605,100.44,car,15.68,91.26,377105485-AddedOnRampEdge_2,0.00
242.0,car_002,77.650768,12.924483,94.50,car,14.97,353.83,379308034_0,0.00
242.0,car_003,77.652424,12.924178,101.06,car,16.27,537.32,379308034_0,0.00
242.0,car_004,77.651619,12.924367,100.54,car,16.15,447.93,379308034_1,0.00
242.0,car_005,77.650622,12.924525,94.51,car,16.44,338.22,379308034_1,0.00
242.0,car_006,77.644620,12.921743,38.57,car,12.87,261.23,377125912#3_0,0.00
242.0,car_007,77.643318,12.920176,38.57,car,12.31,37.39,377125912#3_0,0.00
242.0,car_008,77.646253,12.923265,47.19,car,16.44,184.16,377125912#6_0,0.00
242.0,car_009,77.645233,12.922370,46.26,car,16.65,35.20,377125912#6_1,0.00
242.0,car_010,77.644005,12.921003,38.57,car,16.15,155.54,377125912#3_0,0.00
242.0,truck_001,77.635396,12.916296,91.90,truck,12.12,30.57,380707230#2_0,0.00
243.0,bike_001,77.651943,12.924275,100.54,motorcycle,15.15,483.81,379308034_0,0.00
243.0,bike_002,77.642600,12.919241,35.32,motorcycle,11.34,259.59,377125912#2_0,0.00
243.0,bike_003,77.645897,12.922941,46.27,motorcycle,14.86,131.24,377125912#6_0,0.00
243.0,bike_004,77.645424,12.922506,46.27,motorcycle,15.60,60.72,377125912#6_0,0.00
243.0,bike_005,77.643044,12.919889,37.03,motorcycle,14.87,8.67,:650141428_3_1,0.00
243.0,bus_001,77.640568,12.917104,48.43,bus,13.22,624.62,380707230#2_0,0.00
243.0,bus_002,77.626142,12.917550,105.03,bus,13.30,324.33,1073384217#1_0,0.00
243.0,car_001,77.655367,12.923577,100.44,car,15.95,4.58,377105485_0,0.00
243.0,car_002,77.650904,12.924464,98.47,car,14.93,368.76,379308034_0,0.00
243.0,car_003,77.652571,12.924148,101.06,car,16.36,553.68,379308034_0,0.00
243.0,car_004,77.651759,12.924340,100.54,car,15.53,463.46,379308034_1,0.00
243.0,car_005,77.650765,12.924512,94.51,car,15.55,353.77,379308034_1,0.00
243.0,car_006,77.644701,12.921835,42.83,car,13.49,274.73,377125912#3_0,0.00
243.0,car_007,77.643394,12.920266,38.57,car,12.94,50.33,377125912#3_0,0.00
243.0,car_008,77.646363,12.923363,47.19,car,16.12,200.29,377125912#6_0,0.00
243.0,car_009,77.645341,12.922469,46.26,car,16.00,51.20,377125912#6_1,0.00
243.0,car_010,77.644100,12.921117,38.57,car,16.35,171.89,377125912#3_0,0.00
243.0,truck_001,77.635507,12.916291,91.90,truck,12.11,42.68,380707230#2_0,0.00
244.0,bike_001,77.652075,12.924248,101.06,motorcycle,14.69,498.50,379308034_0,0.00
244.0,bike_002,77.642654,12.919315,35.32,motorcycle,10.12,269.71,377125912#2_0,0.00
244.0,bike_003,77.645985,12.923022,46.27,motorcycle,13.19,144.43,377125912#6_0,0.00
244.0,bike_004,77.645536,12.922608,46.27,motorcycle,16.67,77.39,377125912#6_0,0.00
244.0,bike_005,77.643131,12.919996,38.57,motorcycle,15.14,9.14,377125912#3_1,0.00
244.0,bus_001,77.640666,12.917178,51.54,bus,13.32,637.94,380707230#2_0,0.00
244.0,bus_002,77.626264,12.917517,105.03,bus,13.79,338.12,1073384217#1_0,0.00
244.0,car_001,77.655513,12.923540,104.45,car,16.39,20.97,377105485_0,0.00
244.0,car_002,77.651036,12.924443,98.47,car,14.52,383.28,379308034_0,0.00
244.0,car_003,77.652719,12.924118,101.06,car,16.39,570.07,379308034_0,0.00
244.0,car_004,77.651900,12.924312,100.54,car,15.63,479.09,379308034_1,0.00
244.0,car_005,77.650913,12.924491,98.46,car,16.26,370.03,379308034_1,0.00
244.0,car_006,77.644783,12.921915,44.66,car,12.57,287.30,377125912#3_0,0.00
244.0,car_007,77.643464,12.920351,38.57,car,12.08,62.41,377125912#3_0,0.00
244.0,car_008,77.646472,12.923455,49.74,car,15.63,215.91,377125912#6_0,0.00
244.0,car_009,77.645449,12.922568,46.26,car,16.11,67.31,377125912#6_1,0.00
244.0,car_010,77.644195,12.921231,38.57,car,16.22,188.10,377125912#3_0,0.00
244.0,truck_001,77.635615,12.916282,94.09,truck,11.66,54.34,380707230#2_0,0.00
245.0,bike_001,77.652221,12.924219,101.06,motorcycle,16.22,514.72,379308034_0,0.00
245.0,bike_002,77.642708,12.919388,35.32,motorcycle,9.90,279.62,377125912#2_0,0.00
245.0,bike_003,77.646074,12.923103,46.27,motorcycle,13.25,157.67,377125912#6_0,0.00
245.0,bike_004,77.645638,12.922703,46.27,motorcycle,15.30,92.68,377125912#6_0,0.00
245.0,bike_005,77.643224,12.920108,38.57,motorcycle,15.95,25.08,377125912#3_1,0.00
245.0,bus_001,77.640762,12.917252,51.54,bus,13.24,651.18,380707230#2_0,0.00
245.0,bus_002,77.626387,12.917483,105.03,bus,13.84,351.95,1073384217#1_0,0.00
245.0,car_001,77.655659,12.923500,106.53,car,16.53,37.50,377105485_0,0.00
245.0,car_002,77.651169,12.924422,98.47,car,14.65,397.93,379308034_0,0.00
245.0,car_003,77.652862,12.924089,101.06,car,15.95,586.01,379308034_0,0.00
245.0,car_004,77.652049,12.924283,101.05,car,16.43,495.52,379308034_1,0.00
245.0,car_005,77.651061,12.924468,98.46,car,16.32,386.35,379308034_1,0.00
245.0,car_006,77.644866,12.921996,44.45,car,12.73,300.03,377125912#3_0,0.00
245.0,car_007,77.643539,12.920442,38.57,car,12.98,75.39,377125912#3_0,0.00
245.0,car_008,77.646586,12.923548,49.74,car,16.19,232.10,377125912#6_0,0.00
245.0,car_009,77.645560,12.922671,46.26,car,16.56,83.86,377125912#6_1,0.00
245.0,car_010,77.644287,12.921343,38.57,car,15.96,204.06,377125912#3_0,0.00
245.0,truck_001,77.635725,12.916270,95.79,truck,12.01,66.35,380707230#2_0,0.00
246.0,bike_001,77.652350,12.924193,101.06,motorcycle,14.30,529.02,379308034_0,0.00
246.0,bike_002,77.642770,12.919472,35.32,motorcycle,11.42,291.04,377125912#2_0,0.00
246.0,bike_003,77.646163,12.923185,46.27,motorcycle,13.25,170.93,377125912#6_0,0.00
246.0,bike_004,77.645749,12.922804,46.27,motorcycle,16.45,109.14,377125912#6_0,0.00
246.0,bike_005,77.643313,12.920214,38.57,motorcycle,15.23,40.31,377125912#3_1,0.00
246.0,bus_001,77.640859,12.917326,51.43,bus,13.35,664.53,380707230#2_0,0.00
246.0,bus_002,77.626505,12.917451,105.03,bus,13.37,365.32,1073384217#1_0,0.00
246.0,car_001,77.655797,12.923453,107.63,car,15.80,53.30,377105485_0,0.00
246.0,car_002,77.651299,12.924399,100.54,car,14.45,412.38,379308034_0,0.00
246.0,car_003,77.653006,12.924060,101.06,car,16.02,602.03,379308034_0,0.00
246.0,car_004,77.652191,12.924254,101.05,car,15.74,511.26,379308034_1,0.00
246.0,car_005,77.651206,12.924446,98.46,car,15.87,402.21,379308034_1,0.00
246.0,car_006,77.644952,12.922074,47.21,car,12.84,11.74,:cluster_2385141385_650141020_10_0,0.00
246.0,car_007,77.643610,12.920527,38.57,car,12.20,87.59,377125912#3_0,0.00
246.0,car_008,77.646706,12.923640,56.28,car,16.56,248.66,377125912#6_0,0.00
246.0,car_009,77.645668,12.922770,46.26,car,16.04,99.91,377125912#6_1,0.00
246.0,car_010,77.644384,12.921459,38.57,car,16.58,220.64,377125912#3_0,0.00
246.0,truck_001,77.635833,12.916258,95.79,truck,11.74,78.09,380707230#2_0,0.00
247.0,bike_001,77.652496,12.924163,101.06,motorcycle,16.27,545.28,379308034_0,0.00
247.0,bike_002,77.642830,12.919553,35.32,motorcycle,11.05,302.09,377125912#2_0,0.00
247.0,bike_003,77.646266,12.923277,47.19,motorcycle,15.11,186.04,377125912#6_0,0.00
247.0,bike_004,77.645852,12.922899,46.27,motorcycle,15.37,124.50,377125912#6_0,0.00
247.0,bike_005,77.643407,12.920328,38.57,motorcycle,16.18,56.49,377125912#3_1,0.00
247.0,bus_001,77.640957,12.917401,51.41,bus,13.37,4.55,:11892824102_0_0,0.00
247.0,bus_002,77.626624,12.917418,105.03,bus,13.36,378.68,1073384217#1_0,0.00
247.0,car_001,77.655935,12.923408,107.63,car,15.86,69.16,377105485_0,0.00
247.0,car_002,77.651428,12.924374,100.54,car,14.33,426.71,379308034_0,0.00
247.0,car_003,77.653149,12.924031,101.23,car,15.91,617.93,379308034_0,0.00
247.0,car_004,77.652338,12.924225,101.05,car,16.30,527.56,379308034_1,0.00
247.0,car_005,77.651353,12.924418,100.54,car,16.26,418.47,379308034_1,0.00
247.0,car_006,77.645040,12.922152,46.50,car,13.05,3.38,377125912#6_0,0.00
247.0,car_007,77.643681,12.920613,38.57,car,12.24,99.82,377125912#3_0,0.00
247.0,car_008,77.646830,12.923715,57.77,car,15.82,264.48,377125912#6_0,0.00
247.0,car_009,77.645773,12.922866,46.26,car,15.65,115.56,377125912#6_1,0.00
247.0,car_010,77.644474,12.921567,38.57,car,15.46,236.10,377125912#3_0,0.00
247.0,truck_001,77.635941,12.916246,95.79,truck,11.77,89.86,380707230#2_0,0.00
248.0,bike_001,77.652624,12.924137,101.06,motorcycle,14.27,559.55,379308034_0,0.00
248.0,bike_002,77.642894,12.919639,35.32,motorcycle,11.79,313.87,377125912#2_0,0.00
248.0,bike_003,77.646370,12.923369,47.19,motorcycle,15.22,201.25,377125912#6_0,0.00
248.0,bike_004,77.645949,12.922988,46.27,motorcycle,14.46,138.96,377125912#6_0,0.00
248.0,bike_005,77.643493,12.920431,38.57,motorcycle,14.78,71.27,377125912#3_1,0.00
248.0,bus_001,77.641053,12.917475,51.41,bus,13.32,1.94,377125912#2_0,0.00
248.0,bus_002,77.626743,12.917386,105.03,bus,13.50,392.18,1073384217#1_0,0.00
248.0,car_001,77.656073,12.923363,107.63,car,15.76,84.92,377105485_0,0.00
248.0,car_002,77.651559,12.924349,100.54,car,14.52,441.23,379308034_0,0.00
248.0,car_003,77.653292,12.924002,101.23,car,15.86,633.79,379308034_0,0.00
248.0,car_004,77.652478,12.924196,101.05,car,15.59,543.15,379308034_1,0.00
248.0,car_005,77.651500,12.924390,100.54,car,16.35,434.82,379308034_1,0.00
248.0,car_006,77.645132,12.922237,46.27,car,13.74,17.13,377125912#6_0,0.00
248.0,car_007,77.643757,12.920704,38.57,car,13.03,112.85,377125912#3_0,0.00
248.0,car_008,77.646960,12.923793,57.77,car,16.58,281.06,377125912#6_0,0.00
248.0,car_009,77.645878,12.922963,46.26,car,15.58,131.14,377125912#6_1,0.00
248.0,car_010,77.644567,12.921679,38.57,car,15.98,252.07,377125912#3_0,0.00
248.0,truck_001,77.636052,12.916234,95.79,truck,12.08,101.94,380707230#2_0,0.00
249.0,bike_001,77.652765,12.924109,101.06,motorcycle,15.71,575.26,379308034_0,0.00
249.0,bike_002,77.642957,12.919725,35.30,motorcycle,11.73,325.60,377125912#2_0,0.00
249.0,bike_003,77.646473,12.923456,49.74,motorcycle,14.83,216.08,377125912#6_0,0.00
249.0,bike_004,77.646048,12.923079,46.27,motorcycle,14.74,153.70,377125912#6_0,0.00
249.0,bike_005,77.643584,12.920542,38.57,motorcycle,15.76,87.03,377125912#3_1,0.00
249.0,bus_001,77.641147,12.917558,46.84,bus,13.67,15.61,377125912#2_0,0.00
249.0,bus_002,77.626864,12.917351,105.89,bus,13.73,405.91,1073384217#1_0,0.00
249.0,car_001,77.656216,12.923317,107.63,car,16.34,101.26,377105485_0,0.00
249.0,car_002,77.651686,12.924324,100.54,car,14.12,455.35,379308034_0,0.00
249.0,car_003,77.653433,12.923973,101.23,car,15.76,649.55,379308034_0,0.00
249.0,car_004,77.652621,12.924168,101.05,car,15.78,558.93,379308034_1,0.00
249.0,car_005,77.651639,12.924363,100.54,car,15.38,450.20,379308034_1,0.00
249.0,car_006,77.645216,12.922314,46.27,car,12.56,29.69,377125912#6_0,0.00
249.0,car_007,77.643828,12.920790,38.57,car,12.21,125.07,377125912#3_0,0.00
249.0,car_008,77.647087,12.923870,57.77,car,16.25,297.31,377125912#6_0,0.00
249.0,car_009,77.645988,12.923064,46.26,car,16.39,147.53,377125912#6_1,0.00
249.0,car_010,77.644660,12.921791,38.57,car,16.06,268.13,377125912#3_0,0.00
249.0,truck_001,77.636162,12.916222,95.79,truck,12.03,113.97,380707230#2_0,0.00
250.0,bike_001,77.652897,12.924082,101.06,motorcycle,14.65,589.91,379308034_0,0.00
250.0,bike_002,77.643016,12.919805,35.30,motorcycle,10.90,336.50,377125912#2_0,0.00
250.0,bike_003,77.646575,12.923539,49.74,motorcycle,14.37,230.46,377125912#6_0,0.00
250.0,bike_004,77.646146,12.923169,46.27,motorcycle,14.65,168.35,377125912#6_0,0.00
250.0,bike_005,77.643675,12.920650,38.57,motorcycle,15.53,102.56,377125912#3_1,0.00
250.0,bus_001,77.641234,12.917645,43.92,bus,13.51,29.13,377125912#2_0,0.00
250.0,bus_002,77.626984,12.917315,106.23,bus,13.55,419.46,1073384217#1_0,0.00
250.0,car_001,77.656351,12.923273,107.63,car,15.55,116.81,377105485_0,0.00
250.0,car_002,77.651816,12.924299,100.54,car,14.38,469.73,379308034_0,0.00
250.0,car_003,77.653577,12.923943,101.23,car,16.03,665.58,379308034_0,0.00
250.0,car_004,77.652770,12.924137,101.05,car,16.61,575.54,379308034_1,0.00
250.0,car_005,77.651787,12.924334,100.54,car,16.34,466.54,379308034_1,0.00
250.0,car_006,77.645302,12.922393,46.27,car,12.76,42.45,377125912#6_0,0.00
250.0,car_007,77.643901,12.920877,38.57,car,12.53,137.60,377125912#3_0,0.00
250.0,car_008,77.647212,12.923945,57.77,car,15.98,313.29,377125912#6_0,0.00
250.0,car_009,77.646099,12.923165,46.26,car,16.45,163.98,377125912#6_1,0.00
250.0,car_010,77.644763,12.921896,44.66,car,16.15,284.29,377125912#3_0,0.00
250.0,truck_001,77.636273,12.916210,95.79,truck,12.09,126.06,380707230#2_0,0.00
251.0,bike_001,77.653026,12.924056,101.06,motorcycle,14.32,604.23,379308034_0,0.00
251.0,bike_002,77.643074,12.919880,37.01,motorcycle,10.51,9.87,:650141428_3_0,0.00
251.0,bike_003,77.646670,12.923616,49.74,motorcycle,13.44,243.90,377125912#6_0,0.00
251.0,bike_004,77.646245,12.923258,47.19,motorcycle,14.62,182.97,377125912#6_0,0.00
251.0,bike_005,77.643762,12.920756,38.57,motorcycle,15.01,117.57,377125912#3_1,0.00
251.0,bus_001,77.641320,12.917730,43.92,bus,13.19,42.32,377125912#2_0,0.00
251.0,bus_002,77.627104,12.917280,106.23,bus,13.73,433.19,1073384217#1_0,0.00
251.0,car_001,77.656494,12.923227,107.63,car,16.29,133.10,377105485_0,0.00
251.0,car_002,77.651951,12.924273,100.54,car,14.97,484.70,379308034_0,0.00
251.0,car_003,77.653720,12.923914,101.23,car,15.87,681.45,379308034_0,0.00
251.0,car_004,77.652918,12.924107,101.05,car,16.35,591.89,379308034_1,0.00
251.0,car_005,77.651934,12.924306,100.54,car,16.30,482.85,379308034_1,0.00
251.0,car_006,77.645389,12.922473,46.27,car,13.03,55.47,377125912#6_0,0.00
251.0,car_007,77.643973,12.920964,38.57,car,12.36,149.96,377125912#3_0,0.00
251.0,car_008,77.647340,12.924023,57.79,car,16.41,329.70,377125912#6_0,0.00
251.0,car_009,77.646209,12.923265,47.18,car,16.34,180.33,377125912#6_1,0.00
251.0,car_010,77.644864,12.921995,44.45,car,15.50,299.79,377125912#3_0,0.00
251.0,truck_001,77.636383,12.916198,95.79,truck,11.91,137.97,380707230#2_0,0.00
252.0,bike_001,77.653164,12.924028,101.23,motorcycle,15.40,619.63,379308034_0,0.00
252.0,bike_002,77.643128,12.919947,38.57,motorcycle,9.48,4.67,377125912#3_0,0.00
252.0,bike_003,77.646771,12.923679,57.77,motorcycle,13.02,256.92,377125912#6_0,0.00
252.0,bike_004,77.646358,12.923359,47.19,motorcycle,16.61,199.58,377125912#6_0,0.00
252.0,bike_005,77.643845,12.920856,38.57,motorcycle,14.30,131.86,377125912#3_1,0.00
252.0,bus_001,77.641408,12.917818,43.92,bus,13.64,55.96,377125912#2_0,0.00
252.0,bus_002,77.627224,12.917244,106.23,bus,13.58,446.76,1073384217#1_0,0.00
252.0,car_001,77.656628,12.923181,109.04,car,15.56,148.65,377105485_0,0.00
252.0,car_002,77.652082,12.924247,101.06,car,14.57,499.27,379308034_0,0.00
252.0,car_003,77.653858,12.923885,101.23,car,15.40,696.85,379308034_0,0.00
252.0,car_004,77.653058,12.924079,101.05,car,15.48,607.37,379308034_1,0.00
252.0,car_005,77.652077,12.924278,101.05,car,15.78,498.62,379308034_1,0.00
252.0,car_006,77.645476,12.922554,46.27,car,13.05,68.52,377125912#6_0,0.00
252.0,car_007,77.644048,12.921054,38.57,car,12.91,162.87,377125912#3_0,0.00
252.0,car_008,77.647468,12.924083,63.16,car,15.69,1.53,:650141496_0_0,0.00
252.0,car_009,77.646320,12.923364,47.18,car,16.27,196.59,377125912#6_1,0.00
252.0,car_010,77.644967,12.922087,47.21,car,15.38,14.04,:cluster_2385141385_650141020_10_0,0.00
252.0,truck_001,77.636491,12.916186,95.79,truck,11.81,149.78,380707230#2_0,0.00
253.0,bike_001,77.653297,12.924000,101.23,motorcycle,14.79,634.42,379308034_0,0.00
253.0,bike_002,77.643183,12.920013,38.57,motorcycle,9.42,14.10,377125912#3_0,0.00
253.0,bike_003,77.646887,12.923749,57.77,motorcycle,14.87,271.79,377125912#6_0,0.00
253.0,bike_004,77.646473,12.923456,49.74,motorcycle,16.48,216.06,377125912#6_0,0.00
253.0,bike_005,77.643931,12.920959,38.57,motorcycle,14.79,146.66,377125912#3_1,0.00
253.0,bus_001,77.641495,12.917905,43.92,bus,13.47,69.43,377125912#2_0,0.00
253.0,bus_002,77.627345,12.917208,106.23,bus,13.80,460.57,1073384217#1_0,0.00
253.0,car_001,77.656769,12.923131,109.04,car,16.27,164.92,377105485_0,0.00
253.0,car_002,77.652218,12.924220,101.06,car,15.10,514.37,379308034_0,0.00
253.0,car_003,77.653999,12.923856,101.23,car,15.69,712.54,379308034_0,0.00
253.0,car_004,77.653199,12.924050,101.23,car,15.72,623.09,379308034_1,0.00
253.0,car_005,77.652219,12.924249,101.05,car,15.79,514.42,379308034_1,0.00
253.0,car_006,77.645567,12.922637,46.27,car,13.54,82.06,377125912#6_0,0.00
253.0,car_007,77.644117,12.921138,38.57,car,11.96,174.82,377125912#3_0,0.00
253.0,car_008,77.647596,12.924144,64.28,car,15.53,3.36,379308034_0,0.00
253.0,car_009,77.646430,12.923459,49.73,car,15.87,212.46,377125912#6_1,0.00
253.0,car_010,77.645078,12.922188,46.27,car,16.49,9.12,377125912#6_0,0.00
253.0,truck_001,77.636602,12.916174,95.85,truck,12.05,161.83,380707230#2_0,0.00
254.0,bike_001,77.653446,12.923970,101.23,motorcycle,16.53,650.95,379308034_0,0.00
254.0,bike_002,77.643243,12.920085,38.57,motorcycle,10.40,24.50,377125912#3_0,0.00
254.0,bike_003,77.646990,12.923811,57.77,motorcycle,13.16,284.95,377125912#6_0,0.00
254.0,bike_004,77.646588,12.923550,49.74,motorcycle,16.29,232.35,377125912#6_0,0.00
254.0,bike_005,77.644021,12.921067,38.57,motorcycle,15.40,162.06,377125912#3_1,0.00
254.0,bus_001,77.641582,12.917992,43.92,bus,13.46,82.90,377125912#2_0,0.00
254.0,bus_002,77.627468,12.917172,106.23,bus,13.88,474.45,1073384217#1_0,0.00
254.0,car_001,77.656913,12.923081,109.04,car,16.58,181.50,377105485_0,0.00
254.0,car_002,77.652346,12.924194,101.06,car,14.20,528.57,379308034_0,0.00
254.0,car_003,77.654139,12.923826,103.30,car,15.59,728.13,379308034_0,0.00
254.0,car_004,77.653338,12.924022,101.23,car,15.40,638.49,379308034_1,0.00
254.0,car_005,77.652362,12.924220,101.05,car,15.83,530.25,379308034_1,0.00
254.0,car_006,77.645653,12.922716,46.27,car,12.78,94.84,377125912#6_0,0.00
254.0,car_007,77.644186,12.921221,38.57,car,11.85,186.68,377125912#3_0,0.00
254.0,car_008,77.647732,12.924205,64.78,car,16.33,19.68,379308034_0,0.00
254.0,car_009,77.646540,12.923548,49.73,car,15.45,227.91,377125912#6_1,0.00
254.0,car_010,77.645185,12.922286,46.27,car,15.98,25.10,377125912#6_0,0.00
254.0,truck_001,77.636713,12.916160,96.76,truck,12.12,173.95,380707230#2_0,0.00
255.0,bike_001,77.653589,12.923941,101.23,motorcycle,15.92,666.87,379308034_0,0.00
255.0,bike_002,77.643303,12.920157,38.57,motorcycle,10.20,34.70,377125912#3_0,0.00
255.0,bike_003,77.647103,12.923880,57.77,motorcycle,14.40,299.35,377125912#6_0,0.00
255.0,bike_004,77.646702,12.923637,57.77,motorcycle,15.72,248.07,377125912#6_0,0.00
255.0,bike_005,77.644117,12.921184,38.57,motorcycle,16.62,178.68,377125912#3_1,0.00
255.0,bus_001,77.641666,12.918081,42.29,bus,13.31,96.21,377125912#2_0,0.00
255.0,bus_002,77.627588,12.917136,106.23,bus,13.73,488.18,1073384217#1_0,0.00
255.0,car_001,77.657050,12.923033,109.04,car,15.87,197.36,377105485_0,0.00
255.0,car_002,77.652475,12.924167,101.06,car,14.42,542.99,379308034_0,0.00
255.0,car_003,77.654281,12.923792,103.31,car,15.85,743.98,379308034_0,0.00
255.0,car_004,77.653481,12.923992,101.23,car,15.87,654.36,379308034_1,0.00
255.0,car_005,77.652510,12.924190,101.05,car,16.45,546.70,379308034_1,0.00
255.0,car_006,77.645742,12.922798,46.27,car,13.29,108.13,377125912#6_0,0.00
255.0,car_007,77.644260,12.921310,38.57,car,12.70,199.37,377125912#3_0,0.00
255.0,car_008,77.647864,12.924255,70.30,car,15.41,35.09,379308034_0,0.00
255.0,car_009,77.646650,12.923637,49.73,car,15.51,243.43,377125912#6_1,0.00
255.0,car_010,77.645290,12.922383,46.27,car,15.65,40.74,377125912#6_0,0.00
255.0,truck_001,77.636821,12.916146,96.76,truck,11.86,185.81,380707230#2_0,0.00
256.0,bike_001,77.653722,12.923913,101.23,motorcycle,14.79,681.66,379308034_0,0.00
256.0,bike_002,77.643363,12.920229,38.57,motorcycle,10.38,45.08,377125912#3_0,0.00
256.0,bike_003,77.647210,12.923944,57.77,motorcycle,13.68,313.03,377125912#6_0,0.00
256.0,bike_004,77.646814,12.923705,57.77,motorcycle,14.35,262.42,377125912#6_0,0.00
256.0,bike_005,77.644211,12.921297,38.57,motorcycle,16.18,194.86,377125912#3_1,0.00
256.0,bus_001,77.641751,12.918171,41.91,bus,13.56,109.77,377125912#2_0,0.00
256.0,bus_002,77.627706,12.917101,106.23,bus,13.35,501.53,1073384217#1_0,0.00
256.0,car_001,77.657186,12.922985,109.04,car,15.64,213.00,377105485_0,0.00
256.0,car_002,77.652607,12.924141,101.06,car,14.60,557.59,379308034_0,0.00
256.0,car_003,77.654424,12.923759,101.07,car,15.93,2.87,377105485-AddedOnRampEdge_2,0.00
256.0,car_004,77.653627,12.923962,101.23,car,16.19,670.56,379308034_1,0.00
256.0,car_005,77.652657,12.924160,101.05,car,16.29,562.99,379308034_1,0.00
256.0,car_006,77.645827,12.922876,46.27,car,12.63,120.76,377125912#6_0,0.00
256.0,car_007,77.644335,12.921400,38.57,car,12.90,212.27,377125912#3_0,0.00
256.0,car_008,77.648005,12.924295,73.63,car,15.96,51.06,379308034_0,0.00
256.0,car_009,77.646777,12.923717,57.77,car,16.40,259.83,377125912#6_1,0.00
256.0,car_010,77.645399,12.922483,46.27,car,16.24,56.99,377125912#6_0,0.00
256.0,truck_001,77.636932,12.916132,96.76,truck,12.10,197.91,380707230#2_0,0.00
257.0,bike_001,77.653867,12.923883,101.23,motorcycle,16.16,697.82,379308034_0,0.00
257.0,bike_002,77.643431,12.920311,38.57,motorcycle,11.68,56.76,377125912#3_0,0.00
257.0,bike_003,77.647322,12.924012,57.77,motorcycle,14.38,327.41,377125912#6_0,0.00
257.0,bike_004,77.646933,12.923777,57.77,motorcycle,15.17,277.59,377125912#6_0,0.00
257.0,bike_005,77.644307,12.921413,38.57,motorcycle,16.51,211.37,377125912#3_1,0.00
257.0,bus_001,77.641834,12.918261,41.51,bus,13.40,123.17,377125912#2_0,0.00
257.0,bus_002,77.627823,12.917067,106.23,bus,13.29,514.82,1073384217#1_0,0.00
257.0,car_001,77.657320,12.922938,109.04,car,15.53,228.53,377105485_0,0.00
257.0,car_002,77.652736,12.924115,101.06,car,14.39,571.98,379308034_0,0.00
257.0,car_003,77.654568,12.923731,100.56,car,15.94,18.81,377105485-AddedOnRampEdge_2,0.00
257.0,car_004,77.653768,12.923933,101.23,car,15.62,686.17,379308034_1,0.00
257.0,car_005,77.652804,12.924130,101.05,car,16.30,579.29,379308034_1,0.00
257.0,car_006,77.645911,12.922954,46.27,car,12.62,133.38,377125912#6_0,0.00
257.0,car_007,77.644411,12.921492,38.57,car,13.07,225.34,377125912#3_0,0.00
257.0,car_008,77.648152,12.924333,78.80,car,16.61,67.67,379308034_0,0.00
257.0,car_009,77.646905,12.923794,57.77,car,16.29,276.12,377125912#6_1,0.00
257.0,car_010,77.645506,12.922581,46.27,car,15.95,72.94,377125912#6_0,0.00
257.0,truck_001,77.637043,12.916118,96.76,truck,12.04,209.95,380707230#2_0,0.00
258.0,bike_001,77.654002,12.923856,101.23,motorcycle,15.02,712.84,379308034_0,0.00
258.0,bike_002,77.643490,12.920383,38.57,motorcycle,10.18,66.94,377125912#3_0,0.00
258.0,bike_003,77.647428,12.924063,65.67,motorcycle,13.94,9.45,:1645178560_2_0,0.00
258.0,bike_004,77.647059,12.923853,57.77,motorcycle,16.16,293.75,377125912#6_0,0.00
258.0,bike_005,77.644403,12.921527,38.57,motorcycle,16.36,227.73,377125912#3_1,0.00
258.0,bus_001,77.641916,12.918353,40.69,bus,13.54,136.70,377125912#2_0,0.00
258.0,bus_002,77.627941,12.917032,106.23,bus,13.35,528.18,1073384217#1_0,0.00
258.0,car_001,77.657464,12.922888,109.04,car,16.59,245.12,377105485_0,0.00
258.0,car_002,77.652872,12.924087,101.06,car,15.11,587.09,379308034_0,0.00
258.0,car_003,77.654719,12.923702,100.56,car,16.61,35.42,377105485-AddedOnRampEdge_2,0.00
258.0,car_004,77.653909,12.923904,101.23,car,15.68,701.85,379308034_1,0.00
258.0,car_005,77.652948,12.924101,101.05,car,15.94,595.23,379308034_1,0.00
258.0,car_006,77.645997,12.923032,46.27,car,12.69,146.08,377125912#6_0,0.00
258.0,car_007,77.644480,12.921574,38.57,car,11.81,237.15,377125912#3_0,0.00
258.0,car_008,77.648300,12.924359,78.93,car,16.38,84.05,379308034_0,0.00
258.0,car_009,77.647029,12.923869,57.77,car,15.81,291.92,377125912#6_1,0.00
258.0,car_010,77.645616,12.922682,46.27,car,16.37,89.30,377125912#6_0,0.00
258.0,truck_001,77.637150,12.916104,96.84,truck,11.75,221.70,380707230#2_0,0.00
259.0,bike_001,77.654148,12.923824,103.31,motorcycle,16.29,729.13,379308034_0,0.00
259.0,bike_002,77.643554,12.920459,38.57,motorcycle,10.95,77.89,377125912#3_0,0.00
259.0,bike_003,77.647550,12.924123,62.81,motorcycle,14.10,11.59,:650141496_0_0,0.00
259.0,bike_004,77.647189,12.923932,57.77,motorcycle,16.66,310.41,377125912#6_0,0.00
259.0,bike_005,77.644498,12.921642,38.57,motorcycle,16.33,244.06,377125912#3_1,0.00
259.0,bus_001,77.641999,12.918445,40.69,bus,13.54,150.24,377125912#2_0,0.00
259.0,bus_002,77.628061,12.916996,106.23,bus,13.73,541.90,1073384217#1_0,0.00
259.0,car_001,77.657601,12.922840,109.04,car,15.81,260.93,377105485_0,0.00
259.0,car_002,77.653006,12.924060,101.06,car,14.88,601.97,379308034_0,0.00
259.0,car_003,77.654867,12.923673,100.56,car,16.43,51.85,377105485-AddedOnRampEdge_2,0.00
259.0,car_004,77.654055,12.923875,101.23,car,16.13,717.98,379308034_1,0.00
259.0,car_005,77.653093,12.924072,101.07,car,16.05,611.28,379308034_1,0.00
259.0,car_006,77.646081,12.923110,46.27,car,12.59,158.67,377125912#6_0,0.00
259.0,car_007,77.644555,12.921665,38.57,car,12.91,250.06,377125912#3_0,0.00
259.0,car_008,77.648450,12.924385,81.29,car,16.53,100.59,379308034_0,0.00
259.0,car_009,77.647159,12.923947,57.77,car,16.56,308.49,377125912#6_1,0.00
259.0,car_010,77.645723,12.922780,46.27,car,15.93,105.23,377125912#6_0,0.00
259.0,truck_001,77.637261,12.916090,96.98,truck,12.07,233.77,380707230#2_0,0.00
260.0,bike_001,77.654275,12.923793,103.31,motorcycle,14.26,743.39,379308034_0,0.00
260.0,bike_002,77.643621,12.920540,38.57,motorcycle,11.55,89.44,377125912#3_0,0.00
260.0,bike_003,77.647660,12.924173,64.78,motorcycle,13.16,11.05,379308034_0,0.00
260.0,bike_004,77.647314,12.924007,57.77,motorcycle,15.96,326.37,377125912#6_0,0.00
260.0,bike_005,77.644588,12.921750,38.57,motorcycle,15.54,259.60,377125912#3_1,0.00
260.0,bus_001,77.642077,12.918541,37.64,bus,13.58,163.82,377125912#2_0,0.00
260.0,bus_002,77.628183,12.916960,106.23,bus,13.85,555.75,1073384217#1_0,0.00
260.0,car_001,77.657745,12.922790,109.04,car,16.63,277.56,377105485_0,0.00
260.0,car_002,77.653133,12.924034,101.23,car,14.11,616.08,379308034_0,0.00
260.0,car_003,77.655010,12.923646,100.56,car,15.82,67.67,377105485-AddedOnRampEdge_2,0.00
260.0,car_004,77.654202,12.923841,103.30,car,16.47,734.46,379308034_1,0.00
260.0,car_005,77.653242,12.924041,101.23,car,16.53,627.81,379308034_1,0.00
260.0,car_006,77.646172,12.923193,46.31,car,13.54,172.20,377125912#6_0,0.00
260.0,car_007,77.644631,12.921756,38.57,car,13.04,263.11,377125912#3_0,0.00
260.0,car_008,77.648591,12.924403,81.94,car,15.49,116.07,379308034_0,0.00
260.0,car_009,77.647281,12.924021,57.77,car,15.63,324.12,377125912#6_1,0.00
260.0,car_010,77.645832,12.922881,46.27,car,16.29,121.52,377125912#6_0,0.00
260.0,truck_001,77.637368,12.916076,96.98,truck,11.71,245.48,380707230#2_0,0.00
261.0,bike_001,77.654410,12.923762,101.07,motorcycle,14.92,1.28,377105485-AddedOnRampEdge_2,0.00
261.0,bike_002,77.643681,12.920613,38.57,motorcycle,10.39,99.84,377125912#3_0,0.00
261.0,bike_003,77.647785,12.924228,68.76,motorcycle,14.97,26.02,379308034_0,0.00
261.0,bike_004,77.647424,12.924061,65.67,motorcycle,14.41,8.88,:1645178560_2_0,0.00
261.0,bike_005,77.644677,12.921853,44.66,motorcycle,14.88,274.48,377125912#3_1,0.00
261.0,bus_001,77.642153,12.918639,36.74,bus,13.52,177.34,377125912#2_0,0.00
261.0,bus_002,77.628300,12.916925,106.23,bus,13.29,569.05,1073384217#1_0,0.00
261.0,car_001,77.657882,12.922742,109.04,car,15.84,293.40,377105485_0,0.00
261.0,car_002,77.653262,12.924008,101.23,car,14.42,630.50,379308034_0,0.00
261.0,car_003,77.655157,12.923617,100.44,car,16.24,83.92,377105485-AddedOnRampEdge_2,0.00
261.0,car_004,77.654343,12.923807,103.30,car,15.69,750.15,379308034_1,0.00
261.0,car_005,77.653385,12.924012,101.23,car,15.84,643.64,379308034_1,0.00
261.0,car_006,77.646266,12.923277,47.19,car,13.80,186.01,377125912#6_0,0.00
261.0,car_007,77.644704,12.921839,43.63,car,12.22,275.32,377125912#3_0,0.00
261.0,car_008,77.648736,12.924420,83.51,car,15.95,132.03,379308034_0,0.00
261.0,car_009,77.647411,12.924088,68.29,car,16.00,8.22,:1645178560_2_1,0.00
261.0,car_010,77.645940,12.922980,46.27,car,16.20,137.72,377125912#6_0,0.00
261.0,truck_001,77.637478,12.916062,96.98,truck,12.01,257.48,380707230#2_0,0.00
262.0,bike_001,77.654548,12.923735,100.56,motorcycle,15.28,16.56,377105485-AddedOnRampEdge_2,0.00
262.0,bike_002,77.643747,12.920692,38.57,motorcycle,11.25,111.09,377125912#3_0,0.00
262.0,bike_003,77.647912,12.924270,73.63,motorcycle,14.61,40.63,379308034_0,0.00
262.0,bike_004,77.647558,12.924127,62.81,motorcycle,15.68,12.59,:650141496_0_0,0.00
262.0,bike_005,77.644774,12.921947,44.66,motorcycle,14.85,289.33,377125912#3_1,0.00
262.0,bus_001,77.642228,12.918738,35.95,bus,13.67,191.01,377125912#2_0,0.00
262.0,bus_002,77.628420,12.916891,105.27,bus,13.58,582.63,1073384217#1_0,0.00
262.0,car_001,77.658017,12.922694,109.04,car,15.61,309.01,377105485_0,0.00
262.0,car_002,77.653396,12.923980,101.23,car,14.85,645.35,379308034_0,0.00
262.0,car_003,77.655300,12.923590,100.44,car,15.82,5.11,:377105485-AddedOnRampNode_0_0,0.00
262.0,car_004,77.654487,12.923776,100.56,car,16.09,9.21,377105485-AddedOnRampEdge_3,0.00
262.0,car_005,77.653529,12.923982,101.23,car,16.07,659.71,379308034_1,0.00
262.0,car_006,77.646356,12.923357,47.19,car,13.29,199.30,377125912#6_0,0.00
262.0,car_007,77.644790,12.921922,44.66,car,13.07,288.39,377125912#3_0,0.00
262.0,car_008,77.648878,12.924430,85.39,car,15.48,147.50,379308034_0,0.00
262.0,car_009,77.647543,12.924152,62.86,car,15.97,12.23,:650141496_0_1,0.00
262.0,car_010,77.646051,12.923082,46.27,car,16.43,154.15,377125912#6_0,0.00
262.0,truck_001,77.637586,12.916047,96.98,truck,11.84,269.32,380707230#2_0,0.00
263.0,bike_001,77.654681,12.923709,100.56,motorcycle,14.75,31.31,377105485-AddedOnRampEdge_2,0.00
263.0,bike_002,77.643813,12.920771,38.57,motorcycle,11.40,122.48,377125912#3_0,0.00
263.0,bike_003,77.648037,12.924304,73.63,motorcycle,14.11,54.74,379308034_0,0.00
263.0,bike_004,77.647694,12.924189,64.78,motorcycle,16.29,15.19,379308034_0,0.00
263.0,bike_005,77.644875,12.922044,47.20,motorcycle,15.33,3.53,:cluster_2385141385_650141020_10_1,0.00
263.0,bus_001,77.642302,12.918838,35.32,bus,13.68,204.70,377125912#2_0,0.00
263.0,bus_002,77.628541,12.916862,103.14,bus,13.49,596.12,1073384217#1_0,0.00
263.0,car_001,77.658156,12.922646,109.04,car,16.03,325.04,377105485_0,0.00
263.0,car_002,77.653524,12.923954,101.23,car,14.23,659.59,379308034_0,0.00
263.0,car_003,77.655442,12.923558,104.45,car,15.91,13.02,377105485_0,0.00
263.0,car_004,77.654635,12.923748,100.56,car,16.29,25.49,377105485-AddedOnRampEdge_3,0.00
263.0,car_005,77.653672,12.923924,101.23,car,16.38,676.09,379308034_0,0.00
263.0,car_006,77.646444,12.923432,49.74,car,12.68,211.98,377125912#6_0,0.00
263.0,car_007,77.644867,12.921997,44.45,car,11.80,300.20,377125912#3_0,0.00
263.0,car_008,77.649026,12.924440,85.39,car,16.22,163.72,379308034_0,0.00
263.0,car_009,77.647676,12.924212,64.78,car,15.90,14.43,379308034_1,0.00
263.0,car_010,77.646154,12.923177,46.27,car,15.44,169.59,377125912#6_0,0.00
263.0,truck_001,77.637696,12.916033,97.14,truck,11.95,281.28,380707230#2_0,0.00
264.0,bike_001,77.654823,12.923682,100.56,motorcycle,15.63,46.93,377105485-AddedOnRampEdge_2,0.00
264.0,bike_002,77.643870,12.920840,38.57,motorcycle,9.72,132.21,377125912#3_0,0.00
264.0,bike_003,77.648153,12.924333,78.93,motorcycle,13.04,67.78,379308034_0,0.00
264.0,bike_004,77.647826,12.924242,70.30,motorcycle,15.51,30.70,379308034_0,0.00
264.0,bike_005,77.645008,12.922123,47.21,motorcycle,16.54,20.06,:cluster_2385141385_650141020_10_0,0.00
264.0,bus_001,77.642374,12.918935,35.32,bus,13.19,217.88,377125912#2_0,0.00
264.0,bus_002,77.628664,12.916844,97.34,bus,13.62,609.73,1073384217#1_0,0.00
264.0,car_001,77.658289,12.922599,109.04,car,15.38,340.41,377105485_0,0.00
264.0,car_002,77.653655,12.923927,101.23,car,14.57,674.16,379308034_0,0.00
264.0,car_003,77.655590,12.923519,104.45,car,16.66,29.68,377105485_0,0.00
264.0,car_004,77.654784,12.923719,100.56,car,16.58,42.08,377105485-AddedOnRampEdge_3,0.00
264.0,car_005,77.653815,12.923894,101.23,car,15.90,691.99,379308034_0,0.00
264.0,car_006,77.646542,12.923512,49.74,car,13.81,225.79,377125912#6_0,0.00
264.0,car_007,77.644948,12.922070,47.21,car,12.11,11.18,:cluster_2385141385_650141020_10_0,0.00
264.0,car_008,77.649171,12.924450,85.39,car,15.78,179.50,379308034_0,0.00
264.0,car_009,77.647812,12.924268,70.31,car,15.98,30.41,379308034_1,0.00
264.0,car_010,77.646260,12.923272,47.19,car,15.59,185.18,377125912#6_0,0.00
264.0,truck_001,77.637805,12.916018,97.53,truck,11.89,293.17,380707230#2_0,0.00
265.0,bike_001,77.654959,12.923655,100.56,motorcycle,15.05,61.99,377105485-AddedOnRampEdge_2,0.00
265.0,bike_002,77.643927,12.920908,38.57,motorcycle,9.81,142.02,377125912#3_0,0.00
265.0,bike_003,77.648276,12.924355,78.93,motorcycle,13.55,81.33,379308034_0,0.00
265.0,bike_004,77.647961,12.924283,73.63,motorcycle,15.43,46.13,379308034_0,0.00
265.0,bike_005,77.645106,12.922213,46.27,motorcycle,14.61,13.26,377125912#6_0,0.00
265.0,bus_001,77.642446,12.919034,35.32,bus,13.40,231.28,377125912#2_0,0.00
265.0,bus_002,77.628787,12.916834,94.28,bus,13.41,623.14,1073384217#1_0,0.00
265.0,car_001,77.658427,12.922551,109.04,car,15.86,356.28,377105485_0,0.00
265.0,car_002,77.653779,12.923902,101.23,car,13.79,687.95,379308034_0,0.00
265.0,car_003,77.655732,12.923474,109.21,car,16.22,45.90,377105485_0,0.00
265.0,car_004,77.654933,12.923690,100.56,car,16.41,58.49,377105485-AddedOnRampEdge_3,0.00
265.0,car_005,77.653962,12.923864,101.23,car,16.32,708.31,379308034_0,0.00
265.0,car_006,77.646633,12.923586,49.74,car,12.94,238.73,377125912#6_0,0.00
265.0,car_007,77.645025,12.922139,46.95,car,11.44,1.21,377125912#6_0,0.00
265.0,car_008,77.649318,12.924461,85.39,car,16.05,195.55,379308034_0,0.00
265.0,car_009,77.647949,12.924310,73.63,car,15.67,46.08,379308034_1,0.00
265.0,car_010,77.646368,12.923367,47.19,car,15.79,200.97,377125912#6_0,0.00
265.0,truck_001,77.637916,12.916010,93.35,truck,12.09,305.26,380707230#2_0,0.00
266.0,bike_001,77.655090,12.923630,100.44,motorcycle,14.60,76.58,377105485-AddedOnRampEdge_2,0.00
266.0,bike_002,77.643991,12.920986,38.57,motorcycle,11.06,153.08,377125912#3_0,0.00
266.0,bike_003,77.648409,12.924379,78.93,motorcycle,14.74,96.07,379308034_0,0.00
266.0,bike_004,77.648103,12.924323,73.63,motorcycle,16.06,62.19,379308034_0,0.00
266.0,bike_005,77.645203,12.922302,46.27,motorcycle,14.44,27.70,377125912#6_0,0.00
266.0,bus_001,77.642521,12.919134,35.32,bus,13.73,245.02,377125912#2_0,0.00
266.0,bus_002,77.628911,12.916823,94.24,bus,13.55,636.69,1073384217#1_0,0.00
266.0,car_001,77.658564,12.922503,109.04,car,15.81,372.09,377105485_0,0.00
266.0,car_002,77.653911,12.923875,101.23,car,14.70,702.65,379308034_0,0.00
266.0,car_003,77.655869,12.923429,107.63,car,15.68,61.58,377105485_0,0.00
266.0,car_004,77.655080,12.923661,100.44,car,16.36,74.84,377105485-AddedOnRampEdge_3,0.00
266.0,car_005,77.654102,12.923835,101.37,car,15.66,723.97,379308034_0,0.00
266.0,car_006,77.646730,12.923654,57.77,car,13.01,251.74,377125912#6_0,0.00
266.0,car_007,77.645099,12.922207,46.27,car,10.99,12.20,377125912#6_0,0.00
266.0,car_008,77.649462,12.924471,85.39,car,15.75,211.30,379308034_0,0.00
266.0,car_009,77.648090,12.924349,73.63,car,15.90,61.99,379308034_1,0.00
266.0,car_010,77.646477,12.923459,49.74,car,15.65,216.62,377125912#6_0,0.00
266.0,truck_001,77.638027,12.916008,90.73,truck,12.00,317.25,380707230#2_0,0.00
267.0,bike_001,77.655237,12.923602,100.44,motorcycle,16.17,92.75,377105485-AddedOnRampEdge_2,0.00
267.0,bike_002,77.644059,12.921067,38.57,motorcycle,11.64,164.72,377125912#3_0,0.00
267.0,bike_003,77.648541,12.924397,81.94,motorcycle,14.54,110.61,379308034_0,0.00
267.0,bike_004,77.648232,12.924347,78.93,motorcycle,14.33,76.52,379308034_0,0.00
267.0,bike_005,77.645313,12.922404,46.27,motorcycle,16.47,44.17,377125912#6_0,0.00
267.0,bus_001,77.642594,12.919233,35.32,bus,13.53,258.55,377125912#2_0,0.00
267.0,bus_002,77.629034,12.916813,94.23,bus,13.39,650.08,1073384217#1_0,0.00
267.0,car_001,77.658705,12.922454,109.04,car,16.35,388.44,377105485_0,0.00
267.0,car_002,77.654045,12.923847,101.23,car,14.97,717.62,379308034_0,0.00
267.0,car_003,77.656005,12.923385,107.63,car,15.54,77.12,377105485_0,0.00
267.0,car_004,77.655229,12.923633,100.44,car,16.40,91.25,377105485-AddedOnRampEdge_3,0.00
267.0,car_005,77.654250,12.923799,103.31,car,16.57,740.54,379308034_0,0.00
267.0,car_006,77.646835,12.923717,57.77,car,13.33,265.06,377125912#6_0,0.00
267.0,car_007,77.645183,12.922284,46.27,car,12.56,24.76,377125912#6_0,0.00
267.0,car_008,77.649610,12.924481,85.39,car,16.11,227.41,379308034_0,0.00
267.0,car_009,77.648240,12.924378,78.92,car,16.62,78.61,379308034_1,0.00
267.0,car_010,77.646590,12.923551,49.74,car,16.02,232.65,377125912#6_0,0.00
267.0,truck_001,77.638135,12.916012,86.86,truck,11.76,329.02,380707230#2_0,0.00
268.0,bike_001,77.655387,12.923573,102.05,motorcycle,16.65,6.77,377105485_0,0.00
268.0,bike_002,77.644117,12.921137,38.57,motorcycle,10.01,174.73,377125912#3_0,0.00
268.0,bike_003,77.648664,12.924412,81.94,motorcycle,13.56,124.17,379308034_0,0.00
268.0,bike_004,77.648362,12.924371,78.93,motorcycle,14.35,90.87,379308034_0,0.00
268.0,bike_005,77.645423,12.922504,46.27,motorcycle,16.35,60.52,377125912#6_0,0.00
268.0,bus_001,77.642668,12.919334,35.32,bus,13.70,272.25,377125912#2_0,0.00
268.0,bus_002,77.629157,12.916803,94.23,bus,13.43,663.52,1073384217#1_0,0.00
268.0,car_001,77.658840,12.922406,109.04,car,15.57,404.00,377105485_0,0.00
268.0,car_002,77.654173,12.923818,103.31,car,14.27,731.89,379308034_0,0.00
268.0,car_003,77.656147,12.923339,107.63,car,16.30,93.42,377105485_0,0.00
268.0,car_004,77.655372,12.923606,100.44,car,15.88,4.50,377105485_1,0.00
268.0,car_005,77.654400,12.923764,102.38,car,16.60,0.11,377105485-AddedOnRampEdge_2,0.00
268.0,car_006,77.646940,12.923781,57.77,car,13.44,278.50,377125912#6_0,0.00
268.0,car_007,77.645270,12.922364,46.27,car,12.99,37.75,377125912#6_0,0.00
268.0,car_008,77.649758,12.924491,85.39,car,16.20,243.61,379308034_0,0.00
268.0,car_009,77.648391,12.924405,78.92,car,16.64,95.25,379308034_1,0.00
268.0,car_010,77.646703,12.923638,55.54,car,15.60,248.25,377125912#6_0,0.00
268.0,truck_001,77.638246,12.916018,86.39,truck,11.97,340.99,380707230#2_0,0.00
269.0,bike_001,77.655533,12.923534,104.45,motorcycle,16.47,23.24,377105485_0,0.00
269.0,bike_002,77.644180,12.921214,38.57,motorcycle,10.93,185.66,377125912#3_0,0.00
269.0,bike_003,77.648799,12.924425,85.39,motorcycle,14.70,138.87,379308034_0,0.00
269.0,bike_004,77.648502,12.924392,81.94,motorcycle,15.44,106.31,379308034_0,0.00
269.0,bike_005,77.645519,12.922593,46.27,motorcycle,14.29,74.81,377125912#6_0,0.00
269.0,bus_001,77.642741,12.919433,35.32,bus,13.55,285.80,377125912#2_0,0.00
269.0,bus_002,77.629284,12.916793,94.01,bus,13.82,8.45,:2471287780_3_0,0.00
269.0,car_001,77.658977,12.922358,109.04,car,15.84,419.84,377105485_0,0.00
269.0,car_002,77.654304,12.923786,103.31,car,14.75,746.64,379308034_0,0.00
269.0,car_003,77.656281,12.923296,107.63,car,15.39,108.81,377105485_0,0.00
269.0,car_004,77.655519,12.923568,104.45,car,16.49,20.99,377105485_1,0.00
269.0,car_005,77.654543,12.923736,100.56,car,15.92,16.03,377105485-AddedOnRampEdge_2,0.00
269.0,car_006,77.647039,12.923841,57.77,car,12.73,291.23,377125912#6_0,0.00
269.0,car_007,77.645349,12.922437,46.27,car,11.84,49.60,377125912#6_0,0.00
269.0,car_008,77.649903,12.924500,86.37,car,15.76,259.38,379308034_0,0.00
269.0,car_009,77.648540,12.924426,81.95,car,16.34,111.59,379308034_1,0.00
269.0,car_010,77.646824,12.923711,57.77,car,15.41,263.66,377125912#6_0,0.00
269.0,truck_001,77.638354,12.916027,84.86,truck,11.75,352.74,380707230#2_0,0.00
270.0,bike_001,77.655663,12.923498,109.21,motorcycle,14.65,37.88,377105485_0,0.00
270.0,bike_002,77.644244,12.921290,38.57,motorcycle,10.86,196.52,377125912#3_0,0.00
270.0,bike_003,77.648932,12.924434,85.39,motorcycle,14.58,153.45,379308034_0,0.00
270.0,bike_004,77.648646,12.924410,81.94,motorcycle,15.88,122.19,379308034_0,0.00
270.0,bike_005,77.645623,12.922689,46.27,motorcycle,15.65,90.45,377125912#6_0,0.00
270.0,bus_001,77.642816,12.919534,35.32,bus,13.71,299.51,377125912#2_0,0.00
270.0,bus_002,77.629411,12.916784,93.53,bus,13.84,12.82,1534247766#0_0,0.00
270.0,car_001,77.659116,12.922310,109.04,car,15.98,435.82,377105485_0,0.00
270.0,car_002,77.654438,12.923756,100.61,car,14.73,4.34,377105485-AddedOnRampEdge_2,0.00
270.0,car_003,77.656421,12.923251,107.63,car,15.97,124.77,377105485_0,0.00
270.0,car_004,77.655665,12.923528,106.18,car,16.50,37.48,377105485_1,0.00
270.0,car_005,77.654686,12.923708,100.56,car,15.77,31.80,377105485-AddedOnRampEdge_2,0.00
270.0,car_006,77.647138,12.923901,57.77,car,12.67,303.90,377125912#6_0,0.00
270.0,car_007,77.645429,12.922510,46.27,car,11.80,61.40,377125912#6_0,0.00
270.0,car_008,77.650055,12.924508,86.37,car,16.56,275.94,379308034_0,0.00
270.0,car_009,77.648685,12.924444,81.95,car,15.86,127.45,379308034_1,0.00
270.0,car_010,77.646914,12.923799,57.77,car,13.61,277.28,377125912#6_1,0.00
270.0,truck_001,77.638462,12.916046,79.22,truck,11.94,364.68,380707230#2_0,0.00
271.0,bike_001,77.655800,12.923452,107.63,motorcycle,15.77,53.65,377105485_0,0.00
271.0,bike_002,77.644309,12.921369,38.57,motorcycle,11.31,207.83,377125912#3_0,0.00
271.0,bike_003,77.649068,12.924443,85.39,motorcycle,14.83,168.28,379308034_0,0.00
271.0,bike_004,77.648790,12.924424,85.39,motorcycle,15.72,137.91,379308034_0,0.00
271.0,bike_005,77.645721,12.922778,46.27,motorcycle,14.48,104.93,377125912#6_0,0.00
271.0,bus_001,77.642890,12.919634,35.32,bus,13.67,313.18,377125912#2_0,0.00
271.0,bus_002,77.629539,12.916775,93.53,bus,13.86,26.68,1534247766#0_0,0.00
271.0,car_001,77.659255,12.922261,109.04,car,16.04,451.86,377105485_0,0.00
271.0,car_002,77.654586,12.923727,100.56,car,16.43,20.77,377105485-AddedOnRampEdge_2,0.00
271.0,car_003,77.656559,12.923205,109.04,car,15.90,140.67,377105485_0,0.00
271.0,car_004,77.655801,12.923482,107.63,car,15.57,53.06,377105485_1,0.00
271.0,car_005,77.654826,12.923681,100.56,car,15.51,47.31,377105485-AddedOnRampEdge_2,0.00
271.0,car_006,77.647238,12.923961,57.77,car,12.67,316.57,377125912#6_0,0.00
271.0,car_007,77.645514,12.922588,46.27,car,12.68,74.07,377125912#6_0,0.00
271.0,car_008,77.650205,12.924514,88.87,car,16.35,292.29,379308034_0,0.00
271.0,car_009,77.648831,12.924456,85.39,car,15.88,143.33,379308034_1,0.00
271.0,car_010,77.647033,12.923871,57.77,car,15.15,292.43,377125912#6_1,0.00
271.0,truck_001,77.638571,12.916065,79.22,truck,11.93,376.61,380707230#2_0,0.00
272.0,bike_001,77.655931,12.923409,107.63,motorcycle,15.03,68.68,377105485_0,0.00
272.0,bike_002,77.644371,12.921443,38.57,motorcycle,10.56,218.39,377125912#3_0,0.00
272.0,bike_003,77.649192,12.924452,85.39,motorcycle,13.55,181.84,379308034_0,0.00
272.0,bike_004,77.648928,12.924434,85.39,motorcycle,15.05,152.97,379308034_0,0.00
272.0,bike_005,77.645820,12.922870,46.27,motorcycle,14.83,119.76,377125912#6_0,0.00
272.0,bus_001,77.642962,12.919732,35.31,bus,13.34,326.52,377125912#2_0,0.00
272.0,bus_002,77.629664,12.916766,93.53,bus,13.68,40.36,1534247766#0_0,0.00
272.0,car_001,77.659392,12.922213,109.04,car,15.84,467.70,377105485_0,0.00
272.0,car_002,77.654731,12.923699,100.56,car,16.02,36.79,377105485-AddedOnRampEdge_2,0.00
272.0,car_003,77.656698,12.923156,109.04,car,16.01,156.68,377105485_0,0.00
272.0,car_004,77.655942,12.923436,107.63,car,16.13,69.19,377105485_1,0.00
272.0,car_005,77.654969,12.923654,100.56,car,15.79,63.10,377105485-AddedOnRampEdge_2,0.00
272.0,car_006,77.647341,12.924023,57.79,car,13.21,329.78,377125912#6_0,0.00
272.0,car_007,77.645600,12.922667,46.27,car,12.86,86.93,377125912#6_0,0.00
272.0,car_008,77.650348,12.924510,91.11,car,15.61,307.90,379308034_0,0.00
272.0,car_009,77.648979,12.924466,85.39,car,16.10,159.43,379308034_1,0.00
272.0,car_010,77.647155,12.923945,57.77,car,15.66,308.09,377125912#6_1,0.00
272.0,truck_001,77.638679,12.916090,76.15,truck,12.05,388.66,380707230#2_0,0.00
273.0,bike_001,77.656066,12.923366,107.63,motorcycle,15.45,84.14,377105485_0,0.00
273.0,bike_002,77.644431,12.921515,38.57,motorcycle,10.36,228.75,377125912#3_0,0.00
273.0,bike_003,77.649316,12.924460,85.39,motorcycle,13.45,195.28,379308034_0,0.00
273.0,bike_004,77.649065,12.924443,85.39,motorcycle,14.92,167.89,379308034_0,0.00
273.0,bike_005,77.645924,12.922965,46.27,motorcycle,15.51,135.27,377125912#6_0,0.00
273.0,bus_001,77.643036,12.919831,35.72,bus,13.62,3.00,:650141428_3_0,0.00
273.0,bus_002,77.629788,12.916757,93.53,bus,13.49,53.85,1534247766#0_0,0.00
273.0,car_001,77.659545,12.922191,109.04,car,16.32,484.02,377105485_1,0.00
273.0,car_002,77.654877,12.923671,100.56,car,16.21,53.00,377105485-AddedOnRampEdge_2,0.00
273.0,car_003,77.656838,12.923107,109.04,car,16.17,172.86,377105485_0,0.00
273.0,car_004,77.656084,12.923390,107.63,car,16.24,85.43,377105485_1,0.00
273.0,car_005,77.655116,12.923625,100.44,car,16.27,79.37,377105485-AddedOnRampEdge_2,0.00
273.0,car_006,77.647438,12.924068,65.93,car,12.56,0.79,377125912#7_0,0.00
273.0,car_007,77.645687,12.922747,46.27,car,13.00,99.93,377125912#6_0,0.00
273.0,car_008,77.650498,12.924506,91.11,car,16.36,324.26,379308034_0,0.00
273.0,car_009,77.649122,12.924476,85.39,car,15.57,174.99,379308034_1,0.00
273.0,car_010,77.647277,12.924019,57.77,car,15.50,323.59,377125912#6_1,0.00
273.0,truck_001,77.638782,12.916122,71.90,truck,11.66,400.32,380707230#2_0,0.00
274.0,bike_001,77.656190,12.923325,107.63,motorcycle,14.24,98.38,377105485_0,0.00
274.0,bike_002,77.644489,12.921585,38.57,motorcycle,9.92,238.66,377125912#3_0,0.00
274.0,bike_003,77.649436,12.924469,85.39,motorcycle,13.12,208.41,379308034_0,0.00
274.0,bike_004,77.649210,12.924453,85.39,motorcycle,15.87,183.75,379308034_0,0.00
274.0,bike_005,77.646027,12.923060,46.27,motorcycle,15.41,150.67,377125912#6_0,0.00
274.0,bus_001,77.643113,12.919928,37.27,bus,13.67,1.99,377125912#3_0,0.00
274.0,bus_002,77.629915,12.916749,93.48,bus,13.85,67.70,1534247766#0_0,0.00
274.0,car_001,77.659689,12.922140,109.04,car,16.63,500.66,377105485_1,0.00
274.0,car_002,77.655024,12.923643,100.53,car,16.26,69.26,377105485-AddedOnRampEdge_2,0.00
274.0,car_003,77.656980,12.923058,109.04,car,16.35,189.21,377105485_0,0.00
274.0,car_004,77.656222,12.923346,107.63,car,15.84,101.26,377105485_1,0.00
274.0,car_005,77.655261,12.923597,100.44,car,16.08,0.82,:377105485-AddedOnRampNode_0_0,0.00
274.0,car_006,77.647550,12.924123,62.81,car,13.13,11.60,:650141496_0_0,0.00
274.0,car_007,77.645774,12.922828,46.27,car,13.02,112.95,377125912#6_0,0.00
274.0,car_008,77.650645,12.924493,94.50,car,16.05,340.31,379308034_0,0.00
274.0,car_009,77.649263,12.924486,85.39,car,15.41,190.40,379308034_1,0.00
274.0,car_010,77.647403,12.924084,68.71,car,15.55,7.24,:1645178560_2_1,0.00
274.0,truck_001,77.638885,12.916156,70.46,truck,11.78,412.10,380707230#2_0,0.00
275.0,bike_001,77.656317,12.923285,107.63,motorcycle,14.46,112.84,377105485_0,0.00
275.0,bike_002,77.644545,12.921652,38.57,motorcycle,9.62,248.29,377125912#3_0,0.00
275.0,bike_003,77.649563,12.924477,85.39,motorcycle,13.90,222.31,379308034_0,0.00
275.0,bike_004,77.649351,12.924463,85.39,motorcycle,15.38,199.14,379308034_0,0.00
275.0,bike_005,77.646136,12.923160,46.27,motorcycle,16.14,166.81,377125912#6_0,0.00
275.0,bus_001,77.643189,12.920020,38.57,bus,13.21,15.20,377125912#3_0,0.00
275.0,bus_002,77.630041,12.916740,93.26,bus,13.62,81.32,1534247766#0_0,0.00
275.0,car_001,77.659831,12.922090,109.60,car,16.34,517.00,377105485_1,0.00
275.0,car_002,77.655167,12.923615,100.44,car,15.84,85.09,377105485-AddedOnRampEdge_2,0.00
275.0,car_003,77.657113,12.923011,109.04,car,15.43,204.64,377105485_0,0.00
275.0,car_004,77.656364,12.923300,107.63,car,16.15,117.41,377105485_1,0.00
275.0,car_005,77.655411,12.923567,103.57,car,16.66,9.48,377105485_0,0.00
275.0,car_006,77.647659,12.924173,64.78,car,13.02,10.92,379308034_0,0.00
275.0,car_007,77.645854,12.922901,46.27,car,11.91,124.87,377125912#6_0,0.00
275.0,car_008,77.650796,12.924480,94.50,car,16.57,356.88,379308034_0,0.00
275.0,car_009,77.649409,12.924496,85.39,car,15.92,206.32,379308034_1,0.00
275.0,car_010,77.647532,12.924146,62.86,car,15.54,10.82,:650141496_0_1,0.00
275.0,truck_001,77.638988,12.916194,69.28,truck,11.92,424.02,380707230#2_0,0.00
276.0,bike_001,77.656456,12.923240,107.63,motorcycle,15.97,128.81,377105485_0,0.00
276.0,bike_002,77.644601,12.921721,38.57,motorcycle,9.77,258.05,377125912#3_0,0.00
276.0,bike_003,77.649704,12.924487,85.39,motorcycle,15.43,237.74,379308034_0,0.00
276.0,bike_004,77.649487,12.924472,85.39,motorcycle,14.81,213.95,379308034_0,0.00
276.0,bike_005,77.646238,12.923252,47.19,motorcycle,15.10,181.92,377125912#6_0,0.00
276.0,bus_001,77.643268,12.920115,38.57,bus,13.57,28.77,377125912#3_0,0.00
276.0,bus_002,77.630168,12.916732,93.26,bus,13.85,95.17,1534247766#0_0,0.00
276.0,car_001,77.659965,12.922041,109.60,car,15.50,532.50,377105485_1,0.00
276.0,car_002,77.655315,12.923587,100.44,car,16.31,6.77,:377105485-AddedOnRampNode_0_0,0.00
276.0,car_003,77.657255,12.922961,109.04,car,16.35,220.99,377105485_0,0.00
276.0,car_004,77.656502,12.923255,107.63,car,15.75,133.17,377105485_1,0.00
276.0,car_005,77.655557,12.923528,104.45,car,16.50,25.98,377105485_0,0.00
276.0,car_006,77.647771,12.924223,64.78,car,13.40,24.32,379308034_0,0.00
276.0,car_007,77.645941,12.922981,46.27,car,12.94,137.81,377125912#6_0,0.00
276.0,car_008,77.650940,12.924458,98.47,car,15.79,372.67,379308034_0,0.00
276.0,car_009,77.649558,12.924506,85.39,car,16.18,222.51,379308034_1,0.00
276.0,car_010,77.647664,12.924207,64.78,car,15.87,12.99,379308034_1,0.00
276.0,truck_001,77.639093,12.916231,69.28,truck,12.08,436.11,380707230#2_0,0.00
277.0,bike_001,77.656586,12.923195,109.04,motorcycle,14.97,143.78,377105485_0,0.00
277.0,bike_002,77.644670,12.921803,38.57,motorcycle,11.78,269.83,377125912#3_0,0.00
277.0,bike_003,77.649840,12.924497,85.39,motorcycle,14.76,252.50,379308034_0,0.00
277.0,bike_004,77.649632,12.924482,85.39,motorcycle,15.90,229.84,379308034_0,0.00
277.0,bike_005,77.646343,12.923345,47.19,motorcycle,15.40,197.32,377125912#6_0,0.00
277.0,bus_001,77.643348,12.920212,38.57,bus,13.78,42.55,377125912#3_0,0.00
277.0,bus_002,77.630291,12.916724,93.26,bus,13.39,108.56,1534247766#0_0,0.00
277.0,car_001,77.660108,12.921995,106.75,car,16.41,548.91,377105485_1,0.00
277.0,car_002,77.655465,12.923582,104.45,car,16.13,14.90,377105485_1,0.00
277.0,car_003,77.657398,12.922911,109.04,car,16.49,237.48,377105485_0,0.00
277.0,car_004,77.656636,12.923209,109.04,car,15.46,148.63,377105485_1,0.00
277.0,car_005,77.655697,12.923486,109.21,car,15.89,41.87,377105485_0,0.00
277.0,car_006,77.647889,12.924263,70.30,car,13.68,38.00,379308034_0,0.00
277.0,car_007,77.646020,12.923054,46.27,car,11.84,149.64,377125912#6_0,0.00
277.0,car_008,77.651088,12.924435,98.47,car,16.41,389.08,379308034_0,0.00
277.0,car_009,77.649700,12.924516,85.39,car,15.44,237.94,379308034_1,0.00
277.0,car_010,77.647802,12.924264,70.31,car,16.34,29.32,379308034_1,0.00
277.0,truck_001,77.639197,12.916269,69.28,truck,12.02,448.13,380707230#2_0,0.00
278.0,bike_001,77.656722,12.923148,109.04,motorcycle,15.63,159.41,377105485_0,0.00
278.0,bike_002,77.644731,12.921865,44.66,motorcycle,9.59,279.42,377125912#3_0,0.00
278.0,bike_003,77.649971,12.924504,86.37,motorcycle,14.37,266.87,379308034_0,0.00
278.0,bike_004,77.649769,12.924492,85.39,motorcycle,14.99,244.84,379308034_0,0.00
278.0,bike_005,77.646456,12.923443,49.74,motorcycle,16.44,213.76,377125912#6_0,0.00
278.0,bus_001,77.643427,12.920307,38.57,bus,13.61,56.16,377125912#3_0,0.00
278.0,bus_002,77.630416,12.916715,93.26,bus,13.64,122.20,1534247766#0_0,0.00
278.0,car_001,77.660246,12.921953,106.41,car,15.68,564.59,377105485_1,0.00
278.0,car_002,77.655602,12.923546,104.45,car,15.37,30.27,377105485_1,0.00
278.0,car_003,77.657539,12.922862,109.04,car,16.35,253.83,377105485_0,0.00
278.0,car_004,77.656774,12.923160,109.04,car,15.97,164.60,377105485_1,0.00
278.0,car_005,77.655834,12.923441,107.63,car,15.70,57.57,377105485_0,0.00
278.0,car_006,77.648007,12.924296,73.63,car,13.36,51.36,379308034_0,0.00
278.0,car_007,77.646102,12.923129,46.27,car,12.13,161.77,377125912#6_0,0.00
278.0,car_008,77.651228,12.924413,98.54,car,15.40,404.48,379308034_0,0.00
278.0,car_009,77.649845,12.924526,85.39,car,15.84,253.78,379308034_1,0.00
278.0,car_010,77.647939,12.924307,73.63,car,15.55,44.87,379308034_1,0.00
278.0,truck_001,77.639300,12.916306,69.28,truck,11.84,459.97,380707230#2_0,0.00
279.0,bike_001,77.656864,12.923098,109.04,motorcycle,16.42,175.83,377105485_0,0.00
279.0,bike_002,77.644796,12.921928,44.66,motorcycle,9.94,289.36,377125912#3_0,0.00
279.0,bike_003,77.650112,12.924511,86.37,motorcycle,15.31,282.18,379308034_0,0.00
279.0,bike_004,77.649911,12.924501,86.37,motorcycle,15.42,260.26,379308034_0,0.00
279.0,bike_005,77.646572,12.923537,49.74,motorcycle,16.35,230.11,377125912#6_0,0.00
279.0,bus_001,77.643506,12.920402,38.57,bus,13.52,69.68,377125912#3_0,0.00
279.0,bus_002,77.630539,12.916707,93.26,bus,13.40,135.60,1534247766#0_0,0.00
279.0,car_001,77.660377,12.921890,103.79,car,16.08,580.66,377105485_0,0.00
279.0,car_002,77.655740,12.923502,109.22,car,15.76,46.03,377105485_1,0.00
279.0,car_003,77.657675,12.922814,109.04,car,15.67,269.50,377105485_0,0.00
279.0,car_004,77.656917,12.923110,109.04,car,16.46,181.06,377105485_1,0.00
279.0,car_005,77.655979,12.923394,107.63,car,16.57,74.14,377105485_0,0.00
279.0,car_006,77.648118,12.924326,74.34,car,12.53,63.88,379308034_0,0.00
279.0,car_007,77.646189,12.923208,46.82,car,12.97,174.74,377125912#6_0,0.00
279.0,car_008,77.651377,12.924384,100.54,car,16.50,420.98,379308034_0,0.00
279.0,car_009,77.649990,12.924534,86.37,car,15.74,269.52,379308034_1,0.00
279.0,car_010,77.648076,12.924345,73.63,car,15.55,60.42,379308034_1,0.00
279.0,truck_001,77.639405,12.916344,68.86,truck,12.08,472.04,380707230#2_0,0.00
280.0,bike_001,77.656996,12.923052,109.04,motorcycle,15.26,191.09,377105485_0,0.00
280.0,bike_002,77.644866,12.921996,44.45,motorcycle,10.68,300.04,377125912#3_0,0.00
280.0,bike_003,77.650240,12.924513,91.11,motorcycle,13.92,296.10,379308034_0,0.00
280.0,bike_004,77.650057,12.924508,86.37,motorcycle,15.91,276.17,379308034_0,0.00
280.0,bike_005,77.646683,12.923626,52.65,motorcycle,15.62,245.72,377125912#6_0,0.00
280.0,bus_001,77.643585,12.920497,38.57,bus,13.59,83.27,377125912#3_0,0.00
280.0,bus_002,77.630664,12.916700,92.93,bus,13.51,8.02,:12683580002_3_0,0.00
280.0,car_001,77.660533,12.921881,103.79,car,16.07,596.73,377105485_1,0.00
280.0,car_002,77.655876,12.923457,107.63,car,15.63,61.66,377105485_1,0.00
280.0,car_003,77.657816,12.922765,109.04,car,16.29,285.79,377105485_0,0.00
280.0,car_004,77.657052,12.923063,109.04,car,15.53,196.60,377105485_1,0.00
280.0,car_005,77.656121,12.923348,107.63,car,16.28,90.42,377105485_0,0.00
280.0,car_006,77.648236,12.924348,78.93,car,13.10,76.98,379308034_0,0.00
280.0,car_007,77.646271,12.923281,47.19,car,12.02,186.77,377125912#6_0,0.00
280.0,car_008,77.651522,12.924356,100.54,car,16.13,437.12,379308034_0,0.00
280.0,car_009,77.650137,12.924541,86.37,car,15.95,285.48,379308034_1,0.00
280.0,car_010,77.648226,12.924375,78.92,car,16.54,76.97,379308034_1,0.00
280.0,truck_001,77.639506,12.916382,68.69,truck,11.72,483.77,380707230#2_0,0.00
280.0,truck_002,77.623305,12.917456,75.88,truck,13.11,12.10,1073384217#1_0,0.00
281.0,bike_001,77.657136,12.923003,109.04,motorcycle,16.13,207.21,377105485_0,0.00
281.0,bike_002,77.644940,12.922063,47.21,motorcycle,11.01,9.92,:cluster_2385141385_650141020_10_0,0.00
281.0,bike_003,77.650378,12.924509,91.11,motorcycle,15.10,311.20,379308034_0,0.00
281.0,bike_004,77.650193,12.924514,89.08,motorcycle,14.90,291.06,379308034_0,0.00
281.0,bike_005,77.646803,12.923698,57.77,motorcycle,15.31,261.03,377125912#6_0,0.00
281.0,bus_001,77.643662,12.920590,38.57,bus,13.27,96.54,377125912#3_0,0.00
281.0,bus_002,77.630786,12.916694,92.22,bus,13.31,11.84,1534247766#1_0,0.00
281.0,car_001,77.660678,12.921844,103.79,car,16.25,612.99,377105485_1,0.00
281.0,car_002,77.656018,12.923412,107.63,car,16.17,77.83,377105485_1,0.00
281.0,car_003,77.657954,12.922717,109.04,car,15.87,301.66,377105485_0,0.00
281.0,car_004,77.657192,12.923014,109.04,car,16.18,212.77,377105485_1,0.00
281.0,car_005,77.656263,12.923302,107.63,car,16.33,106.75,377105485_0,0.00
281.0,car_006,77.648360,12.924370,78.93,car,13.70,90.68,379308034_0,0.00
281.0,car_007,77.646356,12.923357,47.19,car,12.52,199.29,377125912#6_0,0.00
281.0,car_008,77.651666,12.924328,100.54,car,16.01,453.13,379308034_0,0.00
281.0,car_009,77.650281,12.924541,91.10,car,15.69,301.16,379308034_1,0.00
281.0,car_010,77.648376,12.924403,78.92,car,16.59,93.56,379308034_1,0.00
281.0,truck_001,77.639606,12.916427,64.93,truck,11.93,495.70,380707230#2_0,0.00
281.0,truck_002,77.623422,12.917483,75.88,truck,13.00,25.10,1073384217#1_0,0.00
282.0,bike_001,77.657261,12.922959,109.04,motorcycle,14.49,221.70,377105485_0,0.00
282.0,bike_002,77.645017,12.922132,47.19,motorcycle,11.53,0.03,377125912#6_0,0.00
282.0,bike_003,77.650516,12.924505,91.94,motorcycle,15.02,326.22,379308034_0,0.00
282.0,bike_004,77.650334,12.924510,91.11,motorcycle,15.37,306.44,379308034_0,0.00
282.0,bike_005,77.646919,12.923768,57.77,motorcycle,14.82,275.86,377125912#6_0,0.00
282.0,bus_001,77.643741,12.920684,38.57,bus,13.52,110.06,377125912#3_0,0.00
282.0,bus_002,77.630910,12.916688,92.21,bus,13.42,25.26,1534247766#1_0,0.00
282.0,car_001,77.660822,12.921808,103.79,car,16.19,629.17,377105485_1,0.00
282.0,car_002,77.656160,12.923366,107.63,car,16.26,94.09,377105485_1,0.00
282.0,car_003,77.658097,12.922667,109.04,car,16.56,318.21,377105485_0,0.00
282.0,car_004,77.657328,12.922967,109.04,car,15.64,228.41,377105485_1,0.00
282.0,car_005,77.656407,12.923255,107.63,car,16.48,123.23,377105485_0,0.00
282.0,car_006,77.648477,12.924388,81.94,car,12.91,103.59,379308034_0,0.00
282.0,car_007,77.646445,12.923433,49.74,car,12.82,212.10,377125912#6_0,0.00
282.0,car_008,77.651816,12.924299,100.54,car,16.59,469.72,379308034_0,0.00
282.0,car_009,77.650434,12.924536,91.10,car,16.55,317.71,379308034_1,0.00
282.0,car_010,77.648520,12.924423,81.95,car,15.78,109.33,379308034_1,0.00
282.0,truck_001,77.639705,12.916474,63.45,truck,11.92,507.62,380707230#2_0,0.00
282.0,truck_002,77.623535,12.917510,75.88,truck,12.72,37.82,1073384217#1_0,0.00
283.0,bike_001,77.657397,12.922911,109.04,motorcycle,15.73,237.43,377105485_0,0.00
283.0,bike_002,77.645084,12.922193,46.27,motorcycle,9.99,10.02,377125912#6_0,0.00
283.0,bike_003,77.650651,12.924493,94.50,motorcycle,14.81,341.03,379308034_0,0.00
283.0,bike_004,77.650471,12.924506,91.11,motorcycle,14.89,321.32,379308034_0,0.00
283.0,bike_005,77.647039,12.923841,57.77,motorcycle,15.32,291.17,377125912#6_0,0.00
283.0,bus_001,77.643819,12.920778,38.57,bus,13.40,123.46,377125912#3_0,0.00
283.0,bus_002,77.631033,12.916682,92.21,bus,13.43,38.69,1534247766#1_0,0.00
283.0,car_001,77.660971,12.921771,103.79,car,16.64,645.81,377105485_1,0.00
283.0,car_002,77.656295,12.923322,107.63,car,15.45,109.54,377105485_1,0.00
283.0,car_003,77.658236,12.922618,109.04,car,16.05,334.26,377105485_0,0.00
283.0,car_004,77.657463,12.922919,109.04,car,15.58,243.99,377105485_1,0.00
283.0,car_005,77.656550,12.923208,109.04,car,16.40,139.64,377105485_0,0.00
283.0,car_006,77.648593,12.924403,81.94,car,12.68,116.27,379308034_0,0.00
283.0,car_007,77.646530,12.923503,49.74,car,12.07,224.18,377125912#6_0,0.00
283.0,car_008,77.651965,12.924271,100.54,car,16.50,486.22,379308034_0,0.00
283.0,car_009,77.650579,12.924528,94.51,car,15.82,333.54,379308034_1,0.00
283.0,car_010,77.648666,12.924442,81.95,car,16.08,125.42,379308034_1,0.00
283.0,truck_001,77.639804,12.916524,61.91,truck,12.07,519.69,380707230#2_0,0.00
283.0,truck_002,77.623648,12.917535,76.45,truck,12.62,50.44,1073384217#1_0,0.00
284.0,bike_001,77.657533,12.922864,109.04,motorcycle,15.68,253.11,377105485_0,0.00
284.0,bike_002,77.645159,12.922262,46.27,motorcycle,11.17,21.19,377125912#6_0,0.00
284.0,bike_003,77.650773,12.924482,94.50,motorcycle,13.24,354.27,379308034_0,0.00
284.0,bike_004,77.650611,12.924496,94.50,motorcycle,15.31,336.64,379308034_0,0.00
284.0,bike_005,77.647157,12.923912,57.77,motorcycle,15.09,306.27,377125912#6_0,0.00
284.0,bus_001,77.643897,12.920873,38.57,bus,13.49,136.95,377125912#3_0,0.00
284.0,bus_002,77.631158,12.916671,94.67,bus,13.58,52.27,1534247766#1_0,0.00
284.0,car_001,77.661111,12.921735,103.79,car,15.71,661.52,377105485_1,0.00
284.0,car_002,77.656437,12.923276,107.63,car,16.22,125.76,377105485_1,0.00
284.0,car_003,77.658371,12.922571,109.04,car,15.57,349.83,377105485_0,0.00
284.0,car_004,77.657596,12.922873,109.04,car,15.39,259.37,377105485_1,0.00
284.0,car_005,77.656692,12.923158,109.04,car,16.32,155.96,377105485_0,0.00
284.0,car_006,77.648707,12.924418,81.94,car,12.53,128.80,379308034_0,0.00
284.0,car_007,77.646617,12.923574,49.74,car,12.33,236.50,377125912#6_0,0.00
284.0,car_008,77.652108,12.924242,101.06,car,15.97,502.19,379308034_0,0.00
284.0,car_009,77.650721,12.924516,94.51,car,15.45,348.99,379308034_1,0.00
284.0,car_010,77.648809,12.924454,85.39,car,15.50,140.91,379308034_1,0.00
284.0,truck_001,77.639899,12.916578,59.30,truck,11.86,531.55,380707230#2_0,0.00
284.0,truck_002,77.623763,12.917554,80.17,truck,12.63,63.07,1073384217#1_0,0.00
285.0,bike_001,77.657673,12.922815,109.04,motorcycle,16.16,269.27,377105485_0,0.00
285.0,bike_002,77.645227,12.922324,46.27,motorcycle,10.11,31.30,377125912#6_0,0.00
285.0,bike_003,77.650905,12.924463,98.47,motorcycle,14.58,368.85,379308034_0,0.00
285.0,bike_004,77.650721,12.924487,94.50,motorcycle,11.97,348.61,379308034_0,0.00
285.0,bike_005,77.647273,12.923982,57.77,motorcycle,14.80,321.06,377125912#6_0,0.00
285.0,bus_001,77.643975,12.920966,38.57,bus,13.36,150.31,377125912#3_0,0.00
285.0,bus_002,77.631282,12.916659,95.08,bus,13.62,65.89,1534247766#1_0,0.00
285.0,car_001,77.661251,12.921700,103.79,car,15.71,677.23,377105485_1,0.00
285.0,car_002,77.656571,12.923231,109.04,car,15.40,141.16,377105485_1,0.00
285.0,car_003,77.658505,12.922524,109.04,car,15.51,365.34,377105485_0,0.00
285.0,car_004,77.657730,12.922826,109.04,car,15.43,274.80,377105485_1,0.00
285.0,car_005,77.656836,12.923108,109.04,car,16.62,172.58,377105485_0,0.00
285.0,car_006,77.648827,12.924427,85.39,car,13.14,141.94,379308034_0,0.00
285.0,car_007,77.646704,12.923638,55.74,car,11.86,248.36,377125912#6_0,0.00
285.0,car_008,77.652257,12.924212,101.06,car,16.58,518.77,379308034_0,0.00
285.0,car_009,77.650873,12.924498,98.46,car,16.62,365.60,379308034_1,0.00
285.0,car_010,77.648956,12.924465,85.39,car,16.02,156.93,379308034_1,0.00
285.0,truck_001,77.639996,12.916633,59.30,truck,12.12,543.67,380707230#2_0,0.00
285.0,truck_002,77.623878,12.917572,80.17,truck,12.71,75.79,1073384217#1_0,0.00
286.0,bike_001,77.657816,12.922765,109.04,motorcycle,16.49,285.76,377105485_0,0.00
286.0,bike_002,77.645294,12.922386,46.27,motorcycle,9.98,41.28,377125912#6_0,0.00
286.0,bike_003,77.651041,12.924442,98.47,motorcycle,14.99,383.84,379308034_0,0.00
286.0,bike_004,77.650853,12.924471,98.47,motorcycle,14.54,363.15,379308034_0,0.00
286.0,bike_005,77.647394,12.924050,69.06,motorcycle,15.75,4.91,:1645178560_2_0,0.00
286.0,bus_001,77.644052,12.921059,38.57,bus,13.22,163.52,377125912#3_0,0.00
286.0,bus_002,77.631407,12.916647,95.08,bus,13.65,79.54,1534247766#1_0,0.00
286.0,car_001,77.661392,12.921665,103.79,car,15.79,693.02,377105485_1,0.00
286.0,car_002,77.656707,12.923184,109.04,car,15.69,156.85,377105485_1,0.00
286.0,car_003,77.658644,12.922475,109.04,car,16.01,381.35,377105485_0,0.00
286.0,car_004,77.657874,12.922775,109.04,car,16.62,291.42,377105485_1,0.00
286.0,car_005,77.656976,12.923059,109.04,car,16.20,188.78,377105485_0,0.00
286.0,car_006,77.648948,12.924435,85.39,car,13.17,155.11,379308034_0,0.00
286.0,car_007,77.646805,12.923700,57.77,car,12.98,261.34,377125912#6_0,0.00
286.0,car_008,77.652406,12.924182,101.06,car,16.48,535.25,379308034_0,0.00
286.0,car_009,77.651016,12.924475,98.46,car,15.76,381.37,379308034_1,0.00
286.0,car_010,77.649103,12.924475,85.39,car,16.02,172.95,379308034_1,0.00
286.0,truck_001,77.640084,12.916697,53.09,truck,11.87,555.54,380707230#2_0,0.00
286.0,truck_002,77.623995,12.917591,80.17,truck,12.90,88.69,1073384217#1_0,0.00
287.0,bike_001,77.657951,12.922718,109.04,motorcycle,15.63,301.39,377105485_0,0.00
287.0,bike_002,77.645364,12.922451,46.27,motorcycle,10.53,51.80,377125912#6_0,0.00
287.0,bike_003,77.651176,12.924421,98.47,motorcycle,14.84,398.69,379308034_0,0.00
287.0,bike_004,77.650976,12.924452,98.47,motorcycle,13.56,376.71,379308034_0,0.00
287.0,bike_005,77.647517,12.924107,62.81,motorcycle,14.61,7.56,:650141496_0_0,0.00
287.0,bus_001,77.644130,12.921153,38.57,bus,13.47,176.99,377125912#3_0,0.00
287.0,bus_002,77.631532,12.916635,95.08,bus,13.62,93.16,1534247766#1_0,0.00
287.0,car_001,77.661538,12.921628,103.79,car,16.37,709.39,377105485_1,0.00
287.0,car_002,77.656848,12.923134,109.04,car,16.24,173.09,377105485_1,0.00
287.0,car_003,77.658781,12.922427,109.04,car,15.87,397.22,377105485_0,0.00
287.0,car_004,77.658012,12.922727,109.04,car,15.88,307.30,377105485_1,0.00
287.0,car_005,77.657112,12.923011,109.04,car,15.65,204.43,377105485_0,0.00
287.0,car_006,77.649065,12.924443,85.39,car,12.85,167.96,379308034_0,0.00
287.0,car_007,77.646903,12.923759,57.77,car,12.53,273.87,377125912#6_0,0.00
287.0,car_008,77.652555,12.924151,101.06,car,16.66,551.91,379308034_0,0.00
287.0,car_009,77.651165,12.924452,98.46,car,16.34,397.71,379308034_1,0.00
287.0,car_010,77.649259,12.924456,85.39,car,16.11,189.06,379308034_0,0.00
287.0,truck_001,77.640171,12.916763,52.03,truck,11.92,567.46,380707230#2_0,0.00
287.0,truck_002,77.624110,12.917609,80.17,truck,12.68,101.37,1073384217#1_0,0.00
288.0,bike_001,77.658075,12.922674,109.04,motorcycle,14.24,315.63,377105485_0,0.00
288.0,bike_002,77.645441,12.922521,46.27,motorcycle,11.44,63.25,377125912#6_0,0.00
288.0,bike_003,77.651308,12.924397,100.54,motorcycle,14.69,413.38,379308034_0,0.00
288.0,bike_004,77.651099,12.924433,98.47,motorcycle,13.52,390.23,379308034_0,0.00
288.0,bike_005,77.647638,12.924163,64.78,motorcycle,14.55,8.41,379308034_0,0.00
288.0,bus_001,77.644209,12.921248,38.57,bus,13.60,190.60,377125912#3_0,0.00
288.0,bus_002,77.631657,12.916623,95.08,bus,13.60,106.76,1534247766#1_0,0.00
288.0,car_001,77.661684,12.921591,103.79,car,16.39,725.78,377105485_1,0.00
288.0,car_002,77.656983,12.923087,109.04,car,15.54,188.64,377105485_1,0.00
288.0,car_003,77.658916,12.922380,109.04,car,15.50,412.72,377105485_0,0.00
288.0,car_004,77.658151,12.922678,109.04,car,16.06,323.36,377105485_1,0.00
288.0,car_005,77.657251,12.922963,109.04,car,16.11,220.54,377105485_0,0.00
288.0,car_006,77.649180,12.924451,85.39,car,12.54,180.50,379308034_0,0.00
288.0,car_007,77.647004,12.923820,57.77,car,12.87,286.74,377125912#6_0,0.00
288.0,car_008,77.652699,12.924122,101.06,car,15.93,567.83,379308034_0,0.00
288.0,car_009,77.651314,12.924426,100.54,car,16.47,414.18,379308034_1,0.00
288.0,car_010,77.649401,12.924466,85.39,car,15.59,204.65,379308034_0,0.00
288.0,truck_001,77.640256,12.916833,49.27,truck,12.00,579.46,380707230#2_0,0.00
288.0,truck_002,77.624229,12.917628,80.17,truck,13.09,114.46,1073384217#1_0,0.00
289.0,bike_001,77.658200,12.922630,109.04,motorcycle,14.48,330.11,377105485_0,0.00
289.0,bike_002,77.645508,12.922583,46.27,motorcycle,10.03,73.28,377125912#6_0,0.00
289.0,bike_003,77.651438,12.924372,100.54,motorcycle,14.40,427.78,379308034_0,0.00
289.0,bike_004,77.651240,12.924411,99.97,motorcycle,15.55,405.78,379308034_0,0.00
289.0,bike_005,77.647771,12.924223,64.78,motorcycle,15.98,24.39,379308034_0,0.00
289.0,bus_001,77.644288,12.921344,38.57,bus,13.65,204.25,377125912#3_0,0.00
289.0,bus_002,77.631780,12.916611,95.08,bus,13.54,120.29,1534247766#1_0,0.00
289.0,car_001,77.661830,12.921554,103.79,car,16.43,742.21,377105485_1,0.00
289.0,car_002,77.657125,12.923038,109.04,car,16.39,205.02,377105485_1,0.00
289.0,car_003,77.659049,12.922333,109.04,car,15.45,428.16,377105485_0,0.00
289.0,car_004,77.658294,12.922628,109.04,car,16.44,339.80,377105485_1,0.00
289.0,car_005,77.657389,12.922914,109.04,car,15.91,236.45,377105485_0,0.00
289.0,car_006,77.649304,12.924460,85.39,car,13.51,194.01,379308034_0,0.00
289.0,car_007,77.647104,12.923880,57.77,car,12.82,299.56,377125912#6_0,0.00
289.0,car_008,77.652845,12.924093,101.06,car,16.29,584.13,379308034_0,0.00
289.0,car_009,77.651454,12.924399,100.54,car,15.46,429.64,379308034_1,0.00
289.0,car_010,77.649544,12.924476,85.39,car,15.56,220.21,379308034_0,0.00
289.0,truck_001,77.640340,12.916904,48.29,truck,11.97,591.44,380707230#2_0,0.00
289.0,truck_002,77.624345,12.917647,80.17,truck,12.77,127.23,1073384217#1_0,0.00
290.0,bike_001,77.658327,12.922586,109.04,motorcycle,14.69,344.79,377105485_0,0.00
290.0,bike_002,77.645587,12.922655,46.27,motorcycle,11.67,84.94,377125912#6_0,0.00
290.0,bike_003,77.651558,12.924349,100.54,motorcycle,13.31,441.09,379308034_0,0.00
290.0,bike_004,77.651376,12.924384,100.54,motorcycle,15.06,420.84,379308034_0,0.00
290.0,bike_005,77.647898,12.924266,71.83,motorcycle,14.58,38.97,379308034_0,0.00
290.0,bus_001,77.644367,12.921439,38.57,bus,13.53,217.77,377125912#3_0,0.00
290.0,bus_002,77.631903,12.916599,95.08,bus,13.41,133.70,1534247766#1_0,0.00
290.0,car_001,77.661975,12.921518,103.79,car,16.25,758.46,377105485_1,0.00
290.0,car_002,77.657264,12.922989,109.04,car,16.06,221.08,377105485_1,0.00
290.0,car_003,77.659183,12.922286,109.04,car,15.43,443.60,377105485_0,0.00
290.0,car_004,77.658438,12.922578,109.04,car,16.66,356.47,377105485_1,0.00
290.0,car_005,77.657528,12.922866,109.04,car,16.10,252.56,377105485_0,0.00
290.0,car_006,77.649428,12.924468,85.39,car,13.59,207.60,379308034_0,0.00
290.0,car_007,77.647200,12.923938,57.77,car,12.15,311.71,377125912#6_0,0.00
290.0,car_008,77.652986,12.924064,101.06,car,15.62,599.74,379308034_0,0.00
290.0,car_009,77.651593,12.924372,100.54,car,15.45,445.09,379308034_1,0.00
290.0,car_010,77.649693,12.924486,85.39,car,16.25,236.46,379308034_0,0.00
290.0,truck_001,77.640423,12.916977,47.94,truck,12.11,603.55,380707230#2_0,0.00
290.0,truck_002,77.624461,12.917659,83.48,truck,12.66,139.89,1073384217#1_0,0.00
291.0,bike_001,77.658461,12.922539,109.04,motorcycle,15.44,360.23,377105485_0,0.00
291.0,bike_002,77.645655,12.922718,46.27,motorcycle,10.16,95.10,377125912#6_0,0.00
291.0,bike_003,77.651691,12.924323,100.54,motorcycle,14.81,455.90,379308034_0,0.00
291.0,bike_004,77.651489,12.924363,100.54,motorcycle,12.55,433.39,379308034_0,0.00
291.0,bike_005,77.648035,12.924304,73.63,motorcycle,15.51,54.48,379308034_0,0.00
291.0,bus_001,77.644447,12.921534,38.57,bus,13.66,231.43,377125912#3_0,0.00
291.0,bus_002,77.632030,12.916586,95.08,bus,13.89,147.59,1534247766#1_0,0.00
291.0,car_001,77.662117,12.921482,103.79,car,15.92,774.37,377105485_1,0.00
291.0,car_002,77.657406,12.922939,109.04,car,16.36,237.45,377105485_1,0.00
291.0,car_003,77.659319,12.922239,109.04,car,15.66,459.25,377105485_0,0.00
291.0,car_004,77.658575,12.922530,109.04,car,15.72,372.18,377105485_1,0.00
291.0,car_005,77.657668,12.922817,109.04,car,16.17,268.73,377105485_0,0.00
291.0,car_006,77.649552,12.924477,85.39,car,13.53,221.13,379308034_0,0.00
291.0,car_007,77.647293,12.923994,57.77,car,11.95,323.65,377125912#6_0,0.00
291.0,car_008,77.653134,12.924034,101.23,car,16.49,616.23,379308034_0,0.00
291.0,car_009,77.651741,12.924343,100.54,car,16.34,461.43,379308034_1,0.00
291.0,car_010,77.649842,12.924497,85.39,car,16.32,252.78,379308034_0,0.00
291.0,truck_001,77.640502,12.917049,46.41,truck,11.67,615.22,380707230#2_0,0.00
291.0,truck_002,77.624581,12.917668,85.09,truck,13.09,152.98,1073384217#1_0,0.00
292.0,bike_001,77.658605,12.922489,109.04,motorcycle,16.65,376.88,377105485_0,0.00
292.0,bike_002,77.645719,12.922777,46.27,motorcycle,9.64,104.75,377125912#6_0,0.00
292.0,bike_003,77.651822,12.924298,100.54,motorcycle,14.45,470.35,379308034_0,0.00
292.0,bike_004,77.651613,12.924368,100.54,motorcycle,13.88,447.27,379308034_1,0.00
292.0,bike_005,77.648178,12.924337,78.93,motorcycle,16.10,70.58,379308034_0,0.00
292.0,bus_001,77.644524,12.921627,38.57,bus,13.31,244.74,377125912#3_0,0.00
292.0,bus_002,77.632154,12.916574,95.08,bus,13.52,161.10,1534247766#1_0,0.00
292.0,car_001,77.662255,12.921448,103.79,car,15.42,789.80,377105485_1,0.00
292.0,car_002,77.657550,12.922889,109.04,car,16.62,254.06,377105485_1,0.00
292.0,car_003,77.659454,12.922192,109.04,car,15.63,474.89,377105485_0,0.00
292.0,car_004,77.658719,12.922479,109.04,car,16.65,388.83,377105485_1,0.00
292.0,car_005,77.657803,12.922769,109.04,car,15.54,284.27,377105485_0,0.00
292.0,car_006,77.649674,12.924485,85.39,car,13.33,234.46,379308034_0,0.00
292.0,car_007,77.647385,12.924047,62.00,car,12.02,3.77,:1645178560_2_0,0.00
292.0,car_008,77.653274,12.924005,101.23,car,15.58,631.81,379308034_0,0.00
292.0,car_009,77.651880,12.924316,100.54,car,15.43,476.86,379308034_1,0.00
292.0,car_010,77.649992,12.924505,86.37,car,16.34,269.12,379308034_0,0.00
292.0,truck_001,77.640587,12.917118,49.52,truck,11.94,627.16,380707230#2_0,0.00
292.0,truck_002,77.624700,12.917677,85.09,truck,12.98,165.95,1073384217#1_0,0.00
293.0,bike_001,77.658744,12.922440,109.04,motorcycle,16.00,392.88,377105485_0,0.00
293.0,bike_002,77.645795,12.922846,46.27,motorcycle,11.25,115.99,377125912#6_0,0.00
293.0,bike_003,77.651953,12.924273,100.54,motorcycle,14.63,484.98,379308034_0,0.00
293.0,bike_004,77.651752,12.924341,100.54,motorcycle,15.43,462.70,379308034_1,0.00
293.0,bike_005,77.648320,12.924363,78.93,motorcycle,15.64,86.22,379308034_0,0.00
293.0,bus_001,77.644602,12.921722,38.57,bus,13.49,258.24,377125912#3_0,0.00
293.0,bus_002,77.632280,12.916561,95.45,bus,13.76,174.86,1534247766#1_0,0.00
293.0,car_001,77.662394,12.921411,104.29,car,15.61,805.41,377105485_1,0.00
293.0,car_002,77.657694,12.922838,109.04,car,16.54,270.60,377105485_1,0.00
293.0,car_003,77.659602,12.922170,109.04,car,15.73,490.61,377105485_1,0.00
293.0,car_004,77.658859,12.922430,109.04,car,16.15,404.99,377105485_1,0.00
293.0,car_005,77.657937,12.922723,109.04,car,15.46,299.73,377105485_0,0.00
293.0,car_006,77.649793,12.924493,85.39,car,12.90,247.36,379308034_0,0.00
293.0,car_007,77.647487,12.924092,62.82,car,12.08,3.89,:650141496_0_0,0.00
293.0,car_008,77.653419,12.923975,101.23,car,16.16,647.97,379308034_0,0.00
293.0,car_009,77.652028,12.924287,101.05,car,16.40,493.26,379308034_1,0.00
293.0,car_010,77.650135,12.924512,86.37,car,15.61,284.73,379308034_0,0.00
293.0,truck_001,77.640674,12.917185,51.54,truck,11.97,639.13,380707230#2_0,0.00
293.0,truck_002,77.624817,12.917680,87.90,truck,12.81,178.76,1073384217#1_0,0.00
294.0,bike_001,77.658884,12.922391,109.04,motorcycle,16.23,409.11,377105485_0,0.00
294.0,bike_002,77.645860,12.922906,46.27,motorcycle,9.66,125.65,377125912#6_0,0.00
294.0,bike_003,77.652085,12.924246,101.06,motorcycle,14.57,499.55,379308034_0,0.00
294.0,bike_004,77.651900,12.924313,100.54,motorcycle,16.34,479.03,379308034_1,0.00
294.0,bike_005,77.648452,12.924385,81.94,motorcycle,14.66,100.88,379308034_0,0.00
294.0,bus_001,77.644680,12.921815,38.57,bus,13.34,271.58,377125912#3_0,0.00
294.0,bus_002,77.632403,12.916548,95.54,bus,13.47,4.01,380707230#0_0,0.00
294.0,car_001,77.662556,12.921399,104.29,car,16.45,821.86,377105485_2,0.00
294.0,car_002,77.657833,12.922790,109.04,car,16.01,286.61,377105485_1,0.00
294.0,car_003,77.659739,12.922123,109.07,car,15.78,506.39,377105485_1,0.00
294.0,car_004,77.658995,12.922383,109.04,car,15.64,420.63,377105485_1,0.00
294.0,car_005,77.658072,12.922675,109.04,car,15.57,315.30,377105485_0,0.00
294.0,car_006,77.649915,12.924501,86.37,car,13.41,260.77,379308034_0,0.00
294.0,car_007,77.647590,12.924142,63.99,car,12.50,2.69,379308034_0,0.00
294.0,car_008,77.653566,12.923945,101.23,car,16.36,664.32,379308034_0,0.00
294.0,car_009,77.652172,12.924258,101.05,car,15.96,509.22,379308034_1,0.00
294.0,car_010,77.650278,12.924512,91.11,car,15.54,300.28,379308034_0,0.00
294.0,truck_001,77.640762,12.917252,51.54,truck,12.09,651.22,380707230#2_0,0.00
294.0,truck_002,77.624937,12.917681,88.98,truck,13.01,191.77,1073384217#1_0,0.00
295.0,bike_001,77.659011,12.922347,109.04,motorcycle,14.65,423.75,377105485_0,0.00
295.0,bike_002,77.645929,12.922970,46.27,motorcycle,10.36,136.01,377125912#6_0,0.00
295.0,bike_003,77.652205,12.924222,101.06,motorcycle,13.37,512.92,379308034_0,0.00
295.0,bike_004,77.652034,12.924286,101.05,motorcycle,14.91,493.94,379308034_1,0.00
295.0,bike_005,77.648597,12.924404,81.94,motorcycle,15.84,116.72,379308034_0,0.00
295.0,bus_001,77.644769,12.921902,44.66,bus,13.62,285.20,377125912#3_0,0.00
295.0,bus_002,77.632527,12.916536,95.19,bus,13.54,17.55,380707230#0_0,0.00
295.0,car_001,77.662704,12.921360,104.29,car,16.65,838.51,377105485_2,0.00
295.0,car_002,77.657969,12.922742,109.04,car,15.76,302.37,377105485_1,0.00
295.0,car_003,77.659880,12.922072,109.60,car,16.35,522.74,377105485_1,0.00
295.0,car_004,77.659137,12.922333,109.04,car,16.34,436.97,377105485_1,0.00
295.0,car_005,77.658212,12.922626,109.04,car,16.21,331.51,377105485_0,0.00
295.0,car_006,77.650032,12.924507,86.37,car,12.73,273.50,379308034_0,0.00
295.0,car_007,77.647694,12.924188,64.78,car,12.46,15.15,379308034_0,0.00
295.0,car_008,77.653708,12.923916,101.23,car,15.79,680.11,379308034_0,0.00
295.0,car_009,77.652318,12.924199,101.06,car,16.31,525.53,379308034_0,0.00
295.0,car_010,77.650430,12.924508,91.11,car,16.59,316.87,379308034_0,0.00
295.0,truck_001,77.640849,12.917318,51.45,truck,11.83,663.05,380707230#2_0,0.00
295.0,truck_002,77.625055,12.917681,89.25,truck,12.76,204.54,1073384217#1_0,0.00
296.0,bike_001,77.659144,12.922300,109.04,motorcycle,15.37,439.12,377105485_0,0.00
296.0,bike_002,77.645993,12.923029,46.27,motorcycle,9.55,145.56,377125912#6_0,0.00
296.0,bike_003,77.652321,12.924199,101.06,motorcycle,12.93,525.85,379308034_0,0.00
296.0,bike_004,77.652181,12.924257,101.05,motorcycle,16.21,510.14,379308034_1,0.00
296.0,bike_005,77.648736,12.924420,85.36,motorcycle,15.25,131.97,379308034_0,0.00
296.0,bus_001,77.644858,12.921989,44.56,bus,13.60,298.80,377125912#3_0,0.00
296.0,bus_002,77.632651,12.916524,95.19,bus,13.48,31.03,380707230#0_0,0.00
296.0,car_001,77.662851,12.921322,104.29,car,16.50,855.01,377105485_2,0.00
296.0,car_002,77.658110,12.922693,109.04,car,16.24,318.61,377105485_1,0.00
296.0,car_003,77.660019,12.922022,108.45,car,16.07,538.81,377105485_1,0.00
296.0,car_004,77.659274,12.922285,109.04,car,15.86,452.83,377105485_1,0.00
296.0,car_005,77.658348,12.922579,109.04,car,15.66,347.17,377105485_0,0.00
296.0,car_006,77.650155,12.924513,86.37,car,13.37,286.87,379308034_0,0.00
296.0,car_007,77.647803,12.924234,69.10,car,12.95,28.09,379308034_0,0.00
296.0,car_008,77.653858,12.923885,101.23,car,16.64,696.74,379308034_0,0.00
296.0,car_009,77.652459,12.924171,101.06,car,15.61,541.14,379308034_0,0.00
296.0,car_010,77.650576,12.924499,94.50,car,15.94,332.81,379308034_0,0.00
296.0,truck_001,77.640937,12.917386,51.41,truck,12.11,1.81,:11892824102_0_0,0.00
296.0,truck_002,77.625171,12.917680,89.89,truck,12.66,217.19,1073384217#1_0,0.00
297.0,bike_001,77.659272,12.922255,109.04,motorcycle,14.78,453.90,377105485_0,0.00
297.0,bike_002,77.646070,12.923100,46.27,motorcycle,11.49,157.06,377125912#6_0,0.00
297.0,bike_003,77.652432,12.924176,101.06,motorcycle,12.38,538.23,379308034_0,0.00
297.0,bike_004,77.652325,12.924227,101.05,motorcycle,15.97,526.12,379308034_1,0.00
297.0,bike_005,77.648874,12.924430,85.39,motorcycle,15.13,147.09,379308034_0,0.00
297.0,bus_001,77.644949,12.922071,47.04,bus,13.58,11.26,:cluster_2385141385_650141020_10_0,0.00
297.0,bus_002,77.632778,12.916511,95.19,bus,13.87,44.90,380707230#0_0,0.00
297.0,car_001,77.662990,12.921288,102.61,car,16.53,4.38,1303669679_2,0.00
297.0,car_002,77.658245,12.922645,109.04,car,15.54,334.15,377105485_1,0.00
297.0,car_003,77.660157,12.921980,106.75,car,15.63,554.44,377105485_1,0.00
297.0,car_004,77.659412,12.922237,109.04,car,15.85,468.68,377105485_1,0.00
297.0,car_005,77.658485,12.922531,109.04,car,15.84,363.01,377105485_0,0.00
297.0,car_006,77.650275,12.924512,91.11,car,13.12,299.99,379308034_0,0.00
297.0,car_007,77.647911,12.924269,72.09,car,12.38,40.47,379308034_0,0.00
297.0,car_008,77.654006,12.923855,101.23,car,16.52,713.27,379308034_0,0.00
297.0,car_009,77.652605,12.924141,101.06,car,16.29,557.43,379308034_0,0.00
297.0,car_010,77.650722,12.924487,94.50,car,15.93,348.74,379308034_0,0.00
297.0,truck_001,77.641022,12.917451,51.42,truck,11.81,13.62,:11892824102_0_0,0.00
297.0,truck_002,77.625287,12.917679,89.89,truck,12.65,229.85,1073384217#1_0,0.00
298.0,bike_001,77.659415,12.922205,109.04,motorcycle,16.43,470.33,377105485_0,0.00
298.0,bike_002,77.646145,12.923168,46.27,motorcycle,11.12,168.18,377125912#6_0,0.00
298.0,bike_003,77.652571,12.924148,101.06,motorcycle,15.43,553.66,379308034_0,0.00
298.0,bike_004,77.652475,12.924197,101.05,motorcycle,16.64,542.76,379308034_1,0.00
298.0,bike_005,77.649023,12.924440,85.39,motorcycle,16.28,163.37,379308034_0,0.00
298.0,bus_001,77.645037,12.922150,46.97,bus,13.20,3.05,377125912#6_0,0.00
298.0,bus_002,77.632902,12.916499,95.19,bus,13.58,58.48,380707230#0_0,0.00
298.0,car_001,77.663138,12.921254,102.80,car,16.58,20.96,1303669679_2,0.00
298.0,car_002,77.658388,12.922595,109.04,car,16.55,350.70,377105485_1,0.00
298.0,car_003,77.660295,12.921941,103.79,car,15.68,570.12,377105485_1,0.00
298.0,car_004,77.659545,12.922190,109.04,car,15.39,484.07,377105485_1,0.00
298.0,car_005,77.658624,12.922482,109.04,car,16.07,379.08,377105485_0,0.00
298.0,car_006,77.650400,12.924508,91.11,car,13.63,313.62,379308034_0,0.00
298.0,car_007,77.648019,12.924299,73.63,car,12.19,52.67,379308034_0,0.00
298.0,car_008,77.654147,12.923824,103.31,car,15.71,728.98,379308034_0,0.00
298.0,car_009,77.652750,12.924112,101.06,car,16.16,573.58,379308034_0,0.00
298.0,car_010,77.650862,12.924470,98.47,car,15.41,364.15,379308034_0,0.00
298.0,truck_001,77.641108,12.917519,50.63,truck,11.84,9.53,377125912#2_0,0.00
298.0,truck_002,77.625406,12.917678,89.89,truck,12.93,242.78,1073384217#1_0,0.00
299.0,bike_001,77.659558,12.922155,109.04,motorcycle,16.53,486.86,377105485_0,0.00
299.0,bike_002,77.646215,12.923232,47.19,motorcycle,10.39,178.57,377125912#6_0,0.00
299.0,bike_003,77.652702,12.924122,101.06,motorcycle,14.57,568.24,379308034_0,0.00
299.0,bike_004,77.652608,12.924170,101.05,motorcycle,14.75,557.51,379308034_1,0.00
299.0,bike_005,77.649171,12.924450,85.39,motorcycle,16.10,179.47,379308034_0,0.00
299.0,bus_001,77.645128,12.922234,46.27,bus,13.55,16.60,377125912#6_0,0.00
299.0,bus_002,77.633028,12.916486,95.19,bus,13.74,72.21,380707230#0_0,0.00
299.0,car_001,77.663280,12.921221,102.80,car,15.80,36.75,1303669679_2,0.00
299.0,car_002,77.658531,12.922546,109.04,car,16.39,367.09,377105485_1,0.00
299.0,car_003,77.660426,12.921878,103.79,car,16.10,586.22,377105485_0,0.00
299.0,car_004,77.659689,12.922140,109.04,car,16.54,500.61,377105485_1,0.00
299.0,car_005,77.658759,12.922435,109.04,car,15.54,394.62,377105485_0,0.00
299.0,car_006,77.650519,12.924504,91.76,car,12.97,326.60,379308034_0,0.00
299.0,car_007,77.648134,12.924329,76.39,car,12.96,65.62,379308034_0,0.00
299.0,car_008,77.654294,12.923789,103.31,car,16.48,745.46,379308034_0,0.00
299.0,car_009,77.652898,12.924082,101.06,car,16.44,590.02,379308034_0,0.00
299.0,car_010,77.651010,12.924447,98.47,car,16.27,380.42,379308034_0,0.00
299.0,truck_001,77.641185,12.917596,43.92,truck,12.01,21.54,377125912#2_0,0.00
299.0,truck_002,77.625522,12.917671,93.53,truck,12.61,255.38,1073384217#1_0,0.00
300.0,bike_001,77.659684,12.922111,109.04,motorcycle,14.59,501.45,377105485_0,0.00
300.0,bike_002,77.646285,12.923294,47.19,motorcycle,10.33,188.90,377125912#6_0,0.00
300.0,bike_003,77.652831,12.924096,101.06,motorcycle,14.26,582.50,379308034_0,0.00
300.0,bike_004,77.652745,12.924142,101.05,motorcycle,15.16,572.67,379308034_1,0.00
300.0,bike_005,77.649314,12.924460,85.39,motorcycle,15.62,195.10,379308034_0,0.00
300.0,bus_001,77.645217,12.922315,46.27,bus,13.22,29.82,377125912#6_0,0.00
300.0,bus_002,77.633151,12.916474,95.19,bus,13.34,85.55,380707230#0_0,0.00
300.0,car_001,77.663428,12.921186,102.80,car,16.54,53.29,1303669679_2,0.00
300.0,car_002,77.658672,12.922496,109.04,car,16.33,383.42,377105485_1,0.00
300.0,car_003,77.660585,12.921868,103.79,car,16.33,602.55,377105485_1,0.00
300.0,car_004,77.659829,12.922090,109.60,car,16.24,516.85,377105485_1,0.00
300.0,car_005,77.658897,12.922387,109.04,car,15.93,410.55,377105485_0,0.00
300.0,car_006,77.650645,12.924494,94.50,car,13.68,340.28,379308034_0,0.00
300.0,car_007,77.648250,12.924350,78.93,car,12.93,78.56,379308034_0,0.00
300.0,car_008,77.654440,12.923756,100.56,car,16.18,4.61,377105485-AddedOnRampEdge_2,0.00
300.0,car_009,77.653042,12.924053,101.06,car,16.03,606.05,379308034_0,0.00
300.0,car_010,77.651156,12.924424,98.47,car,16.07,396.49,379308034_0,0.00
300.0,truck_001,77.641262,12.917672,43.92,truck,11.78,33.32,377125912#2_0,0.00
300.0,truck_002,77.625637,12.917657,96.07,truck,12.66,268.05,1073384217#1_0,0.00
301.0,bike_001,77.659805,12.922099,109.60,motorcycle,12.65,514.10,377105485_1,0.00
301.0,bike_002,77.646360,12.923360,47.19,motorcycle,10.90,199.81,377125912#6_0,0.00
301.0,bike_003,77.652960,12.924069,101.06,motorcycle,14.38,596.88,379308034_0,0.00
301.0,bike_004,77.652885,12.924114,101.05,motorcycle,15.53,588.20,379308034_1,0.00
301.0,bike_005,77.649461,12.924470,85.39,motorcycle,16.08,211.18,379308034_0,0.00
301.0,bus_001,77.645307,12.922398,46.27,bus,13.47,43.29,377125912#6_0,0.00
301.0,bus_002,77.633273,12.916462,95.10,bus,13.40,98.95,380707230#0_0,0.00
301.0,car_001,77.663571,12.921153,103.37,car,15.93,2.29,:1083500526_3_2,0.00
301.0,car_002,77.658814,12.922446,109.04,car,16.34,399.76,377105485_1,0.00
301.0,car_003,77.660728,12.921832,103.79,car,16.10,618.65,377105485_1,0.00
301.0,car_004,77.659961,12.922012,109.60,car,16.62,533.47,377105485_0,0.00
301.0,car_005,77.659031,12.922340,109.04,car,15.52,426.07,377105485_0,0.00
301.0,car_006,77.650770,12.924483,94.50,car,13.75,354.02,379308034_0,0.00
301.0,car_007,77.648368,12.924372,78.93,car,13.07,91.62,379308034_0,0.00
301.0,car_008,77.654581,12.923728,100.56,car,15.63,20.24,377105485-AddedOnRampEdge_2,0.00
301.0,car_009,77.653188,12.924023,101.23,car,16.16,622.21,379308034_0,0.00
301.0,car_010,77.651305,12.924398,100.54,car,16.57,413.06,379308034_0,0.00
301.0,truck_001,77.641337,12.917748,43.92,truck,11.72,45.04,377125912#2_0,0.00
301.0,truck_002,77.625756,12.917641,97.36,truck,13.06,281.10,1073384217#1_0,0.00
302.0,bike_001,77.659948,12.922078,109.60,motorcycle,15.14,529.24,377105485_2,0.00
302.0,bike_002,77.646438,12.923428,49.74,motorcycle,11.39,211.20,377125912#6_0,0.00
302.0,bike_003,77.653085,12.924044,101.08,motorcycle,13.88,610.76,379308034_0,0.00
302.0,bike_004,77.653017,12.924087,101.05,motorcycle,14.72,602.92,379308034_1,0.00
302.0,bike_005,77.649604,12.924480,85.39,motorcycle,15.55,226.73,379308034_0,0.00
302.0,bus_001,77.645396,12.922480,46.27,bus,13.18,56.47,377125912#6_0,0.00
302.0,bus_002,77.633400,12.916450,95.04,bus,13.86,112.81,380707230#0_0,0.00
302.0,car_001,77.663709,12.921116,105.20,car,15.42,8.48,377105483#0_2,0.00
302.0,car_002,77.658953,12.922398,109.04,car,16.04,415.80,377105485_1,0.00
302.0,car_003,77.660874,12.921795,103.79,car,16.35,635.00,377105485_1,0.00
302.0,car_004,77.660113,12.921994,106.75,car,15.94,549.42,377105485_1,0.00
302.0,car_005,77.659172,12.922290,109.04,car,16.29,442.36,377105485_0,0.00
302.0,car_006,77.650888,12.924466,98.47,car,12.98,367.00,379308034_0,0.00
302.0,car_007,77.648480,12.924389,81.94,car,12.25,103.88,379308034_0,0.00
302.0,car_008,77.654729,12.923700,100.56,car,16.34,36.58,377105485-AddedOnRampEdge_2,0.00
302.0,car_009,77.653329,12.923994,101.23,car,15.75,637.96,379308034_0,0.00
302.0,car_010,77.651451,12.924370,100.54,car,16.20,429.26,379308034_0,0.00
302.0,truck_001,77.641415,12.917825,43.92,truck,12.00,57.04,377125912#2_0,0.00
302.0,truck_002,77.625871,12.917619,100.86,truck,12.72,293.82,1073384217#1_0,0.00
303.0,bike_001,77.660074,12.922036,106.74,motorcycle,14.40,543.64,377105485_2,0.00
303.0,bike_002,77.646515,12.923490,49.74,motorcycle,10.77,221.97,377125912#6_0,0.00
303.0,bike_003,77.653206,12.924019,101.23,motorcycle,13.52,624.28,379308034_0,0.00
303.0,bike_004,77.653167,12.924057,101.23,motorcycle,16.59,619.51,379308034_1,0.00
303.0,bike_005,77.649739,12.924490,85.39,motorcycle,14.76,241.49,379308034_0,0.00
303.0,bus_001,77.645488,12.922564,46.27,bus,13.72,70.20,377125912#6_0,0.00
303.0,bus_002,77.633523,12.916438,95.04,bus,13.42,126.23,380707230#0_0,0.00
303.0,car_001,77.663846,12.921078,105.20,car,15.41,23.89,377105483#0_2,0.00
303.0,car_002,77.659093,12.922349,109.04,car,16.07,431.87,377105485_1,0.00
303.0,car_003,77.661017,12.921759,103.79,car,15.99,650.99,377105485_1,0.00
303.0,car_004,77.660255,12.921951,105.72,car,16.23,565.64,377105485_1,0.00
303.0,car_005,77.659307,12.922243,109.04,car,15.57,457.92,377105485_0,0.00
303.0,car_006,77.651012,12.924447,98.47,car,13.70,380.70,379308034_0,0.00
303.0,car_007,77.648591,12.924403,81.94,car,12.20,116.08,379308034_0,0.00
303.0,car_008,77.654872,12.923672,100.56,car,15.82,52.39,377105485-AddedOnRampEdge_2,0.00
303.0,car_009,77.653476,12.923964,101.23,car,16.39,654.35,379308034_0,0.00
303.0,car_010,77.651600,12.924341,100.54,car,16.47,445.73,379308034_0,0.00
303.0,truck_001,77.641493,12.917903,43.92,truck,12.07,69.11,377125912#2_0,0.00
303.0,truck_002,77.625987,12.917593,102.13,truck,12.97,306.80,1073384217#1_0,0.00
304.0,bike_001,77.660217,12.921992,106.74,motorcycle,16.19,559.83,377105485_2,0.00
304.0,bike_002,77.646588,12.923550,49.74,motorcycle,10.41,232.38,377125912#6_0,0.00
304.0,bike_003,77.653332,12.923993,101.23,motorcycle,13.95,638.24,379308034_0,0.00
304.0,bike_004,77.653299,12.924030,101.23,motorcycle,14.63,634.14,379308034_1,0.00
304.0,bike_005,77.649890,12.924500,86.37,motorcycle,16.52,258.01,379308034_0,0.00
304.0,bus_001,77.645577,12.922646,46.27,bus,13.28,83.48,377125912#6_0,0.00
304.0,bus_002,77.633648,12.916426,95.04,bus,13.62,139.85,380707230#0_0,0.00
304.0,car_001,77.663983,12.921040,105.29,car,16.13,7.10,:377105483#0-AddedOffRampNode_0_4,0.00
304.0,car_002,77.659221,12.922273,109.04,car,16.07,447.94,377105485_0,0.00
304.0,car_003,77.661161,12.921723,103.79,car,16.17,667.15,377105485_1,0.00
304.0,car_004,77.660393,12.921916,103.79,car,15.38,581.02,377105485_1,0.00
304.0,car_005,77.659463,12.922219,109.04,car,16.61,474.54,377105485_1,0.00
304.0,car_006,77.651137,12.924427,98.47,car,13.77,394.47,379308034_0,0.00
304.0,car_007,77.648704,12.924418,81.94,car,12.49,128.56,379308034_0,0.00
304.0,car_008,77.655019,12.923644,100.54,car,16.33,68.72,377105485-AddedOnRampEdge_2,0.00
304.0,car_009,77.653619,12.923935,101.23,car,15.81,670.16,379308034_0,0.00
304.0,car_010,77.651746,12.924313,100.54,car,16.21,461.94,379308034_0,0.00
304.0,truck_001,77.641570,12.917980,43.92,truck,11.79,80.90,377125912#2_0,0.00
304.0,truck_002,77.626099,12.917562,105.03,truck,12.67,319.47,1073384217#1_0,0.00
305.0,bike_001,77.660364,12.921953,103.79,motorcycle,16.52,576.35,377105485_2,0.00
305.0,bike_002,77.646667,12.923614,49.74,motorcycle,11.08,243.46,377125912#6_0,0.00
305.0,bike_003,77.653468,12.923965,101.23,motorcycle,15.20,653.43,379308034_0,0.00
305.0,bike_004,77.653441,12.924000,101.23,motorcycle,15.81,649.95,379308034_1,0.00
305.0,bike_005,77.650037,12.924507,86.37,motorcycle,16.01,274.03,379308034_0,0.00
305.0,bus_001,77.645665,12.922728,46.27,bus,13.22,96.70,377125912#6_0,0.00
305.0,bus_002,77.633773,12.916414,95.04,bus,13.56,153.41,380707230#0_0,0.00
305.0,car_001,77.664118,12.921002,105.25,car,15.65,14.02,377105483#0-AddedOffRampEdge_4,0.00
305.0,car_002,77.659376,12.922250,109.04,car,16.65,464.59,377105485_1,0.00
305.0,car_003,77.661306,12.921686,103.79,car,16.24,683.40,377105485_1,0.00
305.0,car_004,77.660537,12.921880,103.79,car,16.22,597.24,377105485_1,0.00
305.0,car_005,77.659607,12.922169,109.04,car,16.66,491.19,377105485_1,0.00
305.0,car_006,77.651254,12.924408,99.84,car,12.85,407.33,379308034_0,0.00
305.0,car_007,77.648822,12.924426,85.39,car,12.87,141.43,379308034_0,0.00
305.0,car_008,77.655167,12.923615,100.44,car,16.32,85.04,377105485-AddedOnRampEdge_2,0.00
305.0,car_009,77.653763,12.923905,101.23,car,16.05,686.21,379308034_0,0.00
305.0,car_010,77.651889,12.924285,100.54,car,15.93,477.87,379308034_0,0.00
305.0,truck_001,77.641646,12.918058,42.84,truck,12.00,92.90,377125912#2_0,0.00
305.0,truck_002,77.626212,12.917531,105.03,truck,12.74,332.20,1073384217#1_0,0.00
306.0,bike_001,77.660503,12.921918,103.79,motorcycle,15.63,591.98,377105485_2,0.00
306.0,bike_002,77.646745,12.923663,57.77,motorcycle,10.20,253.66,377125912#6_0,0.00
306.0,bike_003,77.653592,12.923940,101.23,motorcycle,13.80,667.24,379308034_0,0.00
306.0,bike_004,77.653579,12.923972,101.23,motorcycle,15.23,665.18,379308034_1,0.00
306.0,bike_005,77.650189,12.924515,88.04,motorcycle,16.60,290.63,379308034_0,0.00
306.0,bus_001,77.645758,12.922812,46.27,bus,13.78,110.48,377125912#6_0,0.00
306.0,bus_002,77.633898,12.916402,95.04,bus,13.64,167.05,380707230#0_0,0.00
306.0,car_001,77.664252,12.920965,105.25,car,15.45,29.47,377105483#0-AddedOffRampEdge_4,0.00
306.0,car_002,77.659517,12.922200,109.04,car,16.19,480.78,377105485_1,0.00
306.0,car_003,77.661446,12.921651,103.79,car,15.69,699.09,377105485_1,0.00
306.0,car_004,77.660682,12.921843,103.79,car,16.18,613.42,377105485_1,0.00
306.0,car_005,77.659751,12.922118,109.25,car,16.66,507.85,377105485_1,0.00
306.0,car_006,77.651376,12.924384,100.54,car,13.54,420.86,379308034_0,0.00
306.0,car_007,77.648937,12.924434,85.39,car,12.52,153.95,379308034_0,0.00
306.0,car_008,77.655313,12.923588,100.44,car,16.14,6.55,:377105485-AddedOnRampNode_0_0,0.00
306.0,car_009,77.653905,12.923876,101.23,car,15.80,702.01,379308034_0,0.00
306.0,car_010,77.652036,12.924256,101.06,car,16.25,494.12,379308034_0,0.00
306.0,truck_001,77.641720,12.918138,41.91,truck,11.93,104.83,377125912#2_0,0.00
306.0,truck_002,77.626325,12.917500,105.03,truck,12.79,345.00,1073384217#1_0,0.00
307.0,bike_001,77.660647,12.921882,103.79,motorcycle,16.13,608.11,377105485_2,0.00
307.0,bike_002,77.646828,12.923713,57.77,motorcycle,10.57,264.23,377125912#6_0,0.00
307.0,bike_003,77.653726,12.923913,101.23,motorcycle,14.85,682.08,379308034_0,0.00
307.0,bike_004,77.653725,12.923942,101.23,motorcycle,16.22,681.40,379308034_1,0.00
307.0,bike_005,77.650321,12.924511,91.11,motorcycle,14.39,305.02,379308034_0,0.00
307.0,bus_001,77.645850,12.922897,46.27,bus,13.78,124.26,377125912#6_0,0.00
307.0,bus_002,77.634020,12.916390,95.04,bus,13.33,180.38,380707230#0_0,0.00
307.0,car_001,77.664397,12.920927,103.85,car,16.59,46.06,377105483#0-AddedOffRampEdge_4,0.00
307.0,car_002,77.659660,12.922150,109.04,car,16.49,497.27,377105485_1,0.00
307.0,car_003,77.661590,12.921615,103.79,car,16.22,715.31,377105485_1,0.00
307.0,car_004,77.660821,12.921808,103.79,car,15.65,629.07,377105485_1,0.00
307.0,car_005,77.659891,12.922068,109.60,car,16.16,524.01,377105485_1,0.00
307.0,car_006,77.651495,12.924361,100.54,car,13.20,434.06,379308034_0,0.00
307.0,car_007,77.649048,12.924442,85.39,car,12.08,166.02,379308034_0,0.00
307.0,car_008,77.655458,12.923554,104.45,car,16.21,14.76,377105485_0,0.00
307.0,car_009,77.654054,12.923845,101.23,car,16.54,718.55,379308034_0,0.00
307.0,car_010,77.652183,12.924227,101.06,car,16.39,510.52,379308034_0,0.00
307.0,truck_001,77.641794,12.918217,41.91,truck,11.83,116.66,377125912#2_0,0.00
307.0,truck_002,77.626439,12.917469,105.03,truck,12.85,357.85,1073384217#1_0,0.00
308.0,bike_001,77.660794,12.921845,103.79,motorcycle,16.42,624.53,377105485_2,0.00
308.0,bike_002,77.646906,12.923760,57.77,motorcycle,9.90,274.14,377125912#6_0,0.00
308.0,bike_003,77.653862,12.923884,101.23,motorcycle,15.19,697.28,379308034_0,0.00
308.0,bike_004,77.653870,12.923913,101.23,motorcycle,16.06,697.46,379308034_1,0.00
308.0,bike_005,77.650469,12.924506,91.11,motorcycle,16.12,321.14,379308034_0,0.00
308.0,bus_001,77.645941,12.922981,46.27,bus,13.59,137.85,377125912#6_0,0.00
308.0,bus_002,77.634147,12.916378,95.04,bus,13.85,194.23,380707230#0_0,0.00
308.0,car_001,77.664540,12.920890,103.85,car,16.42,62.48,377105483#0-AddedOffRampEdge_4,0.00
308.0,car_002,77.659816,12.922126,109.60,car,16.63,513.90,377105485_2,0.00
308.0,car_003,77.661738,12.921578,103.79,car,16.50,731.81,377105485_1,0.00
308.0,car_004,77.660970,12.921771,103.79,car,16.63,645.70,377105485_1,0.00
308.0,car_005,77.660028,12.922020,107.83,car,15.79,539.80,377105485_1,0.00
308.0,car_006,77.651617,12.924338,100.54,car,13.55,447.61,379308034_0,0.00
308.0,car_007,77.649165,12.924450,85.39,car,12.84,178.86,379308034_0,0.00
308.0,car_008,77.655601,12.923517,104.45,car,16.07,30.84,377105485_0,0.00
308.0,car_009,77.654202,12.923811,103.31,car,16.58,735.12,379308034_0,0.00
308.0,car_010,77.652328,12.924197,101.06,car,16.13,526.64,379308034_0,0.00
308.0,truck_001,77.641866,12.918297,40.98,truck,11.75,128.41,377125912#2_0,0.00
308.0,truck_002,77.626552,12.917438,105.03,truck,12.71,370.56,1073384217#1_0,0.00
309.0,bike_001,77.660938,12.921809,103.79,motorcycle,16.09,640.63,377105485_2,0.00
309.0,bike_002,77.646985,12.923808,57.77,motorcycle,10.11,284.25,377125912#6_0,0.00
309.0,bike_003,77.653987,12.923859,101.23,motorcycle,13.83,711.11,379308034_0,0.00
309.0,bike_004,77.654008,12.923884,101.23,motorcycle,15.33,712.78,379308034_1,0.00
309.0,bike_005,77.650601,12.924497,94.50,motorcycle,14.40,335.54,379308034_0,0.00
309.0,bus_001,77.646033,12.923066,46.27,bus,13.67,151.52,377125912#6_0,0.00
309.0,bus_002,77.634272,12.916366,94.69,bus,13.70,207.93,380707230#0_0,0.00
309.0,car_001,77.664682,12.920855,102.83,car,16.28,78.76,377105483#0-AddedOffRampEdge_4,0.00
309.0,car_002,77.659951,12.922077,109.60,car,15.70,529.60,377105485_2,0.00
309.0,car_003,77.661881,12.921542,103.79,car,16.04,747.85,377105485_1,0.00
309.0,car_004,77.661112,12.921735,103.79,car,16.01,661.71,377105485_1,0.00
309.0,car_005,77.660168,12.921977,106.75,car,15.94,555.74,377105485_1,0.00
309.0,car_006,77.651735,12.924315,100.54,car,13.09,460.70,379308034_0,0.00
309.0,car_007,77.649282,12.924458,85.39,car,12.81,191.67,379308034_0,0.00
309.0,car_008,77.655735,12.923473,109.21,car,15.42,46.26,377105485_0,0.00
309.0,car_009,77.654347,12.923776,103.31,car,16.33,751.45,379308034_0,0.00
309.0,car_010,77.652473,12.924168,101.06,car,16.09,542.73,379308034_0,0.00
309.0,truck_001,77.641940,12.918379,40.69,truck,12.13,140.53,377125912#2_0,0.00
309.0,truck_002,77.626667,12.917407,105.03,truck,12.96,383.52,1073384217#1_0,0.00
310.0,bike_001,77.661085,12.921772,103.79,motorcycle,16.45,657.08,377105485_2,0.00
310.0,bike_002,77.647073,12.923861,57.77,motorcycle,11.27,295.52,377125912#6_0,0.00
310.0,bike_003,77.654125,12.923830,103.31,motorcycle,15.37,726.48,379308034_0,0.00
310.0,bike_004,77.654139,12.923856,103.30,motorcycle,14.54,727.32,379308034_1,0.00
310.0,bike_005,77.650750,12.924484,94.50,motorcycle,16.27,351.81,379308034_0,0.00
310.0,bus_001,77.646122,12.923148,46.27,bus,13.32,164.84,377125912#6_0,0.00
310.0,bus_002,77.634399,12.916356,93.91,bus,13.76,221.69,380707230#0_0,0.00
310.0,car_001,77.664818,12.920836,88.38,car,15.44,9.76,:2387123504_3_2,0.00
310.0,car_002,77.660094,12.922030,106.74,car,16.35,545.95,377105485_2,0.00
310.0,car_003,77.662023,12.921506,103.79,car,15.91,763.76,377105485_1,0.00
310.0,car_004,77.661259,12.921698,103.79,car,16.39,678.10,377105485_1,0.00
310.0,car_005,77.660292,12.921912,103.79,car,15.46,571.20,377105485_0,0.00
310.0,car_006,77.651859,12.924291,100.54,car,13.80,474.50,379308034_0,0.00
310.0,car_007,77.649401,12.924466,85.39,car,12.95,204.62,379308034_0,0.00
310.0,car_008,77.655877,12.923427,107.63,car,16.26,62.52,377105485_0,0.00
310.0,car_009,77.654498,12.923745,100.56,car,16.57,10.99,377105485-AddedOnRampEdge_2,0.00
310.0,car_010,77.652620,12.924138,101.06,car,16.38,559.11,379308034_0,0.00
310.0,truck_001,77.642013,12.918461,40.69,truck,12.02,152.56,377125912#2_0,0.00
310.0,truck_002,77.626779,12.917376,105.03,truck,12.72,396.25,1073384217#1_0,0.00
311.0,bike_001,77.661229,12.921736,103.79,motorcycle,16.13,673.21,377105485_2,0.00
311.0,bike_002,77.647152,12.923909,57.77,motorcycle,10.06,305.58,377125912#6_0,0.00
311.0,bike_003,77.654262,12.923796,103.31,motorcycle,15.39,741.87,379308034_0,0.00
311.0,bike_004,77.654285,12.923821,103.30,motorcycle,16.40,743.72,379308034_1,0.00
311.0,bike_005,77.650893,12.924465,98.47,motorcycle,15.66,367.47,379308034_0,0.00
311.0,bus_001,77.646212,12.923229,46.74,bus,13.33,178.17,377125912#6_0,0.00
311.0,bus_002,77.634525,12.916347,93.91,bus,13.72,235.41,380707230#0_0,0.00
311.0,car_001,77.664960,12.920858,80.94,car,15.78,8.60,1240374873#0_2,0.00
311.0,car_002,77.660233,12.921987,106.74,car,15.76,561.71,377105485_2,0.00
311.0,car_003,77.662167,12.921470,103.79,car,16.14,779.89,377105485_1,0.00
311.0,car_004,77.661402,12.921662,103.79,car,16.13,694.22,377105485_1,0.00
311.0,car_005,77.660443,12.921904,103.79,car,15.43,586.63,377105485_1,0.00
311.0,car_006,77.651974,12.924269,100.59,car,12.80,487.30,379308034_0,0.00
311.0,car_007,77.649509,12.924474,85.39,car,11.83,216.45,379308034_0,0.00
311.0,car_008,77.656016,12.923382,107.63,car,15.85,78.37,377105485_0,0.00
311.0,car_009,77.654643,12.923716,100.56,car,16.11,27.10,377105485-AddedOnRampEdge_2,0.00
311.0,car_010,77.652761,12.924110,101.06,car,15.68,574.79,379308034_0,0.00
311.0,truck_001,77.642080,12.918545,37.46,truck,11.82,164.38,377125912#2_0,0.00
311.0,truck_002,77.626892,12.917343,106.21,truck,12.76,409.01,1073384217#1_0,0.00
312.0,bike_001,77.661363,12.921702,103.79,motorcycle,15.04,688.25,377105485_2,0.00
312.0,bike_002,77.647236,12.923960,57.77,motorcycle,10.73,316.31,377125912#6_0,0.00
312.0,bike_003,77.654398,12.923764,101.93,motorcycle,15.07,2.66,:1645178612_2_0,0.00
312.0,bike_004,77.654421,12.923789,100.69,motorcycle,15.13,1.82,377105485-AddedOnRampEdge_3,0.00
312.0,bike_005,77.651040,12.924442,98.47,motorcycle,16.30,383.77,379308034_0,0.00
312.0,bus_001,77.646306,12.923313,47.19,bus,13.78,191.95,377125912#6_0,0.00
312.0,bus_002,77.634649,12.916337,93.91,bus,13.51,248.92,380707230#0_0,0.00
312.0,car_001,77.665108,12.920876,83.89,car,16.27,24.87,1240374873#0_2,0.00
312.0,car_002,77.660380,12.921949,103.79,car,16.48,578.19,377105485_2,0.00
312.0,car_003,77.662305,12.921435,104.19,car,15.50,795.39,377105485_1,0.00
312.0,car_004,77.661547,12.921626,103.79,car,16.24,710.47,377105485_1,0.00
312.0,car_005,77.660591,12.921866,103.79,car,16.59,603.21,377105485_1,0.00
312.0,car_006,77.652096,12.924244,101.06,car,13.52,500.82,379308034_0,0.00
312.0,car_007,77.649622,12.924482,85.39,car,12.32,228.77,379308034_0,0.00
312.0,car_008,77.656152,12.923338,107.63,car,15.56,93.94,377105485_0,0.00
312.0,car_009,77.654785,12.923689,100.56,car,15.66,42.75,377105485-AddedOnRampEdge_2,0.00
312.0,car_010,77.652909,12.924080,101.06,car,16.45,591.24,379308034_0,0.00
312.0,truck_001,77.642146,12.918630,36.74,truck,11.81,176.18,377125912#2_0,0.00
312.0,truck_002,77.627003,12.917310,106.23,truck,12.66,421.67,1073384217#1_0,0.00
313.0,bike_001,77.661502,12.921667,103.79,motorcycle,15.50,703.75,377105485_2,0.00
313.0,bike_002,77.647328,12.924016,57.79,motorcycle,11.85,328.16,377125912#6_0,0.00
313.0,bike_003,77.654547,12.923735,100.56,motorcycle,16.50,16.40,377105485-AddedOnRampEdge_2,0.00
313.0,bike_004,77.654550,12.923764,100.56,motorcycle,14.33,16.15,377105485-AddedOnRampEdge_3,0.00
313.0,bike_005,77.651181,12.924420,98.47,motorcycle,15.50,399.27,379308034_0,0.00
313.0,bus_001,77.646399,12.923396,47.19,bus,13.70,205.65,377125912#6_0,0.00
313.0,bus_002,77.634773,12.916328,93.92,bus,13.54,262.46,380707230#0_0,0.00
313.0,car_001,77.665249,12.920899,76.76,car,15.67,40.54,1240374873#0_2,0.00
313.0,car_002,77.660525,12.921913,103.79,car,16.26,594.45,377105485_2,0.00
313.0,car_003,77.662468,12.921422,104.29,car,16.54,811.93,377105485_2,0.00
313.0,car_004,77.661685,12.921591,103.79,car,15.44,725.91,377105485_1,0.00
313.0,car_005,77.660728,12.921832,103.79,car,15.40,618.61,377105485_1,0.00
313.0,car_006,77.652209,12.924221,101.06,car,12.54,513.36,379308034_0,0.00
313.0,car_007,77.649734,12.924489,85.39,car,12.20,240.96,379308034_0,0.00
313.0,car_008,77.656293,12.923292,107.63,car,16.22,110.16,377105485_0,0.00
313.0,car_009,77.654932,12.923661,100.56,car,16.28,59.03,377105485-AddedOnRampEdge_2,0.00
313.0,car_010,77.653059,12.924049,101.06,car,16.62,607.86,379308034_0,0.00
313.0,truck_001,77.642211,12.918715,36.32,truck,11.66,187.85,377125912#2_0,0.00
313.0,truck_002,77.627117,12.917276,106.23,truck,12.91,434.58,1073384217#1_0,0.00
314.0,bike_001,77.661632,12.921634,103.79,motorcycle,14.55,718.30,377105485_2,0.00
314.0,bike_002,77.647410,12.924055,70.65,motorcycle,10.73,6.99,:1645178560_2_0,0.00
314.0,bike_003,77.654687,12.923708,100.56,motorcycle,15.51,31.92,377105485-AddedOnRampEdge_2,0.00
314.0,bike_004,77.654686,12.923738,100.56,motorcycle,15.05,31.21,377105485-AddedOnRampEdge_3,0.00
314.0,bike_005,77.651324,12.924394,100.54,motorcycle,15.88,415.15,379308034_0,0.00
314.0,bus_001,77.646496,12.923475,49.74,bus,13.66,219.31,377125912#6_0,0.00
314.0,bus_002,77.634900,12.916318,93.96,bus,13.86,0.05,:1653906436_1_0,0.00
314.0,car_001,77.665395,12.920933,77.15,car,16.31,56.85,1240374873#0_2,0.00
314.0,car_002,77.660670,12.921876,103.79,car,16.23,610.68,377105485_2,0.00
314.0,car_003,77.662612,12.921384,104.29,car,16.25,828.18,377105485_2,0.00
314.0,car_004,77.661824,12.921556,103.79,car,15.62,741.53,377105485_1,0.00
314.0,car_005,77.660867,12.921797,103.79,car,15.55,634.16,377105485_1,0.00
314.0,car_006,77.652331,12.924197,101.06,car,13.58,526.93,379308034_0,0.00
314.0,car_007,77.649847,12.924497,85.39,car,12.35,253.31,379308034_0,0.00
314.0,car_008,77.656428,12.923249,107.63,car,15.40,125.56,377105485_0,0.00
314.0,car_009,77.655080,12.923632,100.44,car,16.40,75.43,377105485-AddedOnRampEdge_2,0.00
314.0,car_010,77.653201,12.924020,101.23,car,15.84,623.69,379308034_0,0.00
314.0,truck_001,77.642275,12.918802,35.32,truck,11.90,199.75,377125912#2_0,0.00
314.0,truck_002,77.627229,12.917243,106.23,truck,12.71,447.29,1073384217#1_0,0.00
315.0,bike_001,77.661775,12.921598,103.79,motorcycle,16.02,734.31,377105485_2,0.00
315.0,bike_002,77.647499,12.924098,62.81,motorcycle,10.30,5.34,:650141496_0_0,0.00
315.0,bike_003,77.654827,12.923681,100.56,motorcycle,15.54,47.45,377105485-AddedOnRampEdge_2,0.00
315.0,bike_004,77.654816,12.923713,100.56,motorcycle,14.36,45.57,377105485-AddedOnRampEdge_3,0.00
315.0,bike_005,77.651467,12.924367,100.54,motorcycle,15.84,430.99,379308034_0,0.00
315.0,bus_001,77.646591,12.923552,49.74,bus,13.43,232.74,377125912#6_0,0.00
315.0,bus_002,77.635027,12.916311,92.22,bus,13.63,0.03,:11977577698_3_0,0.00
315.0,car_001,77.665519,12.920958,77.25,car,15.44,10.52,:262268684_9_3,0.00
315.0,car_002,77.660816,12.921840,103.79,car,16.29,626.97,377105485_2,0.00
315.0,car_003,77.662753,12.921348,104.29,car,15.80,843.99,377105485_2,0.00
315.0,car_004,77.661968,12.921520,103.79,car,16.12,757.65,377105485_1,0.00
315.0,car_005,77.661012,12.921760,103.79,car,16.32,650.48,377105485_1,0.00
315.0,car_006,77.652447,12.924173,101.06,car,12.95,539.88,379308034_0,0.00
315.0,car_007,77.649964,12.924503,86.37,car,12.70,266.01,379308034_0,0.00
315.0,car_008,77.656562,12.923204,109.04,car,15.47,141.03,377105485_0,0.00
315.0,car_009,77.655222,12.923605,100.44,car,15.74,91.18,377105485-AddedOnRampEdge_2,0.00
315.0,car_010,77.653340,12.923992,101.23,car,15.45,639.14,379308034_0,0.00
315.0,truck_001,77.642340,12.918890,35.32,truck,12.01,211.76,377125912#2_0,0.00
315.0,truck_002,77.627340,12.917210,106.23,truck,12.69,459.98,1073384217#1_0,0.00
316.0,bike_001,77.661920,12.921562,103.79,motorcycle,16.25,750.56,377105485_2,0.00
316.0,bike_002,77.647590,12.924142,64.78,motorcycle,11.04,2.67,379308034_0,0.00
316.0,bike_003,77.654976,12.923652,100.56,motorcycle,16.43,63.88,377105485-AddedOnRampEdge_2,0.00
316.0,bike_004,77.654959,12.923685,100.56,motorcycle,15.79,61.36,377105485-AddedOnRampEdge_3,0.00
316.0,bike_005,77.651608,12.924339,100.54,motorcycle,15.69,446.68,379308034_0,0.00
316.0,bus_001,77.646685,12.923627,50.39,bus,13.24,245.98,377125912#6_0,0.00
316.0,bus_002,77.635153,12.916306,91.89,bus,13.66,4.27,380707230#2_0,0.00
316.0,car_001,77.665647,12.921010,63.65,car,15.65,0.70,1109938622_3,0.00
316.0,car_002,77.660964,12.921802,103.79,car,16.58,643.55,377105485_2,0.00
316.0,car_003,77.662895,12.921311,103.70,car,16.20,3.32,:1083500529_2_2,0.00
316.0,car_004,77.662111,12.921484,103.79,car,16.02,773.66,377105485_1,0.00
316.0,car_005,77.661154,12.921725,103.79,car,15.92,666.40,377105485_1,0.00
316.0,car_006,77.652563,12.924150,101.06,car,12.92,552.80,379308034_0,0.00
316.0,car_007,77.650080,12.924509,86.37,car,12.71,278.72,379308034_0,0.00
316.0,car_008,77.656706,12.923153,109.04,car,16.58,157.61,377105485_0,0.00
316.0,car_009,77.655372,12.923576,100.44,car,16.56,5.11,377105485_0,0.00
316.0,car_010,77.653479,12.923963,101.23,car,15.51,654.65,379308034_0,0.00
316.0,truck_001,77.642406,12.918978,35.32,truck,12.01,223.77,377125912#2_0,0.00
316.0,truck_002,77.627454,12.917176,106.23,truck,12.92,472.90,1073384217#1_0,0.00
317.0,bike_001,77.662051,12.921529,103.79,motorcycle,14.72,765.28,377105485_2,0.00
317.0,bike_002,77.647689,12.924186,64.78,motorcycle,11.86,14.53,379308034_0,0.00
317.0,bike_003,77.655111,12.923626,100.44,motorcycle,14.93,78.81,377105485-AddedOnRampEdge_2,0.00
317.0,bike_004,77.655103,12.923657,100.44,motorcycle,16.00,77.36,377105485-AddedOnRampEdge_3,0.00
317.0,bike_005,77.651744,12.924313,100.54,motorcycle,15.06,461.74,379308034_0,0.00
317.0,bus_001,77.646792,12.923692,57.77,bus,13.69,259.67,377125912#6_0,0.00
317.0,bus_002,77.635276,12.916301,91.90,bus,13.31,17.59,380707230#2_0,0.00
317.0,car_001,77.665780,12.921075,62.92,car,16.06,16.76,1109938622_3,0.00
317.0,car_002,77.661109,12.921766,103.79,car,16.28,659.82,377105485_2,0.00
317.0,car_003,77.663033,12.921278,102.59,car,16.20,9.23,1303669679_2,0.00
317.0,car_004,77.662259,12.921447,103.79,car,16.58,790.24,377105485_1,0.00
317.0,car_005,77.661296,12.921689,103.79,car,15.93,682.34,377105485_1,0.00
317.0,car_006,77.652676,12.924127,101.06,car,12.55,565.35,379308034_0,0.00
317.0,car_007,77.650196,12.924514,87.92,car,12.67,291.39,379308034_0,0.00
317.0,car_008,77.656843,12.923106,109.04,car,15.79,173.40,377105485_0,0.00
317.0,car_009,77.655509,12.923541,104.45,car,15.46,20.56,377105485_0,0.00
317.0,car_010,77.653629,12.923932,101.23,car,16.67,671.32,379308034_0,0.00
317.0,truck_001,77.642470,12.919066,35.32,truck,11.96,235.73,377125912#2_0,0.00
317.0,truck_002,77.627567,12.917142,106.23,truck,12.89,485.80,1073384217#1_0,0.00
318.0,bike_001,77.662180,12.921496,103.79,motorcycle,14.39,779.67,377105485_2,0.00
318.0,bike_002,77.647771,12.924223,64.78,motorcycle,9.90,24.43,379308034_0,0.00
318.0,bike_003,77.655256,12.923598,100.44,motorcycle,16.11,0.29,:377105485-AddedOnRampNode_0_0,0.00
318.0,bike_004,77.655246,12.923630,100.44,motorcycle,15.81,93.16,377105485-AddedOnRampEdge_3,0.00
318.0,bike_005,77.651890,12.924285,100.54,motorcycle,16.24,477.98,379308034_0,0.00
318.0,bus_001,77.646897,12.923755,57.77,bus,13.39,273.06,377125912#6_0,0.00
318.0,bus_002,77.635402,12.916295,91.90,bus,13.64,31.22,380707230#2_0,0.00
318.0,car_001,77.665917,12.921120,84.13,car,15.92,8.13,:266371138_3_3,0.00
318.0,car_002,77.661249,12.921730,103.79,car,15.70,675.52,377105485_2,0.00
318.0,car_003,77.663181,12.921244,102.80,car,16.51,25.74,1303669679_2,0.00
318.0,car_004,77.662418,12.921435,104.29,car,16.08,806.33,377105485_2,0.00
318.0,car_005,77.661438,12.921653,103.79,car,15.82,698.16,377105485_1,0.00
318.0,car_006,77.652792,12.924103,101.06,car,12.83,578.19,379308034_0,0.00
318.0,car_007,77.650314,12.924511,91.11,car,12.84,304.23,379308034_0,0.00
318.0,car_008,77.656986,12.923055,109.04,car,16.54,189.94,377105485_0,0.00
318.0,car_009,77.655647,12.923504,105.04,car,15.54,36.10,377105485_0,0.00
318.0,car_010,77.653777,12.923902,101.23,car,16.51,687.83,379308034_0,0.00
318.0,truck_001,77.642535,12.919154,35.32,truck,12.02,247.75,377125912#2_0,0.00
318.0,truck_002,77.627682,12.917108,106.23,truck,13.06,498.86,1073384217#1_0,0.00
319.0,bike_001,77.662322,12.921460,104.29,motorcycle,15.88,795.55,377105485_2,0.00
319.0,bike_002,77.647867,12.924256,70.30,motorcycle,11.00,35.43,379308034_0,0.00
319.0,bike_003,77.655403,12.923569,104.45,motorcycle,16.31,8.60,377105485_0,0.00
319.0,bike_004,77.655388,12.923603,100.69,motorcycle,15.66,6.19,377105485_1,0.00
319.0,bike_005,77.652035,12.924257,101.06,motorcycle,16.01,493.99,379308034_0,0.00
319.0,bus_001,77.647002,12.923819,57.77,bus,13.39,286.45,377125912#6_0,0.00
319.0,bus_002,77.635526,12.916290,91.90,bus,13.53,44.76,380707230#2_0,0.00
319.0,car_001,77.666057,12.921161,63.59,car,16.08,6.97,1289252169_3,0.00
319.0,car_002,77.661398,12.921693,103.79,car,16.66,692.18,377105485_2,0.00
319.0,car_003,77.663327,12.921210,102.80,car,16.28,42.02,1303669679_2,0.00
319.0,car_004,77.662556,12.921399,104.29,car,15.57,821.90,377105485_2,0.00
319.0,car_005,77.661583,12.921617,103.79,car,16.28,714.44,377105485_1,0.00
319.0,car_006,77.652916,12.924078,101.06,car,13.78,591.96,379308034_0,0.00
319.0,car_007,77.650430,12.924508,91.11,car,12.66,316.89,379308034_0,0.00
319.0,car_008,77.657126,12.923006,109.04,car,16.17,206.11,377105485_0,0.00
319.0,car_009,77.655782,12.923457,107.66,car,15.57,51.67,377105485_0,0.00
319.0,car_010,77.653925,12.923872,101.23,car,16.38,704.21,379308034_0,0.00
319.0,truck_001,77.642601,12.919243,35.32,truck,12.11,259.85,377125912#2_0,0.00
319.0,truck_002,77.627794,12.917075,106.23,truck,12.63,511.49,1073384217#1_0,0.00
320.0,bike_001,77.662460,12.921424,104.29,motorcycle,15.50,811.05,377105485_2,0.00
320.0,bike_002,77.647951,12.924280,73.63,motorcycle,9.53,44.96,379308034_0,0.00
320.0,bike_003,77.655548,12.923530,104.45,motorcycle,16.36,24.96,377105485_0,0.00
320.0,bike_004,77.655531,12.923565,104.45,motorcycle,16.17,22.36,377105485_1,0.00
320.0,bike_005,77.652183,12.924226,101.06,motorcycle,16.56,510.55,379308034_0,0.00
320.0,bus_001,77.647106,12.923882,57.77,bus,13.34,299.79,377125912#6_0,0.00
320.0,bus_002,77.635650,12.916278,95.35,bus,13.46,58.22,380707230#2_0,0.00
320.0,car_001,77.666185,12.921221,63.59,car,15.45,22.42,1289252169_3,0.00
320.0,car_002,77.661541,12.921657,103.79,car,15.99,708.17,377105485_2,0.00
320.0,car_003,77.663474,12.921176,102.80,car,16.40,58.42,1303669679_2,0.00
320.0,car_004,77.662695,12.921363,104.29,car,15.52,837.42,377105485_2,0.00
320.0,car_005,77.661731,12.921579,103.79,car,16.62,731.05,377105485_1,0.00
320.0,car_006,77.653034,12.924054,101.06,car,13.18,605.14,379308034_0,0.00
320.0,car_007,77.650544,12.924502,93.76,car,12.35,329.24,379308034_0,0.00
320.0,car_008,77.657268,12.922957,109.04,car,16.41,222.52,377105485_0,0.00
320.0,car_009,77.655923,12.923412,107.63,car,16.07,67.74,377105485_0,0.00
320.0,car_010,77.654071,12.923842,101.23,car,16.30,720.51,379308034_0,0.00
320.0,truck_001,77.642664,12.919329,35.32,truck,11.65,271.51,377125912#2_0,0.00
320.0,truck_002,77.627909,12.917041,106.23,truck,13.06,524.55,1073384217#1_0,0.00
321.0,bike_001,77.662606,12.921386,104.29,motorcycle,16.38,827.43,377105485_2,0.00
321.0,bike_002,77.648035,12.924304,73.63,motorcycle,9.57,54.54,379308034_0,0.00
321.0,bike_003,77.655692,12.923488,109.21,motorcycle,16.35,41.31,377105485_0,0.00
321.0,bike_004,77.655660,12.923530,106.82,motorcycle,14.48,36.85,377105485_1,0.00
321.0,bike_005,77.652317,12.924200,101.06,motorcycle,14.82,525.37,379308034_0,0.00
321.0,bus_001,77.647213,12.923946,57.77,bus,13.57,313.36,377125912#6_0,0.00
321.0,bus_002,77.635773,12.916265,95.79,bus,13.38,71.60,380707230#2_0,0.00
321.0,car_001,77.666308,12.921289,54.21,car,15.40,3.34,230182006#0_0,0.00
321.0,car_002,77.661680,12.921622,103.79,car,15.59,723.75,377105485_2,0.00
321.0,car_003,77.663617,12.921141,103.90,car,15.84,7.33,:1083500526_3_2,0.00
321.0,car_004,77.662833,12.921327,104.29,car,15.55,852.97,377105485_2,0.00
321.0,car_005,77.661870,12.921544,103.79,car,15.55,746.61,377105485_1,0.00
321.0,car_006,77.653149,12.924031,101.23,car,12.82,617.96,379308034_0,0.00
321.0,car_007,77.650655,12.924493,94.50,car,12.13,341.37,379308034_0,0.00
321.0,car_008,77.657412,12.922906,109.04,car,16.57,239.09,377105485_0,0.00
321.0,car_009,77.656059,12.923368,107.63,car,15.58,83.32,377105485_0,0.00
321.0,car_010,77.654218,12.923807,103.31,car,16.48,736.98,379308034_0,0.00
321.0,truck_001,77.642728,12.919415,35.32,truck,11.84,283.35,377125912#2_0,0.00
321.0,truck_002,77.628023,12.917007,106.23,truck,12.97,537.51,1073384217#1_0,0.00
322.0,bike_001,77.662745,12.921350,104.29,motorcycle,15.66,843.09,377105485_2,0.00
322.0,bike_002,77.648140,12.924330,78.93,motorcycle,11.76,66.30,379308034_0,0.00
322.0,bike_003,77.655831,12.923441,107.63,motorcycle,15.97,57.28,377105485_0,0.00
322.0,bike_004,77.655791,12.923485,107.63,motorcycle,15.07,51.91,377105485_1,0.00
322.0,bike_005,77.652447,12.924173,101.06,motorcycle,14.49,539.86,379308034_0,0.00
322.0,bus_001,77.647320,12.924011,57.77,bus,13.77,327.13,377125912#6_0,0.00
322.0,bus_002,77.635899,12.916251,95.79,bus,13.74,85.34,380707230#2_0,0.00
322.0,car_001,77.666426,12.921370,54.14,car,15.61,18.95,230182006#0_0,0.00
322.0,car_002,77.661825,12.921586,103.79,car,16.15,739.91,377105485_2,0.00
322.0,car_003,77.663762,12.921101,105.20,car,16.31,14.41,377105483#0_2,0.00
322.0,car_004,77.662963,12.921294,103.16,car,15.63,1.44,1303669679_2,0.00
322.0,car_005,77.662008,12.921510,103.79,car,15.53,762.14,377105485_1,0.00
322.0,car_006,77.653265,12.924007,101.23,car,12.84,630.80,379308034_0,0.00
322.0,car_007,77.650771,12.924482,94.50,car,12.69,354.06,379308034_0,0.00
322.0,car_008,77.657545,12.922860,109.04,car,15.39,254.49,377105485_0,0.00
322.0,car_009,77.656193,12.923324,107.63,car,15.41,98.73,377105485_0,0.00
322.0,car_010,77.654359,12.923773,103.31,car,15.78,752.77,379308034_0,0.00
322.0,truck_001,77.642793,12.919503,35.32,truck,11.88,295.23,377125912#2_0,0.00
322.0,truck_002,77.628134,12.916974,106.23,truck,12.66,550.17,1073384217#1_0,0.00
323.0,bike_001,77.662876,12.921316,103.93,motorcycle,14.71,0.93,:1083500529_2_2,0.00
323.0,bike_002,77.648230,12.924347,78.93,motorcycle,10.03,76.33,379308034_0,0.00
323.0,bike_003,77.655976,12.923395,107.63,motorcycle,16.52,73.80,377105485_0,0.00
323.0,bike_004,77.655916,12.923445,107.63,motorcycle,14.31,66.22,377105485_1,0.00
323.0,bike_005,77.652584,12.924145,101.06,motorcycle,15.26,555.12,379308034_0,0.00
323.0,bus_001,77.647424,12.924062,63.82,bus,13.73,8.97,:1645178560_2_0,0.00
323.0,bus_002,77.636025,12.916237,95.79,bus,13.73,99.07,380707230#2_0,0.00
323.0,car_001,77.666542,12.921449,55.36,car,15.47,34.42,230182006#0_0,0.00
323.0,car_002,77.661963,12.921551,103.79,car,15.44,755.35,377105485_2,0.00
323.0,car_003,77.663900,12.921063,105.20,car,15.67,30.08,377105483#0_2,0.00
323.0,car_004,77.663111,12.921261,102.72,car,16.40,17.84,1303669679_2,0.00
323.0,car_005,77.662153,12.921473,103.79,car,16.22,778.36,377105485_1,0.00
323.0,car_006,77.653378,12.923984,101.23,car,12.62,643.42,379308034_0,0.00
323.0,car_007,77.650883,12.924467,98.47,car,12.35,366.42,379308034_0,0.00
323.0,car_008,77.657685,12.922811,109.04,car,16.12,270.61,377105485_0,0.00
323.0,car_009,77.656337,12.923278,107.63,car,16.43,115.16,377105485_0,0.00
323.0,car_010,77.654503,12.923744,100.56,car,15.87,11.61,377105485-AddedOnRampEdge_2,0.00
323.0,truck_001,77.642858,12.919591,35.32,truck,12.05,307.28,377125912#2_0,0.00
323.0,truck_002,77.628249,12.916940,106.23,truck,13.08,563.25,1073384217#1_0,0.00
324.0,bike_001,77.663014,12.921283,102.59,motorcycle,16.48,7.12,1303669679_2,0.00
324.0,bike_002,77.648316,12.924362,78.93,motorcycle,9.53,85.86,379308034_0,0.00
324.0,bike_003,77.656118,12.923349,107.63,motorcycle,16.25,90.04,377105485_0,0.00
324.0,bike_004,77.656060,12.923398,107.63,motorcycle,16.43,82.65,377105485_1,0.00
324.0,bike_005,77.652731,12.924116,101.06,motorcycle,16.32,571.44,379308034_0,0.00
324.0,bus_001,77.647539,12.924118,62.82,bus,13.24,10.24,:650141496_0_0,0.00
324.0,bus_002,77.636150,12.916223,95.79,bus,13.61,112.68,380707230#2_0,0.00
324.0,car_001,77.666671,12.921520,64.36,car,16.11,50.54,230182006#0_0,0.00
324.0,car_002,77.662111,12.921513,103.79,car,16.66,772.01,377105485_2,0.00
324.0,car_003,77.664034,12.921025,105.25,car,15.93,4.36,377105483#0-AddedOffRampEdge_4,0.00
324.0,car_004,77.663255,12.921227,102.80,car,16.14,33.98,1303669679_2,0.00
324.0,car_005,77.662291,12.921438,104.01,car,15.43,793.79,377105485_1,0.00
324.0,car_006,77.653497,12.923960,101.23,car,13.16,656.58,379308034_0,0.00
324.0,car_007,77.651000,12.924449,98.47,car,12.91,379.33,379308034_0,0.00
324.0,car_008,77.657823,12.922763,109.04,car,15.90,286.52,377105485_0,0.00
324.0,car_009,77.656481,12.923231,107.63,car,16.52,131.68,377105485_0,0.00
324.0,car_010,77.654650,12.923715,100.56,car,16.24,27.84,377105485-AddedOnRampEdge_2,0.00
324.0,truck_001,77.642921,12.919677,35.32,truck,11.69,318.97,377125912#2_0,0.00
324.0,truck_002,77.628362,12.916907,106.23,truck,12.83,576.08,1073384217#1_0,0.00
325.0,bike_001,77.663164,12.921248,102.80,motorcycle,16.64,23.76,1303669679_2,0.00
325.0,bike_002,77.648416,12.924380,78.93,motorcycle,10.97,96.83,379308034_0,0.00
325.0,bike_003,77.656257,12.923304,107.63,motorcycle,15.93,105.98,377105485_0,0.00
325.0,bike_004,77.656185,12.923358,107.63,motorcycle,14.34,96.99,377105485_1,0.00
325.0,bike_005,77.652871,12.924087,101.06,motorcycle,15.54,586.98,379308034_0,0.00
325.0,bus_001,77.647652,12.924169,64.47,bus,13.52,10.07,379308034_0,0.00
325.0,bus_002,77.636276,12.916210,95.79,bus,13.71,126.39,380707230#2_0,0.00
325.0,car_001,77.666802,12.921580,64.36,car,15.63,66.17,230182006#0_0,0.00
325.0,car_002,77.662258,12.921477,103.79,car,16.42,788.43,377105485_2,0.00
325.0,car_003,77.664177,12.920986,105.25,car,16.40,20.76,377105483#0-AddedOffRampEdge_4,0.00
325.0,car_004,77.663393,12.921195,102.80,car,15.37,49.35,1303669679_2,0.00
325.0,car_005,77.662434,12.921401,104.29,car,16.13,809.92,377105485_1,0.00
325.0,car_006,77.653609,12.923936,101.23,car,12.54,669.12,379308034_0,0.00
325.0,car_007,77.651110,12.924431,98.47,car,12.10,391.43,379308034_0,0.00
325.0,car_008,77.657965,12.922713,109.04,car,16.45,302.97,377105485_0,0.00
325.0,car_009,77.656622,12.923183,109.04,car,16.28,147.95,377105485_0,0.00
325.0,car_010,77.654796,12.923687,100.56,car,16.10,43.94,377105485-AddedOnRampEdge_2,0.00
325.0,truck_001,77.642985,12.919763,35.31,truck,11.71,330.68,377125912#2_0,0.00
325.0,truck_002,77.628476,12.916878,103.65,truck,12.83,588.91,1073384217#1_0,0.00
326.0,bike_001,77.663290,12.921219,102.80,motorcycle,14.13,37.89,1303669679_2,0.00
326.0,bike_002,77.648509,12.924392,81.94,motorcycle,10.30,107.14,379308034_0,0.00
326.0,bike_003,77.656393,12.923260,107.63,motorcycle,15.56,121.54,377105485_0,0.00
326.0,bike_004,77.656322,12.923313,107.63,motorcycle,15.70,112.69,377105485_1,0.00
326.0,bike_005,77.653003,12.924061,101.06,motorcycle,14.66,601.65,379308034_0,0.00
326.0,bus_001,77.647766,12.924221,64.78,bus,13.73,23.79,379308034_0,0.00
326.0,bus_002,77.636399,12.916196,95.79,bus,13.37,139.76,380707230#2_0,0.00
326.0,car_001,77.666933,12.921640,64.36,car,15.79,81.97,230182006#0_0,0.00
326.0,car_002,77.662397,12.921441,104.29,car,15.59,804.02,377105485_2,0.00
326.0,car_003,77.664313,12.920948,105.25,car,15.77,36.53,377105483#0-AddedOffRampEdge_4,0.00
326.0,car_004,77.663541,12.921160,102.80,car,16.52,65.88,1303669679_2,0.00
326.0,car_005,77.662597,12.921388,104.29,car,16.52,826.44,377105485_2,0.00
326.0,car_006,77.653728,12.923912,101.23,car,13.19,682.30,379308034_0,0.00
326.0,car_007,77.651226,12.924413,98.47,car,12.78,404.21,379308034_0,0.00
326.0,car_008,77.658102,12.922665,109.04,car,15.86,318.83,377105485_0,0.00
326.0,car_009,77.656761,12.923134,109.04,car,16.04,163.99,377105485_0,0.00
326.0,car_010,77.654943,12.923658,100.56,car,16.37,60.31,377105485-AddedOnRampEdge_2,0.00
326.0,truck_001,77.643051,12.919850,36.10,truck,12.09,5.63,:650141428_3_0,0.00
326.0,truck_002,77.628593,12.916850,103.10,truck,13.02,601.94,1073384217#1_0,0.00
327.0,bike_001,77.663424,12.921187,102.80,motorcycle,14.93,52.82,1303669679_2,0.00
327.0,bike_002,77.648613,12.924406,81.94,motorcycle,11.42,118.56,379308034_0,0.00
327.0,bike_003,77.656533,12.923214,109.04,motorcycle,16.08,137.62,377105485_0,0.00
327.0,bike_004,77.656459,12.923269,107.63,motorcycle,15.61,128.29,377105485_1,0.00
327.0,bike_005,77.653150,12.924031,101.23,motorcycle,16.36,618.01,379308034_0,0.00
327.0,bus_001,77.647884,12.924262,70.30,bus,13.62,37.41,379308034_0,0.00
327.0,bus_002,77.636522,12.916183,95.79,bus,13.39,153.16,380707230#2_0,0.00
327.0,car_001,77.667065,12.921701,64.36,car,15.81,97.78,230182006#0_0,0.00
327.0,car_002,77.662534,12.921405,104.29,car,15.41,819.43,377105485_2,0.00
327.0,car_003,77.664454,12.920912,103.85,car,16.07,52.60,377105483#0-AddedOffRampEdge_4,0.00
327.0,car_004,77.663681,12.921124,105.20,car,15.54,5.26,377105483#0_2,0.00
327.0,car_005,77.662736,12.921352,104.29,car,15.61,842.05,377105485_2,0.00
327.0,car_006,77.653841,12.923889,101.23,car,12.54,694.85,379308034_0,0.00
327.0,car_007,77.651335,12.924392,100.54,car,12.15,416.36,379308034_0,0.00
327.0,car_008,77.658243,12.922616,109.04,car,16.21,335.04,377105485_0,0.00
327.0,car_009,77.656900,12.923085,109.04,car,16.07,180.06,377105485_0,0.00
327.0,car_010,77.655090,12.923630,100.44,car,16.21,76.52,377105485-AddedOnRampEdge_2,0.00
327.0,truck_001,77.643116,12.919932,37.36,truck,11.68,2.63,377125912#3_0,0.00
327.0,truck_002,77.628711,12.916840,94.28,truck,12.89,614.83,1073384217#1_0,0.00
328.0,bike_001,77.663572,12.921152,103.90,motorcycle,16.48,2.37,:1083500526_3_2,0.00
328.0,bike_002,77.648713,12.924419,81.94,motorcycle,10.91,129.46,379308034_0,0.00
328.0,bike_003,77.656668,12.923167,109.04,motorcycle,15.62,153.24,377105485_0,0.00
328.0,bike_004,77.656586,12.923226,109.04,motorcycle,14.59,142.88,377105485_1,0.00
328.0,bike_005,77.653285,12.924003,101.23,motorcycle,15.05,633.05,379308034_0,0.00
328.0,bus_001,77.648005,12.924296,73.63,bus,13.70,51.12,379308034_0,0.00
328.0,bus_002,77.636649,12.916168,96.26,bus,13.83,166.99,380707230#2_0,0.00
328.0,car_001,77.667201,12.921763,64.36,car,16.37,114.15,230182006#0_0,0.00
328.0,car_002,77.662666,12.921370,104.29,car,14.73,834.15,377105485_2,0.00
328.0,car_003,77.664592,12.920877,103.85,car,15.82,68.42,377105483#0-AddedOffRampEdge_4,0.00
328.0,car_004,77.663828,12.921083,105.20,car,16.60,21.86,377105483#0_2,0.00
328.0,car_005,77.662883,12.921314,103.98,car,16.67,1.84,:1083500529_2_2,0.00
328.0,car_006,77.653956,12.923865,101.23,car,12.80,707.65,379308034_0,0.00
328.0,car_007,77.651451,12.924370,100.54,car,12.86,429.21,379308034_0,0.00
328.0,car_008,77.658385,12.922566,109.04,car,16.38,351.42,377105485_0,0.00
328.0,car_009,77.657037,12.923037,109.04,car,15.80,195.86,377105485_0,0.00
328.0,car_010,77.655240,12.923601,100.44,car,16.63,93.15,377105485-AddedOnRampEdge_2,0.00
328.0,truck_001,77.643186,12.920016,38.57,truck,12.03,14.66,377125912#3_0,0.00
328.0,truck_002,77.628826,12.916830,94.28,truck,12.62,627.45,1073384217#1_0,0.00
329.0,bike_001,77.663708,12.921116,105.20,motorcycle,15.16,8.30,377105483#0_2,0.00
329.0,bike_002,77.648800,12.924425,85.39,motorcycle,9.51,138.97,379308034_0,0.00
329.0,bike_003,77.656805,12.923119,109.04,motorcycle,15.86,169.09,377105485_0,0.00
329.0,bike_004,77.656713,12.923182,109.04,motorcycle,14.63,157.51,377105485_1,0.00
329.0,bike_005,77.653419,12.923975,101.23,motorcycle,14.95,648.00,379308034_0,0.00
329.0,bus_001,77.648122,12.924327,74.10,bus,13.23,64.35,379308034_0,0.00
329.0,bus_002,77.636776,12.916152,96.76,bus,13.87,180.86,380707230#2_0,0.00
329.0,car_001,77.667337,12.921825,64.36,car,16.32,130.47,230182006#0_0,0.00
329.0,car_002,77.662812,12.921332,104.29,car,16.44,850.59,377105485_2,0.00
329.0,car_003,77.664737,12.920843,102.53,car,16.61,0.60,:2387123504_3_2,0.00
329.0,car_004,77.663964,12.921045,105.29,car,15.83,4.77,:377105483#0-AddedOffRampNode_0_4,0.00
329.0,car_005,77.663023,12.921281,102.59,car,16.49,8.04,1303669679_2,0.00
329.0,car_006,77.654073,12.923841,101.23,car,13.07,720.72,379308034_0,0.00
329.0,car_007,77.651562,12.924348,100.54,car,12.28,441.49,379308034_0,0.00
329.0,car_008,77.658525,12.922517,109.04,car,16.22,367.64,377105485_0,0.00
329.0,car_009,77.657179,12.922988,109.04,car,16.31,212.17,377105485_0,0.00
329.0,car_010,77.655386,12.923573,101.07,car,16.16,6.67,377105485_0,0.00
329.0,truck_001,77.643254,12.920098,38.57,truck,11.70,26.36,377125912#3_0,0.00
329.0,truck_002,77.628945,12.916821,94.23,truck,12.91,640.36,1073384217#1_0,0.00
330.0,bike_001,77.663841,12.921079,105.20,motorcycle,15.11,23.41,377105483#0_2,0.00
330.0,bike_002,77.648895,12.924431,85.39,motorcycle,10.43,149.40,379308034_0,0.00
330.0,bike_003,77.656946,12.923069,109.04,motorcycle,16.25,185.35,377105485_0,0.00
330.0,bike_004,77.656857,12.923131,109.04,motorcycle,16.65,174.16,377105485_1,0.00
330.0,bike_005,77.653566,12.923945,101.23,motorcycle,16.29,664.29,379308034_0,0.00
330.0,bus_001,77.648242,12.924349,78.93,bus,13.25,77.60,379308034_0,0.00
330.0,bus_002,77.636900,12.916136,96.76,bus,13.47,194.33,380707230#2_0,0.00
330.0,car_001,77.667472,12.921887,64.36,car,16.20,146.67,230182006#0_0,0.00
330.0,car_002,77.662950,12.921298,103.46,car,16.47,10.19,:1083500529_2_2,0.00
330.0,car_003,77.664881,12.920846,79.50,car,16.26,16.86,:2387123504_3_2,0.00
330.0,car_004,77.664106,12.921005,105.25,car,16.60,12.64,377105483#0-AddedOffRampEdge_4,0.00
330.0,car_005,77.663172,12.921246,102.80,car,16.67,24.71,1303669679_2,0.00
330.0,car_006,77.654191,12.923814,103.31,car,13.18,733.90,379308034_0,0.00
330.0,car_007,77.651679,12.924326,100.54,car,12.97,454.47,379308034_0,0.00
330.0,car_008,77.658669,12.922466,109.04,car,16.56,384.20,377105485_0,0.00
330.0,car_009,77.657318,12.922939,109.04,car,16.13,228.30,377105485_0,0.00
330.0,car_010,77.655529,12.923536,104.45,car,16.05,22.72,377105485_0,0.00
330.0,truck_001,77.643323,12.920181,38.57,truck,11.78,38.14,377125912#3_0,0.00
330.0,truck_002,77.629064,12.916811,94.23,truck,12.99,653.35,1073384217#1_0,0.00
331.0,bike_001,77.663973,12.921043,105.29,motorcycle,15.30,5.79,:377105483#0-AddedOffRampNode_0_4,0.00
331.0,bike_002,77.648991,12.924438,85.39,motorcycle,10.42,159.82,379308034_0,0.00
331.0,bike_003,77.657084,12.923021,109.04,motorcycle,15.86,201.20,377105485_0,0.00
331.0,bike_004,77.656991,12.923084,109.04,motorcycle,15.45,189.61,377105485_1,0.00
331.0,bike_005,77.653712,12.923915,101.23,motorcycle,16.21,680.49,379308034_0,0.00
331.0,bus_001,77.648362,12.924371,78.93,bus,13.33,90.93,379308034_0,0.00
331.0,bus_002,77.637022,12.916121,96.76,bus,13.37,207.70,380707230#2_0,0.00
331.0,car_001,77.667605,12.921948,64.36,car,16.00,162.67,230182006#0_0,0.00
331.0,car_002,77.663094,12.921265,102.63,car,16.04,15.94,1303669679_2,0.00
331.0,car_003,77.665022,12.920866,81.37,car,15.52,15.44,1240374873#0_2,0.00
331.0,car_004,77.664247,12.920966,105.25,car,16.28,28.91,377105483#0-AddedOffRampEdge_4,0.00
331.0,car_005,77.663314,12.921213,102.80,car,15.81,40.52,1303669679_2,0.00
331.0,car_006,77.654302,12.923786,103.31,car,12.52,746.43,379308034_0,0.00
331.0,car_007,77.651791,12.924304,100.54,car,12.44,466.91,379308034_0,0.00
331.0,car_008,77.658807,12.922418,109.04,car,15.97,400.17,377105485_0,0.00
331.0,car_009,77.657454,12.922891,109.04,car,15.72,244.02,377105485_0,0.00
331.0,car_010,77.655671,12.923495,107.92,car,16.10,38.82,377105485_0,0.00
331.0,truck_001,77.643393,12.920266,38.57,truck,12.10,50.25,377125912#3_0,0.00
331.0,truck_002,77.629182,12.916801,94.23,truck,12.90,666.26,1073384217#1_0,0.00
332.0,bike_001,77.664115,12.921003,105.25,motorcycle,16.55,13.62,377105483#0-AddedOffRampEdge_4,0.00
332.0,bike_002,77.649092,12.924445,85.39,motorcycle,11.04,170.86,379308034_0,0.00
332.0,bike_003,77.657222,12.922973,109.04,motorcycle,15.97,217.17,377105485_0,0.00
332.0,bike_004,77.657128,12.923037,109.04,motorcycle,15.74,205.34,377105485_1,0.00
332.0,bike_005,77.653852,12.923887,101.23,motorcycle,15.64,696.13,379308034_0,0.00
332.0,bus_001,77.648487,12.924390,80.84,bus,13.73,104.66,379308034_0,0.00
332.0,bus_002,77.637146,12.916105,96.83,bus,13.56,221.26,380707230#2_0,0.00
332.0,car_001,77.667742,12.922011,64.36,car,16.38,179.05,230182006#0_0,0.00
332.0,car_002,77.663233,12.921232,102.80,car,15.57,31.51,1303669679_2,0.00
332.0,car_003,77.665172,12.920882,83.28,car,16.48,31.92,1240374873#0_2,0.00
332.0,car_004,77.664386,12.920929,103.85,car,15.97,44.88,377105483#0-AddedOffRampEdge_4,0.00
332.0,car_005,77.663452,12.921181,102.80,car,15.40,55.92,1303669679_2,0.00
332.0,car_006,77.654420,12.923760,101.21,car,13.02,2.42,377105485-AddedOnRampEdge_2,0.00
332.0,car_007,77.651903,12.924283,100.54,car,12.42,479.33,379308034_0,0.00
332.0,car_008,77.658945,12.922370,109.04,car,15.99,416.16,377105485_0,0.00
332.0,car_009,77.657596,12.922842,109.04,car,16.29,260.31,377105485_0,0.00
332.0,car_010,77.655806,12.923450,107.63,car,15.53,54.35,377105485_0,0.00
332.0,truck_001,77.643461,12.920348,38.57,truck,11.73,61.98,377125912#3_0,0.00
332.0,truck_002,77.629299,12.916792,93.95,truck,12.73,0.62,1534247766#0_0,0.00
333.0,bike_001,77.664255,12.920964,105.25,motorcycle,16.19,29.80,377105483#0-AddedOffRampEdge_4,0.00
333.0,bike_002,77.649199,12.924452,85.39,motorcycle,11.67,182.53,379308034_0,0.00
333.0,bike_003,77.657373,12.922951,109.04,motorcycle,16.50,233.67,377105485_1,0.00
333.0,bike_004,77.657264,12.923020,109.04,motorcycle,14.74,220.09,377105485_2,0.00
333.0,bike_005,77.653991,12.923858,101.23,motorcycle,15.44,711.57,379308034_0,0.00
333.0,bus_001,77.648609,12.924405,81.94,bus,13.48,118.14,379308034_0,0.00
333.0,bus_002,77.637271,12.916089,96.98,bus,13.62,234.88,380707230#2_0,0.00
333.0,car_001,77.667880,12.922075,63.84,car,16.52,6.21,:11527430411_0_0,0.00
333.0,car_002,77.663366,12.921201,102.80,car,14.79,46.30,1303669679_2,0.00
333.0,car_003,77.665314,12.920916,73.82,car,15.91,47.84,1240374873#0_2,0.00
333.0,car_004,77.664524,12.920894,103.85,car,15.79,60.67,377105483#0-AddedOffRampEdge_4,0.00
333.0,car_005,77.663597,12.921146,103.90,car,16.17,5.16,:1083500526_3_2,0.00
333.0,car_006,77.654561,12.923732,100.56,car,15.57,17.99,377105485-AddedOnRampEdge_2,0.00
333.0,car_007,77.652016,12.924260,101.06,car,12.61,491.94,379308034_0,0.00
333.0,car_008,77.659082,12.922322,109.04,car,15.80,431.96,377105485_0,0.00
333.0,car_009,77.657738,12.922792,109.04,car,16.46,276.76,377105485_0,0.00
333.0,car_010,77.655941,12.923406,107.63,car,15.46,69.80,377105485_0,0.00
333.0,truck_001,77.643532,12.920432,38.57,truck,12.08,74.06,377125912#3_0,0.00
333.0,truck_002,77.629415,12.916784,93.53,truck,12.61,13.23,1534247766#0_0,0.00
334.0,bike_001,77.664394,12.920927,103.85,motorcycle,15.93,45.73,377105483#0-AddedOffRampEdge_4,0.00
334.0,bike_002,77.649296,12.924459,85.39,motorcycle,10.57,193.10,379308034_0,0.00
334.0,bike_003,77.657506,12.922904,109.04,motorcycle,15.29,248.96,377105485_1,0.00
334.0,bike_004,77.657398,12.922973,109.04,motorcycle,15.42,235.51,377105485_2,0.00
334.0,bike_005,77.654128,12.923829,103.31,motorcycle,15.25,726.82,379308034_0,0.00
334.0,bus_001,77.648731,12.924420,82.36,bus,13.30,131.44,379308034_0,0.00
334.0,bus_002,77.637394,12.916073,96.98,bus,13.44,248.33,380707230#2_0,0.00
334.0,car_001,77.668016,12.922140,63.34,car,16.48,13.22,240652650#0_0,0.00
334.0,car_002,77.663512,12.921167,102.80,car,16.36,62.66,1303669679_2,0.00
334.0,car_003,77.665451,12.920945,78.22,car,16.58,2.65,:262268684_9_3,0.00
334.0,car_004,77.664666,12.920859,103.15,car,16.26,76.93,377105483#0-AddedOffRampEdge_4,0.00
334.0,car_005,77.663739,12.921107,105.20,car,15.98,11.91,377105483#0_2,0.00
334.0,car_006,77.654707,12.923704,100.56,car,16.10,34.09,377105485-AddedOnRampEdge_2,0.00
334.0,car_007,77.652124,12.924238,101.06,car,12.00,503.93,379308034_0,0.00
334.0,car_008,77.659221,12.922273,109.04,car,15.95,447.91,377105485_0,0.00
334.0,car_009,77.657874,12.922745,109.04,car,15.68,292.44,377105485_0,0.00
334.0,car_010,77.656076,12.923362,107.63,car,15.54,85.34,377105485_0,0.00
334.0,truck_001,77.643600,12.920514,38.57,truck,11.70,85.76,377125912#3_0,0.00
334.0,truck_002,77.629534,12.916775,93.53,truck,12.99,26.22,1534247766#0_0,0.00
335.0,bike_001,77.664518,12.920896,103.85,motorcycle,14.27,60.00,377105483#0-AddedOffRampEdge_4,0.00
335.0,bike_002,77.649387,12.924465,85.39,motorcycle,10.00,203.10,379308034_0,0.00
335.0,bike_003,77.657638,12.922858,109.04,motorcycle,15.22,264.18,377105485_1,0.00
335.0,bike_004,77.657526,12.922928,109.04,motorcycle,14.74,250.25,377105485_2,0.00
335.0,bike_005,77.654271,12.923794,103.31,motorcycle,16.03,742.85,379308034_0,0.00
335.0,bus_001,77.648856,12.924429,85.39,bus,13.66,145.09,379308034_0,0.00
335.0,bus_002,77.637519,12.916056,96.98,bus,13.68,262.01,380707230#2_0,0.00
335.0,car_001,77.668143,12.922201,63.34,car,15.37,28.60,240652650#0_0,0.00
335.0,car_002,77.663654,12.921131,104.56,car,15.79,2.29,377105483#0_2,0.00
335.0,car_003,77.665582,12.920979,68.62,car,15.39,18.04,:262268684_9_3,0.00
335.0,car_004,77.664812,12.920835,90.77,car,16.58,9.07,:2387123504_3_2,0.00
335.0,car_005,77.663886,12.921067,105.20,car,16.52,28.43,377105483#0_2,0.00
335.0,car_006,77.654851,12.923676,100.56,car,15.94,50.03,377105485-AddedOnRampEdge_2,0.00
335.0,car_007,77.652236,12.924216,101.06,car,12.42,516.36,379308034_0,0.00
335.0,car_008,77.659366,12.922253,109.04,car,15.52,463.44,377105485_1,0.00
335.0,car_009,77.658009,12.922697,109.04,car,15.57,308.01,377105485_0,0.00
335.0,car_010,77.656211,12.923319,107.63,car,15.42,100.76,377105485_0,0.00
335.0,truck_001,77.643668,12.920597,38.57,truck,11.76,97.52,377125912#3_0,0.00
335.0,truck_002,77.629652,12.916767,93.53,truck,12.80,39.03,1534247766#0_0,0.00
336.0,bike_001,77.664664,12.920860,102.83,motorcycle,16.66,76.66,377105483#0-AddedOffRampEdge_4,0.00
336.0,bike_002,77.649479,12.924472,85.39,motorcycle,9.98,213.08,379308034_0,0.00
336.0,bike_003,77.657777,12.922809,109.04,motorcycle,15.98,280.16,377105485_1,0.00
336.0,bike_004,77.657670,12.922878,109.04,motorcycle,16.56,266.81,377105485_2,0.00
336.0,bike_005,77.654419,12.923760,100.56,motorcycle,16.46,2.28,377105485-AddedOnRampEdge_2,0.00
336.0,bus_001,77.648977,12.924437,85.39,bus,13.22,158.31,379308034_0,0.00
336.0,bus_002,77.637643,12.916040,96.98,bus,13.44,275.45,380707230#2_0,0.00
336.0,car_001,77.668273,12.922263,63.33,car,15.73,44.32,240652650#0_0,0.00
336.0,car_002,77.663797,12.921091,105.20,car,16.16,18.44,377105483#0_2,0.00
336.0,car_003,77.665710,12.921040,62.92,car,15.68,8.25,1109938622_3,0.00
336.0,car_004,77.664951,12.920856,80.76,car,15.49,7.61,1240374873#0_2,0.00
336.0,car_005,77.664021,12.921029,105.26,car,16.03,2.81,377105483#0-AddedOffRampEdge_4,0.00
336.0,car_006,77.654998,12.923648,100.56,car,16.29,66.32,377105485-AddedOnRampEdge_2,0.00
336.0,car_007,77.652352,12.924192,101.06,car,12.93,529.29,379308034_0,0.00
336.0,car_008,77.659503,12.922205,109.04,car,15.71,479.15,377105485_1,0.00
336.0,car_009,77.658142,12.922651,109.04,car,15.40,323.41,377105485_0,0.00
336.0,car_010,77.656353,12.923273,107.63,car,16.25,117.01,377105485_0,0.00
336.0,truck_001,77.643737,12.920680,38.57,truck,11.93,109.44,377125912#3_0,0.00
336.0,truck_002,77.629769,12.916759,93.53,truck,12.78,51.81,1534247766#0_0,0.00
337.0,bike_001,77.664790,12.920835,93.28,motorcycle,14.34,6.56,:2387123504_3_2,0.00
337.0,bike_002,77.649571,12.924478,85.39,motorcycle,10.06,223.13,379308034_0,0.00
337.0,bike_003,77.657918,12.922760,109.04,motorcycle,16.35,296.52,377105485_1,0.00
337.0,bike_004,77.657808,12.922829,109.04,motorcycle,15.88,282.69,377105485_2,0.00
337.0,bike_005,77.654561,12.923732,100.56,motorcycle,15.73,18.01,377105485-AddedOnRampEdge_2,0.00
337.0,bus_001,77.649098,12.924445,85.39,bus,13.28,171.59,379308034_0,0.00
337.0,bus_002,77.637769,12.916023,97.51,bus,13.83,289.28,380707230#2_0,0.00
337.0,car_001,77.668406,12.922327,63.32,car,16.04,60.36,240652650#0_0,0.00
337.0,car_002,77.663938,12.921052,105.23,car,16.04,1.57,:377105483#0-AddedOffRampNode_0_4,0.00
337.0,car_003,77.665847,12.921107,63.52,car,16.62,0.32,:266371138_3_3,0.00
337.0,car_004,77.665094,12.920874,83.89,car,15.79,23.40,1240374873#0_2,0.00
337.0,car_005,77.664158,12.920991,105.25,car,15.80,18.60,377105483#0-AddedOffRampEdge_4,0.00
337.0,car_006,77.655146,12.923619,100.44,car,16.43,82.75,377105485-AddedOnRampEdge_2,0.00
337.0,car_007,77.652465,12.924170,101.06,car,12.55,541.84,379308034_0,0.00
337.0,car_008,77.659646,12.922155,109.04,car,16.55,495.70,377105485_1,0.00
337.0,car_009,77.658282,12.922602,109.04,car,16.13,339.54,377105485_0,0.00
337.0,car_010,77.656488,12.923229,107.63,car,15.40,132.41,377105485_0,0.00
337.0,truck_001,77.643805,12.920762,38.57,truck,11.67,121.11,377125912#3_0,0.00
337.0,truck_002,77.629889,12.916750,93.53,truck,13.07,64.88,1534247766#0_0,0.00
338.0,bike_001,77.664938,12.920855,80.55,motorcycle,16.62,6.24,1240374873#0_2,0.00
338.0,bike_002,77.649662,12.924484,85.39,motorcycle,10.00,233.13,379308034_0,0.00
338.0,bike_003,77.658059,12.922710,109.04,motorcycle,16.26,312.77,377105485_1,0.00
338.0,bike_004,77.657949,12.922780,109.04,motorcycle,16.30,298.99,377105485_2,0.00
338.0,bike_005,77.654707,12.923704,100.56,motorcycle,16.12,34.13,377105485-AddedOnRampEdge_2,0.00
338.0,bus_001,77.649222,12.924454,85.39,bus,13.50,185.09,379308034_0,0.00
338.0,bus_002,77.637893,12.916011,94.78,bus,13.45,302.73,380707230#2_0,0.00
338.0,car_001,77.668538,12.922390,63.32,car,15.98,76.34,240652650#0_0,0.00
338.0,car_002,77.664071,12.921015,105.25,car,15.80,8.63,377105483#0-AddedOffRampEdge_4,0.00
338.0,car_003,77.665990,12.921130,73.97,car,15.89,16.21,:266371138_3_3,0.00
338.0,car_004,77.665244,12.920898,76.76,car,16.60,40.00,1240374873#0_2,0.00
338.0,car_005,77.664298,12.920952,105.25,car,16.11,34.72,377105483#0-AddedOffRampEdge_4,0.00
338.0,car_006,77.655294,12.923591,100.44,car,16.30,4.42,:377105485-AddedOnRampNode_0_0,0.00
338.0,car_007,77.652581,12.924146,101.06,car,12.95,554.79,379308034_0,0.00
338.0,car_008,77.659784,12.922106,109.60,car,15.92,511.62,377105485_1,0.00
338.0,car_009,77.658420,12.922554,109.04,car,15.90,355.44,377105485_0,0.00
338.0,car_010,77.656629,12.923180,109.04,car,16.29,148.70,377105485_0,0.00
338.0,truck_001,77.643875,12.920846,38.57,truck,12.01,133.12,377125912#3_0,0.00
338.0,truck_002,77.630008,12.916742,93.26,truck,12.86,77.73,1534247766#0_0,0.00
339.0,bike_001,77.665081,12.920873,83.89,motorcycle,15.75,21.99,1240374873#0_2,0.00
339.0,bike_002,77.649767,12.924492,85.39,motorcycle,11.45,244.58,379308034_0,0.00
339.0,bike_003,77.658195,12.922663,109.04,motorcycle,15.62,328.39,377105485_1,0.00
339.0,bike_004,77.658073,12.922736,109.04,motorcycle,14.23,313.22,377105485_2,0.00
339.0,bike_005,77.654852,12.923676,100.56,motorcycle,16.03,50.15,377105485-AddedOnRampEdge_2,0.00
339.0,bus_001,77.649345,12.924462,85.39,bus,13.41,198.50,379308034_0,0.00
339.0,bus_002,77.638016,12.916008,90.73,bus,13.36,316.09,380707230#2_0,0.00
339.0,car_001,77.668674,12.922456,63.31,car,16.54,3.47,:240652650#0-AddedOffRampNode_0_1,0.00
339.0,car_002,77.664209,12.920977,105.25,car,15.87,24.50,377105483#0-AddedOffRampEdge_4,0.00
339.0,car_003,77.666120,12.921190,63.59,car,15.60,14.57,1289252169_3,0.00
339.0,car_004,77.665386,12.920932,77.15,car,15.92,55.92,1240374873#0_2,0.00
339.0,car_005,77.664433,12.920917,103.85,car,15.50,50.21,377105483#0-AddedOffRampEdge_4,0.00
339.0,car_006,77.655434,12.923561,104.45,car,15.60,12.02,377105485_0,0.00
339.0,car_007,77.652698,12.924122,101.06,car,12.97,567.76,379308034_0,0.00
339.0,car_008,77.659928,12.922054,109.60,car,16.66,528.28,377105485_1,0.00
339.0,car_009,77.658562,12.922504,109.04,car,16.49,371.93,377105485_0,0.00
339.0,car_010,77.656763,12.923133,109.04,car,15.50,164.20,377105485_0,0.00
339.0,truck_001,77.643945,12.920931,38.57,truck,12.10,145.22,377125912#3_0,0.00
339.0,truck_002,77.630125,12.916735,93.26,truck,12.81,90.54,1534247766#0_0,0.00
340.0,bike_001,77.665225,12.920894,76.76,motorcycle,15.87,37.85,1240374873#0_2,0.00
340.0,bike_002,77.649873,12.924499,86.02,motorcycle,11.59,256.17,379308034_0,0.00
340.0,bike_003,77.658330,12.922616,109.04,motorcycle,15.61,343.99,377105485_1,0.00
340.0,bike_004,77.658215,12.922687,109.04,motorcycle,16.35,329.58,377105485_2,0.00
340.0,bike_005,77.654993,12.923649,100.56,motorcycle,15.64,65.79,377105485-AddedOnRampEdge_2,0.00
340.0,bus_001,77.649469,12.924471,85.39,bus,13.52,212.02,379308034_0,0.00
340.0,bus_002,77.638141,12.916013,86.66,bus,13.49,329.59,380707230#2_0,0.00
340.0,car_001,77.668807,12.922520,63.33,car,16.27,11.47,240652650#0-AddedOffRampEdge_1,0.00
340.0,car_002,77.664342,12.920940,104.24,car,15.31,39.81,377105483#0-AddedOffRampEdge_4,0.00
340.0,car_003,77.666248,12.921251,63.59,car,15.51,30.08,1289252169_3,0.00
340.0,car_004,77.665511,12.920956,77.95,car,15.39,9.54,:262268684_9_3,0.00
340.0,car_005,77.664578,12.920881,103.85,car,16.59,66.80,377105483#0-AddedOffRampEdge_4,0.00
340.0,car_006,77.655573,12.923524,104.45,car,15.65,27.67,377105485_0,0.00
340.0,car_007,77.652812,12.924099,101.06,car,12.64,580.39,379308034_0,0.00
340.0,car_008,77.660066,12.922008,106.75,car,15.86,544.13,377105485_1,0.00
340.0,car_009,77.658700,12.922456,109.04,car,15.83,387.76,377105485_0,0.00
340.0,car_010,77.656902,12.923085,109.04,car,16.00,180.20,377105485_0,0.00
340.0,truck_001,77.644014,12.921013,38.57,truck,11.77,156.99,377125912#3_0,0.00
340.0,truck_002,77.630244,12.916727,93.26,truck,12.95,103.49,1534247766#0_0,0.00
341.0,bike_001,77.665368,12.920928,77.15,motorcycle,16.05,53.90,1240374873#0_2,0.00
341.0,bike_002,77.649970,12.924504,86.37,motorcycle,10.49,266.66,379308034_0,0.00
341.0,bike_003,77.658458,12.922571,109.04,motorcycle,14.77,358.76,377105485_1,0.00
341.0,bike_004,77.658347,12.922640,109.04,motorcycle,15.24,344.82,377105485_2,0.00
341.0,bike_005,77.655129,12.923623,100.44,motorcycle,15.04,80.83,377105485-AddedOnRampEdge_2,0.00
341.0,bus_001,77.649595,12.924480,85.39,bus,13.78,225.80,379308034_0,0.00
341.0,bus_002,77.638264,12.916019,86.39,bus,13.38,342.97,380707230#2_0,0.00
341.0,car_001,77.668944,12.922585,63.33,car,16.55,28.01,240652650#0-AddedOffRampEdge_1,0.00
341.0,car_002,77.664485,12.920904,103.85,car,16.39,56.20,377105483#0-AddedOffRampEdge_4,0.00
341.0,car_003,77.666375,12.921335,54.14,car,16.62,12.22,230182006#0_0,0.00
341.0,car_004,77.665645,12.921009,63.70,car,16.37,0.45,1109938622_3,0.00
341.0,car_005,77.664716,12.920847,102.83,car,15.85,82.65,377105483#0-AddedOffRampEdge_4,0.00
341.0,car_006,77.655707,12.923483,109.21,car,15.37,43.05,377105485_0,0.00
341.0,car_007,77.652919,12.924078,101.06,car,11.89,592.29,379308034_0,0.00
341.0,car_008,77.660196,12.921938,106.75,car,16.24,560.38,377105485_0,0.00
341.0,car_009,77.658844,12.922405,109.04,car,16.65,404.41,377105485_0,0.00
341.0,car_010,77.657035,12.923038,109.04,car,15.40,195.60,377105485_0,0.00
341.0,truck_001,77.644083,12.921097,38.57,truck,11.94,168.93,377125912#3_0,0.00
341.0,truck_002,77.630361,12.916719,93.26,truck,12.73,116.23,1534247766#0_0,0.00
342.0,bike_001,77.665498,12.920954,78.52,motorcycle,15.96,8.09,:262268684_9_3,0.00
342.0,bike_002,77.650064,12.924509,86.37,motorcycle,10.29,276.95,379308034_0,0.00
342.0,bike_003,77.658596,12.922523,109.04,motorcycle,15.81,374.58,377105485_1,0.00
342.0,bike_004,77.658473,12.922597,109.04,motorcycle,14.43,359.24,377105485_2,0.00
342.0,bike_005,77.655262,12.923597,100.44,motorcycle,14.69,0.89,:377105485-AddedOnRampNode_0_0,0.00
342.0,bus_001,77.649718,12.924488,85.39,bus,13.41,239.22,379308034_0,0.00
342.0,bus_002,77.638391,12.916033,82.42,bus,13.84,356.80,380707230#2_0,0.00
342.0,car_001,77.669080,12.922650,63.33,car,16.40,44.42,240652650#0-AddedOffRampEdge_1,0.00
342.0,car_002,77.664630,12.920868,103.85,car,16.61,72.81,377105483#0-AddedOffRampEdge_4,0.00
342.0,car_003,77.666499,12.921421,54.58,car,16.54,28.75,230182006#0_0,0.00
342.0,car_004,77.665773,12.921071,62.92,car,15.49,15.93,1109938622_3,0.00
342.0,car_005,77.664859,12.920842,80.31,car,16.21,14.42,:2387123504_3_2,0.00
342.0,car_006,77.655847,12.923436,107.63,car,16.00,59.04,377105485_0,0.00
342.0,car_007,77.653026,12.924056,101.06,car,11.90,604.19,379308034_0,0.00
342.0,car_008,77.660346,12.921928,103.79,car,15.46,575.84,377105485_1,0.00
342.0,car_009,77.658986,12.922355,109.04,car,16.48,420.89,377105485_0,0.00
342.0,car_010,77.657169,12.922991,109.04,car,15.50,211.10,377105485_0,0.00
342.0,truck_001,77.644153,12.921181,38.57,truck,12.07,181.01,377125912#3_0,0.00
342.0,truck_002,77.630478,12.916711,93.26,truck,12.72,128.95,1534247766#0_0,0.00
343.0,bike_001,77.665622,12.920998,63.79,motorcycle,14.90,22.98,:262268684_9_3,0.00
343.0,bike_002,77.650167,12.924514,86.37,motorcycle,11.22,288.17,379308034_0,0.00
343.0,bike_003,77.658719,12.922449,109.04,motorcycle,15.47,390.04,377105485_0,0.00
343.0,bike_004,77.658608,12.922549,109.04,motorcycle,15.55,374.79,377105485_2,0.00
343.0,bike_005,77.655411,12.923567,104.45,motorcycle,16.57,9.45,377105485_0,0.00
343.0,bus_001,77.649843,12.924497,85.39,bus,13.60,252.82,379308034_0,0.00
343.0,bus_002,77.638513,12.916055,79.22,bus,13.38,370.19,380707230#2_0,0.00
343.0,car_001,77.669212,12.922714,63.33,car,16.00,60.42,240652650#0-AddedOffRampEdge_1,0.00
343.0,car_002,77.664773,12.920836,100.50,car,16.26,4.63,:2387123504_3_2,0.00
343.0,car_003,77.666626,12.921499,61.35,car,16.31,45.06,230182006#0_0,0.00
343.0,car_004,77.665907,12.921120,79.92,car,15.72,7.10,:266371138_3_3,0.00
343.0,car_005,77.665009,12.920865,81.37,car,16.59,14.07,1240374873#0_2,0.00
343.0,car_006,77.655990,12.923390,107.63,car,16.39,75.43,377105485_0,0.00
343.0,car_007,77.653143,12.924032,101.23,car,13.01,617.20,379308034_0,0.00
343.0,car_008,77.660488,12.921892,103.79,car,15.93,591.77,377105485_1,0.00
343.0,car_009,77.659125,12.922307,109.04,car,16.03,436.92,377105485_0,0.00
343.0,car_010,77.657311,12.922942,109.04,car,16.36,227.46,377105485_0,0.00
343.0,truck_001,77.644224,12.921266,38.57,truck,12.12,193.13,377125912#3_0,0.00
343.0,truck_002,77.630595,12.916704,93.24,truck,12.74,0.60,:12683580002_3_0,0.00
344.0,bike_001,77.665744,12.921057,62.92,motorcycle,14.93,12.44,1109938622_3,0.00
344.0,bike_002,77.650256,12.924513,91.11,motorcycle,9.76,297.93,379308034_0,0.00
344.0,bike_003,77.658854,12.922402,109.04,motorcycle,15.56,405.61,377105485_0,0.00
344.0,bike_004,77.658734,12.922505,109.04,motorcycle,14.60,389.39,377105485_2,0.00
344.0,bike_005,77.655538,12.923533,104.45,motorcycle,14.30,23.75,377105485_0,0.00
344.0,bus_001,77.649965,12.924503,86.32,bus,13.37,266.19,379308034_0,0.00
344.0,bus_002,77.638638,12.916077,79.02,bus,13.77,383.96,380707230#2_0,0.00
344.0,car_001,77.669342,12.922776,63.33,car,15.66,76.08,240652650#0-AddedOffRampEdge_1,0.00
344.0,car_002,77.664896,12.920848,79.89,car,13.97,1.66,1240374873#0_2,0.00
344.0,car_003,77.666758,12.921560,64.36,car,15.87,60.93,230182006#0_0,0.00
344.0,car_004,77.666051,12.921158,63.59,car,16.49,6.35,1289252169_3,0.00
344.0,car_005,77.665156,12.920880,83.89,car,16.09,30.16,1240374873#0_2,0.00
344.0,car_006,77.656129,12.923345,107.63,car,15.89,91.32,377105485_0,0.00
344.0,car_007,77.653257,12.924009,101.23,car,12.71,629.91,379308034_0,0.00
344.0,car_008,77.660635,12.921855,103.79,car,16.45,608.22,377105485_1,0.00
344.0,car_009,77.659281,12.922283,109.04,car,16.65,453.57,377105485_1,0.00
344.0,car_010,77.657446,12.922894,109.04,car,15.61,243.08,377105485_0,0.00
344.0,truck_001,77.644294,12.921351,38.57,truck,12.12,205.25,377125912#3_0,0.00
344.0,truck_002,77.630712,12.916697,92.59,truck,12.62,3.73,1534247766#1_0,0.00
345.0,bike_001,77.665877,12.921116,71.38,motorcycle,15.87,3.76,:266371138_3_3,0.00
345.0,bike_002,77.650353,12.924510,91.11,motorcycle,10.53,308.46,379308034_0,0.00
345.0,bike_003,77.658978,12.922358,109.04,motorcycle,14.35,419.96,377105485_0,0.00
345.0,bike_004,77.658869,12.922458,109.04,motorcycle,15.55,404.94,377105485_2,0.00
345.0,bike_005,77.655677,12.923493,109.21,motorcycle,15.82,39.57,377105485_0,0.00
345.0,bus_001,77.650072,12.924538,86.37,bus,12.25,278.44,379308034_1,0.00
345.0,bus_002,77.638759,12.916115,71.90,bus,13.80,397.76,380707230#2_0,0.00
345.0,car_001,77.669474,12.922840,63.33,car,16.00,92.07,240652650#0-AddedOffRampEdge_1,0.00
345.0,car_002,77.665030,12.920867,81.37,car,14.70,16.36,1240374873#0_2,0.00
345.0,car_003,77.666893,12.921622,64.36,car,16.28,77.21,230182006#0_0,0.00
345.0,car_004,77.666188,12.921223,63.59,car,16.50,22.85,1289252169_3,0.00
345.0,car_005,77.665301,12.920913,73.38,car,16.26,46.41,1240374873#0_2,0.00
345.0,car_006,77.656268,12.923301,107.63,car,15.89,107.22,377105485_0,0.00
345.0,car_007,77.653372,12.923985,101.23,car,12.80,642.71,379308034_0,0.00
345.0,car_008,77.660778,12.921819,103.79,car,16.04,624.25,377105485_1,0.00
345.0,car_009,77.659418,12.922235,109.04,car,15.79,469.35,377105485_1,0.00
345.0,car_010,77.657584,12.922846,109.04,car,15.88,258.96,377105485_0,0.00
345.0,truck_001,77.644364,12.921435,38.57,truck,11.95,217.20,377125912#3_0,0.00
345.0,truck_002,77.630828,12.916692,92.21,truck,12.63,16.35,1534247766#1_0,0.00
346.0,bike_001,77.666007,12.921137,67.71,motorcycle,14.49,1.01,1289252169_3,0.00
346.0,bike_002,77.650442,12.924507,91.11,motorcycle,9.67,318.14,379308034_0,0.00
346.0,bike_003,77.659109,12.922312,109.04,motorcycle,15.04,435.00,377105485_0,0.00
346.0,bike_004,77.659007,12.922409,109.04,motorcycle,15.84,420.78,377105485_2,0.00
346.0,bike_005,77.655814,12.923447,107.63,motorcycle,15.69,55.26,377105485_0,0.00
346.0,bus_001,77.650194,12.924543,86.86,bus,13.24,291.68,379308034_1,0.00
346.0,bus_002,77.638878,12.916154,70.62,bus,13.58,411.34,380707230#2_0,0.00
346.0,car_001,77.669591,12.922919,66.10,car,15.90,4.84,240652650#2_1,0.00
346.0,car_002,77.665158,12.920880,83.89,car,13.96,30.32,1240374873#0_2,0.00
346.0,car_003,77.667023,12.921682,64.36,car,15.59,92.80,230182006#0_0,0.00
346.0,car_004,77.666314,12.921293,54.15,car,15.76,4.13,230182006#0_0,0.00
346.0,car_005,77.665435,12.920942,76.53,car,16.19,0.83,:262268684_9_3,0.00
346.0,car_006,77.656406,12.923256,107.63,car,15.82,123.04,377105485_0,0.00
346.0,car_007,77.653480,12.923963,101.23,car,11.98,654.69,379308034_0,0.00
346.0,car_008,77.660920,12.921783,103.79,car,15.94,640.19,377105485_1,0.00
346.0,car_009,77.659555,12.922187,109.04,car,15.81,485.16,377105485_1,0.00
346.0,car_010,77.657725,12.922797,109.04,car,16.29,275.24,377105485_0,0.00
346.0,truck_001,77.644434,12.921519,38.57,truck,12.07,229.28,377125912#3_0,0.00
346.0,truck_002,77.630948,12.916686,92.21,truck,13.09,29.44,1534247766#1_0,0.00
347.0,bike_001,77.666128,12.921195,63.59,motorcycle,14.60,15.60,1289252169_3,0.00
347.0,bike_002,77.650534,12.924503,94.50,motorcycle,10.10,328.23,379308034_0,0.00
347.0,bike_003,77.659236,12.922268,109.04,motorcycle,14.70,449.69,377105485_0,0.00
347.0,bike_004,77.659135,12.922365,109.04,motorcycle,14.76,435.54,377105485_2,0.00
347.0,bike_005,77.655940,12.923406,107.63,motorcycle,14.45,69.71,377105485_0,0.00
347.0,bus_001,77.650318,12.924540,91.10,bus,13.42,305.10,379308034_1,0.00
347.0,bus_002,77.638995,12.916196,69.28,bus,13.48,424.82,380707230#2_0,0.00
347.0,car_001,77.669727,12.922963,62.34,car,15.85,6.27,543259500#1-AddedOnRampEdge_1,0.00
347.0,car_002,77.665284,12.920908,74.82,car,14.17,44.49,1240374873#0_2,0.00
347.0,car_003,77.667153,12.921741,64.36,car,15.58,108.38,230182006#0_0,0.00
347.0,car_004,77.666435,12.921376,54.14,car,16.03,20.15,230182006#0_0,0.00
347.0,car_005,77.665575,12.920976,68.98,car,16.26,17.10,:262268684_9_3,0.00
347.0,car_006,77.656547,12.923209,109.04,car,16.25,139.29,377105485_0,0.00
347.0,car_007,77.653586,12.923941,101.23,car,11.87,666.56,379308034_0,0.00
347.0,car_008,77.661064,12.921747,103.79,car,16.04,656.24,377105485_1,0.00
347.0,car_009,77.659696,12.922138,109.04,car,16.24,501.40,377105485_1,0.00
347.0,car_010,77.657864,12.922748,109.04,car,16.03,291.27,377105485_0,0.00
347.0,truck_001,77.644502,12.921601,38.57,truck,11.65,240.92,377125912#3_0,0.00
347.0,truck_002,77.631069,12.916680,92.34,truck,13.10,42.54,1534247766#1_0,0.00
348.0,bike_001,77.666258,12.921256,63.49,motorcycle,15.64,0.56,:1644166489_3_0,0.00
348.0,bike_002,77.650630,12.924495,94.50,motorcycle,10.44,338.67,379308034_0,0.00
348.0,bike_003,77.659391,12.922244,109.04,motorcycle,16.61,466.30,377105485_1,0.00
348.0,bike_004,77.659272,12.922317,109.04,motorcycle,15.74,451.28,377105485_2,0.00
348.0,bike_005,77.656070,12.923364,107.63,motorcycle,14.86,84.57,377105485_0,0.00
348.0,bus_001,77.650441,12.924536,91.10,bus,13.40,318.50,379308034_1,0.00
348.0,bus_002,77.639115,12.916239,69.28,bus,13.78,438.60,380707230#2_0,0.00
348.0,car_001,77.669858,12.923028,62.34,car,16.03,22.30,543259500#1-AddedOnRampEdge_1,0.00
348.0,car_002,77.665410,12.920937,76.97,car,14.29,0.64,:6494970747_0_3,0.00
348.0,car_003,77.667281,12.921800,64.36,car,15.39,123.77,230182006#0_0,0.00
348.0,car_004,77.666554,12.921457,55.36,car,15.78,35.93,230182006#0_0,0.00
348.0,car_005,77.665702,12.921036,62.92,car,15.66,7.29,1109938622_3,0.00
348.0,car_006,77.656690,12.923159,109.04,car,16.51,155.80,377105485_0,0.00
348.0,car_007,77.653699,12.923918,101.23,car,12.57,679.13,379308034_0,0.00
348.0,car_008,77.661211,12.921710,103.79,car,16.56,672.80,377105485_1,0.00
348.0,car_009,77.659833,12.922089,109.60,car,15.92,517.31,377105485_1,0.00
348.0,car_010,77.658000,12.922701,109.04,car,15.71,306.98,377105485_0,0.00
348.0,truck_001,77.644571,12.921684,38.57,truck,11.95,252.87,377125912#3_0,0.00
348.0,truck_002,77.631185,12.916669,95.08,truck,12.70,55.24,1534247766#1_0,0.00
349.0,bike_001,77.666369,12.921331,54.14,motorcycle,14.62,11.39,230182006#0_0,0.00
349.0,bike_002,77.650726,12.924486,94.50,motorcycle,10.46,349.13,379308034_0,0.00
349.0,bike_003,77.659536,12.922194,109.04,motorcycle,16.64,482.95,377105485_1,0.00
349.0,bike_004,77.659397,12.922273,109.04,motorcycle,14.37,465.65,377105485_2,0.00
349.0,bike_005,77.656201,12.923322,107.63,motorcycle,15.03,99.60,377105485_0,0.00
349.0,bus_001,77.650563,12.924530,92.64,bus,13.27,331.77,379308034_1,0.00
349.0,bus_002,77.639232,12.916281,69.28,bus,13.51,452.10,380707230#2_0,0.00
349.0,car_001,77.669994,12.923095,63.55,car,16.55,38.85,543259500#1-AddedOnRampEdge_1,0.00
349.0,car_002,77.665523,12.920959,76.91,car,13.98,11.00,:262268684_9_3,0.00
349.0,car_003,77.667420,12.921863,64.36,car,16.66,140.43,230182006#0_0,0.00
349.0,car_004,77.666681,12.921525,64.36,car,15.79,51.72,230182006#0_0,0.00
349.0,car_005,77.665836,12.921102,62.92,car,16.24,23.54,1109938622_3,0.00
349.0,car_006,77.656831,12.923110,109.04,car,16.21,172.01,377105485_0,0.00
349.0,car_007,77.653810,12.923895,101.23,car,12.36,691.49,379308034_0,0.00
349.0,car_008,77.661351,12.921675,103.79,car,15.70,688.49,377105485_1,0.00
349.0,car_009,77.659968,12.922040,109.60,car,15.59,532.90,377105485_1,0.00
349.0,car_010,77.658134,12.922654,109.04,car,15.45,322.43,377105485_0,0.00
349.0,truck_001,77.644640,12.921767,38.57,truck,11.78,264.65,377125912#3_0,0.00
349.0,truck_002,77.631301,12.916657,95.08,truck,12.67,67.91,1534247766#1_0,0.00
350.0,bike_001,77.666487,12.921412,54.14,motorcycle,15.73,27.12,230182006#0_0,0.00
350.0,bike_002,77.650813,12.924478,97.58,motorcycle,9.57,358.71,379308034_0,0.00
350.0,bike_003,77.659659,12.922150,109.04,motorcycle,14.26,497.21,377105485_1,0.00
350.0,bike_004,77.659529,12.922227,109.04,motorcycle,15.25,480.90,377105485_2,0.00
350.0,bike_005,77.656330,12.923280,107.63,motorcycle,14.72,114.32,377105485_0,0.00
350.0,bus_001,77.650685,12.924519,94.51,bus,13.31,345.08,379308034_1,0.00
350.0,bus_002,77.639350,12.916324,69.17,bus,13.61,465.71,380707230#2_0,0.00
350.0,car_001,77.670122,12.923156,63.55,car,15.45,54.30,543259500#1-AddedOnRampEdge_1,0.00
350.0,car_002,77.665644,12.921008,63.72,car,14.79,0.32,1109938622_3,0.00
350.0,car_003,77.667559,12.921927,64.36,car,16.61,157.04,230182006#0_0,0.00
350.0,car_004,77.666815,12.921586,64.36,car,16.07,67.79,230182006#0_0,0.00
350.0,car_005,77.665979,12.921127,78.87,car,16.01,14.99,:266371138_3_3,0.00
350.0,car_006,77.656972,12.923060,109.04,car,16.28,188.29,377105485_0,0.00
350.0,car_007,77.653926,12.923871,101.23,car,12.90,704.39,379308034_0,0.00
350.0,car_008,77.661492,12.921639,103.79,car,15.80,704.30,377105485_1,0.00
350.0,car_009,77.660101,12.921967,106.75,car,16.58,549.48,377105485_0,0.00
350.0,car_010,77.658276,12.922604,109.04,car,16.44,338.87,377105485_0,0.00
350.0,truck_001,77.644711,12.921846,40.98,truck,11.68,276.34,377125912#3_0,0.00
350.0,truck_002,77.631418,12.916646,95.08,truck,12.76,80.67,1534247766#1_0,0.00
351.0,bike_001,77.666595,12.921484,55.36,motorcycle,14.25,41.37,230182006#0_0,0.00
351.0,bike_002,77.650906,12.924463,98.47,motorcycle,10.29,369.00,379308034_0,0.00
351.0,bike_003,77.659794,12.922103,109.60,motorcycle,15.62,512.83,377105485_1,0.00
351.0,bike_004,77.659659,12.922181,109.04,motorcycle,14.94,495.84,377105485_2,0.00
351.0,bike_005,77.656474,12.923234,107.63,motorcycle,16.51,130.84,377105485_0,0.00
351.0,bus_001,77.650809,12.924508,94.73,bus,13.50,358.58,379308034_1,0.00
351.0,bus_002,77.639468,12.916368,68.69,bus,13.73,479.44,380707230#2_0,0.00
351.0,car_001,77.670259,12.923220,64.63,car,16.45,70.76,543259500#1-AddedOnRampEdge_1,0.00
351.0,car_002,77.665766,12.921068,62.92,car,14.78,15.10,1109938622_3,0.00
351.0,car_003,77.667692,12.921988,64.36,car,15.96,173.00,230182006#0_0,0.00
351.0,car_004,77.666944,12.921645,64.36,car,15.48,83.27,230182006#0_0,0.00
351.0,car_005,77.666111,12.921187,63.59,car,15.83,13.59,1289252169_3,0.00
351.0,car_006,77.657114,12.923010,109.04,car,16.46,204.75,377105485_0,0.00
351.0,car_007,77.654041,12.923848,101.23,car,12.76,717.15,379308034_0,0.00
351.0,car_008,77.661637,12.921603,103.79,car,16.18,720.48,377105485_1,0.00
351.0,car_009,77.660253,12.921951,105.86,car,15.94,565.43,377105485_1,0.00
351.0,car_010,77.658415,12.922555,109.04,car,16.08,354.96,377105485_0,0.00
351.0,truck_001,77.644788,12.921921,44.66,truck,11.81,288.15,377125912#3_0,0.00
351.0,truck_002,77.631535,12.916635,95.08,truck,12.79,93.46,1534247766#1_0,0.00
352.0,bike_001,77.666714,12.921540,64.36,motorcycle,14.30,55.67,230182006#0_0,0.00
352.0,bike_002,77.651008,12.924447,98.47,motorcycle,11.21,380.21,379308034_0,0.00
352.0,bike_003,77.659920,12.922057,109.60,motorcycle,14.46,527.29,377105485_1,0.00
352.0,bike_004,77.659793,12.922134,109.60,motorcycle,15.42,511.26,377105485_2,0.00
352.0,bike_005,77.656599,12.923191,109.04,motorcycle,14.39,145.22,377105485_0,0.00
352.0,bus_001,77.650931,12.924489,98.46,bus,13.44,372.02,379308034_1,0.00
352.0,bus_002,77.639586,12.916417,66.01,bus,13.78,493.22,380707230#2_0,0.00
352.0,car_001,77.670391,12.923275,66.66,car,15.51,86.27,543259500#1-AddedOnRampEdge_1,0.00
352.0,car_002,77.665886,12.921119,71.38,car,14.26,4.81,:266371138_3_3,0.00
352.0,car_003,77.667826,12.922049,64.36,car,16.11,189.11,230182006#0_0,0.00
352.0,car_004,77.667075,12.921705,64.36,car,15.75,99.02,230182006#0_0,0.00
352.0,car_005,77.666243,12.921249,63.59,car,15.89,29.48,1289252169_3,0.00
352.0,car_006,77.657258,12.922960,109.04,car,16.61,221.36,377105485_0,0.00
352.0,car_007,77.654153,12.923823,103.31,car,12.56,729.71,379308034_0,0.00
352.0,car_008,77.661774,12.921569,103.79,car,15.41,735.89,377105485_1,0.00
352.0,car_009,77.660398,12.921915,103.79,car,16.15,581.58,377105485_1,0.00
352.0,car_010,77.658551,12.922508,109.04,car,15.60,370.56,377105485_0,0.00
352.0,truck_001,77.644865,12.921995,44.54,truck,11.74,299.89,377125912#3_0,0.00
352.0,truck_002,77.631653,12.916623,95.08,truck,12.89,106.34,1534247766#1_0,0.00
353.0,bike_001,77.666834,12.921595,64.36,motorcycle,14.40,70.08,230182006#0_0,0.00
353.0,bike_002,77.651103,12.924432,98.47,motorcycle,10.44,390.65,379308034_0,0.00
353.0,bike_003,77.660047,12.922014,106.75,motorcycle,14.70,541.99,377105485_1,0.00
353.0,bike_004,77.659917,12.922089,109.60,motorcycle,14.41,525.67,377105485_2,0.00
353.0,bike_005,77.656737,12.923143,109.04,motorcycle,15.92,161.14,377105485_0,0.00
353.0,bus_001,77.651051,12.924470,98.46,bus,13.19,385.22,379308034_1,0.00
353.0,bus_002,77.639698,12.916470,63.45,bus,13.50,506.72,380707230#2_0,0.00
353.0,car_001,77.670522,12.923329,66.74,car,15.48,7.56,:543259500#1-AddedOnRampNode_0_0,0.00
353.0,car_002,77.666011,12.921139,69.08,car,13.96,1.53,1289252169_3,0.00
353.0,car_003,77.667954,12.922110,63.34,car,15.47,5.75,240652650#0_0,0.00
353.0,car_004,77.667211,12.921767,64.36,car,16.26,115.29,230182006#0_0,0.00
353.0,car_005,77.666363,12.921327,54.14,car,15.66,10.67,230182006#0_0,0.00
353.0,car_006,77.657397,12.922912,109.04,car,16.03,237.39,377105485_0,0.00
353.0,car_007,77.654261,12.923796,103.31,car,12.12,741.83,379308034_0,0.00
353.0,car_008,77.661922,12.921531,103.79,car,16.61,752.49,377105485_1,0.00
353.0,car_009,77.660542,12.921879,103.79,car,16.17,597.75,377105485_1,0.00
353.0,car_010,77.658695,12.922457,109.04,car,16.64,387.20,377105485_0,0.00
353.0,truck_001,77.644943,12.922066,46.84,truck,11.66,10.42,:cluster_2385141385_650141020_10_0,0.00
353.0,truck_002,77.631769,12.916612,95.08,truck,12.72,119.06,1534247766#1_0,0.00
354.0,bike_001,77.666953,12.921649,64.36,motorcycle,14.23,84.30,230182006#0_0,0.00
354.0,bike_002,77.651200,12.924417,98.47,motorcycle,10.76,401.41,379308034_0,0.00
354.0,bike_003,77.660179,12.921943,106.75,motorcycle,16.43,558.43,377105485_0,0.00
354.0,bike_004,77.660059,12.922041,106.74,motorcycle,16.22,541.89,377105485_2,0.00
354.0,bike_005,77.656864,12.923098,109.04,motorcycle,14.73,175.87,377105485_0,0.00
354.0,bus_001,77.651176,12.924450,98.46,bus,13.78,398.99,379308034_1,0.00
354.0,bus_002,77.639811,12.916528,61.63,bus,13.78,520.51,380707230#2_0,0.00
354.0,car_001,77.670656,12.923384,66.66,car,15.75,15.31,543259500#1_0,0.00
354.0,car_002,77.666128,12.921194,63.59,car,14.05,15.58,1289252169_3,0.00
354.0,car_003,77.668083,12.922172,63.34,car,15.61,21.36,240652650#0_0,0.00
354.0,car_004,77.667343,12.921828,64.36,car,15.88,131.17,230182006#0_0,0.00
354.0,car_005,77.666488,12.921413,54.19,car,16.64,27.31,230182006#0_0,0.00
354.0,car_006,77.657541,12.922861,109.04,car,16.60,253.99,377105485_0,0.00
354.0,car_007,77.654378,12.923768,103.12,car,13.05,0.60,:1645178612_2_0,0.00
354.0,car_008,77.662067,12.921495,103.79,car,16.19,768.69,377105485_1,0.00
354.0,car_009,77.660684,12.921843,103.79,car,15.91,613.66,377105485_1,0.00
354.0,car_010,77.658829,12.922410,109.04,car,15.56,402.76,377105485_0,0.00
354.0,truck_001,77.645023,12.922137,47.13,truck,11.93,0.94,377125912#6_0,0.00
354.0,truck_002,77.631885,12.916600,95.08,truck,12.70,131.75,1534247766#1_0,0.00
355.0,bike_001,77.667076,12.921706,64.36,motorcycle,14.86,99.17,230182006#0_0,0.00
355.0,bike_002,77.651307,12.924398,100.54,motorcycle,11.84,413.25,379308034_0,0.00
355.0,bike_003,77.660334,12.921931,103.79,motorcycle,16.03,574.46,377105485_1,0.00
355.0,bike_004,77.660185,12.922002,106.74,motorcycle,14.30,556.19,377105485_2,0.00
355.0,bike_005,77.657007,12.923048,109.04,motorcycle,16.48,192.36,377105485_0,0.00
355.0,bus_001,77.651301,12.924428,99.79,bus,13.78,412.77,379308034_1,0.00
355.0,bus_002,77.639918,12.916589,59.30,bus,13.47,533.98,380707230#2_0,0.00
355.0,car_001,77.670786,12.923442,63.61,car,15.48,30.79,543259500#1_0,0.00
355.0,car_002,77.666248,12.921251,63.59,car,14.51,30.09,1289252169_3,0.00
355.0,car_003,77.668218,12.922237,63.34,car,16.29,37.66,240652650#0_0,0.00
355.0,car_004,77.667471,12.921887,64.36,car,15.39,146.56,230182006#0_0,0.00
355.0,car_005,77.666612,12.921493,57.94,car,16.06,43.37,230182006#0_0,0.00
355.0,car_006,77.657680,12.922813,109.04,car,16.01,270.00,377105485_0,0.00
355.0,car_007,77.654516,12.923741,100.56,car,15.20,13.05,377105485-AddedOnRampEdge_2,0.00
355.0,car_008,77.662209,12.921459,103.79,car,15.97,784.66,377105485_1,0.00
355.0,car_009,77.660823,12.921808,103.79,car,15.61,629.27,377105485_1,0.00
355.0,car_010,77.658964,12.922363,109.04,car,15.49,418.25,377105485_0,0.00
355.0,truck_001,77.645104,12.922212,46.27,truck,12.06,13.00,377125912#6_0,0.00
355.0,truck_002,77.632002,12.916589,95.08,truck,12.68,144.43,1534247766#1_0,0.00
356.0,bike_001,77.667212,12.921768,64.36,motorcycle,16.30,115.47,230182006#0_0,0.00
356.0,bike_002,77.651413,12.924377,100.54,motorcycle,11.77,425.03,379308034_0,0.00
356.0,bike_003,77.660461,12.921899,103.79,motorcycle,14.25,588.71,377105485_1,0.00
356.0,bike_004,77.660326,12.921963,103.79,motorcycle,15.91,572.10,377105485_2,0.00
356.0,bike_005,77.657132,12.923004,109.04,motorcycle,14.48,206.84,377105485_0,0.00
356.0,bus_001,77.651424,12.924404,100.54,bus,13.61,426.38,379308034_1,0.00
356.0,bus_002,77.640027,12.916655,57.79,bus,13.81,547.80,380707230#2_0,0.00
356.0,car_001,77.670913,12.923503,63.62,car,15.41,46.20,543259500#1_0,0.00
356.0,car_002,77.666359,12.921324,54.14,car,14.46,10.07,230182006#0_0,0.00
356.0,car_003,77.668348,12.922299,63.32,car,15.69,53.35,240652650#0_0,0.00
356.0,car_004,77.667606,12.921949,64.36,car,16.21,162.77,230182006#0_0,0.00
356.0,car_005,77.666747,12.921555,64.36,car,16.28,59.64,230182006#0_0,0.00
356.0,car_006,77.657816,12.922765,109.04,car,15.78,285.78,377105485_0,0.00
356.0,car_007,77.654659,12.923713,100.56,car,15.80,28.85,377105485-AddedOnRampEdge_2,0.00
356.0,car_008,77.662371,12.921447,104.29,car,16.45,801.11,377105485_2,0.00
356.0,car_009,77.660965,12.921772,103.79,car,15.95,645.22,377105485_1,0.00
356.0,car_010,77.659106,12.922313,109.04,car,16.42,434.67,377105485_0,0.00
356.0,truck_001,77.645184,12.922285,46.27,truck,11.85,24.86,377125912#6_0,0.00
356.0,truck_002,77.632119,12.916578,95.08,truck,12.78,157.22,1534247766#1_0,0.00
357.0,bike_001,77.667347,12.921830,64.36,motorcycle,16.16,131.63,230182006#0_0,0.00
357.0,bike_002,77.651512,12.924358,100.54,motorcycle,10.93,435.95,379308034_0,0.00
357.0,bike_003,77.660607,12.921862,103.79,motorcycle,16.37,605.08,377105485_1,0.00
357.0,bike_004,77.660474,12.921926,103.79,motorcycle,16.59,588.69,377105485_2,0.00
357.0,bike_005,77.657261,12.922959,109.04,motorcycle,14.87,221.71,377105485_0,0.00
357.0,bus_001,77.651546,12.924381,100.54,bus,13.47,439.85,379308034_1,0.00
357.0,bus_002,77.640127,12.916730,52.03,bus,13.67,561.46,380707230#2_0,0.00
357.0,car_001,77.671049,12.923567,63.62,car,16.38,62.58,543259500#1_0,0.00
357.0,car_002,77.666476,12.921405,54.14,car,15.61,25.68,230182006#0_0,0.00
357.0,car_003,77.668483,12.922364,63.32,car,16.36,69.70,240652650#0_0,0.00
357.0,car_004,77.667737,12.922008,64.36,car,15.65,178.42,230182006#0_0,0.00
357.0,car_005,77.666881,12.921616,64.36,car,16.07,75.71,230182006#0_0,0.00
357.0,car_006,77.657956,12.922716,109.04,car,16.17,301.95,377105485_0,0.00
357.0,car_007,77.654802,12.923686,100.56,car,15.79,44.63,377105485-AddedOnRampEdge_2,0.00
357.0,car_008,77.662514,12.921410,104.29,car,15.98,817.09,377105485_2,0.00
357.0,car_009,77.661106,12.921737,103.79,car,15.74,660.97,377105485_1,0.00
357.0,car_010,77.659260,12.922290,109.04,car,16.52,451.20,377105485_1,0.00
357.0,truck_001,77.645262,12.922357,46.27,truck,11.74,36.60,377125912#6_0,0.00
357.0,truck_002,77.632236,12.916566,95.24,truck,12.85,170.07,1534247766#1_0,0.00
358.0,bike_001,77.667479,12.921890,64.36,motorcycle,15.82,147.45,230182006#0_0,0.00
358.0,bike_002,77.651615,12.924338,100.54,motorcycle,11.47,447.42,379308034_0,0.00
358.0,bike_003,77.660746,12.921827,103.79,motorcycle,15.62,620.70,377105485_1,0.00
358.0,bike_004,77.660602,12.921893,103.79,motorcycle,14.36,603.05,377105485_2,0.00
358.0,bike_005,77.657404,12.922909,109.04,motorcycle,16.43,238.14,377105485_0,0.00
358.0,bus_001,77.651666,12.924358,100.54,bus,13.30,453.15,379308034_1,0.00
358.0,bus_002,77.640225,12.916806,50.69,bus,13.46,574.92,380707230#2_0,0.00
358.0,car_001,77.671184,12.923631,63.62,car,16.28,78.86,543259500#1_0,0.00
358.0,car_002,77.666603,12.921489,55.81,car,16.62,42.30,230182006#0_0,0.00
358.0,car_003,77.668620,12.922429,63.32,car,16.48,86.19,240652650#0_0,0.00
358.0,car_004,77.667865,12.922068,63.84,car,15.44,4.50,:11527430411_0_0,0.00
358.0,car_005,77.667016,12.921678,64.36,car,16.20,91.91,230182006#0_0,0.00
358.0,car_006,77.658096,12.922667,109.04,car,16.12,318.07,377105485_0,0.00
358.0,car_007,77.654944,12.923658,100.56,car,15.77,60.41,377105485-AddedOnRampEdge_2,0.00
358.0,car_008,77.662653,12.921374,104.29,car,15.68,832.77,377105485_2,0.00
358.0,car_009,77.661243,12.921702,103.79,car,15.42,676.38,377105485_1,0.00
358.0,car_010,77.659403,12.922240,109.04,car,16.46,467.66,377105485_1,0.00
358.0,truck_001,77.645343,12.922432,46.27,truck,12.11,48.70,377125912#6_0,0.00
358.0,truck_002,77.632352,12.916554,95.66,truck,12.62,6.72,:cluster_11374930008_11374930009_11374930010_11374930011_10_0,0.00
359.0,bike_001,77.667607,12.921949,64.36,motorcycle,15.36,162.82,230182006#0_0,0.00
359.0,bike_002,77.651713,12.924319,100.54,motorcycle,10.93,458.35,379308034_0,0.00
359.0,bike_003,77.660895,12.921790,103.79,motorcycle,16.61,637.31,377105485_1,0.00
359.0,bike_004,77.660750,12.921856,103.79,motorcycle,16.55,619.60,377105485_2,0.00
359.0,bike_005,77.657531,12.922865,109.04,motorcycle,14.72,252.86,377105485_0,0.00
359.0,bus_001,77.651787,12.924334,100.54,bus,13.35,466.49,379308034_1,0.00
359.0,bus_002,77.640319,12.916887,48.29,bus,13.61,588.54,380707230#2_0,0.00
359.0,car_001,77.671319,12.923695,63.62,car,16.18,95.04,543259500#1_0,0.00
359.0,car_002,77.666736,12.921550,64.36,car,15.98,58.28,230182006#0_0,0.00
359.0,car_003,77.668755,12.922495,63.33,car,16.65,5.16,240652650#0-AddedOffRampEdge_1,0.00
359.0,car_004,77.667994,12.922129,63.34,car,15.53,10.56,240652650#0_0,0.00
359.0,car_005,77.667150,12.921740,64.36,car,16.06,107.97,230182006#0_0,0.00
359.0,car_006,77.658235,12.922618,109.04,car,16.01,334.08,377105485_0,0.00
359.0,car_007,77.655092,12.923630,100.44,car,16.37,76.77,377105485-AddedOnRampEdge_2,0.00
359.0,car_008,77.662793,12.921337,104.29,car,15.69,848.46,377105485_2,0.00
359.0,car_009,77.661387,12.921666,103.79,car,16.08,692.46,377105485_1,0.00
359.0,car_010,77.659540,12.922192,109.04,car,15.86,483.52,377105485_1,0.00
359.0,truck_001,77.645425,12.922506,46.27,truck,12.09,60.79,377125912#6_0,0.00
359.0,truck_002,77.632467,12.916542,95.23,truck,12.63,10.99,380707230#0_0,0.00
360.0,bike_001,77.667733,12.922007,64.36,motorcycle,15.13,177.95,230182006#0_0,0.00
360.0,bike_002,77.651800,12.924302,100.54,motorcycle,9.56,467.91,379308034_0,0.00
360.0,bike_003,77.661028,12.921756,103.79,motorcycle,14.94,652.25,377105485_1,0.00
360.0,bike_004,77.660886,12.921822,103.79,motorcycle,15.25,634.85,377105485_2,0.00
360.0,bike_005,77.657665,12.922818,109.04,motorcycle,15.46,268.32,377105485_0,0.00
360.0,bus_001,77.651909,12.924311,100.54,bus,13.58,480.08,379308034_1,0.00
360.0,bus_002,77.640414,12.916968,48.16,bus,13.60,602.13,380707230#2_0,0.00
360.0,bus_003,77.623305,12.917456,75.88,bus,13.89,12.10,1073384217#1_0,0.00
360.0,car_001,77.671448,12.923753,64.75,car,15.51,110.55,543259500#1_0,0.00
360.0,car_002,77.666873,12.921613,64.36,car,16.46,74.74,230182006#0_0,0.00
360.0,car_003,77.668887,12.922558,63.33,car,15.98,21.14,240652650#0-AddedOffRampEdge_1,0.00
360.0,car_004,77.668128,12.922193,63.34,car,16.16,26.72,240652650#0_0,0.00
360.0,car_005,77.667288,12.921803,64.36,car,16.55,124.51,230182006#0_0,0.00
360.0,car_006,77.658377,12.922569,109.04,car,16.46,350.54,377105485_0,0.00
360.0,car_007,77.655235,12.923603,100.44,car,15.77,92.54,377105485-AddedOnRampEdge_2,0.00
360.0,car_008,77.662928,12.921303,103.46,car,15.89,7.48,:1083500529_2_2,0.00
360.0,car_009,77.661528,12.921630,103.79,car,15.89,708.34,377105485_1,0.00
360.0,car_010,77.659684,12.922142,109.04,car,16.50,500.01,377105485_1,0.00
360.0,truck_001,77.645503,12.922578,46.27,truck,11.69,72.48,377125912#6_0,0.00
360.0,truck_002,77.632584,12.916530,95.19,truck,12.79,23.78,380707230#0_0,0.00
361.0,bike_001,77.667870,12.922070,63.84,motorcycle,16.51,5.10,:11527430411_0_0,0.00
361.0,bike_002,77.651902,12.924283,100.54,motorcycle,11.38,479.29,379308034_0,0.00
361.0,bike_003,77.661168,12.921721,103.79,motorcycle,15.74,667.98,377105485_1,0.00
361.0,bike_004,77.661026,12.921787,103.79,motorcycle,15.65,650.50,377105485_2,0.00
361.0,bike_005,77.657807,12.922768,109.04,motorcycle,16.40,284.72,377105485_0,0.00
361.0,bus_001,77.652030,12.924287,100.80,bus,13.40,493.48,379308034_1,0.00
361.0,bus_002,77.640508,12.917054,46.41,bus,13.87,616.00,380707230#2_0,0.00
361.0,bus_003,77.623428,12.917484,75.88,bus,13.68,25.78,1073384217#1_0,0.00
361.0,car_001,77.671584,12.923814,64.75,car,16.24,126.79,543259500#1_0,0.00
361.0,car_002,77.667007,12.921674,64.36,car,16.07,90.80,230182006#0_0,0.00
361.0,car_003,77.669018,12.922621,63.33,car,15.84,36.98,240652650#0-AddedOffRampEdge_1,0.00
361.0,car_004,77.668259,12.922256,63.34,car,15.86,42.58,240652650#0_0,0.00
361.0,car_005,77.667421,12.921864,64.36,car,15.98,140.49,230182006#0_0,0.00
361.0,car_006,77.658511,12.922522,109.04,car,15.41,365.95,377105485_0,0.00
361.0,car_007,77.655380,12.923575,100.51,car,16.14,6.04,377105485_0,0.00
361.0,car_008,77.663063,12.921271,102.59,car,15.40,12.59,1303669679_2,0.00
361.0,car_009,77.661676,12.921593,103.79,car,16.54,724.89,377105485_1,0.00
361.0,car_010,77.659827,12.922091,109.60,car,16.52,516.54,377105485_1,0.00
361.0,truck_001,77.645584,12.922653,46.27,truck,12.14,84.62,377125912#6_0,0.00
361.0,truck_002,77.632703,12.916519,95.19,truck,12.95,36.73,380707230#0_0,0.00
362.0,bike_001,77.668006,12.922135,63.34,motorcycle,16.35,11.98,240652650#0_0,0.00
362.0,bike_002,77.652003,12.924263,101.06,motorcycle,11.21,490.50,379308034_0,0.00
362.0,bike_003,77.661299,12.921688,103.79,motorcycle,14.67,682.65,377105485_1,0.00
362.0,bike_004,77.661174,12.921749,103.79,motorcycle,16.52,667.02,377105485_2,0.00
362.0,bike_005,77.657946,12.922719,109.04,motorcycle,16.04,300.76,377105485_0,0.00
362.0,bus_001,77.652153,12.924262,101.05,bus,13.61,507.09,379308034_1,0.00
362.0,bus_002,77.640603,12.917131,50.47,bus,13.38,629.38,380707230#2_0,0.00
362.0,bus_003,77.623550,12.917513,75.88,bus,13.67,39.45,1073384217#1_0,0.00
362.0,car_001,77.671717,12.923874,64.75,car,15.85,142.64,543259500#1_0,0.00
362.0,car_002,77.667144,12.921737,64.36,car,16.48,107.29,230182006#0_0,0.00
362.0,car_003,77.669154,12.922686,63.33,car,16.44,53.42,240652650#0-AddedOffRampEdge_1,0.00
362.0,car_004,77.668387,12.922318,63.32,car,15.47,58.05,240652650#0_0,0.00
362.0,car_005,77.667555,12.921925,64.36,car,16.12,156.62,230182006#0_0,0.00
362.0,car_006,77.658644,12.922475,109.04,car,15.45,381.40,377105485_0,0.00
362.0,car_007,77.655518,12.923538,104.45,car,15.52,21.56,377105485_0,0.00
362.0,car_008,77.663202,12.921239,102.80,car,15.51,28.10,1303669679_2,0.00
362.0,car_009,77.661820,12.921557,103.79,car,16.19,741.08,377105485_1,0.00
362.0,car_010,77.659963,12.922042,109.60,car,15.73,532.27,377105485_1,0.00
362.0,truck_001,77.645664,12.922726,46.27,truck,11.88,96.50,377125912#6_0,0.00
362.0,truck_002,77.632822,12.916507,95.19,truck,12.92,49.65,380707230#0_0,0.00
363.0,bike_001,77.668139,12.922199,63.34,motorcycle,16.07,28.04,240652650#0_0,0.00
363.0,bike_002,77.652109,12.924241,101.06,motorcycle,11.80,502.29,379308034_0,0.00
363.0,bike_003,77.661438,12.921653,103.79,motorcycle,15.54,698.19,377105485_1,0.00
363.0,bike_004,77.661318,12.921713,103.79,motorcycle,16.13,683.15,377105485_2,0.00
363.0,bike_005,77.658086,12.922670,109.04,motorcycle,16.21,316.98,377105485_0,0.00
363.0,bus_001,77.652276,12.924237,101.05,bus,13.61,520.70,379308034_1,0.00
363.0,bus_002,77.640700,12.917205,51.54,bus,13.35,642.73,380707230#2_0,0.00
363.0,bus_003,77.623670,12.917539,77.30,bus,13.38,52.83,1073384217#1_0,0.00
363.0,car_001,77.671851,12.923935,64.41,car,15.99,4.61,:307401420_0_0,0.00
363.0,car_002,77.667280,12.921799,64.36,car,16.38,123.67,230182006#0_0,0.00
363.0,car_003,77.669288,12.922750,63.33,car,16.12,69.53,240652650#0-AddedOffRampEdge_1,0.00
363.0,car_004,77.668524,12.922383,63.32,car,16.52,74.57,240652650#0_0,0.00
363.0,car_005,77.667688,12.921986,64.36,car,15.96,172.58,230182006#0_0,0.00
363.0,car_006,77.658782,12.922427,109.04,car,15.85,397.25,377105485_0,0.00
363.0,car_007,77.655663,12.923498,107.00,car,16.39,37.96,377105485_0,0.00
363.0,car_008,77.663345,12.921206,102.80,car,15.92,44.02,1303669679_2,0.00
363.0,car_009,77.661965,12.921520,103.79,car,16.23,757.32,377105485_1,0.00
363.0,car_010,77.660087,12.921971,106.75,car,15.67,547.94,377105485_0,0.00
363.0,truck_001,77.645742,12.922798,46.27,truck,11.69,108.19,377125912#6_0,0.00
363.0,truck_002,77.632941,12.916495,95.19,truck,13.05,62.70,380707230#0_0,0.00
364.0,bike_001,77.668262,12.922258,63.34,motorcycle,14.95,43.00,240652650#0_0,0.00
364.0,bike_002,77.652198,12.924224,101.06,motorcycle,9.85,512.15,379308034_0,0.00
364.0,bike_003,77.661584,12.921616,103.79,motorcycle,16.33,714.53,377105485_1,0.00
364.0,bike_004,77.661449,12.921680,103.79,motorcycle,14.74,697.89,377105485_2,0.00
364.0,bike_005,77.658220,12.922623,109.04,motorcycle,15.46,332.43,377105485_0,0.00
364.0,bus_001,77.652397,12.924183,101.06,bus,13.59,534.29,379308034_0,0.00
364.0,bus_002,77.640800,12.917281,51.52,bus,13.66,656.39,380707230#2_0,0.00
364.0,bus_003,77.623794,12.917559,80.17,bus,13.70,66.53,1073384217#1_0,0.00
364.0,car_001,77.671980,12.923994,64.11,car,15.47,10.62,1146865108#0_0,0.00
364.0,car_002,77.667414,12.921861,64.36,car,16.08,139.75,230182006#0_0,0.00
364.0,car_003,77.669418,12.922813,63.33,car,15.80,85.33,240652650#0-AddedOffRampEdge_1,0.00
364.0,car_004,77.668659,12.922448,63.32,car,16.46,1.62,:240652650#0-AddedOffRampNode_0_1,0.00
364.0,car_005,77.667823,12.922048,64.36,car,16.16,188.74,230182006#0_0,0.00
364.0,car_006,77.658919,12.922379,109.04,car,15.86,413.11,377105485_0,0.00
364.0,car_007,77.655800,12.923452,107.63,car,15.69,53.64,377105485_0,0.00
364.0,car_008,77.663489,12.921172,102.80,car,16.07,60.09,1303669679_2,0.00
364.0,car_009,77.662104,12.921486,103.79,car,15.55,772.86,377105485_1,0.00
364.0,car_010,77.660239,12.921955,106.75,car,15.88,563.82,377105485_1,0.00
364.0,truck_001,77.645823,12.922872,46.27,truck,12.01,120.19,377125912#6_0,0.00
364.0,truck_002,77.633057,12.916483,95.19,truck,12.69,75.39,380707230#0_0,0.00
365.0,bike_001,77.668390,12.922319,63.32,motorcycle,15.38,58.38,240652650#0_0,0.00
365.0,bike_002,77.652303,12.924202,101.06,motorcycle,11.68,523.82,379308034_0,0.00
365.0,bike_003,77.661729,12.921580,103.79,motorcycle,16.26,730.79,377105485_1,0.00
365.0,bike_004,77.661579,12.921647,103.79,motorcycle,14.52,712.40,377105485_2,0.00
365.0,bike_005,77.658350,12.922578,109.04,motorcycle,14.99,347.42,377105485_0,0.00
365.0,bus_001,77.652519,12.924159,101.06,bus,13.52,547.81,379308034_0,0.00
365.0,bus_002,77.640899,12.917357,51.41,bus,13.56,669.95,380707230#2_0,0.00
365.0,bus_003,77.623918,12.917579,80.17,bus,13.62,80.15,1073384217#1_0,0.00
365.0,car_001,77.672114,12.924056,64.11,car,16.14,26.76,1146865108#0_0,0.00
365.0,car_002,77.667543,12.921920,64.36,car,15.46,155.21,230182006#0_0,0.00
365.0,car_003,77.669538,12.922888,40.55,car,16.11,6.55,:11233009357_0_1,0.00
365.0,car_004,77.668790,12.922511,63.33,car,16.06,9.40,240652650#0-AddedOffRampEdge_1,0.00
365.0,car_005,77.667956,12.922111,63.34,car,15.99,5.90,240652650#0_0,0.00
365.0,car_006,77.659056,12.922331,109.04,car,15.78,428.89,377105485_0,0.00
365.0,car_007,77.655936,12.923408,107.63,car,15.57,69.21,377105485_0,0.00
365.0,car_008,77.663633,12.921137,103.90,car,15.94,9.10,:1083500526_3_2,0.00
365.0,car_009,77.662241,12.921451,103.79,car,15.41,788.27,377105485_1,0.00
365.0,car_010,77.660386,12.921918,103.79,car,16.42,580.24,377105485_1,0.00
365.0,truck_001,77.645902,12.922945,46.27,truck,11.75,131.95,377125912#6_0,0.00
365.0,truck_002,77.633176,12.916472,95.19,truck,12.94,88.33,380707230#0_0,0.00
366.0,bike_001,77.668519,12.922381,63.32,motorcycle,15.58,73.96,240652650#0_0,0.00
366.0,bike_002,77.652397,12.924183,101.06,motorcycle,10.44,534.26,379308034_0,0.00
366.0,bike_003,77.661874,12.921543,103.79,motorcycle,16.29,747.08,377105485_1,0.00
366.0,bike_004,77.661718,12.921613,103.79,motorcycle,15.52,727.93,377105485_2,0.00
366.0,bike_005,77.658488,12.922530,109.04,motorcycle,15.96,363.39,377105485_0,0.00
366.0,bus_001,77.652640,12.924134,101.06,bus,13.53,561.34,379308034_0,0.00
366.0,bus_002,77.640996,12.917431,51.42,bus,13.34,9.94,:11892824102_0_0,0.00
366.0,bus_003,77.624043,12.917599,80.17,bus,13.79,93.94,1073384217#1_0,0.00
366.0,car_001,77.672253,12.924121,64.11,car,16.66,43.42,1146865108#0_0,0.00
366.0,car_002,77.667681,12.921983,64.36,car,16.48,171.68,230182006#0_0,0.00
366.0,car_003,77.669671,12.922935,74.16,car,15.62,7.15,:11233009356_0_1,0.00
366.0,car_004,77.668922,12.922574,63.33,car,15.89,25.30,240652650#0-AddedOffRampEdge_1,0.00
366.0,car_005,77.668084,12.922172,63.34,car,15.54,21.44,240652650#0_0,0.00
366.0,car_006,77.659190,12.922284,109.04,car,15.50,444.39,377105485_0,0.00
366.0,car_007,77.656075,12.923363,107.63,car,15.98,85.18,377105485_0,0.00
366.0,car_008,77.663774,12.921098,105.20,car,15.90,15.76,377105483#0_2,0.00
366.0,car_009,77.662404,12.921439,104.29,car,16.51,804.78,377105485_2,0.00
366.0,car_010,77.660527,12.921882,103.79,car,15.84,596.07,377105485_1,0.00
366.0,truck_001,77.645981,12.923018,46.27,truck,11.81,143.76,377125912#6_0,0.00
366.0,truck_002,77.633294,12.916460,95.07,truck,12.92,101.25,380707230#0_0,0.00
367.0,bike_001,77.668644,12.922441,63.32,motorcycle,15.15,89.11,240652650#0_0,0.00
367.0,bike_002,77.652502,12.924162,101.06,motorcycle,11.68,545.94,379308034_0,0.00
367.0,bike_003,77.662015,12.921508,103.79,motorcycle,15.80,762.88,377105485_1,0.00
367.0,bike_004,77.661845,12.921580,103.79,motorcycle,14.31,742.24,377105485_2,0.00
367.0,bike_005,77.658624,12.922482,109.04,motorcycle,15.64,379.03,377105485_0,0.00
367.0,bus_001,77.652761,12.924110,101.06,bus,13.46,574.80,379308034_0,0.00
367.0,bus_002,77.641093,12.917506,51.40,bus,13.44,7.45,377125912#2_0,0.00
367.0,bus_003,77.624165,12.917618,80.17,bus,13.44,107.38,1073384217#1_0,0.00
367.0,car_001,77.672388,12.924182,64.85,car,16.11,59.53,1146865108#0_0,0.00
367.0,car_002,77.667810,12.922042,64.36,car,15.54,187.23,230182006#0_0,0.00
367.0,car_003,77.669801,12.923000,62.34,car,15.84,15.36,543259500#1-AddedOnRampEdge_1,0.00
367.0,car_004,77.669051,12.922636,63.33,car,15.63,40.92,240652650#0-AddedOffRampEdge_1,0.00
367.0,car_005,77.668222,12.922238,63.34,car,16.62,38.05,240652650#0_0,0.00
367.0,car_006,77.659325,12.922237,109.04,car,15.60,460.00,377105485_0,0.00
367.0,car_007,77.656213,12.923318,107.63,car,15.84,101.02,377105485_0,0.00
367.0,car_008,77.663914,12.921059,105.20,car,15.87,31.64,377105483#0_2,0.00
367.0,car_009,77.662550,12.921401,104.29,car,16.38,821.16,377105485_2,0.00
367.0,car_010,77.660670,12.921846,103.79,car,16.09,612.16,377105485_1,0.00
367.0,truck_001,77.646061,12.923092,46.27,truck,11.98,155.74,377125912#6_0,0.00
367.0,truck_002,77.633413,12.916449,95.04,truck,12.94,114.19,380707230#0_0,0.00
368.0,bike_001,77.668770,12.922502,63.33,motorcycle,15.53,6.96,240652650#0-AddedOffRampEdge_1,0.00
368.0,bike_002,77.652603,12.924142,101.06,motorcycle,11.25,557.19,379308034_0,0.00
368.0,bike_003,77.662151,12.921474,103.79,motorcycle,15.28,778.16,377105485_1,0.00
368.0,bike_004,77.661989,12.921544,103.79,motorcycle,16.13,758.36,377105485_2,0.00
368.0,bike_005,77.658758,12.922435,109.04,motorcycle,15.54,394.57,377105485_0,0.00
368.0,bus_001,77.652880,12.924086,101.06,bus,13.22,588.03,379308034_0,0.00
368.0,bus_002,77.641181,12.917592,43.92,bus,13.45,20.89,377125912#2_0,0.00
368.0,bus_003,77.624289,12.917638,80.17,bus,13.63,121.01,1073384217#1_0,0.00
368.0,car_001,77.672520,12.924241,64.85,car,15.81,75.35,1146865108#0_0,0.00
368.0,car_002,77.667948,12.922107,63.34,car,16.61,5.00,240652650#0_0,0.00
368.0,car_003,77.669928,12.923064,62.34,car,15.48,30.84,543259500#1-AddedOnRampEdge_1,0.00
368.0,car_004,77.669185,12.922701,63.33,car,16.25,57.18,240652650#0-AddedOffRampEdge_1,0.00
368.0,car_005,77.668354,12.922302,63.32,car,15.98,54.04,240652650#0_0,0.00
368.0,car_006,77.659471,12.922216,109.04,car,15.50,475.50,377105485_1,0.00
368.0,car_007,77.656358,12.923271,107.63,car,16.52,117.54,377105485_0,0.00
368.0,car_008,77.664050,12.921021,105.25,car,16.13,6.11,377105483#0-AddedOffRampEdge_4,0.00
368.0,car_009,77.662698,12.921362,104.29,car,16.65,837.82,377105485_2,0.00
368.0,car_010,77.660819,12.921809,103.79,car,16.65,628.81,377105485_1,0.00
368.0,truck_001,77.646142,12.923166,46.27,truck,12.00,167.75,377125912#6_0,0.00
368.0,truck_002,77.633529,12.916437,95.04,truck,12.61,126.81,380707230#0_0,0.00
369.0,bike_001,77.668902,12.922565,63.33,motorcycle,15.99,22.95,240652650#0-AddedOffRampEdge_1,0.00
369.0,bike_002,77.652698,12.924122,101.06,motorcycle,10.58,567.77,379308034_0,0.00
369.0,bike_003,77.662289,12.921439,104.23,motorcycle,15.46,793.62,377105485_1,0.00
369.0,bike_004,77.662119,12.921512,103.79,motorcycle,14.45,772.81,377105485_2,0.00
369.0,bike_005,77.658903,12.922385,109.04,motorcycle,16.64,411.21,377105485_0,0.00
369.0,bus_001,77.653002,12.924061,101.06,bus,13.49,601.51,379308034_0,0.00
369.0,bus_002,77.641269,12.917679,43.92,bus,13.51,34.40,377125912#2_0,0.00
369.0,bus_003,77.624412,12.917655,81.30,bus,13.57,134.58,1073384217#1_0,0.00
369.0,car_001,77.672655,12.924302,64.85,car,16.08,91.42,1146865108#0_0,0.00
369.0,car_002,77.668080,12.922170,63.34,car,15.93,20.93,240652650#0_0,0.00
369.0,car_003,77.670066,12.923129,63.55,car,16.66,47.49,543259500#1-AddedOnRampEdge_1,0.00
369.0,car_004,77.669321,12.922766,63.33,car,16.40,73.58,240652650#0-AddedOffRampEdge_1,0.00
369.0,car_005,77.668484,12.922364,63.32,car,15.79,69.82,240652650#0_0,0.00
369.0,car_006,77.659614,12.922166,109.04,car,16.44,491.94,377105485_1,0.00
369.0,car_007,77.656496,12.923227,107.63,car,15.83,133.37,377105485_0,0.00
369.0,car_008,77.664187,12.920983,105.25,car,15.90,22.02,377105483#0-AddedOffRampEdge_4,0.00
369.0,car_009,77.662836,12.921326,104.29,car,15.44,853.26,377105485_2,0.00
369.0,car_010,77.660965,12.921772,103.79,car,16.35,645.16,377105485_1,0.00
369.0,truck_001,77.646222,12.923238,46.85,truck,11.87,179.62,377125912#6_0,0.00
369.0,truck_002,77.633646,12.916426,95.04,truck,12.74,139.54,380707230#0_0,0.00
370.0,bike_001,77.669034,12.922628,63.33,motorcycle,15.90,38.85,240652650#0-AddedOffRampEdge_1,0.00
370.0,bike_002,77.652796,12.924103,101.06,motorcycle,10.85,578.62,379308034_0,0.00
370.0,bike_003,77.662425,12.921403,104.29,motorcycle,15.24,808.86,377105485_1,0.00
370.0,bike_004,77.662266,12.921475,103.79,motorcycle,16.46,789.27,377105485_2,0.00
370.0,bike_005,77.659026,12.922341,109.04,motorcycle,14.23,425.44,377105485_0,0.00
370.0,bus_001,77.653123,12.924036,101.12,bus,13.50,615.02,379308034_0,0.00
370.0,bus_002,77.641355,12.917765,43.92,bus,13.30,47.71,377125912#2_0,0.00
370.0,bus_003,77.624539,12.917665,85.09,bus,13.86,148.44,1073384217#1_0,0.00
370.0,car_001,77.672793,12.924364,64.85,car,16.55,107.97,1146865108#0_0,0.00
370.0,car_002,77.668212,12.922234,63.34,car,15.98,36.91,240652650#0_0,0.00
370.0,car_003,77.670203,12.923195,63.55,car,16.56,64.05,543259500#1-AddedOnRampEdge_1,0.00
370.0,car_004,77.669453,12.922829,63.33,car,15.95,89.53,240652650#0-AddedOffRampEdge_1,0.00
370.0,car_005,77.668617,12.922428,63.32,car,15.99,85.82,240652650#0_0,0.00
370.0,car_006,77.659755,12.922117,109.30,car,16.32,508.26,377105485_1,0.00
370.0,car_007,77.656630,12.923180,109.04,car,15.51,148.88,377105485_0,0.00
370.0,car_008,77.664324,12.920945,104.90,car,15.70,37.72,377105483#0-AddedOffRampEdge_4,0.00
370.0,car_009,77.662966,12.921294,103.11,car,15.62,1.72,1303669679_2,0.00
370.0,car_010,77.661106,12.921737,103.79,car,15.87,661.02,377105485_1,0.00
370.0,truck_001,77.646303,12.923309,47.19,truck,11.80,191.42,377125912#6_0,0.00
370.0,truck_002,77.633765,12.916415,95.04,truck,13.07,152.61,380707230#0_0,0.00
371.0,bike_001,77.669157,12.922687,63.33,motorcycle,14.89,53.74,240652650#0-AddedOffRampEdge_1,0.00
371.0,bike_002,77.652898,12.924082,101.06,motorcycle,11.43,590.05,379308034_0,0.00
371.0,bike_003,77.662552,12.921370,104.29,motorcycle,14.27,823.13,377105485_1,0.00
371.0,bike_004,77.662406,12.921438,104.29,motorcycle,15.77,805.04,377105485_2,0.00
371.0,bike_005,77.659167,12.922292,109.04,motorcycle,16.25,441.69,377105485_0,0.00
371.0,bus_001,77.653242,12.924012,101.23,bus,13.21,628.23,379308034_0,0.00
371.0,bus_002,77.641442,12.917852,43.92,bus,13.46,61.17,377125912#2_0,0.00
371.0,bus_003,77.624665,12.917674,85.09,bus,13.76,162.20,1073384217#1_0,0.00
371.0,car_001,77.672926,12.924423,64.85,car,15.86,123.83,1146865108#0_0,0.00
371.0,car_002,77.668347,12.922299,63.32,car,16.29,53.21,240652650#0_0,0.00
371.0,car_003,77.670336,12.923253,66.66,car,15.82,79.88,543259500#1-AddedOnRampEdge_1,0.00
371.0,car_004,77.669563,12.922915,42.00,car,15.77,2.18,240652650#2_1,0.00
371.0,car_005,77.668747,12.922491,63.33,car,16.07,4.21,240652650#0-AddedOffRampEdge_1,0.00
371.0,car_006,77.659898,12.922065,109.60,car,16.59,524.85,377105485_1,0.00
371.0,car_007,77.656773,12.923130,109.04,car,16.42,165.31,377105485_0,0.00
371.0,car_008,77.664459,12.920911,103.85,car,15.53,53.25,377105483#0-AddedOffRampEdge_4,0.00
371.0,car_009,77.663111,12.921260,102.73,car,16.23,17.95,1303669679_2,0.00
371.0,car_010,77.661246,12.921702,103.79,car,15.62,676.65,377105485_1,0.00
371.0,truck_001,77.646382,12.923380,47.19,truck,11.69,203.10,377125912#6_0,0.00
371.0,truck_002,77.633884,12.916403,95.04,truck,12.96,165.57,380707230#0_0,0.00
372.0,bike_001,77.669292,12.922752,63.33,motorcycle,16.37,70.11,240652650#0-AddedOffRampEdge_1,0.00
372.0,bike_002,77.652999,12.924062,101.06,motorcycle,11.15,601.20,379308034_0,0.00
372.0,bike_003,77.662690,12.921334,104.29,motorcycle,15.57,838.70,377105485_1,0.00
372.0,bike_004,77.662552,12.921400,104.29,motorcycle,16.36,821.40,377105485_2,0.00
372.0,bike_005,77.659301,12.922245,109.04,motorcycle,15.53,457.22,377105485_0,0.00
372.0,bus_001,77.653365,12.923987,101.23,bus,13.76,641.98,379308034_0,0.00
372.0,bus_002,77.641528,12.917938,43.92,bus,13.31,74.47,377125912#2_0,0.00
372.0,bus_003,77.624791,12.917680,86.98,bus,13.71,175.92,1073384217#1_0,0.00
372.0,car_001,77.673051,12.924511,64.86,car,16.41,140.24,1146865108#0_1,0.00
372.0,car_002,77.668482,12.922363,63.32,car,16.29,69.49,240652650#0_0,0.00
372.0,car_003,77.670474,12.923309,66.69,car,16.21,1.91,:543259500#1-AddedOnRampNode_0_0,0.00
372.0,car_004,77.669705,12.922952,62.96,car,15.88,3.63,543259500#1-AddedOnRampEdge_1,0.00
372.0,car_005,77.668881,12.922555,63.33,car,16.23,20.43,240652650#0-AddedOffRampEdge_1,0.00
372.0,car_006,77.660043,12.922015,106.78,car,16.61,541.46,377105485_1,0.00
372.0,car_007,77.656912,12.923081,109.04,car,16.10,181.41,377105485_0,0.00
372.0,car_008,77.664598,12.920876,103.85,car,15.91,69.15,377105483#0-AddedOffRampEdge_4,0.00
372.0,car_009,77.663259,12.921226,102.80,car,16.41,34.35,1303669679_2,0.00
372.0,car_010,77.661387,12.921666,103.79,car,15.85,692.49,377105485_1,0.00
372.0,truck_001,77.646465,12.923450,48.94,truck,11.89,215.00,377125912#6_0,0.00
372.0,truck_002,77.634004,12.916392,95.04,truck,13.04,178.62,380707230#0_0,0.00
373.0,bike_001,77.669423,12.922815,63.33,motorcycle,15.81,85.92,240652650#0-AddedOffRampEdge_1,0.00
373.0,bike_002,77.653098,12.924041,101.21,motorcycle,11.03,612.23,379308034_0,0.00
373.0,bike_003,77.662850,12.921322,104.29,motorcycle,16.10,854.80,377105485_2,0.00
373.0,bike_004,77.662685,12.921365,104.29,motorcycle,14.97,836.37,377105485_2,0.00
373.0,bike_005,77.659430,12.922200,109.04,motorcycle,14.89,472.11,377105485_0,0.00
373.0,bus_001,77.653489,12.923961,101.23,bus,13.72,655.71,379308034_0,0.00
373.0,bus_002,77.641615,12.918025,43.68,bus,13.43,87.90,377125912#2_0,0.00
373.0,bus_003,77.624917,12.917681,88.98,bus,13.65,189.56,1073384217#1_0,0.00
373.0,car_001,77.673187,12.924572,64.86,car,16.27,156.52,1146865108#0_1,0.00
373.0,car_002,77.668614,12.922427,63.32,car,16.06,85.55,240652650#0_0,0.00
373.0,car_003,77.670614,12.923367,66.66,car,16.42,10.33,543259500#1_0,0.00
373.0,car_004,77.669835,12.923017,62.34,car,15.89,19.52,543259500#1-AddedOnRampEdge_1,0.00
373.0,car_005,77.669013,12.922618,63.33,car,15.90,36.33,240652650#0-AddedOffRampEdge_1,0.00
373.0,car_006,77.660186,12.921971,106.75,car,16.36,557.81,377105485_1,0.00
373.0,car_007,77.657055,12.923031,109.04,car,16.51,197.92,377105485_0,0.00
373.0,car_008,77.664736,12.920843,102.58,car,15.78,0.49,:2387123504_3_2,0.00
373.0,car_009,77.663401,12.921193,102.80,car,15.93,50.28,1303669679_2,0.00
373.0,car_010,77.661534,12.921629,103.79,car,16.51,709.01,377105485_1,0.00
373.0,truck_001,77.646548,12.923517,49.74,truck,11.71,226.71,377125912#6_0,0.00
373.0,truck_002,77.634123,12.916380,95.04,truck,13.03,191.64,380707230#0_0,0.00
374.0,bike_001,77.669533,12.922882,36.52,motorcycle,14.61,5.63,:11233009357_0_1,0.00
374.0,bike_002,77.653189,12.924023,101.23,motorcycle,10.18,622.42,379308034_0,0.00
374.0,bike_003,77.662972,12.921293,102.59,motorcycle,14.73,2.37,1303669679_2,0.00
374.0,bike_004,77.662818,12.921331,104.29,motorcycle,14.82,851.20,377105485_2,0.00
374.0,bike_005,77.659559,12.922155,109.04,motorcycle,14.82,486.93,377105485_0,0.00
374.0,bus_001,77.653611,12.923936,101.23,bus,13.58,669.29,379308034_0,0.00
374.0,bus_002,77.641701,12.918117,41.91,bus,13.84,101.74,377125912#2_0,0.00
374.0,bus_003,77.625043,12.917681,89.15,bus,13.68,203.24,1073384217#1_0,0.00
374.0,car_001,77.673322,12.924632,64.86,car,16.08,172.60,1146865108#0_1,0.00
374.0,car_002,77.668749,12.922491,63.33,car,16.49,4.36,240652650#0-AddedOffRampEdge_1,0.00
374.0,car_003,77.670749,12.923425,63.61,car,16.05,26.38,543259500#1_0,0.00
374.0,car_004,77.669970,12.923084,63.09,car,16.37,35.90,543259500#1-AddedOnRampEdge_1,0.00
374.0,car_005,77.669147,12.922682,63.33,car,16.16,52.49,240652650#0-AddedOffRampEdge_1,0.00
374.0,car_006,77.660321,12.921904,103.79,car,16.65,574.46,377105485_0,0.00
374.0,car_007,77.657191,12.922984,109.04,car,15.64,213.56,377105485_0,0.00
374.0,car_008,77.664875,12.920845,79.57,car,15.72,16.22,:2387123504_3_2,0.00
374.0,car_009,77.663539,12.921160,102.80,car,15.42,65.70,1303669679_2,0.00
374.0,car_010,77.661681,12.921592,103.79,car,16.50,725.51,377105485_1,0.00
374.0,truck_001,77.646634,12.923587,49.74,truck,12.09,238.80,377125912#6_0,0.00
374.0,truck_002,77.634240,12.916369,95.02,truck,12.74,204.39,380707230#0_0,0.00
375.0,bike_001,77.669671,12.922935,67.32,motorcycle,16.47,7.08,:11233009356_0_1,0.00
375.0,bike_002,77.653295,12.924001,101.23,motorcycle,11.70,634.12,379308034_0,0.00
375.0,bike_003,77.663101,12.921263,102.78,motorcycle,14.42,16.78,1303669679_2,0.00
375.0,bike_004,77.662934,12.921302,103.46,motorcycle,13.84,8.16,:1083500529_2_2,0.00
375.0,bike_005,77.659699,12.922137,109.04,motorcycle,14.81,501.75,377105485_1,0.00
375.0,bus_001,77.653731,12.923912,101.23,bus,13.32,682.61,379308034_0,0.00
375.0,bus_002,77.641786,12.918208,41.91,bus,13.64,115.38,377125912#2_0,0.00
375.0,bus_003,77.625168,12.917680,89.89,bus,13.60,216.84,1073384217#1_0,0.00
375.0,car_001,77.673461,12.924697,63.94,car,16.66,189.26,1146865108#0_1,0.00
375.0,car_002,77.668884,12.922557,63.33,car,16.42,20.78,240652650#0-AddedOffRampEdge_1,0.00
375.0,car_003,77.670886,12.923490,63.62,car,16.56,42.94,543259500#1_0,0.00
375.0,car_004,77.670099,12.923145,63.55,car,15.58,51.47,543259500#1-AddedOnRampEdge_1,0.00
375.0,car_005,77.669282,12.922748,63.33,car,16.41,68.91,240652650#0-AddedOffRampEdge_1,0.00
375.0,car_006,77.660478,12.921895,103.79,car,16.16,590.62,377105485_1,0.00
375.0,car_007,77.657331,12.922935,109.04,car,16.21,229.77,377105485_0,0.00
375.0,car_008,77.665023,12.920866,81.37,car,16.27,15.54,1240374873#0_2,0.00
375.0,car_009,77.663681,12.921124,105.20,car,15.77,5.31,377105483#0_2,0.00
375.0,car_010,77.661821,12.921557,103.79,car,15.68,741.19,377105485_1,0.00
375.0,truck_001,77.646720,12.923648,53.40,truck,11.68,250.47,377125912#6_0,0.00
375.0,truck_002,77.634358,12.916360,93.91,truck,12.87,217.26,380707230#0_0,0.00
376.0,bike_001,77.669794,12.922996,62.34,motorcycle,15.05,14.50,543259500#1-AddedOnRampEdge_1,0.00
376.0,bike_002,77.653393,12.923981,101.23,motorcycle,10.93,645.05,379308034_0,0.00
376.0,bike_003,77.663247,12.921229,102.80,motorcycle,16.29,33.08,1303669679_2,0.00
376.0,bike_004,77.663046,12.921276,102.59,motorcycle,12.72,10.60,1303669679_2,0.00
376.0,bike_005,77.659827,12.922091,109.60,motorcycle,14.80,516.55,377105485_1,0.00
376.0,bus_001,77.653850,12.923887,101.23,bus,13.28,695.89,379308034_0,0.00
376.0,bus_002,77.641871,12.918302,40.90,bus,13.87,129.25,377125912#2_0,0.00
376.0,bus_003,77.625295,12.917679,89.89,bus,13.80,230.64,1073384217#1_0,0.00
376.0,car_001,77.673598,12.924757,66.69,car,16.25,7.86,:3254817343_0_1,0.00
376.0,car_002,77.669016,12.922620,63.33,car,15.94,36.72,240652650#0-AddedOffRampEdge_1,0.00
376.0,car_003,77.671021,12.923554,63.62,car,16.25,59.19,543259500#1_0,0.00
376.0,car_004,77.670228,12.923206,63.92,car,15.54,67.01,543259500#1-AddedOnRampEdge_1,0.00
376.0,car_005,77.669410,12.922809,63.33,car,15.44,84.35,240652650#0-AddedOffRampEdge_1,0.00
376.0,car_006,77.660625,12.921858,103.79,car,16.43,607.05,377105485_1,0.00
376.0,car_007,77.657470,12.922886,109.04,car,16.09,245.86,377105485_0,0.00
376.0,car_008,77.665167,12.920881,83.89,car,15.83,31.37,1240374873#0_2,0.00
376.0,car_009,77.663824,12.921084,105.20,car,16.12,21.43,377105483#0_2,0.00
376.0,car_010,77.661963,12.921521,103.79,car,15.82,757.01,377105485_1,0.00
376.0,truck_001,77.646812,12.923704,57.77,truck,11.66,262.14,377125912#6_0,0.00
376.0,truck_002,77.634476,12.916351,93.91,truck,12.81,230.06,380707230#0_0,0.00
377.0,bike_001,77.669916,12.923057,62.34,motorcycle,14.86,29.36,543259500#1-AddedOnRampEdge_1,0.00
377.0,bike_002,77.653483,12.923962,101.23,motorcycle,10.02,655.07,379308034_0,0.00
377.0,bike_003,77.663385,12.921196,102.80,motorcycle,15.37,48.44,1303669679_2,0.00
377.0,bike_004,77.663189,12.921242,102.80,motorcycle,16.00,26.60,1303669679_2,0.00
377.0,bike_005,77.659953,12.922045,109.60,motorcycle,14.61,531.16,377105485_1,0.00
377.0,bus_001,77.653972,12.923862,101.23,bus,13.60,709.49,379308034_0,0.00
377.0,bus_002,77.641955,12.918396,40.69,bus,13.80,143.05,377125912#2_0,0.00
377.0,bus_003,77.625420,12.917678,89.89,bus,13.68,244.32,1073384217#1_0,0.00
377.0,car_001,77.673736,12.924809,68.64,car,15.99,14.53,1146865108#3_1,0.00
377.0,car_002,77.669149,12.922684,63.33,car,16.11,52.83,240652650#0-AddedOffRampEdge_1,0.00
377.0,car_003,77.671158,12.923619,63.62,car,16.51,75.70,543259500#1_0,0.00
377.0,car_004,77.670358,12.923261,66.66,car,15.39,82.40,543259500#1-AddedOnRampEdge_1,0.00
377.0,car_005,77.669531,12.922879,46.72,car,15.79,5.24,:11233009357_0_1,0.00
377.0,car_006,77.660768,12.921822,103.79,car,16.02,623.07,377105485_1,0.00
377.0,car_007,77.657606,12.922838,109.04,car,15.70,261.56,377105485_0,0.00
377.0,car_008,77.665315,12.920916,73.90,car,16.56,47.93,1240374873#0_2,0.00
377.0,car_009,77.663967,12.921044,105.29,car,16.59,5.10,:377105483#0-AddedOffRampNode_0_4,0.00
377.0,car_010,77.662107,12.921485,103.79,car,16.15,773.16,377105485_1,0.00
377.0,truck_001,77.646904,12.923760,57.77,truck,11.85,273.99,377125912#6_0,0.00
377.0,truck_002,77.634593,12.916341,93.91,truck,12.75,242.81,380707230#0_0,0.00
378.0,bike_001,77.670047,12.923120,63.55,motorcycle,15.81,45.16,543259500#1-AddedOnRampEdge_1,0.00
378.0,bike_002,77.653586,12.923941,101.23,motorcycle,11.45,666.53,379308034_0,0.00
378.0,bike_003,77.663523,12.921164,102.80,motorcycle,15.39,63.83,1303669679_2,0.00
378.0,bike_004,77.663320,12.921212,102.80,motorcycle,14.64,41.24,1303669679_2,0.00
378.0,bike_005,77.660083,12.922003,106.75,motorcycle,14.92,546.08,377105485_1,0.00
378.0,bus_001,77.654095,12.923837,101.23,bus,13.72,723.21,379308034_0,0.00
378.0,bus_002,77.642036,12.918489,40.05,bus,13.45,156.50,377125912#2_0,0.00
378.0,bus_003,77.625543,12.917668,94.74,bus,13.41,257.73,1073384217#1_0,0.00
378.0,car_001,77.673874,12.924871,63.73,car,16.52,31.05,1146865108#3_1,0.00
378.0,car_002,77.669280,12.922746,63.33,car,15.73,68.56,240652650#0-AddedOffRampEdge_1,0.00
378.0,car_003,77.671287,12.923680,63.62,car,15.58,91.27,543259500#1_0,0.00
378.0,car_004,77.670496,12.923318,66.74,car,16.27,4.50,:543259500#1-AddedOnRampNode_0_0,0.00
378.0,car_005,77.669659,12.922930,79.86,car,15.41,5.63,:11233009356_0_1,0.00
378.0,car_006,77.660915,12.921785,103.79,car,16.50,639.57,377105485_1,0.00
378.0,car_007,77.657747,12.922789,109.04,car,16.27,277.83,377105485_0,0.00
378.0,car_008,77.665442,12.920943,77.33,car,15.47,1.63,:262268684_9_3,0.00
378.0,car_009,77.664110,12.921004,105.25,car,16.65,13.02,377105483#0-AddedOffRampEdge_4,0.00
378.0,car_010,77.662252,12.921448,103.79,car,16.33,789.49,377105485_1,0.00
378.0,truck_001,77.646999,12.923817,57.77,truck,12.06,286.05,377125912#6_0,0.00
378.0,truck_002,77.634712,12.916332,93.91,truck,13.04,255.85,380707230#0_0,0.00
379.0,bike_001,77.670181,12.923184,63.55,motorcycle,16.23,61.40,543259500#1-AddedOnRampEdge_1,0.00
379.0,bike_002,77.653682,12.923921,101.23,motorcycle,10.73,677.26,379308034_0,0.00
379.0,bike_003,77.663654,12.921131,105.20,motorcycle,14.55,2.21,377105483#0_2,0.00
379.0,bike_004,77.663467,12.921177,102.80,motorcycle,16.38,57.62,1303669679_2,0.00
379.0,bike_005,77.660215,12.921962,106.75,motorcycle,14.94,561.02,377105485_1,0.00
379.0,bus_001,77.654213,12.923808,103.31,bus,13.19,736.40,379308034_0,0.00
379.0,bus_002,77.642112,12.918586,36.74,bus,13.49,170.00,377125912#2_0,0.00
379.0,bus_003,77.625666,12.917654,96.07,bus,13.52,271.25,1073384217#1_0,0.00
379.0,car_001,77.674004,12.924927,68.53,car,15.42,46.47,1146865108#3_1,0.00
379.0,car_002,77.669414,12.922811,63.33,car,16.23,84.79,240652650#0-AddedOffRampEdge_1,0.00
379.0,car_003,77.671426,12.923743,64.75,car,16.63,107.91,543259500#1_0,0.00
379.0,car_004,77.670635,12.923375,66.66,car,16.29,12.78,543259500#1_0,0.00
379.0,car_005,77.669796,12.922997,62.34,car,16.66,14.66,543259500#1-AddedOnRampEdge_1,0.00
379.0,car_006,77.661059,12.921749,103.79,car,16.13,655.71,377105485_1,0.00
379.0,car_007,77.657886,12.922740,109.04,car,16.03,293.85,377105485_0,0.00
379.0,car_008,77.665581,12.920978,68.73,car,16.20,17.82,:262268684_9_3,0.00
379.0,car_009,77.664251,12.920965,105.25,car,16.30,29.32,377105483#0-AddedOffRampEdge_4,0.00
379.0,car_010,77.662407,12.921438,104.29,car,15.64,805.13,377105485_2,0.00
379.0,truck_001,77.647093,12.923874,57.77,truck,12.06,298.11,377125912#6_0,0.00
379.0,truck_002,77.634829,12.916323,93.95,truck,12.66,268.51,380707230#0_0,0.00
380.0,bike_001,77.670306,12.923240,66.66,motorcycle,14.87,76.27,543259500#1-AddedOnRampEdge_1,0.00
380.0,bike_002,77.653775,12.923902,101.23,motorcycle,10.26,687.52,379308034_0,0.00
380.0,bike_003,77.663792,12.921093,105.20,motorcycle,15.67,17.89,377105483#0_2,0.00
380.0,bike_004,77.663588,12.921148,103.90,motorcycle,13.43,4.12,:1083500526_3_2,0.00
380.0,bike_005,77.660357,12.921925,103.79,motorcycle,16.02,577.04,377105485_1,0.00
380.0,bus_001,77.654333,12.923779,103.31,bus,13.51,749.91,379308034_0,0.00
380.0,bus_002,77.642187,12.918683,36.74,bus,13.46,183.46,377125912#2_0,0.00
380.0,bus_003,77.625790,12.917635,98.85,bus,13.59,284.84,1073384217#1_0,0.00
380.0,car_001,77.674142,12.924987,59.51,car,16.56,1.88,1146865108#5_1,0.00
380.0,car_002,77.669531,12.922880,46.08,car,15.47,5.36,:11233009357_0_1,0.00
380.0,car_003,77.671563,12.923805,64.75,car,16.37,124.28,543259500#1_0,0.00
380.0,car_004,77.670764,12.923432,63.61,car,15.39,28.17,543259500#1_0,0.00
380.0,car_005,77.669923,12.923061,62.34,car,15.51,30.18,543259500#1-AddedOnRampEdge_1,0.00
380.0,car_006,77.661202,12.921712,103.79,car,16.07,671.78,377105485_1,0.00
380.0,car_007,77.658030,12.922690,109.04,car,16.58,310.43,377105485_0,0.00
380.0,car_008,77.665711,12.921041,62.92,car,16.08,8.44,1109938622_3,0.00
380.0,car_009,77.664391,12.920928,103.85,car,16.13,45.45,377105483#0-AddedOffRampEdge_4,0.00
380.0,car_010,77.662554,12.921400,104.29,car,16.47,821.60,377105485_2,0.00
380.0,truck_001,77.647185,12.923929,57.77,truck,11.77,309.88,377125912#6_0,0.00
380.0,truck_002,77.634940,12.916315,93.55,truck,12.68,4.92,:1653906436_1_0,0.00
381.0,bike_001,77.670444,12.923297,66.66,motorcycle,16.30,92.57,543259500#1-AddedOnRampEdge_1,0.00
381.0,bike_002,77.653870,12.923883,101.23,motorcycle,10.63,698.15,379308034_0,0.00
381.0,bike_003,77.663936,12.921053,105.25,motorcycle,16.37,1.33,:377105483#0-AddedOffRampNode_0_4,0.00
381.0,bike_004,77.663731,12.921110,105.20,motorcycle,16.09,10.97,377105483#0_2,0.00
381.0,bike_005,77.660475,12.921866,103.79,motorcycle,14.64,591.68,377105485_0,0.00
381.0,bus_001,77.654456,12.923753,101.53,bus,13.52,6.40,377105485-AddedOnRampEdge_2,0.00
381.0,bus_002,77.642260,12.918782,35.32,bus,13.51,196.97,377125912#2_0,0.00
381.0,bus_003,77.625912,12.917610,100.86,bus,13.54,298.39,1073384217#1_0,0.00
381.0,car_001,77.674267,12.925060,58.54,car,15.81,17.68,1146865108#5_1,0.00
381.0,car_002,77.669665,12.922932,77.37,car,15.97,6.31,:11233009356_0_1,0.00
381.0,car_003,77.671699,12.923866,64.75,car,16.24,140.52,543259500#1_0,0.00
381.0,car_004,77.670896,12.923494,63.62,car,15.87,44.04,543259500#1_0,0.00
381.0,car_005,77.670057,12.923125,63.55,car,16.23,46.41,543259500#1-AddedOnRampEdge_1,0.00
381.0,car_006,77.661345,12.921677,103.79,car,15.96,687.74,377105485_1,0.00
381.0,car_007,77.658174,12.922640,109.04,car,16.63,327.06,377105485_0,0.00
381.0,car_008,77.665842,12.921105,62.92,car,15.91,24.35,1109938622_3,0.00
381.0,car_009,77.664530,12.920893,103.85,car,15.92,61.37,377105483#0-AddedOffRampEdge_4,0.00
381.0,car_010,77.662701,12.921361,104.29,car,16.58,838.18,377105485_2,0.00
381.0,truck_001,77.647279,12.923986,57.77,truck,11.96,321.84,377125912#6_0,0.00
381.0,truck_002,77.635065,12.916310,91.93,truck,12.95,4.22,:11977577698_3_0,0.00
382.0,bike_001,77.670571,12.923349,66.66,motorcycle,14.96,5.34,543259500#1_0,0.00
382.0,bike_002,77.653962,12.923864,101.23,motorcycle,10.18,708.33,379308034_0,0.00
382.0,bike_003,77.664067,12.921016,105.25,motorcycle,15.51,8.11,377105483#0-AddedOffRampEdge_4,0.00
382.0,bike_004,77.663865,12.921072,105.20,motorcycle,15.11,26.08,377105483#0_2,0.00
382.0,bike_005,77.660617,12.921860,103.79,motorcycle,14.53,606.22,377105485_1,0.00
382.0,bus_001,77.654581,12.923729,100.56,bus,13.77,20.17,377105485-AddedOnRampEdge_2,0.00
382.0,bus_002,77.642335,12.918883,35.32,bus,13.84,210.80,377125912#2_0,0.00
382.0,bus_003,77.626035,12.917580,103.99,bus,13.77,312.16,1073384217#1_0,0.00
382.0,car_001,77.674398,12.925127,62.26,car,16.01,33.69,1146865108#5_1,0.00
382.0,car_002,77.669800,12.922999,62.34,car,16.57,15.25,543259500#1-AddedOnRampEdge_1,0.00
382.0,car_003,77.671831,12.923926,64.58,car,15.79,2.29,:307401420_0_0,0.00
382.0,car_004,77.671033,12.923559,63.62,car,16.61,60.65,543259500#1_0,0.00
382.0,car_005,77.670191,12.923189,63.55,car,16.22,62.63,543259500#1-AddedOnRampEdge_1,0.00
382.0,car_006,77.661483,12.921642,103.79,car,15.50,703.23,377105485_1,0.00
382.0,car_007,77.658314,12.922591,109.04,car,16.22,343.28,377105485_0,0.00
382.0,car_008,77.665988,12.921130,74.87,car,16.19,15.99,:266371138_3_3,0.00
382.0,car_009,77.664666,12.920859,103.15,car,15.56,76.93,377105483#0-AddedOffRampEdge_4,0.00
382.0,car_010,77.662845,12.921324,104.29,car,16.09,854.26,377105485_2,0.00
382.0,truck_001,77.647370,12.924040,58.21,truck,11.83,1.78,:1645178560_2_0,0.00
382.0,truck_002,77.635186,12.916305,91.89,truck,13.03,7.83,380707230#2_0,0.00
383.0,bike_001,77.670703,12.923403,66.66,motorcycle,15.56,20.90,543259500#1_0,0.00
383.0,bike_002,77.654052,12.923846,101.23,motorcycle,10.05,718.38,379308034_0,0.00
383.0,bike_003,77.664200,12.920979,105.25,motorcycle,15.39,23.50,377105483#0-AddedOffRampEdge_4,0.00
383.0,bike_004,77.663996,12.921036,105.29,motorcycle,15.44,8.60,:377105483#0-AddedOffRampNode_0_4,0.00
383.0,bike_005,77.660765,12.921822,103.79,motorcycle,16.54,622.76,377105485_1,0.00
383.0,bus_001,77.654703,12.923705,100.56,bus,13.58,33.75,377105485-AddedOnRampEdge_2,0.00
383.0,bus_002,77.642408,12.918981,35.32,bus,13.33,224.14,377125912#2_0,0.00
383.0,bus_003,77.626157,12.917546,105.03,bus,13.88,326.04,1073384217#1_0,0.00
383.0,car_001,77.674530,12.925194,62.26,car,16.22,49.91,1146865108#5_1,0.00
383.0,car_002,77.669930,12.923064,62.34,car,15.81,31.06,543259500#1-AddedOnRampEdge_1,0.00
383.0,car_003,77.671966,12.923988,64.11,car,16.11,8.94,1146865108#0_0,0.00
383.0,car_004,77.671171,12.923625,63.62,car,16.61,77.26,543259500#1_0,0.00
383.0,car_005,77.670326,12.923249,66.66,car,16.07,78.70,543259500#1-AddedOnRampEdge_1,0.00
383.0,car_006,77.661621,12.921607,103.79,car,15.52,718.75,377105485_1,0.00
383.0,car_007,77.658449,12.922543,109.04,car,15.53,358.81,377105485_0,0.00
383.0,car_008,77.666121,12.921191,63.59,car,15.99,14.74,1289252169_3,0.00
383.0,car_009,77.664803,12.920834,94.31,car,15.54,8.03,:2387123504_3_2,0.00
383.0,car_010,77.662978,12.921291,102.86,car,15.90,3.01,1303669679_2,0.00
383.0,truck_001,77.647469,12.924083,65.38,truck,11.80,1.61,:650141496_0_0,0.00
383.0,truck_002,77.635305,12.916300,91.90,truck,12.90,20.73,380707230#2_0,0.00
384.0,bike_001,77.670827,12.923462,63.62,motorcycle,14.91,35.81,543259500#1_0,0.00
384.0,bike_002,77.654145,12.923825,103.31,motorcycle,10.41,728.79,379308034_0,0.00
384.0,bike_003,77.664345,12.920940,103.85,motorcycle,16.67,40.17,377105483#0-AddedOffRampEdge_4,0.00
384.0,bike_004,77.664131,12.920999,105.25,motorcycle,15.58,15.45,377105483#0-AddedOffRampEdge_4,0.00
384.0,bike_005,77.660901,12.921788,103.79,motorcycle,15.30,638.06,377105485_1,0.00
384.0,bus_001,77.654828,12.923681,100.56,bus,13.79,47.54,377105485-AddedOnRampEdge_2,0.00
384.0,bus_002,77.642480,12.919079,35.32,bus,13.39,237.52,377125912#2_0,0.00
384.0,bus_003,77.626276,12.917514,105.03,bus,13.43,339.47,1073384217#1_0,0.00
384.0,car_001,77.674664,12.925261,62.26,car,16.34,66.25,1146865108#5_1,0.00
384.0,car_002,77.670062,12.923128,63.55,car,16.00,47.06,543259500#1-AddedOnRampEdge_1,0.00
384.0,car_003,77.672096,12.924048,64.11,car,15.61,24.56,1146865108#0_0,0.00
384.0,car_004,77.671301,12.923686,63.62,car,15.64,92.90,543259500#1_0,0.00
384.0,car_005,77.670460,12.923303,66.67,car,15.70,0.23,:543259500#1-AddedOnRampNode_0_0,0.00
384.0,car_006,77.661764,12.921571,103.79,car,15.99,734.74,377105485_1,0.00
384.0,car_007,77.658589,12.922495,109.04,car,16.14,374.95,377105485_0,0.00
384.0,car_008,77.666256,12.921255,63.56,car,16.29,0.34,:1644166489_3_0,0.00
384.0,car_009,77.664944,12.920856,80.63,car,15.82,6.91,1240374873#0_2,0.00
384.0,car_010,77.663124,12.921257,102.80,car,16.38,19.38,1303669679_2,0.00
384.0,truck_001,77.647565,12.924131,62.81,truck,11.84,13.45,:650141496_0_0,0.00
384.0,truck_002,77.635424,12.916294,91.90,truck,12.97,33.70,380707230#2_0,0.00
385.0,bike_001,77.670954,12.923522,63.62,motorcycle,15.21,51.03,543259500#1_0,0.00
385.0,bike_002,77.654245,12.923800,103.31,motorcycle,11.20,739.99,379308034_0,0.00
385.0,bike_003,77.664487,12.920904,103.85,motorcycle,16.24,56.41,377105483#0-AddedOffRampEdge_4,0.00
385.0,bike_004,77.664271,12.920959,105.25,motorcycle,16.20,31.64,377105483#0-AddedOffRampEdge_4,0.00
385.0,bike_005,77.661037,12.921754,103.79,motorcycle,15.22,653.28,377105485_1,0.00
385.0,bus_001,77.654953,12.923656,100.56,bus,13.85,61.39,377105485-AddedOnRampEdge_2,0.00
385.0,bus_002,77.642553,12.919178,35.32,bus,13.52,251.04,377125912#2_0,0.00
385.0,bus_003,77.626398,12.917480,105.03,bus,13.75,353.22,1073384217#1_0,0.00
385.0,car_001,77.674794,12.925326,62.26,car,15.81,82.06,1146865108#5_1,0.00
385.0,car_002,77.670199,12.923193,63.55,car,16.46,63.52,543259500#1-AddedOnRampEdge_1,0.00
385.0,car_003,77.672234,12.924112,64.11,car,16.54,41.10,1146865108#0_0,0.00
385.0,car_004,77.671436,12.923747,64.75,car,16.12,109.02,543259500#1_0,0.00
385.0,car_005,77.670592,12.923358,66.66,car,15.55,7.78,543259500#1_0,0.00
385.0,car_006,77.661908,12.921535,103.79,car,16.21,750.95,377105485_1,0.00
385.0,car_007,77.658731,12.922445,109.04,car,16.39,391.35,377105485_0,0.00
385.0,car_008,77.666382,12.921340,54.14,car,16.66,13.21,230182006#0_0,0.00
385.0,car_009,77.665096,12.920874,83.89,car,16.64,23.54,1240374873#0_2,0.00
385.0,car_010,77.663264,12.921225,102.80,car,15.57,34.96,1303669679_2,0.00
385.0,truck_001,77.647665,12.924176,64.74,truck,11.99,11.73,379308034_0,0.00
385.0,truck_002,77.635543,12.916289,91.90,truck,12.80,46.50,380707230#2_0,0.00
386.0,bike_001,77.671080,12.923582,63.62,motorcycle,15.28,66.31,543259500#1_0,0.00
386.0,bike_002,77.654349,12.923775,103.31,motorcycle,11.68,751.67,379308034_0,0.00
386.0,bike_003,77.664620,12.920870,103.85,motorcycle,15.22,71.63,377105483#0-AddedOffRampEdge_4,0.00
386.0,bike_004,77.664414,12.920922,103.85,motorcycle,16.45,48.10,377105483#0-AddedOffRampEdge_4,0.00
386.0,bike_005,77.661184,12.921717,103.79,motorcycle,16.45,669.73,377105485_1,0.00
386.0,bus_001,77.655074,12.923633,100.49,bus,13.36,74.76,377105485-AddedOnRampEdge_2,0.00
386.0,bus_002,77.642626,12.919277,35.32,bus,13.49,264.53,377125912#2_0,0.00
386.0,bus_003,77.626520,12.917447,105.03,bus,13.70,366.92,1073384217#1_0,0.00
386.0,car_001,77.674926,12.925393,62.29,car,16.12,98.19,1146865108#5_1,0.00
386.0,car_002,77.670335,12.923252,66.66,car,16.22,79.74,543259500#1-AddedOnRampEdge_1,0.00
386.0,car_003,77.672367,12.924173,64.85,car,16.00,57.10,1146865108#0_0,0.00
386.0,car_004,77.671568,12.923807,64.75,car,15.75,124.78,543259500#1_0,0.00
386.0,car_005,77.670733,12.923417,64.76,car,16.66,24.44,543259500#1_0,0.00
386.0,car_006,77.662057,12.921497,103.79,car,16.61,767.56,377105485_1,0.00
386.0,car_007,77.658864,12.922398,109.04,car,15.37,406.72,377105485_0,0.00
386.0,car_008,77.666500,12.921421,54.61,car,15.64,28.85,230182006#0_0,0.00
386.0,car_009,77.665238,12.920897,76.76,car,15.74,39.29,1240374873#0_2,0.00
386.0,car_010,77.663409,12.921191,102.80,car,16.22,51.18,1303669679_2,0.00
386.0,truck_001,77.647767,12.924221,64.78,truck,12.14,23.87,379308034_0,0.00
386.0,truck_002,77.635662,12.916277,95.77,truck,13.03,59.53,380707230#2_0,0.00
387.0,bike_001,77.671204,12.923640,63.62,motorcycle,14.97,81.27,543259500#1_0,0.00
387.0,bike_002,77.654436,12.923757,100.56,motorcycle,9.47,4.11,377105485-AddedOnRampEdge_2,0.00
387.0,bike_003,77.664758,12.920839,100.50,motorcycle,15.73,2.92,:2387123504_3_2,0.00
387.0,bike_004,77.664545,12.920889,103.85,motorcycle,15.00,63.10,377105483#0-AddedOffRampEdge_4,0.00
387.0,bike_005,77.661313,12.921684,103.79,motorcycle,14.51,684.24,377105485_1,0.00
387.0,bus_001,77.655196,12.923610,100.44,bus,13.51,88.26,377105485-AddedOnRampEdge_2,0.00
387.0,bus_002,77.642699,12.919375,35.32,bus,13.36,277.89,377125912#2_0,0.00
387.0,bus_003,77.626639,12.917414,105.03,bus,13.45,380.37,1073384217#1_0,0.00
387.0,car_001,77.675059,12.925460,62.34,car,16.29,6.81,:3150107488_0_1,0.00
387.0,car_002,77.670467,12.923306,66.68,car,15.52,1.08,:543259500#1-AddedOnRampNode_0_0,0.00
387.0,car_003,77.672500,12.924232,64.85,car,15.86,72.96,1146865108#0_0,0.00
387.0,car_004,77.671698,12.923866,64.75,car,15.61,140.39,543259500#1_0,0.00
387.0,car_005,77.670867,12.923481,63.62,car,16.19,40.63,543259500#1_0,0.00
387.0,car_006,77.662202,12.921461,103.79,car,16.29,783.85,377105485_1,0.00
387.0,car_007,77.659005,12.922349,109.04,car,16.33,423.05,377105485_0,0.00
387.0,car_008,77.666627,12.921500,61.61,car,16.34,45.20,230182006#0_0,0.00
387.0,car_009,77.665382,12.920931,77.15,car,16.18,55.47,1240374873#0_2,0.00
387.0,car_010,77.663554,12.921157,102.91,car,16.19,0.44,:1083500526_3_2,0.00
387.0,truck_001,77.647871,12.924257,70.00,truck,12.05,35.92,379308034_0,0.00
387.0,truck_002,77.635778,12.916264,95.79,truck,12.61,72.15,380707230#2_0,0.00
388.0,bike_001,77.671342,12.923705,64.72,motorcycle,16.62,97.89,543259500#1_0,0.00
388.0,bike_002,77.654532,12.923738,100.56,motorcycle,10.68,14.79,377105485-AddedOnRampEdge_2,0.00
388.0,bike_003,77.664875,12.920845,79.50,motorcycle,13.29,16.21,:2387123504_3_2,0.00
388.0,bike_004,77.664675,12.920857,102.83,motorcycle,14.82,77.92,377105483#0-AddedOffRampEdge_4,0.00
388.0,bike_005,77.661454,12.921649,103.79,motorcycle,15.76,700.00,377105485_1,0.00
388.0,bus_001,77.655321,12.923586,100.44,bus,13.88,7.51,:377105485-AddedOnRampNode_0_0,0.00
388.0,bus_002,77.642772,12.919474,35.32,bus,13.46,291.36,377125912#2_0,0.00
388.0,bus_003,77.626756,12.917382,105.03,bus,13.30,393.67,1073384217#1_0,0.00
388.0,car_001,77.675188,12.925524,62.25,car,15.70,12.64,1146865108#11_1,0.00
388.0,car_002,77.670601,12.923361,66.66,car,15.76,8.83,543259500#1_0,0.00
388.0,car_003,77.672635,12.924293,64.85,car,16.15,89.11,1146865108#0_0,0.00
388.0,car_004,77.671828,12.923924,64.61,car,15.46,1.82,:307401420_0_0,0.00
388.0,car_005,77.670997,12.923542,63.62,car,15.67,56.30,543259500#1_0,0.00
388.0,car_006,77.662364,12.921449,104.29,car,16.46,800.31,377105485_2,0.00
388.0,car_007,77.659146,12.922300,109.04,car,16.21,439.27,377105485_0,0.00
388.0,car_008,77.666757,12.921560,64.36,car,15.64,60.84,230182006#0_0,0.00
388.0,car_009,77.665507,12.920956,78.22,car,15.46,9.17,:262268684_9_3,0.00
388.0,car_010,77.663693,12.921120,105.20,car,15.41,6.62,377105483#0_2,0.00
388.0,truck_001,77.647976,12.924287,73.01,truck,11.88,47.80,379308034_0,0.00
388.0,truck_002,77.635895,12.916251,95.79,truck,12.74,84.89,380707230#2_0,0.00
389.0,bike_001,77.671482,12.923768,64.75,motorcycle,16.66,114.55,543259500#1_0,0.00
389.0,bike_002,77.654657,12.923714,100.56,motorcycle,13.85,28.64,377105485-AddedOnRampEdge_2,0.00
389.0,bike_003,77.665010,12.920865,81.37,motorcycle,14.85,14.12,1240374873#0_2,0.00
389.0,bike_004,77.664800,12.920834,91.38,motorcycle,14.27,7.75,:2387123504_3_2,0.00
389.0,bike_005,77.661590,12.921615,103.79,motorcycle,15.30,715.30,377105485_1,0.00
389.0,bus_001,77.655444,12.923558,102.85,bus,13.66,13.17,377105485_0,0.00
389.0,bus_002,77.642845,12.919574,35.32,bus,13.60,304.95,377125912#2_0,0.00
389.0,bus_003,77.626877,12.917347,106.04,bus,13.67,407.34,1073384217#1_0,0.00
389.0,car_001,77.675321,12.925592,62.25,car,16.29,28.93,1146865108#11_1,0.00
389.0,car_002,77.670734,12.923417,64.70,car,15.70,24.53,543259500#1_0,0.00
389.0,car_003,77.672775,12.924355,64.85,car,16.62,105.74,1146865108#0_0,0.00
389.0,car_004,77.671959,12.923984,64.11,car,15.71,8.08,1146865108#0_0,0.00
389.0,car_005,77.671127,12.923604,63.62,car,15.66,71.96,543259500#1_0,0.00
389.0,car_006,77.662512,12.921411,104.29,car,16.57,816.88,377105485_2,0.00
389.0,car_007,77.659298,12.922277,109.04,car,16.25,455.51,377105485_1,0.00
389.0,car_008,77.666894,12.921622,64.36,car,16.44,77.28,230182006#0_0,0.00
389.0,car_009,77.665644,12.921008,63.74,car,16.52,0.21,1109938622_3,0.00
389.0,car_010,77.663832,12.921082,105.20,car,15.73,22.35,377105483#0_2,0.00
389.0,truck_001,77.648081,12.924317,73.63,truck,11.89,59.69,379308034_0,0.00
389.0,truck_002,77.636014,12.916238,95.79,truck,12.92,97.81,380707230#2_0,0.00
390.0,bike_001,77.671613,12.923827,64.75,motorcycle,15.65,130.20,543259500#1_0,0.00
390.0,bike_002,77.654789,12.923688,100.56,motorcycle,14.57,43.21,377105485-AddedOnRampEdge_2,0.00
390.0,bike_003,77.665148,12.920879,83.89,motorcycle,15.20,29.33,1240374873#0_2,0.00
390.0,bike_004,77.664943,12.920855,80.69,motorcycle,16.01,6.83,1240374873#0_2,0.00
390.0,bike_005,77.661728,12.921580,103.79,motorcycle,15.44,730.74,377105485_1,0.00
390.0,bus_001,77.655566,12.923526,104.45,bus,13.79,26.96,377105485_0,0.00
390.0,bus_002,77.642918,12.919673,35.32,bus,13.47,318.42,377125912#2_0,0.00
390.0,bus_003,77.626995,12.917312,106.23,bus,13.39,420.73,1073384217#1_0,0.00
390.0,car_001,77.675452,12.925657,62.25,car,15.93,44.85,1146865108#11_1,0.00
390.0,car_002,77.670867,12.923480,63.62,car,16.03,40.56,543259500#1_0,0.00
390.0,car_003,77.672910,12.924416,64.85,car,16.11,121.85,1146865108#0_0,0.00
390.0,car_004,77.672094,12.924047,64.11,car,16.28,24.36,1146865108#0_0,0.00
390.0,car_005,77.671257,12.923665,63.62,car,15.63,87.59,543259500#1_0,0.00
390.0,car_006,77.662658,12.921372,104.29,car,16.43,833.31,377105485_2,0.00
390.0,car_007,77.659439,12.922227,109.04,car,16.35,471.87,377105485_1,0.00
390.0,car_008,77.667023,12.921682,64.36,car,15.51,92.79,230182006#0_0,0.00
390.0,car_009,77.665771,12.921070,62.92,car,15.49,15.70,1109938622_3,0.00
390.0,car_010,77.663974,12.921042,105.29,car,16.50,5.93,:377105483#0-AddedOffRampNode_0_4,0.00
390.0,truck_001,77.648187,12.924339,77.28,truck,11.86,71.55,379308034_0,0.00
390.0,truck_002,77.636132,12.916225,95.79,truck,12.93,110.74,380707230#2_0,0.00
391.0,bike_001,77.671741,12.923885,64.75,motorcycle,15.30,145.50,543259500#1_0,0.00
391.0,bike_002,77.654935,12.923660,100.56,motorcycle,16.19,59.40,377105485-AddedOnRampEdge_2,0.00
391.0,bike_003,77.665283,12.920908,73.38,motorcycle,15.07,44.39,1240374873#0_2,0.00
391.0,bike_004,77.665074,12.920872,83.89,motorcycle,14.41,21.23,1240374873#0_2,0.00
391.0,bike_005,77.661857,12.921548,103.79,motorcycle,14.39,745.13,377105485_1,0.00
391.0,bus_001,77.655686,12.923490,106.43,bus,13.57,40.54,377105485_0,0.00
391.0,bus_002,77.642992,12.919773,35.30,bus,13.66,332.08,377125912#2_0,0.00
391.0,bus_003,77.627113,12.917277,106.23,bus,13.37,434.10,1073384217#1_0,0.00
391.0,car_001,77.675582,12.925723,62.29,car,15.84,60.70,1146865108#11_1,0.00
391.0,car_002,77.671000,12.923543,63.62,car,16.01,56.57,543259500#1_0,0.00
391.0,car_003,77.673031,12.924502,64.86,car,16.06,137.91,1146865108#0_1,0.00
391.0,car_004,77.672225,12.924108,64.11,car,15.75,40.10,1146865108#0_0,0.00
391.0,car_005,77.671387,12.923726,64.75,car,15.62,103.22,543259500#1_0,0.00
391.0,car_006,77.662799,12.921336,104.29,car,15.77,849.08,377105485_2,0.00
391.0,car_007,77.659584,12.922177,109.04,car,16.65,488.52,377105485_1,0.00
391.0,car_008,77.667160,12.921744,64.36,car,16.44,109.23,230182006#0_0,0.00
391.0,car_009,77.665910,12.921120,81.04,car,16.22,7.37,:266371138_3_3,0.00
391.0,car_010,77.664115,12.921003,105.25,car,16.51,13.71,377105483#0-AddedOffRampEdge_4,0.00
391.0,truck_001,77.648296,12.924359,78.93,truck,12.03,83.57,379308034_0,0.00
391.0,truck_002,77.636250,12.916213,95.79,truck,12.80,123.53,380707230#2_0,0.00
392.0,bike_001,77.671871,12.923944,64.41,motorcycle,15.50,6.98,:307401420_0_0,0.00
392.0,bike_002,77.655070,12.923634,100.44,motorcycle,14.92,74.32,377105485-AddedOnRampEdge_2,0.00
392.0,bike_003,77.665402,12.920935,77.15,motorcycle,13.31,57.71,1240374873#0_2,0.00
392.0,bike_004,77.665205,12.920889,76.76,motorcycle,14.41,35.65,1240374873#0_2,0.00
392.0,bike_005,77.661985,12.921515,103.79,motorcycle,14.42,759.55,377105485_1,0.00
392.0,bus_001,77.655805,12.923450,108.29,bus,13.69,54.23,377105485_0,0.00
392.0,bus_002,77.643066,12.919869,36.49,bus,13.43,8.37,:650141428_3_0,0.00
392.0,bus_003,77.627233,12.917241,106.23,bus,13.71,447.82,1073384217#1_0,0.00
392.0,car_001,77.675710,12.925785,63.60,car,15.57,76.27,1146865108#11_1,0.00
392.0,car_002,77.671137,12.923608,63.62,car,16.57,73.14,543259500#1_0,0.00
392.0,car_003,77.673166,12.924562,64.86,car,16.01,153.91,1146865108#0_1,0.00
392.0,car_004,77.672363,12.924171,64.85,car,16.56,56.66,1146865108#0_0,0.00
392.0,car_005,77.671526,12.923788,64.75,car,16.59,119.81,543259500#1_0,0.00
392.0,car_006,77.662932,12.921302,103.46,car,15.73,7.95,:1083500529_2_2,0.00
392.0,car_007,77.659719,12.922129,109.04,car,15.61,504.13,377105485_1,0.00
392.0,car_008,77.667298,12.921807,64.36,car,16.51,125.74,230182006#0_0,0.00
392.0,car_009,77.666051,12.921158,63.59,car,16.22,6.36,1289252169_3,0.00
392.0,car_010,77.664253,12.920965,105.25,car,15.83,29.54,377105483#0-AddedOffRampEdge_4,0.00
392.0,truck_001,77.648405,12.924378,78.93,truck,12.07,95.64,379308034_0,0.00
392.0,truck_002,77.636368,12.916200,95.79,truck,12.89,136.43,380707230#2_0,0.00
393.0,bike_001,77.672002,12.924005,64.11,motorcycle,15.82,13.33,1146865108#0_0,0.00
393.0,bike_002,77.655209,12.923607,100.44,motorcycle,15.41,89.73,377105485-AddedOnRampEdge_2,0.00
393.0,bike_003,77.665512,12.920957,76.16,motorcycle,13.76,9.69,:262268684_9_3,0.00
393.0,bike_004,77.665322,12.920918,76.08,motorcycle,13.10,48.75,1240374873#0_2,0.00
393.0,bike_005,77.662130,12.921479,103.79,motorcycle,16.25,775.80,377105485_1,0.00
393.0,bus_001,77.655925,12.923411,107.63,bus,13.77,67.99,377105485_0,0.00
393.0,bus_002,77.643144,12.919966,37.98,bus,13.71,7.40,377125912#3_0,0.00
393.0,bus_003,77.627355,12.917205,106.23,bus,13.83,461.65,1073384217#1_0,0.00
393.0,car_001,77.675847,12.925850,63.60,car,16.48,92.76,1146865108#11_1,0.00
393.0,car_002,77.671272,12.923672,63.62,car,16.24,89.38,543259500#1_0,0.00
393.0,car_003,77.673303,12.924624,64.86,car,16.37,170.28,1146865108#0_1,0.00
393.0,car_004,77.672497,12.924231,64.85,car,15.93,72.59,1146865108#0_0,0.00
393.0,car_005,77.671664,12.923850,64.75,car,16.52,136.33,543259500#1_0,0.00
393.0,car_006,77.663075,12.921269,102.59,car,16.21,13.86,1303669679_2,0.00
393.0,car_007,77.659853,12.922081,109.60,car,15.51,519.64,377105485_1,0.00
393.0,car_008,77.667427,12.921867,64.36,car,15.53,141.27,230182006#0_0,0.00
393.0,car_009,77.666180,12.921219,63.59,car,15.45,21.81,1289252169_3,0.00
393.0,car_010,77.664395,12.920927,103.85,car,16.40,45.94,377105483#0-AddedOffRampEdge_4,0.00
393.0,truck_001,77.648512,12.924393,81.53,truck,11.76,107.40,379308034_0,0.00
393.0,truck_002,77.636487,12.916187,95.79,truck,12.94,149.37,380707230#2_0,0.00
394.0,bike_001,77.672138,12.924067,64.11,motorcycle,16.29,29.62,1146865108#0_0,0.00
394.0,bike_002,77.655355,12.923579,100.44,motorcycle,16.17,3.27,377105485_0,0.00
394.0,bike_003,77.665623,12.920998,63.79,motorcycle,13.41,23.11,:262268684_9_3,0.00
394.0,bike_004,77.665448,12.920945,79.39,motorcycle,15.34,2.31,:262268684_9_3,0.00
394.0,bike_005,77.662270,12.921444,103.79,motorcycle,15.73,791.52,377105485_1,0.00
394.0,bus_001,77.656044,12.923373,107.63,bus,13.59,81.59,377105485_0,0.00
394.0,bus_002,77.643225,12.920063,38.57,bus,13.89,21.29,377125912#3_0,0.00
394.0,bus_003,77.627473,12.917170,106.23,bus,13.38,475.03,1073384217#1_0,0.00
394.0,car_001,77.675979,12.925913,63.60,car,15.92,108.68,1146865108#11_1,0.00
394.0,car_002,77.671402,12.923732,64.75,car,15.62,105.00,543259500#1_0,0.00
394.0,car_003,77.673433,12.924684,63.94,car,15.60,185.88,1146865108#0_1,0.00
394.0,car_004,77.672630,12.924291,64.85,car,15.91,88.50,1146865108#0_0,0.00
394.0,car_005,77.671797,12.923910,64.75,car,15.89,152.22,543259500#1_0,0.00
394.0,car_006,77.663214,12.921236,102.80,car,15.58,29.44,1303669679_2,0.00
394.0,car_007,77.659992,12.922031,109.60,car,16.01,535.64,377105485_1,0.00
394.0,car_008,77.667565,12.921930,64.36,car,16.54,157.81,230182006#0_0,0.00
394.0,car_009,77.666313,12.921292,54.16,car,16.62,3.94,230182006#0_0,0.00
394.0,car_010,77.664540,12.920890,103.85,car,16.51,62.46,377105483#0-AddedOffRampEdge_4,0.00
394.0,truck_001,77.648621,12.924407,81.94,truck,11.97,119.37,379308034_0,0.00
394.0,truck_002,77.636604,12.916174,95.87,truck,12.72,162.09,380707230#2_0,0.00
395.0,bike_001,77.672263,12.924125,64.11,motorcycle,15.01,44.64,1146865108#0_0,0.00
395.0,bike_002,77.655484,12.923547,104.45,motorcycle,14.41,17.68,377105485_0,0.00
395.0,bike_003,77.665743,12.921056,62.92,motorcycle,14.59,12.23,1109938622_3,0.00
395.0,bike_004,77.665559,12.920971,68.73,motorcycle,12.93,15.25,:262268684_9_3,0.00
395.0,bike_005,77.662424,12.921434,104.29,motorcycle,15.48,807.00,377105485_2,0.00
395.0,bus_001,77.656160,12.923335,107.63,bus,13.31,94.90,377105485_0,0.00
395.0,bus_002,77.643305,12.920159,38.57,bus,13.75,35.04,377125912#3_0,0.00
395.0,bus_003,77.627592,12.917135,106.23,bus,13.58,488.61,1073384217#1_0,0.00
395.0,car_001,77.676112,12.925976,63.60,car,16.09,124.77,1146865108#11_1,0.00
395.0,car_002,77.671536,12.923793,64.75,car,16.07,121.07,543259500#1_0,0.00
395.0,car_003,77.673566,12.924744,66.43,car,15.83,4.07,:3254817343_0_1,0.00
395.0,car_004,77.672770,12.924353,64.85,car,16.64,105.14,1146865108#0_0,0.00
395.0,car_005,77.671928,12.923970,64.12,car,15.67,4.41,1146865108#0_0,0.00
395.0,car_006,77.663358,12.921203,102.80,car,16.07,45.51,1303669679_2,0.00
395.0,car_007,77.660123,12.921960,106.75,car,16.40,552.04,377105485_0,0.00
395.0,car_008,77.667696,12.921990,64.36,car,15.68,173.49,230182006#0_0,0.00
395.0,car_009,77.666436,12.921377,54.14,car,16.39,20.34,230182006#0_0,0.00
395.0,car_010,77.664680,12.920856,102.83,car,16.12,78.57,377105483#0-AddedOffRampEdge_4,0.00
395.0,truck_001,77.648731,12.924420,82.38,truck,12.12,131.49,379308034_0,0.00
395.0,truck_002,77.636722,12.916159,96.76,truck,12.90,174.99,380707230#2_0,0.00
396.0,bike_001,77.672392,12.924184,64.85,motorcycle,15.37,60.01,1146865108#0_0,0.00
396.0,bike_002,77.655626,12.923510,104.45,motorcycle,16.06,33.75,377105485_0,0.00
396.0,bike_003,77.665869,12.921114,71.38,motorcycle,15.19,2.88,:266371138_3_3,0.00
396.0,bike_004,77.665671,12.921021,62.92,motorcycle,13.77,3.55,1109938622_3,0.00
396.0,bike_005,77.662563,12.921397,104.29,motorcycle,15.60,822.60,377105485_2,0.00
396.0,bus_001,77.656280,12.923297,107.63,bus,13.69,108.59,377105485_0,0.00
396.0,bus_002,77.643384,12.920255,38.57,bus,13.61,48.66,377125912#3_0,0.00
396.0,bus_003,77.627709,12.917100,106.23,bus,13.30,501.91,1073384217#1_0,0.00
396.0,car_001,77.676208,12.926023,62.02,car,11.59,9.38,:9830778271_9_0,0.00
396.0,car_002,77.671673,12.923854,64.75,car,16.30,137.36,543259500#1_0,0.00
396.0,car_003,77.673702,12.924796,68.64,car,15.79,10.54,1146865108#3_1,0.00
396.0,car_004,77.672898,12.924411,64.85,car,15.38,120.52,1146865108#0_0,0.00
396.0,car_005,77.672060,12.924031,64.11,car,15.89,20.30,1146865108#0_0,0.00
396.0,car_006,77.663502,12.921169,102.80,car,15.99,61.50,1303669679_2,0.00
396.0,car_007,77.660280,12.921944,103.88,car,16.40,568.45,377105485_1,0.00
396.0,car_008,77.667832,12.922052,64.30,car,16.40,0.53,:11527430411_0_0,0.00
396.0,car_009,77.666555,12.921457,55.36,car,15.70,36.03,230182006#0_0,0.00
396.0,car_010,77.664824,12.920837,86.94,car,16.27,10.40,:2387123504_3_2,0.00
396.0,truck_001,77.648839,12.924428,85.39,truck,11.73,143.22,379308034_0,0.00
396.0,truck_002,77.636841,12.916144,96.76,truck,12.99,187.98,380707230#2_0,0.00
397.0,bike_001,77.672527,12.924245,64.85,motorcycle,16.20,76.21,1146865108#0_0,0.00
397.0,bike_002,77.655753,12.923467,108.37,motorcycle,14.58,48.33,377105485_0,0.00
397.0,bike_003,77.665990,12.921131,71.89,motorcycle,13.41,16.29,:266371138_3_3,0.00
397.0,bike_004,77.665804,12.921086,62.92,motorcycle,16.16,19.71,1109938622_3,0.00
397.0,bike_005,77.662703,12.921361,104.29,motorcycle,15.73,838.33,377105485_2,0.00
397.0,bus_001,77.656397,12.923259,107.63,bus,13.42,122.01,377105485_0,0.00
397.0,bus_002,77.643462,12.920349,38.57,bus,13.45,62.11,377125912#3_0,0.00
397.0,bus_003,77.627827,12.917065,106.23,bus,13.33,515.24,1073384217#1_0,0.00
397.0,car_001,77.676262,12.926107,8.78,car,12.06,5.92,:7097308434_3_0,0.00
397.0,car_002,77.671808,12.923915,64.75,car,16.15,153.51,543259500#1_0,0.00
397.0,car_003,77.673842,12.924855,63.73,car,16.58,27.13,1146865108#3_1,0.00
397.0,car_004,77.673017,12.924496,64.86,car,15.69,136.22,1146865108#0_1,0.00
397.0,car_005,77.672196,12.924094,64.11,car,16.26,36.56,1146865108#0_0,0.00
397.0,car_006,77.663645,12.921134,104.26,car,15.89,1.24,377105483#0_2,0.00
397.0,car_007,77.660428,12.921907,103.79,car,16.56,585.00,377105485_1,0.00
397.0,car_008,77.667967,12.922116,63.34,car,16.19,7.26,240652650#0_0,0.00
397.0,car_009,77.666688,12.921528,64.36,car,16.54,52.58,230182006#0_0,0.00
397.0,car_010,77.664972,12.920859,81.19,car,16.51,9.98,1240374873#0_2,0.00
397.0,truck_001,77.648946,12.924435,85.39,truck,11.70,154.93,379308034_0,0.00
397.0,truck_002,77.636960,12.916129,96.76,truck,12.97,200.95,380707230#2_0,0.00
398.0,bike_001,77.672651,12.924300,64.85,motorcycle,14.73,90.94,1146865108#0_0,0.00
398.0,bike_002,77.655890,12.923423,107.63,motorcycle,15.62,63.95,377105485_0,0.00
398.0,bike_003,77.666101,12.921182,63.59,motorcycle,13.31,12.36,1289252169_3,0.00
398.0,bike_004,77.665913,12.921120,89.68,motorcycle,12.59,7.75,:266371138_3_3,0.00
398.0,bike_005,77.662830,12.921328,104.29,motorcycle,14.23,852.56,377105485_2,0.00
398.0,bus_001,77.656514,12.923221,107.78,bus,13.41,135.42,377105485_0,0.00
398.0,bus_002,77.643542,12.920445,38.57,bus,13.74,75.85,377125912#3_0,0.00
398.0,bus_003,77.627946,12.917030,106.23,bus,13.58,528.81,1073384217#1_0,0.00
398.0,car_001,77.676282,12.926227,8.41,car,13.49,11.09,543259514#1_0,0.00
398.0,car_002,77.671944,12.923978,64.11,car,16.29,6.32,1146865108#0_0,0.00
398.0,car_003,77.673979,12.924917,66.78,car,16.40,43.52,1146865108#3_1,0.00
398.0,car_004,77.673153,12.924557,64.86,car,16.16,152.37,1146865108#0_1,0.00
398.0,car_005,77.672332,12.924157,64.26,car,16.40,52.96,1146865108#0_0,0.00
398.0,car_006,77.663791,12.921093,105.20,car,16.45,17.69,377105483#0_2,0.00
398.0,car_007,77.660565,12.921873,103.79,car,15.37,600.38,377105485_1,0.00
398.0,car_008,77.668098,12.922179,63.34,car,15.83,23.09,240652650#0_0,0.00
398.0,car_009,77.666820,12.921588,64.36,car,15.83,68.41,230182006#0_0,0.00
398.0,car_010,77.665117,12.920876,83.89,car,15.94,25.91,1240374873#0_2,0.00
398.0,truck_001,77.649056,12.924443,85.39,truck,12.02,166.95,379308034_0,0.00
398.0,truck_002,77.637077,12.916114,96.76,truck,12.75,213.70,380707230#2_0,0.00
399.0,bike_001,77.672773,12.924355,64.85,motorcycle,14.56,105.50,1146865108#0_0,0.00
399.0,bike_002,77.656031,12.923377,107.63,motorcycle,16.24,80.18,377105485_0,0.00
399.0,bike_003,77.666225,12.921241,63.59,motorcycle,14.98,27.34,1289252169_3,0.00
399.0,bike_004,77.666041,12.921153,63.59,motorcycle,14.53,5.04,1289252169_3,0.00
399.0,bike_005,77.662965,12.921294,102.76,motorcycle,16.17,1.57,1303669679_2,0.00
399.0,bus_001,77.656632,12.923179,109.04,bus,13.64,149.06,377105485_0,0.00
399.0,bus_002,77.643621,12.920540,38.57,bus,13.53,89.38,377125912#3_0,0.00
399.0,bus_003,77.628067,12.916994,106.23,bus,13.72,542.53,1073384217#1_0,0.00
399.0,car_001,77.676304,12.926366,8.41,car,15.57,26.66,543259514#1_0,0.00
399.0,car_002,77.672079,12.924040,64.11,car,16.24,22.56,1146865108#0_0,0.00
399.0,car_003,77.674114,12.924971,62.66,car,15.96,12.64,:11070754936_3_1,0.00
399.0,car_004,77.673292,12.924619,64.86,car,16.66,169.03,1146865108#0_1,0.00
399.0,car_005,77.672470,12.924219,64.85,car,16.44,69.39,1146865108#0_0,0.00
399.0,car_006,77.663932,12.921054,105.21,car,16.05,0.83,:377105483#0-AddedOffRampNode_0_4,0.00
399.0,car_007,77.660712,12.921836,103.79,car,16.45,616.82,377105485_1,0.00
399.0,car_008,77.668233,12.922244,63.34,car,16.35,39.43,240652650#0_0,0.00
399.0,car_009,77.666950,12.921648,64.36,car,15.57,83.98,230182006#0_0,0.00
399.0,car_010,77.665258,12.920901,76.76,car,15.60,41.52,1240374873#0_2,0.00
399.0,truck_001,77.649166,12.924450,85.39,truck,12.00,178.95,379308034_0,0.00
399.0,truck_002,77.637196,12.916098,96.93,truck,13.03,226.73,380707230#2_0,0.00
400.0,bike_001,77.672903,12.924413,64.85,motorcycle,15.57,121.08,1146865108#0_0,0.00
400.0,bike_002,77.656164,12.923334,107.63,motorcycle,15.22,95.41,377105485_0,0.00
400.0,bike_003,77.666337,12.921308,54.14,motorcycle,14.24,7.10,230182006#0_0,0.00
400.0,bike_004,77.666157,12.921208,63.59,motorcycle,14.09,19.13,1289252169_3,0.00
400.0,bike_005,77.663108,12.921261,102.80,motorcycle,16.01,17.58,1303669679_2,0.00
400.0,bus_001,77.656747,12.923139,109.04,bus,13.31,162.37,377105485_0,0.00
400.0,bus_002,77.643700,12.920636,38.57,bus,13.73,103.11,377125912#3_0,0.00
400.0,bus_003,77.628185,12.916959,106.23,bus,13.47,556.00,1073384217#1_0,0.00
400.0,car_001,77.676328,12.926514,8.41,car,16.63,43.29,543259514#1_0,0.00
400.0,car_002,77.672216,12.924104,64.11,car,16.46,39.02,1146865108#0_0,0.00
400.0,car_003,77.674239,12.925044,58.54,car,15.81,14.14,1146865108#5_1,0.00
400.0,car_004,77.673421,12.924678,63.94,car,15.43,184.47,1146865108#0_1,0.00
400.0,car_005,77.672606,12.924280,64.87,car,16.28,85.67,1146865108#0_0,0.00
400.0,car_006,77.664065,12.921017,105.25,car,15.78,7.88,377105483#0-AddedOffRampEdge_4,0.00
400.0,car_007,77.660855,12.921800,103.79,car,16.01,632.83,377105485_1,0.00
400.0,car_008,77.668365,12.922307,63.32,car,15.91,55.34,240652650#0_0,0.00
400.0,car_009,77.667083,12.921709,64.36,car,16.01,99.99,230182006#0_0,0.00
400.0,car_010,77.665401,12.920935,77.15,car,16.03,57.55,1240374873#0_2,0.00
400.0,truck_001,77.649274,12.924458,85.39,truck,11.75,190.70,379308034_0,0.00
400.0,truck_002,77.637316,12.916083,96.98,truck,13.04,239.77,380707230#2_0,0.00
401.0,bike_001,77.673031,12.924470,64.85,motorcycle,15.28,136.35,1146865108#0_0,0.00
401.0,bike_002,77.656298,12.923291,107.63,motorcycle,15.24,110.65,377105485_0,0.00
401.0,bike_003,77.666452,12.921389,54.14,motorcycle,15.44,22.54,230182006#0_0,0.00
401.0,bike_004,77.666275,12.921265,59.97,motorcycle,14.20,2.64,:1644166489_3_0,0.00
401.0,bike_005,77.663247,12.921229,102.80,motorcycle,15.46,33.03,1303669679_2,0.00
401.0,bus_001,77.656866,12.923097,109.04,bus,13.74,176.11,377105485_0,0.00
401.0,bus_002,77.643780,12.920731,38.57,bus,13.64,116.75,377125912#3_0,0.00
401.0,bus_003,77.628304,12.916924,106.23,bus,13.49,569.49,1073384217#1_0,0.00
401.0,car_001,77.676352,12.926658,8.41,car,16.11,59.40,543259514#1_0,0.00
401.0,car_002,77.672347,12.924164,64.54,car,15.64,54.66,1146865108#0_0,0.00
401.0,car_003,77.674371,12.925114,62.25,car,16.25,30.40,1146865108#5_1,0.00
401.0,car_004,77.673553,12.924738,65.54,car,15.78,2.60,:3254817343_0_1,0.00
401.0,car_005,77.672743,12.924341,64.85,car,16.27,101.94,1146865108#0_0,0.00
401.0,car_006,77.664203,12.920978,105.25,car,15.90,23.77,377105483#0-AddedOffRampEdge_4,0.00
401.0,car_007,77.660996,12.921764,103.79,car,15.87,648.71,377105485_1,0.00
401.0,car_008,77.668499,12.922372,63.32,car,16.30,71.64,240652650#0_0,0.00
401.0,car_009,77.667218,12.921771,64.36,car,16.14,116.13,230182006#0_0,0.00
401.0,car_010,77.665526,12.920960,76.66,car,15.56,11.34,:262268684_9_3,0.00
401.0,truck_001,77.649382,12.924465,85.39,truck,11.80,202.50,379308034_0,0.00
401.0,truck_002,77.637436,12.916067,96.98,truck,13.08,252.86,380707230#2_0,0.00
402.0,bike_001,77.673144,12.924553,64.86,motorcycle,15.04,151.40,1146865108#0_1,0.00
402.0,bike_002,77.656437,12.923246,107.63,motorcycle,15.92,126.57,377105485_0,0.00
402.0,bike_003,77.666571,12.921468,55.36,motorcycle,15.65,38.19,230182006#0_0,0.00
402.0,bike_004,77.666391,12.921346,54.14,motorcycle,15.49,14.34,230182006#0_0,0.00
402.0,bike_005,77.663376,12.921198,102.80,motorcycle,14.45,47.48,1303669679_2,0.00
402.0,bus_001,77.656985,12.923056,109.04,bus,13.74,189.84,377105485_0,0.00
402.0,bus_002,77.643857,12.920825,38.57,bus,13.35,130.10,377125912#3_0,0.00
402.0,bus_003,77.628423,12.916891,105.19,bus,13.42,582.92,1073384217#1_0,0.00
402.0,car_001,77.676375,12.926796,9.00,car,15.43,12.66,:cluster_12145839287_3868740751_9_0,0.00
402.0,car_002,77.672482,12.924225,64.85,car,16.21,70.87,1146865108#0_0,0.00
402.0,car_003,77.674503,12.925180,62.26,car,16.13,46.52,1146865108#5_1,0.00
402.0,car_004,77.673691,12.924792,68.64,car,16.07,9.36,1146865108#3_1,0.00
402.0,car_005,77.672877,12.924401,64.85,car,16.02,117.96,1146865108#0_0,0.00
402.0,car_006,77.664338,12.920941,104.38,car,15.60,39.37,377105483#0-AddedOffRampEdge_4,0.00
402.0,car_007,77.661143,12.921727,103.79,car,16.43,665.14,377105485_1,0.00
402.0,car_008,77.668637,12.922438,63.32,car,16.64,88.28,240652650#0_0,0.00
402.0,car_009,77.667346,12.921830,64.36,car,15.44,131.58,230182006#0_0,0.00
402.0,car_010,77.665653,12.921013,63.52,car,15.49,1.37,1109938622_3,0.00
402.0,truck_001,77.649491,12.924472,85.39,truck,11.90,214.40,379308034_0,0.00
402.0,truck_002,77.637553,12.916052,96.98,truck,12.76,265.62,380707230#2_0,0.00
403.0,bike_001,77.673268,12.924608,64.86,motorcycle,14.74,166.13,1146865108#0_1,0.00
403.0,bike_002,77.656577,12.923198,109.04,motorcycle,16.18,142.75,377105485_0,0.00
403.0,bike_003,77.666693,12.921530,64.36,motorcycle,14.93,53.12,230182006#0_0,0.00
403.0,bike_004,77.666504,12.921424,55.36,motorcycle,15.01,29.35,230182006#0_0,0.00
403.0,bike_005,77.663516,12.921166,102.80,motorcycle,15.61,63.09,1303669679_2,0.00
403.0,bus_001,77.657103,12.923014,109.04,bus,13.63,203.47,377105485_0,0.00
403.0,bus_002,77.643937,12.920920,38.57,bus,13.66,143.76,377125912#3_0,0.00
403.0,bus_003,77.628543,12.916862,103.14,bus,13.49,596.41,1073384217#1_0,0.00
403.0,car_001,77.676403,12.926944,10.46,car,16.66,8.29,543259514#3_0,0.00
403.0,car_002,77.672617,12.924285,64.85,car,16.11,86.98,1146865108#0_0,0.00
403.0,car_003,77.674632,12.925245,62.26,car,15.79,62.31,1146865108#5_1,0.00
403.0,car_004,77.673822,12.924846,63.73,car,15.45,24.81,1146865108#3_1,0.00
403.0,car_005,77.673000,12.924488,64.86,car,16.23,134.20,1146865108#0_1,0.00
403.0,car_006,77.664480,12.920906,103.85,car,16.26,55.63,377105483#0-AddedOffRampEdge_4,0.00
403.0,car_007,77.661290,12.921690,103.79,car,16.53,681.66,377105485_1,0.00
403.0,car_008,77.668770,12.922502,63.33,car,16.34,6.93,240652650#0-AddedOffRampEdge_1,0.00
403.0,car_009,77.667481,12.921891,64.36,car,16.16,147.73,230182006#0_0,0.00
403.0,car_010,77.665785,12.921077,62.92,car,16.00,17.37,1109938622_3,0.00
403.0,truck_001,77.649597,12.924480,85.39,truck,11.65,226.04,379308034_0,0.00
403.0,truck_002,77.637671,12.916036,97.02,truck,12.91,278.53,380707230#2_0,0.00
404.0,bike_001,77.673388,12.924663,63.94,motorcycle,14.41,180.54,1146865108#0_1,0.00
404.0,bike_002,77.656712,12.923151,109.04,motorcycle,15.54,158.29,377105485_0,0.00
404.0,bike_003,77.666831,12.921594,64.36,motorcycle,16.62,69.73,230182006#0_0,0.00
404.0,bike_004,77.666617,12.921495,64.08,motorcycle,14.66,44.01,230182006#0_0,0.00
404.0,bike_005,77.663661,12.921129,105.20,motorcycle,16.12,3.05,377105483#0_2,0.00
404.0,bus_001,77.657220,12.922974,109.04,bus,13.44,216.92,377105485_0,0.00
404.0,bus_002,77.644016,12.921015,38.57,bus,13.56,157.32,377125912#3_0,0.00
404.0,bus_003,77.628666,12.916844,97.19,bus,13.53,609.94,1073384217#1_0,0.00
404.0,car_001,77.676430,12.927088,9.28,car,16.26,8.28,:3141452122_9_0,0.00
404.0,car_002,77.672756,12.924347,64.85,car,16.58,103.56,1146865108#0_0,0.00
404.0,car_003,77.674760,12.925309,62.26,car,15.63,77.94,1146865108#5_1,0.00
404.0,car_004,77.673959,12.924910,64.38,car,16.42,41.23,1146865108#3_1,0.00
404.0,car_005,77.673134,12.924548,64.86,car,15.97,150.17,1146865108#0_1,0.00
404.0,car_006,77.664620,12.920870,103.85,car,16.06,71.70,377105483#0-AddedOffRampEdge_4,0.00
404.0,car_007,77.661430,12.921655,103.79,car,15.63,697.30,377105485_1,0.00
404.0,car_008,77.668900,12.922564,63.33,car,15.72,22.66,240652650#0-AddedOffRampEdge_1,0.00
404.0,car_009,77.667612,12.921952,64.36,car,15.78,163.51,230182006#0_0,0.00
404.0,car_010,77.665926,12.921120,88.07,car,16.27,9.09,:266371138_3_3,0.00
404.0,truck_001,77.649707,12.924487,85.39,truck,11.95,237.99,379308034_0,0.00
404.0,truck_002,77.637789,12.916020,97.53,truck,12.91,291.45,380707230#2_0,0.00
405.0,bike_001,77.673522,12.924725,63.94,motorcycle,16.11,196.65,1146865108#0_1,0.00
405.0,bike_002,77.656848,12.923104,109.04,motorcycle,15.71,173.99,377105485_0,0.00
405.0,bike_003,77.666953,12.921649,64.36,motorcycle,14.59,84.32,230182006#0_0,0.00
405.0,bike_004,77.666750,12.921556,64.36,motorcycle,15.95,59.96,230182006#0_0,0.00
405.0,bike_005,77.663798,12.921091,105.20,motorcycle,15.45,18.50,377105483#0_2,0.00
405.0,bus_001,77.657339,12.922932,109.04,bus,13.74,230.66,377105485_0,0.00
405.0,bus_002,77.644095,12.921111,38.57,bus,13.68,171.00,377125912#3_0,0.00
405.0,bus_003,77.628792,12.916833,94.28,bus,13.69,623.63,1073384217#1_0,0.00
405.0,car_001,77.676455,12.927234,9.09,car,16.43,2.15,:cluster_3141452121_3141473146_9_0,0.00
405.0,car_002,77.672873,12.924431,64.86,car,15.48,119.04,1146865108#0_1,0.00
405.0,car_003,77.674891,12.925375,62.26,car,15.96,93.90,1146865108#5_1,0.00
405.0,car_004,77.674094,12.924960,67.39,car,15.78,10.17,:11070754936_3_1,0.00
405.0,car_005,77.673265,12.924607,64.86,car,15.60,165.77,1146865108#0_1,0.00
405.0,car_006,77.664760,12.920838,101.18,car,15.92,3.18,:2387123504_3_2,0.00
405.0,car_007,77.661568,12.921620,103.79,car,15.52,712.82,377105485_1,0.00
405.0,car_008,77.669035,12.922629,63.33,car,16.31,38.97,240652650#0-AddedOffRampEdge_1,0.00
405.0,car_009,77.667743,12.922011,64.36,car,15.64,179.15,230182006#0_0,0.00
405.0,car_010,77.666065,12.921164,63.59,car,16.10,7.95,1289252169_3,0.00
405.0,truck_001,77.649814,12.924495,85.39,truck,11.68,249.67,379308034_0,0.00
405.0,truck_002,77.637908,12.916010,93.84,truck,12.95,304.39,380707230#2_0,0.00
406.0,bike_001,77.673664,12.924782,68.64,motorcycle,16.46,6.16,1146865108#3_1,0.00
406.0,bike_002,77.656990,12.923054,109.04,motorcycle,16.41,190.40,377105485_0,0.00
406.0,bike_003,77.667083,12.921709,64.36,motorcycle,15.62,99.94,230182006#0_0,0.00
406.0,bike_004,77.666880,12.921616,64.36,motorcycle,15.64,75.60,230182006#0_0,0.00
406.0,bike_005,77.663938,12.921052,105.26,motorcycle,15.88,1.46,:377105483#0-AddedOffRampNode_0_4,0.00
406.0,bus_001,77.657458,12.922890,109.04,bus,13.77,244.43,377105485_0,0.00
406.0,bus_002,77.644176,12.921208,38.57,bus,13.86,184.86,377125912#3_0,0.00
406.0,bus_003,77.628917,12.916823,94.24,bus,13.74,637.38,1073384217#1_0,0.00
406.0,car_001,77.676482,12.927378,10.08,car,16.14,18.29,:cluster_3141452121_3141473146_9_0,0.00
406.0,car_002,77.673004,12.924490,64.86,car,15.59,134.62,1146865108#0_1,0.00
406.0,car_003,77.675019,12.925439,62.61,car,15.61,1.84,:3150107488_0_1,0.00
406.0,car_004,77.674220,12.925033,58.54,car,15.85,11.71,1146865108#5_1,0.00
406.0,car_005,77.673399,12.924668,63.94,car,16.02,181.79,1146865108#0_1,0.00
406.0,car_006,77.664880,12.920846,79.50,car,13.60,16.78,:2387123504_3_2,0.00
406.0,car_007,77.661712,12.921584,103.79,car,16.06,728.89,377105485_1,0.00
406.0,car_008,77.669166,12.922692,63.33,car,15.85,54.82,240652650#0-AddedOffRampEdge_1,0.00
406.0,car_009,77.667872,12.922071,63.84,car,15.48,5.27,:11527430411_0_0,0.00
406.0,car_010,77.666201,12.921229,63.59,car,16.40,24.35,1289252169_3,0.00
406.0,truck_001,77.649923,12.924501,85.94,truck,11.92,261.59,379308034_0,0.00
406.0,truck_002,77.638026,12.916008,90.73,truck,12.78,317.18,380707230#2_0,0.00
407.0,bike_001,77.673786,12.924829,63.97,motorcycle,14.28,20.43,1146865108#3_1,0.00
407.0,bike_002,77.657127,12.923006,109.04,motorcycle,15.82,206.23,377105485_0,0.00
407.0,bike_003,77.667210,12.921767,64.36,motorcycle,15.23,115.17,230182006#0_0,0.00
407.0,bike_004,77.667005,12.921673,64.36,motorcycle,15.03,90.63,230182006#0_0,0.00
407.0,bike_005,77.664058,12.921019,105.25,motorcycle,14.34,7.07,377105483#0-AddedOffRampEdge_4,0.00
407.0,bus_001,77.657577,12.922848,109.04,bus,13.79,258.22,377105485_0,0.00
407.0,bus_002,77.644255,12.921303,38.57,bus,13.57,198.43,377125912#3_0,0.00
407.0,bus_003,77.629045,12.916812,94.23,bus,13.87,651.25,1073384217#1_0,0.00
407.0,car_001,77.676510,12.927521,10.11,car,16.19,0.19,543259514#6_0,0.00
407.0,car_002,77.673134,12.924548,64.86,car,15.54,150.16,1146865108#0_1,0.00
407.0,car_003,77.675147,12.925504,62.30,car,15.71,7.68,1146865108#11_1,0.00
407.0,car_004,77.674351,12.925104,62.25,car,16.26,27.97,1146865108#5_1,0.00
407.0,car_005,77.673535,12.924731,64.29,car,16.42,0.57,:3254817343_0_1,0.00
407.0,car_006,77.665004,12.920864,81.37,car,13.62,13.46,1240374873#0_2,0.00
407.0,car_007,77.661859,12.921547,103.79,car,16.58,745.47,377105485_1,0.00
407.0,car_008,77.669303,12.922757,63.33,car,16.53,71.35,240652650#0-AddedOffRampEdge_1,0.00
407.0,car_009,77.668003,12.922134,63.34,car,15.86,11.66,240652650#0_0,0.00
407.0,car_010,77.666332,12.921305,54.14,car,16.61,6.48,230182006#0_0,0.00
407.0,truck_001,77.650033,12.924507,86.37,truck,12.04,273.63,379308034_0,0.00
407.0,truck_002,77.638146,12.916013,86.45,truck,12.98,330.16,380707230#2_0,0.00
408.0,bike_001,77.673923,12.924894,63.77,motorcycle,16.50,36.93,1146865108#3_1,0.00
408.0,bike_002,77.657268,12.922957,109.04,motorcycle,16.32,222.55,377105485_0,0.00
408.0,bike_003,77.667335,12.921824,64.36,motorcycle,15.04,130.21,230182006#0_0,0.00
408.0,bike_004,77.667142,12.921736,64.36,motorcycle,16.46,107.08,230182006#0_0,0.00
408.0,bike_005,77.664183,12.920984,105.25,motorcycle,14.44,21.50,377105483#0-AddedOffRampEdge_4,0.00
408.0,bus_001,77.657694,12.922808,109.04,bus,13.45,271.67,377105485_0,0.00
408.0,bus_002,77.644334,12.921399,38.57,bus,13.65,212.09,377125912#3_0,0.00
408.0,bus_003,77.629170,12.916802,94.23,bus,13.65,664.90,1073384217#1_0,0.00
408.0,car_001,77.676536,12.927662,6.52,car,15.86,16.05,543259514#6_0,0.00
408.0,car_002,77.673270,12.924609,64.86,car,16.20,166.37,1146865108#0_1,0.00
408.0,car_003,77.675276,12.925569,62.25,car,15.78,23.47,1146865108#11_1,0.00
408.0,car_004,77.674483,12.925170,62.26,car,16.22,44.19,1146865108#5_1,0.00
408.0,car_005,77.673674,12.924786,68.64,car,16.15,7.40,1146865108#3_1,0.00
408.0,car_006,77.665122,12.920877,83.89,car,12.96,26.42,1240374873#0_2,0.00
408.0,car_007,77.662003,12.921511,103.79,car,16.12,761.59,377105485_1,0.00
408.0,car_008,77.669435,12.922821,63.33,car,16.00,87.35,240652650#0-AddedOffRampEdge_1,0.00
408.0,car_009,77.668136,12.922197,63.34,car,16.06,27.72,240652650#0_0,0.00
408.0,car_010,77.666450,12.921387,54.14,car,15.69,22.17,230182006#0_0,0.00
408.0,truck_001,77.650144,12.924513,86.37,truck,12.07,285.71,379308034_0,0.00
408.0,truck_002,77.638266,12.916019,86.39,truck,13.00,343.16,380707230#2_0,0.00
409.0,bike_001,77.674057,12.924945,70.42,motorcycle,15.63,5.73,:11070754936_3_1,0.00
409.0,bike_002,77.657409,12.922907,109.04,motorcycle,16.19,238.74,377105485_0,0.00
409.0,bike_003,77.667464,12.921883,64.36,motorcycle,15.45,145.66,230182006#0_0,0.00
409.0,bike_004,77.667266,12.921793,64.36,motorcycle,14.89,121.97,230182006#0_0,0.00
409.0,bike_005,77.664327,12.920944,104.18,motorcycle,16.60,38.11,377105483#0-AddedOffRampEdge_4,0.00
409.0,bus_001,77.657812,12.922766,109.04,bus,13.58,285.25,377105485_0,0.00
409.0,bus_002,77.644414,12.921494,38.57,bus,13.67,225.75,377125912#3_0,0.00
409.0,bus_003,77.629294,12.916792,93.99,bus,13.49,0.03,1534247766#0_0,0.00
409.0,car_001,77.676545,12.927807,2.52,car,16.04,10.72,:3141473150_7_0,0.00
409.0,car_002,77.673406,12.924671,63.94,car,16.25,182.61,1146865108#0_1,0.00
409.0,car_003,77.675411,12.925637,62.25,car,16.47,39.94,1146865108#11_1,0.00
409.0,car_004,77.674612,12.925235,62.26,car,15.69,59.88,1146865108#5_1,0.00
409.0,car_005,77.673810,12.924840,63.73,car,15.96,23.36,1146865108#3_1,0.00
409.0,car_006,77.665236,12.920896,76.76,car,12.67,39.09,1240374873#0_2,0.00
409.0,car_007,77.662148,12.921474,103.79,car,16.23,777.82,377105485_1,0.00
409.0,car_008,77.669546,12.922898,37.72,car,15.62,8.07,:11233009357_0_1,0.00
409.0,car_009,77.668270,12.922261,63.34,car,16.14,43.87,240652650#0_0,0.00
409.0,car_010,77.666571,12.921468,55.36,car,16.01,38.18,230182006#0_0,0.00
409.0,truck_001,77.650255,12.924513,89.49,truck,12.12,297.83,379308034_0,0.00
409.0,truck_002,77.638384,12.916032,82.85,truck,12.92,356.08,380707230#2_0,0.00
410.0,bike_001,77.674177,12.925007,58.54,motorcycle,14.84,6.25,1146865108#5_1,0.00
410.0,bike_002,77.657550,12.922858,109.04,motorcycle,16.29,255.03,377105485_0,0.00
410.0,bike_003,77.667599,12.921945,64.36,motorcycle,16.22,161.87,230182006#0_0,0.00
410.0,bike_004,77.667395,12.921852,64.36,motorcycle,15.47,137.45,230182006#0_0,0.00
410.0,bike_005,77.664463,12.920910,103.85,motorcycle,15.56,53.67,377105483#0-AddedOffRampEdge_4,0.00
410.0,bus_001,77.657929,12.922725,109.04,bus,13.59,298.84,377105485_0,0.00
410.0,bus_002,77.644493,12.921590,38.57,bus,13.61,239.36,377125912#3_0,0.00
410.0,bus_003,77.629417,12.916784,93.53,bus,13.47,13.50,1534247766#0_0,0.00
410.0,car_001,77.676550,12.927950,0.97,car,15.85,12.24,543259514#7_0,0.00
410.0,car_002,77.673537,12.924732,64.42,car,15.80,0.77,:3254817343_0_1,0.00
410.0,car_003,77.675542,12.925702,62.29,car,15.88,55.82,1146865108#11_1,0.00
410.0,car_004,77.674748,12.925303,62.26,car,16.57,76.45,1146865108#5_1,0.00
410.0,car_005,77.673945,12.924904,63.80,car,16.26,39.62,1146865108#3_1,0.00
410.0,car_006,77.665348,12.920923,76.99,car,12.53,51.62,1240374873#0_2,0.00
410.0,car_007,77.662307,12.921464,104.12,car,16.13,793.94,377105485_2,0.00
410.0,car_008,77.669684,12.922941,67.59,car,15.63,1.06,543259500#1-AddedOnRampEdge_1,0.00
410.0,car_009,77.668404,12.922326,63.32,car,16.26,60.13,240652650#0_0,0.00
410.0,car_010,77.666700,12.921534,64.36,car,15.86,54.04,230182006#0_0,0.00
410.0,truck_001,77.650362,12.924509,91.11,truck,11.64,309.47,379308034_0,0.00
410.0,truck_002,77.638501,12.916053,79.22,truck,12.80,368.89,380707230#2_0,0.00
411.0,bike_001,77.674294,12.925075,60.80,motorcycle,14.82,21.08,1146865108#5_1,0.00
411.0,bike_002,77.657684,12.922811,109.04,motorcycle,15.53,270.57,377105485_0,0.00
411.0,bike_003,77.667725,12.922003,64.36,motorcycle,15.20,177.07,230182006#0_0,0.00
411.0,bike_004,77.667520,12.921909,64.36,motorcycle,15.02,152.46,230182006#0_0,0.00
411.0,bike_005,77.664597,12.920876,103.85,motorcycle,15.40,69.07,377105483#0-AddedOffRampEdge_4,0.00
411.0,bus_001,77.658049,12.922683,109.04,bus,13.80,312.64,377105485_0,0.00
411.0,bus_002,77.644570,12.921683,38.57,bus,13.39,252.75,377125912#3_0,0.00
411.0,bus_003,77.629545,12.916775,93.53,bus,13.84,27.34,1534247766#0_0,0.00
411.0,car_001,77.676552,12.928099,359.96,car,16.46,12.19,:274569348_4_0,0.00
411.0,car_002,77.673677,12.924787,68.64,car,16.27,7.72,1146865108#3_1,0.00
411.0,car_003,77.675673,12.925768,63.42,car,16.02,71.83,1146865108#11_1,0.00
411.0,car_004,77.674881,12.925370,62.26,car,16.22,92.67,1146865108#5_1,0.00
411.0,car_005,77.674078,12.924953,69.46,car,15.43,8.21,:11070754936_3_1,0.00
411.0,car_006,77.665455,12.920946,78.62,car,13.34,3.19,:262268684_9_3,0.00
411.0,car_007,77.662453,12.921426,104.29,car,16.40,810.35,377105485_2,0.00
411.0,car_008,77.669815,12.923007,62.34,car,15.94,17.00,543259500#1-AddedOnRampEdge_1,0.00
411.0,car_009,77.668542,12.922392,63.32,car,16.66,76.79,240652650#0_0,0.00
411.0,car_010,77.666832,12.921594,64.36,car,15.85,69.89,230182006#0_0,0.00
411.0,truck_001,77.650472,12.924506,91.11,truck,11.94,321.41,379308034_0,0.00
411.0,truck_002,77.638617,12.916073,79.22,truck,12.82,381.71,380707230#2_0,0.00
412.0,bike_001,77.674415,12.925136,62.26,motorcycle,14.71,35.79,1146865108#5_1,0.00
412.0,bike_002,77.657821,12.922763,109.04,motorcycle,15.81,286.37,377105485_0,0.00
412.0,bike_003,77.667855,12.922063,63.84,motorcycle,15.52,3.23,:11527430411_0_0,0.00
412.0,bike_004,77.667643,12.921966,64.36,motorcycle,14.78,167.24,230182006#0_0,0.00
412.0,bike_005,77.664732,12.920844,102.80,motorcycle,15.40,0.03,:2387123504_3_2,0.00
412.0,bus_001,77.658168,12.922642,109.04,bus,13.81,326.45,377105485_0,0.00
412.0,bus_002,77.644650,12.921779,38.57,bus,13.70,266.45,377125912#3_0,0.00
412.0,bus_003,77.629669,12.916766,93.53,bus,13.55,40.89,1534247766#0_0,0.00
412.0,car_001,77.676551,12.928238,358.71,car,15.48,0.48,:3141473140_4_0,0.00
412.0,car_002,77.673814,12.924842,63.73,car,16.06,23.78,1146865108#3_1,0.00
412.0,car_003,77.675809,12.925832,63.60,car,16.42,88.25,1146865108#11_1,0.00
412.0,car_004,77.675016,12.925438,62.61,car,16.48,1.48,:3150107488_0_1,0.00
412.0,car_005,77.674206,12.925024,58.54,car,16.04,9.94,1146865108#5_1,0.00
412.0,car_006,77.665566,12.920973,70.59,car,12.93,16.12,:262268684_9_3,0.00
412.0,car_007,77.662597,12.921388,104.29,car,16.13,826.47,377105485_2,0.00
412.0,car_008,77.669943,12.923071,62.34,car,15.70,32.70,543259500#1-AddedOnRampEdge_1,0.00
412.0,car_009,77.668678,12.922457,63.31,car,16.56,3.94,:240652650#0-AddedOffRampNode_0_1,0.00
412.0,car_010,77.666965,12.921655,64.36,car,15.92,85.81,230182006#0_0,0.00
412.0,truck_001,77.650581,12.924499,93.25,truck,11.90,333.31,379308034_0,0.00
412.0,truck_002,77.638733,12.916106,72.45,truck,13.01,394.72,380707230#2_0,0.00
413.0,bike_001,77.674550,12.925204,62.26,motorcycle,16.56,52.35,1146865108#5_1,0.00
413.0,bike_002,77.657964,12.922713,109.04,motorcycle,16.47,302.84,377105485_0,0.00
413.0,bike_003,77.667992,12.922128,63.34,motorcycle,16.59,10.34,240652650#0_0,0.00
413.0,bike_004,77.667777,12.922027,64.36,motorcycle,16.08,183.32,230182006#0_0,0.00
413.0,bike_005,77.664865,12.920843,79.50,motorcycle,14.99,15.02,:2387123504_3_2,0.00
413.0,bus_001,77.658287,12.922600,109.04,bus,13.74,340.19,377105485_0,0.00
413.0,bus_002,77.644735,12.921869,42.88,bus,13.62,280.07,377125912#3_0,0.00
413.0,bus_003,77.629793,12.916757,93.53,bus,13.44,54.33,1534247766#0_0,0.00
413.0,car_001,77.676546,12.928383,357.02,car,16.07,2.21,543259514#9_0,0.00
413.0,car_002,77.673949,12.924906,63.81,car,16.26,40.04,1146865108#3_1,0.00
413.0,car_003,77.675938,12.925893,63.60,car,15.49,103.74,1146865108#11_1,0.00
413.0,car_004,77.675145,12.925503,62.27,car,15.80,7.41,1146865108#11_1,0.00
413.0,car_005,77.674330,12.925093,62.25,car,15.54,25.48,1146865108#5_1,0.00
413.0,car_006,77.665677,12.921024,62.96,car,13.63,4.28,1109938622_3,0.00
413.0,car_007,77.662738,12.921351,104.29,car,15.86,842.33,377105485_2,0.00
413.0,car_008,77.670078,12.923135,63.55,car,16.19,48.89,543259500#1-AddedOnRampEdge_1,0.00
413.0,car_009,77.668814,12.922523,63.33,car,16.56,12.23,240652650#0-AddedOffRampEdge_1,0.00
413.0,car_010,77.667102,12.921718,64.36,car,16.39,102.20,230182006#0_0,0.00
413.0,truck_001,77.650688,12.924490,94.50,truck,11.74,345.05,379308034_0,0.00
413.0,truck_002,77.638847,12.916143,71.40,truck,13.06,407.77,380707230#2_0,0.00
414.0,bike_001,77.674681,12.925270,62.26,motorcycle,16.01,68.35,1146865108#5_1,0.00
414.0,bike_002,77.658100,12.922696,109.04,motorcycle,14.59,317.43,377105485_1,0.00
414.0,bike_003,77.668111,12.922185,63.34,motorcycle,14.29,24.63,240652650#0_0,0.00
414.0,bike_004,77.667912,12.922090,63.67,motorcycle,16.21,0.70,240652650#0_0,0.00
414.0,bike_005,77.665002,12.920864,81.37,motorcycle,15.23,13.31,1240374873#0_2,0.00
414.0,bus_001,77.658407,12.922558,109.04,bus,13.80,353.99,377105485_0,0.00
414.0,bus_002,77.644826,12.921957,44.64,bus,13.85,293.92,377125912#3_0,0.00
414.0,bus_003,77.629918,12.916748,93.47,bus,13.71,68.04,1534247766#0_0,0.00
414.0,car_001,77.676538,12.928528,356.58,car,16.06,7.34,:3141473138_4_0,0.00
414.0,car_002,77.674082,12.924955,69.09,car,15.45,8.66,:11070754936_3_1,0.00
414.0,car_003,77.676072,12.925957,63.60,car,16.11,119.85,1146865108#11_1,0.00
414.0,car_004,77.675274,12.925568,62.25,car,15.72,23.13,1146865108#11_1,0.00
414.0,car_005,77.674459,12.925158,62.26,car,15.72,41.20,1146865108#5_1,0.00
414.0,car_006,77.665789,12.921079,62.92,car,13.56,17.84,1109938622_3,0.00
414.0,car_007,77.662876,12.921316,104.12,car,15.56,1.02,:1083500529_2_2,0.00
414.0,car_008,77.670213,12.923199,63.55,car,16.31,65.20,543259500#1-AddedOnRampEdge_1,0.00
414.0,car_009,77.668941,12.922584,63.33,car,15.41,27.63,240652650#0-AddedOffRampEdge_1,0.00
414.0,car_010,77.667231,12.921777,64.36,car,15.48,117.68,230182006#0_0,0.00
414.0,truck_001,77.650799,12.924480,94.51,truck,12.12,357.16,379308034_0,0.00
414.0,truck_002,77.638960,12.916183,69.28,truck,12.99,420.76,380707230#2_0,0.00
415.0,bike_001,77.674798,12.925329,62.26,motorcycle,14.29,82.64,1146865108#5_1,0.00
415.0,bike_002,77.658235,12.922649,109.04,motorcycle,15.59,333.02,377105485_1,0.00
415.0,bike_003,77.668246,12.922250,63.34,motorcycle,16.42,41.05,240652650#0_0,0.00
415.0,bike_004,77.668043,12.922152,63.34,motorcycle,15.72,16.42,240652650#0_0,0.00
415.0,bike_005,77.665143,12.920879,83.89,motorcycle,15.44,28.75,1240374873#0_2,0.00
415.0,bus_001,77.658523,12.922518,109.04,bus,13.36,367.35,377105485_0,0.00
415.0,bus_002,77.644917,12.922043,45.96,bus,13.80,6.59,:cluster_2385141385_650141020_10_0,0.00
415.0,bus_003,77.630046,12.916740,93.26,bus,13.89,81.93,1534247766#0_0,0.00
415.0,car_001,77.676531,12.928676,356.84,car,16.40,9.31,543259514#10_0,0.00
415.0,car_002,77.674211,12.925027,58.54,car,16.24,10.59,1146865108#5_1,0.00
415.0,car_003,77.676178,12.926008,63.11,car,12.89,5.76,:9830778271_9_0,0.00
415.0,car_004,77.675402,12.925632,62.25,car,15.67,38.80,1146865108#11_1,0.00
415.0,car_005,77.674586,12.925222,62.26,car,15.52,56.72,1146865108#5_1,0.00
415.0,car_006,77.665901,12.921120,77.06,car,13.11,6.40,:266371138_3_3,0.00
415.0,car_007,77.663013,12.921283,102.59,car,16.28,7.01,1303669679_2,0.00
415.0,car_008,77.670344,12.923256,66.66,car,15.55,80.75,543259500#1-AddedOnRampEdge_1,0.00
415.0,car_009,77.669078,12.922649,63.33,car,16.56,44.20,240652650#0-AddedOffRampEdge_1,0.00
415.0,car_010,77.667363,12.921837,64.36,car,15.89,133.58,230182006#0_0,0.00
415.0,truck_001,77.650909,12.924463,98.47,truck,12.12,369.29,379308034_0,0.00
415.0,truck_002,77.639070,12.916223,69.28,truck,12.64,433.40,380707230#2_0,0.00
416.0,bike_001,77.674927,12.925394,62.35,motorcycle,15.71,98.35,1146865108#5_1,0.00
416.0,bike_002,77.658370,12.922602,109.04,motorcycle,15.52,348.54,377105485_1,0.00
416.0,bike_003,77.668380,12.922314,63.32,motorcycle,16.16,57.21,240652650#0_0,0.00
416.0,bike_004,77.668170,12.922214,63.34,motorcycle,15.39,31.81,240652650#0_0,0.00
416.0,bike_005,77.665291,12.920910,73.38,motorcycle,16.45,45.20,1240374873#0_2,0.00
416.0,bus_001,77.658638,12.922477,109.04,bus,13.35,380.70,377105485_0,0.00
416.0,bus_002,77.645010,12.922126,47.21,bus,13.87,20.46,:cluster_2385141385_650141020_10_0,0.00
416.0,bus_003,77.630168,12.916732,93.26,bus,13.30,95.22,1534247766#0_0,0.00
416.0,car_001,77.676515,12.928825,352.92,car,16.52,25.83,543259514#10_0,0.00
416.0,car_002,77.674339,12.925098,62.25,car,15.95,26.54,1146865108#5_1,0.00
416.0,car_003,77.676257,12.926073,29.19,car,11.84,2.09,:7097308434_3_0,0.00
416.0,car_004,77.675535,12.925699,62.29,car,16.19,54.99,1146865108#11_1,0.00
416.0,car_005,77.674709,12.925284,62.26,car,15.02,71.75,1146865108#5_1,0.00
416.0,car_006,77.666021,12.921144,66.91,car,13.54,2.70,1289252169_3,0.00
416.0,car_007,77.663152,12.921251,102.80,car,15.49,22.50,1303669679_2,0.00
416.0,car_008,77.670482,12.923312,66.71,car,16.22,2.79,:543259500#1-AddedOnRampNode_0_0,0.00
416.0,car_009,77.669210,12.922713,63.33,car,15.99,60.18,240652650#0-AddedOffRampEdge_1,0.00
416.0,car_010,77.667492,12.921896,64.36,car,15.47,149.04,230182006#0_0,0.00
416.0,truck_001,77.651015,12.924446,98.47,truck,11.72,381.01,379308034_0,0.00
416.0,truck_002,77.639180,12.916263,69.28,truck,12.76,446.16,380707230#2_0,0.00
417.0,bike_001,77.675055,12.925458,62.34,motorcycle,15.67,6.35,:3150107488_0_1,0.00
417.0,bike_002,77.658498,12.922557,109.04,motorcycle,14.78,363.32,377105485_1,0.00
417.0,bike_003,77.668504,12.922374,63.32,motorcycle,14.94,72.15,240652650#0_0,0.00
417.0,bike_004,77.668305,12.922279,63.32,motorcycle,16.37,48.18,240652650#0_0,0.00
417.0,bike_005,77.665423,12.920940,75.26,motorcycle,15.82,2.88,:6494970747_0_3,0.00
417.0,bus_001,77.658756,12.922436,109.04,bus,13.54,394.25,377105485_0,0.00
417.0,bus_002,77.645103,12.922210,46.27,bus,13.78,12.83,377125912#6_0,0.00
417.0,bus_003,77.630294,12.916724,93.26,bus,13.65,108.87,1534247766#0_0,0.00
417.0,car_001,77.676498,12.928973,352.86,car,16.55,6.24,:3141473135_4_0,0.00
417.0,car_002,77.674470,12.925164,62.26,car,16.02,42.56,1146865108#5_1,0.00
417.0,car_003,77.676277,12.926196,8.41,car,13.80,7.57,543259514#1_0,0.00
417.0,car_004,77.675665,12.925764,63.10,car,15.79,70.78,1146865108#11_1,0.00
417.0,car_005,77.674844,12.925352,62.26,car,16.43,88.18,1146865108#5_1,0.00
417.0,car_006,77.666131,12.921196,63.59,car,13.30,16.01,1289252169_3,0.00
417.0,car_007,77.663298,12.921217,102.80,car,16.30,38.80,1303669679_2,0.00
417.0,car_008,77.670620,12.923369,66.66,car,16.28,11.07,543259500#1_0,0.00
417.0,car_009,77.669338,12.922774,63.33,car,15.47,75.66,240652650#0-AddedOffRampEdge_1,0.00
417.0,car_010,77.667622,12.921956,64.36,car,15.67,164.71,230182006#0_0,0.00
417.0,truck_001,77.651123,12.924429,98.47,truck,11.86,392.87,379308034_0,0.00
417.0,truck_002,77.639291,12.916302,69.28,truck,12.71,458.88,380707230#2_0,0.00
418.0,bike_001,77.675179,12.925520,62.25,motorcycle,15.11,11.59,1146865108#11_1,0.00
418.0,bike_002,77.658627,12.922512,109.04,motorcycle,14.93,378.25,377105485_1,0.00
418.0,bike_003,77.668622,12.922431,63.32,motorcycle,14.33,86.49,240652650#0_0,0.00
418.0,bike_004,77.668441,12.922343,63.32,motorcycle,16.36,64.54,240652650#0_0,0.00
418.0,bike_005,77.665555,12.920969,68.89,motorcycle,15.45,14.71,:262268684_9_3,0.00
418.0,bus_001,77.658873,12.922395,109.04,bus,13.54,407.79,377105485_0,0.00
418.0,bus_002,77.645194,12.922294,46.27,bus,13.53,26.36,377125912#6_0,0.00
418.0,bus_003,77.630420,12.916715,93.26,bus,13.77,122.65,1534247766#0_0,0.00
418.0,car_001,77.676480,12.929120,352.80,car,16.34,8.17,543259514#11_0,0.00
418.0,car_002,77.674605,12.925232,62.26,car,16.46,59.02,1146865108#5_1,0.00
418.0,car_003,77.676299,12.926334,8.41,car,15.54,23.11,543259514#1_0,0.00
418.0,car_004,77.675797,12.925827,63.60,car,16.02,86.80,1146865108#11_1,0.00
418.0,car_005,77.674968,12.925414,62.26,car,15.21,103.39,1146865108#5_1,0.00
418.0,car_006,77.666246,12.921250,63.59,car,13.75,29.76,1289252169_3,0.00
418.0,car_007,77.663437,12.921184,102.80,car,15.52,54.32,1303669679_2,0.00
418.0,car_008,77.670754,12.923427,63.61,car,15.93,27.01,543259500#1_0,0.00
418.0,car_009,77.669469,12.922837,63.33,car,15.86,91.52,240652650#0-AddedOffRampEdge_1,0.00
418.0,car_010,77.667759,12.922019,64.36,car,16.40,181.11,230182006#0_0,0.00
418.0,truck_001,77.651232,12.924412,98.57,truck,12.04,404.91,379308034_0,0.00
418.0,truck_002,77.639401,12.916343,68.88,truck,12.78,471.65,380707230#2_0,0.00
419.0,bike_001,77.675313,12.925587,62.25,motorcycle,16.30,27.89,1146865108#11_1,0.00
419.0,bike_002,77.658758,12.922466,109.04,motorcycle,15.06,393.31,377105485_1,0.00
419.0,bike_003,77.668745,12.922490,63.33,motorcycle,15.15,3.95,240652650#0-AddedOffRampEdge_1,0.00
419.0,bike_004,77.668553,12.922397,63.32,motorcycle,13.56,78.10,240652650#0_0,0.00
419.0,bike_005,77.665679,12.921025,62.92,motorcycle,15.25,4.49,1109938622_3,0.00
419.0,bus_001,77.658991,12.922354,109.04,bus,13.62,421.41,377105485_0,0.00
419.0,bus_002,77.645286,12.922379,46.27,bus,13.80,40.16,377125912#6_0,0.00
419.0,bus_003,77.630546,12.916707,93.26,bus,13.66,136.31,1534247766#0_0,0.00
419.0,car_001,77.676463,12.929267,352.47,car,16.38,1.49,:3141473132_4_0,0.00
419.0,car_002,77.674738,12.925298,62.26,car,16.23,75.25,1146865108#5_1,0.00
419.0,car_003,77.676323,12.926481,8.41,car,16.41,39.52,543259514#1_0,0.00
419.0,car_004,77.675926,12.925888,63.60,car,15.48,102.28,1146865108#11_1,0.00
419.0,car_005,77.675098,12.925479,62.06,car,15.88,1.72,1146865108#11_1,0.00
419.0,car_006,77.666351,12.921318,54.14,car,13.78,9.06,230182006#0_0,0.00
419.0,car_007,77.663580,12.921150,103.60,car,15.85,3.24,:1083500526_3_2,0.00
419.0,car_008,77.670884,12.923488,63.62,car,15.60,42.60,543259500#1_0,0.00
419.0,car_009,77.669590,12.922919,65.34,car,16.37,4.75,240652650#2_1,0.00
419.0,car_010,77.667893,12.922081,63.84,car,16.09,7.83,:11527430411_0_0,0.00
419.0,truck_001,77.651339,12.924391,100.54,truck,11.84,416.74,379308034_0,0.00
419.0,truck_002,77.639513,12.916385,68.69,truck,12.98,484.63,380707230#2_0,0.00
420.0,bike_001,77.675440,12.925651,62.25,motorcycle,15.55,43.44,1146865108#11_1,0.00
420.0,bike_002,77.658892,12.922419,109.04,motorcycle,15.39,408.70,377105485_1,0.00
420.0,bike_003,77.668865,12.922547,63.33,motorcycle,14.48,18.44,240652650#0-AddedOffRampEdge_1,0.00
420.0,bike_004,77.668679,12.922458,63.31,motorcycle,15.36,4.05,:240652650#0-AddedOffRampNode_0_1,0.00
420.0,bike_005,77.665814,12.921091,62.92,motorcycle,16.43,20.91,1109938622_3,0.00
420.0,bus_001,77.659111,12.922312,109.04,bus,13.89,435.29,377105485_0,0.00
420.0,bus_002,77.645377,12.922462,46.27,bus,13.53,53.69,377125912#6_0,0.00
420.0,bus_003,77.630670,12.916699,92.90,bus,13.41,8.63,:12683580002_3_0,0.00
420.0,car_001,77.676442,12.929415,350.91,car,16.52,3.65,543259514#12_0,0.00
420.0,car_002,77.674868,12.925364,62.26,car,15.87,91.12,1146865108#5_1,0.00
420.0,car_003,77.676346,12.926621,8.41,car,15.70,55.21,543259514#1_0,0.00
420.0,car_004,77.676054,12.925948,63.60,car,15.40,117.67,1146865108#11_1,0.00
420.0,car_005,77.675225,12.925543,62.25,car,15.44,17.17,1146865108#11_1,0.00
420.0,car_006,77.666465,12.921397,54.14,car,15.10,24.16,230182006#0_0,0.00
420.0,car_007,77.663723,12.921112,105.20,car,15.99,10.00,377105483#0_2,0.00
420.0,car_008,77.671015,12.923551,63.62,car,15.82,58.42,543259500#1_0,0.00
420.0,car_009,77.669726,12.922962,62.34,car,15.86,6.19,543259500#1-AddedOnRampEdge_1,0.00
420.0,car_010,77.668025,12.922144,63.34,car,15.98,14.34,240652650#0_0,0.00
420.0,truck_001,77.651445,12.924371,100.54,truck,11.76,428.50,379308034_0,0.00
420.0,truck_002,77.639619,12.916433,64.24,truck,12.64,497.27,380707230#2_0,0.00
420.0,truck_003,77.623305,12.917456,75.88,truck,13.89,12.10,1073384217#1_0,0.00
421.0,bike_001,77.675577,12.925720,62.29,motorcycle,16.65,60.09,1146865108#11_1,0.00
421.0,bike_002,77.659019,12.922375,109.04,motorcycle,14.65,423.35,377105485_1,0.00
421.0,bike_003,77.668989,12.922607,63.33,motorcycle,14.99,33.42,240652650#0-AddedOffRampEdge_1,0.00
421.0,bike_004,77.668804,12.922518,63.33,motorcycle,15.28,11.05,240652650#0-AddedOffRampEdge_1,0.00
421.0,bike_005,77.665953,12.921120,90.00,motorcycle,15.63,12.00,:266371138_3_3,0.00
421.0,bus_001,77.659227,12.922271,109.04,bus,13.34,448.64,377105485_0,0.00
421.0,bus_002,77.645467,12.922545,46.27,bus,13.38,67.07,377125912#6_0,0.00
421.0,bus_003,77.630797,12.916693,92.21,bus,13.86,13.00,1534247766#1_0,0.00
421.0,car_001,77.676424,12.929535,351.39,car,13.42,11.26,:274569328_0_0,0.00
421.0,car_002,77.674995,12.925428,62.36,car,15.55,106.67,1146865108#5_1,0.00
421.0,car_003,77.676370,12.926764,9.00,car,16.03,9.07,:cluster_12145839287_3868740751_9_0,0.00
421.0,car_004,77.676145,12.925992,63.42,car,11.02,1.71,:9830778271_9_0,0.00
421.0,car_005,77.675349,12.925606,62.25,car,15.15,32.32,1146865108#11_1,0.00
421.0,car_006,77.666585,12.921478,55.36,car,15.87,40.03,230182006#0_0,0.00
421.0,car_007,77.663870,12.921071,105.20,car,16.62,26.62,377105483#0_2,0.00
421.0,car_008,77.671149,12.923614,63.62,car,16.17,74.59,543259500#1_0,0.00
421.0,car_009,77.669856,12.923027,62.34,car,15.87,22.06,543259500#1-AddedOnRampEdge_1,0.00
421.0,car_010,77.668154,12.922206,63.34,car,15.51,29.85,240652650#0_0,0.00
421.0,truck_001,77.651551,12.924350,100.54,truck,11.85,440.35,379308034_0,0.00
421.0,truck_002,77.639728,12.916485,63.45,truck,13.10,510.37,380707230#2_0,0.00
421.0,truck_003,77.623429,12.917485,75.88,truck,13.80,25.90,1073384217#1_0,0.00
422.0,bike_001,77.675701,12.925781,63.60,motorcycle,15.05,75.14,1146865108#11_1,0.00
422.0,bike_002,77.659146,12.922330,109.04,motorcycle,14.70,438.05,377105485_1,0.00
422.0,bike_003,77.669118,12.922669,63.33,motorcycle,15.60,49.03,240652650#0-AddedOffRampEdge_1,0.00
422.0,bike_004,77.668918,12.922573,63.33,motorcycle,13.81,24.86,240652650#0-AddedOffRampEdge_1,0.00
422.0,bike_005,77.666074,12.921169,63.59,motorcycle,14.27,9.03,1289252169_3,0.00
422.0,bus_001,77.659345,12.922230,109.04,bus,13.68,462.31,377105485_0,0.00
422.0,bus_002,77.645559,12.922630,46.27,bus,13.73,80.80,377125912#6_0,0.00
422.0,bus_003,77.630924,12.916687,92.21,bus,13.85,26.85,1534247766#1_0,0.00
422.0,car_001,77.676412,12.929614,350.14,car,8.92,4.43,:cluster_11563497460_7328379173_7_0,0.00
422.0,car_002,77.675123,12.925492,61.86,car,15.58,4.71,1146865108#11_1,0.00
422.0,car_003,77.676395,12.926908,10.39,car,16.24,4.28,543259514#3_0,0.00
422.0,car_004,77.676235,12.926038,60.06,car,11.03,12.74,:9830778271_9_0,0.00
422.0,car_005,77.675476,12.925669,62.25,car,15.49,47.80,1146865108#11_1,0.00
422.0,car_006,77.666712,12.921539,64.36,car,15.41,55.44,230182006#0_0,0.00
422.0,car_007,77.664001,12.921035,105.28,car,15.51,0.48,377105483#0-AddedOffRampEdge_4,0.00
422.0,car_008,77.671278,12.923675,63.62,car,15.52,90.11,543259500#1_0,0.00
422.0,car_009,77.669992,12.923094,63.55,car,16.47,38.53,543259500#1-AddedOnRampEdge_1,0.00
422.0,car_010,77.668281,12.922267,63.33,car,15.37,45.22,240652650#0_0,0.00
422.0,truck_001,77.651657,12.924330,100.54,truck,11.70,452.06,379308034_0,0.00
422.0,truck_002,77.639833,12.916541,60.64,truck,13.00,523.37,380707230#2_0,0.00
422.0,truck_003,77.623549,12.917513,75.88,truck,13.49,39.38,1073384217#1_0,0.00
423.0,bike_001,77.675832,12.925843,63.60,motorcycle,15.83,90.97,1146865108#11_1,0.00
423.0,bike_002,77.659278,12.922284,109.04,motorcycle,15.24,453.28,377105485_1,0.00
423.0,bike_003,77.669242,12.922728,63.33,motorcycle,14.94,63.97,240652650#0-AddedOffRampEdge_1,0.00
423.0,bike_004,77.669056,12.922639,63.33,motorcycle,16.63,41.49,240652650#0-AddedOffRampEdge_1,0.00
423.0,bike_005,77.666199,12.921228,63.59,motorcycle,15.06,24.09,1289252169_3,0.00
423.0,bus_001,77.659465,12.922188,109.04,bus,13.86,476.17,377105485_0,0.00
423.0,bus_002,77.645651,12.922714,46.27,bus,13.69,94.49,377125912#6_0,0.00
423.0,bus_003,77.631048,12.916681,92.21,bus,13.46,40.31,1534247766#1_0,0.00
423.0,car_001,77.676397,12.929652,338.10,car,4.42,8.85,:cluster_11563497460_7328379173_7_0,0.00
423.0,car_002,77.675256,12.925559,62.25,car,16.32,21.02,1146865108#11_1,0.00
423.0,car_003,77.676423,12.927048,9.47,car,15.78,3.80,:3141452122_9_0,0.00
423.0,car_004,77.676266,12.926130,8.76,car,11.35,0.26,543259514#1_0,0.00
423.0,car_005,77.675601,12.925732,62.29,car,15.27,63.07,1146865108#11_1,0.00
423.0,car_006,77.666844,12.921599,64.36,car,15.79,71.23,230182006#0_0,0.00
423.0,car_007,77.664145,12.920995,105.25,car,16.62,17.11,377105483#0-AddedOffRampEdge_4,0.00
423.0,car_008,77.671406,12.923734,64.75,car,15.37,105.49,543259500#1_0,0.00
423.0,car_009,77.670122,12.923156,63.55,car,15.68,54.21,543259500#1-AddedOnRampEdge_1,0.00
423.0,car_010,77.668412,12.922330,63.32,car,15.85,61.07,240652650#0_0,0.00
423.0,truck_001,77.651762,12.924310,100.54,truck,11.71,463.77,379308034_0,0.00
423.0,truck_002,77.639935,12.916599,59.30,truck,12.75,536.11,380707230#2_0,0.00
423.0,truck_003,77.623671,12.917539,77.35,truck,13.58,52.96,1073384217#1_0,0.00
424.0,bike_001,77.675955,12.925901,63.60,motorcycle,14.82,105.79,1146865108#11_1,0.00
424.0,bike_002,77.659406,12.922239,109.04,motorcycle,14.72,468.00,377105485_1,0.00
424.0,bike_003,77.669370,12.922790,63.33,motorcycle,15.54,79.51,240652650#0-AddedOffRampEdge_1,0.00
424.0,bike_004,77.669179,12.922698,63.33,motorcycle,14.90,56.39,240652650#0-AddedOffRampEdge_1,0.00
424.0,bike_005,77.666316,12.921294,54.14,motorcycle,14.73,4.34,230182006#0_0,0.00
424.0,bus_001,77.659584,12.922146,109.04,bus,13.67,489.84,377105485_0,0.00
424.0,bus_002,77.645742,12.922798,46.27,bus,13.66,108.14,377125912#6_0,0.00
424.0,bus_003,77.631173,12.916670,95.06,bus,13.59,53.90,1534247766#1_0,0.00
424.0,car_001,77.676376,12.929708,339.13,car,6.70,6.31,:cluster_274569309_274570242_4_0,0.00
424.0,car_002,77.675384,12.925623,62.25,car,15.61,36.64,1146865108#11_1,0.00
424.0,car_003,77.676446,12.927186,8.18,car,15.43,4.60,543259514#4_0,0.00
424.0,car_004,77.676285,12.926247,8.41,car,13.06,13.31,543259514#1_0,0.00
424.0,car_005,77.675733,12.925796,63.60,car,15.94,79.02,1146865108#11_1,0.00
424.0,car_006,77.666978,12.921661,64.36,car,16.15,87.38,230182006#0_0,0.00
424.0,car_007,77.664284,12.920956,105.25,car,16.06,33.16,377105483#0-AddedOffRampEdge_4,0.00
424.0,car_008,77.671540,12.923794,64.75,car,16.01,121.50,543259500#1_0,0.00
424.0,car_009,77.670258,12.923220,64.63,car,16.34,70.56,543259500#1-AddedOnRampEdge_1,0.00
424.0,car_010,77.668549,12.922396,63.32,car,16.63,77.70,240652650#0_0,0.00
424.0,truck_001,77.651870,12.924289,100.54,truck,11.97,475.74,379308034_0,0.00
424.0,truck_002,77.640035,12.916660,57.17,truck,12.70,548.81,380707230#2_0,0.00
424.0,truck_003,77.623796,12.917559,80.17,truck,13.79,66.75,1073384217#1_0,0.00
425.0,bike_001,77.676085,12.925963,63.60,motorcycle,15.68,121.47,1146865108#11_1,0.00
425.0,bike_002,77.659531,12.922195,109.04,motorcycle,14.40,482.41,377105485_1,0.00
425.0,bike_003,77.669503,12.922854,61.42,motorcycle,16.18,0.78,:11233009357_0_1,0.00
425.0,bike_004,77.669312,12.922762,63.33,motorcycle,16.06,72.45,240652650#0-AddedOffRampEdge_1,0.00
425.0,bike_005,77.666436,12.921377,54.14,motorcycle,16.00,20.34,230182006#0_0,0.00
425.0,bus_001,77.659703,12.922104,109.04,bus,13.82,503.66,377105485_0,0.00
425.0,bus_002,77.645831,12.922880,46.27,bus,13.32,121.46,377125912#6_0,0.00
425.0,bus_003,77.631298,12.916658,95.08,bus,13.74,67.65,1534247766#1_0,0.00
425.0,car_001,77.676348,12.929781,339.13,car,8.59,14.89,:cluster_274569309_274570242_4_0,0.00
425.0,car_002,77.675518,12.925691,62.28,car,16.32,52.96,1146865108#11_1,0.00
425.0,car_003,77.676472,12.927323,10.08,car,15.52,12.18,:cluster_3141452121_3141473146_9_0,0.00
425.0,car_004,77.676307,12.926385,8.41,car,15.47,28.79,543259514#1_0,0.00
425.0,car_005,77.675855,12.925854,63.60,car,14.76,93.77,1146865108#11_1,0.00
425.0,car_006,77.667108,12.921720,64.36,car,15.58,102.96,230182006#0_0,0.00
425.0,car_007,77.664420,12.920921,103.85,car,15.56,48.72,377105483#0-AddedOffRampEdge_4,0.00
425.0,car_008,77.671670,12.923853,64.75,car,15.53,137.02,543259500#1_0,0.00
425.0,car_009,77.670395,12.923277,66.66,car,16.19,86.75,543259500#1-AddedOnRampEdge_1,0.00
425.0,car_010,77.668685,12.922461,63.31,car,16.51,4.80,:240652650#0-AddedOffRampNode_0_1,0.00
425.0,truck_001,77.651976,12.924268,100.56,truck,11.76,487.49,379308034_0,0.00
425.0,truck_002,77.640128,12.916730,52.03,truck,12.67,561.48,380707230#2_0,0.00
425.0,truck_003,77.623921,12.917579,80.17,truck,13.71,80.47,1073384217#1_0,0.00
426.0,bike_001,77.676173,12.926005,63.11,motorcycle,10.68,5.17,:9830778271_9_0,0.00
426.0,bike_002,77.659656,12.922152,109.04,motorcycle,14.44,496.85,377105485_1,0.00
426.0,bike_003,77.669629,12.922925,82.17,motorcycle,16.27,2.04,:11233009356_0_1,0.00
426.0,bike_004,77.669433,12.922820,63.33,motorcycle,14.60,87.05,240652650#0-AddedOffRampEdge_1,0.00
426.0,bike_005,77.666559,12.921461,55.36,motorcycle,16.29,36.63,230182006#0_0,0.00
426.0,bus_001,77.659820,12.922063,109.54,bus,13.44,517.10,377105485_0,0.00
426.0,bus_002,77.645922,12.922964,46.27,bus,13.57,135.03,377125912#6_0,0.00
426.0,bus_003,77.631425,12.916645,95.08,bus,13.78,81.43,1534247766#1_0,0.00
426.0,car_001,77.676331,12.929877,352.86,car,10.85,25.74,:cluster_274569309_274570242_4_0,0.00
426.0,car_002,77.675650,12.925757,62.56,car,16.09,69.05,1146865108#11_1,0.00
426.0,car_003,77.676499,12.927466,10.08,car,16.03,28.21,:cluster_3141452121_3141473146_9_0,0.00
426.0,car_004,77.676330,12.926522,8.41,car,15.42,44.20,543259514#1_0,0.00
426.0,car_005,77.675985,12.925916,63.60,car,15.64,109.41,1146865108#11_1,0.00
426.0,car_006,77.667238,12.921780,64.36,car,15.59,118.54,230182006#0_0,0.00
426.0,car_007,77.664558,12.920886,103.85,car,15.86,64.59,377105483#0-AddedOffRampEdge_4,0.00
426.0,car_008,77.671802,12.923912,64.75,car,15.70,152.73,543259500#1_0,0.00
426.0,car_009,77.670525,12.923330,66.74,car,15.37,7.95,:543259500#1-AddedOnRampNode_0_0,0.00
426.0,car_010,77.668818,12.922525,63.33,car,16.26,12.79,240652650#0-AddedOffRampEdge_1,0.00
426.0,truck_001,77.652084,12.924246,101.06,truck,12.05,499.55,379308034_0,0.00
426.0,truck_002,77.640220,12.916802,50.90,truck,12.78,574.26,380707230#2_0,0.00
426.0,truck_003,77.624045,12.917599,80.17,truck,13.67,94.14,1073384217#1_0,0.00
427.0,bike_001,77.676255,12.926063,22.47,motorcycle,11.39,1.05,:7097308434_3_0,0.00
427.0,bike_002,77.659795,12.922133,109.60,motorcycle,14.66,511.51,377105485_2,0.00
427.0,bike_003,77.669765,12.922982,62.34,motorcycle,16.49,10.90,543259500#1-AddedOnRampEdge_1,0.00
427.0,bike_004,77.669546,12.922898,38.78,motorcycle,15.95,8.10,:11233009357_0_1,0.00
427.0,bike_005,77.666680,12.921524,64.36,motorcycle,14.92,51.56,230182006#0_0,0.00
427.0,bus_001,77.659939,12.922020,109.60,bus,13.83,530.93,377105485_0,0.00
427.0,bus_002,77.646015,12.923049,46.27,bus,13.77,148.80,377125912#6_0,0.00
427.0,bus_003,77.631548,12.916633,95.08,bus,13.45,94.88,1534247766#1_0,0.00
427.0,car_001,77.676368,12.929978,35.31,car,12.69,38.44,:cluster_274569309_274570242_4_0,0.00
427.0,car_002,77.675785,12.925821,63.60,car,16.25,85.30,1146865108#11_1,0.00
427.0,car_003,77.676528,12.927610,10.82,car,16.23,10.16,543259514#6_0,0.00
427.0,car_004,77.676354,12.926670,8.41,car,16.59,60.79,543259514#1_0,0.00
427.0,car_005,77.676087,12.925964,63.60,car,12.29,121.70,1146865108#11_1,0.00
427.0,car_006,77.667368,12.921839,64.36,car,15.57,134.11,230182006#0_0,0.00
427.0,car_007,77.664697,12.920852,102.83,car,15.83,80.42,377105483#0-AddedOffRampEdge_4,0.00
427.0,car_008,77.671938,12.923975,64.11,car,16.35,5.60,1146865108#0_0,0.00
427.0,car_009,77.670661,12.923386,66.66,car,15.91,15.86,543259500#1_0,0.00
427.0,car_010,77.668949,12.922587,63.33,car,15.78,28.57,240652650#0-AddedOffRampEdge_1,0.00
427.0,truck_001,77.652191,12.924225,101.06,truck,11.88,511.43,379308034_0,0.00
427.0,truck_002,77.640310,12.916879,48.29,truck,12.92,587.19,380707230#2_0,0.00
427.0,truck_003,77.624168,12.917618,80.17,truck,13.53,107.68,1073384217#1_0,0.00
428.0,bike_001,77.676276,12.926190,8.41,motorcycle,14.25,6.98,543259514#1_0,0.00
428.0,bike_002,77.659927,12.922086,109.60,motorcycle,15.22,526.74,377105485_2,0.00
428.0,bike_003,77.669884,12.923042,62.34,motorcycle,14.61,25.51,543259500#1-AddedOnRampEdge_1,0.00
428.0,bike_004,77.669664,12.922964,3.54,motorcycle,14.82,0.27,543259500#1-AddedOnRampEdge_2,0.00
428.0,bike_005,77.666804,12.921581,64.36,motorcycle,14.88,66.43,230182006#0_0,0.00
428.0,bus_001,77.660070,12.922007,107.80,bus,13.65,544.57,377105485_1,0.00
428.0,bus_002,77.646105,12.923132,46.27,bus,13.43,162.23,377125912#6_0,0.00
428.0,bus_003,77.631671,12.916621,95.08,bus,13.50,108.38,1534247766#1_0,0.00
428.0,car_001,77.676487,12.929998,88.52,car,13.33,5.93,-367594184#3_0,0.00
428.0,car_002,77.675919,12.925884,63.60,car,16.17,101.47,1146865108#11_1,0.00
428.0,car_003,77.676542,12.927751,2.52,car,15.79,4.58,:3141473150_7_0,0.00
428.0,car_004,77.676378,12.926810,9.00,car,15.67,14.29,:cluster_12145839287_3868740751_9_0,0.00
428.0,car_005,77.676188,12.926012,62.92,car,12.20,6.91,:9830778271_9_0,0.00
428.0,car_006,77.667497,12.921899,64.36,car,15.56,149.67,230182006#0_0,0.00
428.0,car_007,77.664838,12.920839,83.25,car,16.05,12.03,:2387123504_3_2,0.00
428.0,car_008,77.672068,12.924035,64.11,car,15.57,21.17,1146865108#0_0,0.00
428.0,car_009,77.670790,12.923444,63.61,car,15.44,31.30,543259500#1_0,0.00
428.0,car_010,77.669078,12.922649,63.33,car,15.59,44.16,240652650#0-AddedOffRampEdge_1,0.00
428.0,truck_001,77.652300,12.924203,101.06,truck,12.09,523.52,379308034_0,0.00
428.0,truck_002,77.640401,12.916957,48.29,truck,13.08,600.27,380707230#2_0,0.00
428.0,truck_003,77.624292,12.917638,80.17,truck,13.69,121.37,1073384217#1_0,0.00
429.0,bike_001,77.676300,12.926338,8.41,motorcycle,16.50,23.48,543259514#1_0,0.00
429.0,bike_002,77.660054,12.922042,106.74,motorcycle,14.63,541.37,377105485_2,0.00
429.0,bike_003,77.670005,12.923101,63.55,motorcycle,14.67,40.18,543259500#1-AddedOnRampEdge_1,0.00
429.0,bike_004,77.669782,12.923023,62.33,motorcycle,14.40,14.66,543259500#1-AddedOnRampEdge_2,0.00
429.0,bike_005,77.666930,12.921639,64.36,motorcycle,15.22,81.65,230182006#0_0,0.00
429.0,bus_001,77.660190,12.921970,106.75,bus,13.62,558.19,377105485_1,0.00
429.0,bus_002,77.646196,12.923214,46.55,bus,13.47,175.70,377125912#6_0,0.00
429.0,bus_003,77.631794,12.916609,95.08,bus,13.38,121.76,1534247766#1_0,0.00
429.0,car_001,77.676633,12.930001,88.52,car,15.85,21.78,-367594184#3_0,0.00
429.0,car_002,77.676035,12.925939,63.60,car,13.99,115.46,1146865108#11_1,0.00
429.0,car_003,77.676548,12.927892,0.97,car,15.61,5.86,543259514#7_0,0.00
429.0,car_004,77.676404,12.926949,10.46,car,15.62,8.88,543259514#3_0,0.00
429.0,car_005,77.676258,12.926079,21.70,car,11.36,2.77,:7097308434_3_0,0.00
429.0,car_006,77.667632,12.921960,64.36,car,16.16,165.83,230182006#0_0,0.00
429.0,car_007,77.664951,12.920857,80.77,car,12.58,7.68,1240374873#0_2,0.00
429.0,car_008,77.672198,12.924095,64.11,car,15.66,36.83,1146865108#0_0,0.00
429.0,car_009,77.670926,12.923509,63.62,car,16.41,47.71,543259500#1_0,0.00
429.0,car_010,77.669206,12.922711,63.33,car,15.52,59.67,240652650#0-AddedOffRampEdge_1,0.00
429.0,truck_001,77.652409,12.924181,101.06,truck,12.08,535.60,379308034_0,0.00
429.0,truck_002,77.640488,12.917036,46.45,truck,12.79,613.05,380707230#2_0,0.00
429.0,truck_003,77.624414,12.917655,81.38,truck,13.40,134.77,1073384217#1_0,0.00
430.0,bike_001,77.676322,12.926473,8.41,motorcycle,15.17,38.65,543259514#1_0,0.00
430.0,bike_002,77.660190,12.922000,106.74,motorcycle,15.46,556.83,377105485_2,0.00
430.0,bike_003,77.670132,12.923161,63.55,motorcycle,15.26,55.44,543259500#1-AddedOnRampEdge_1,0.00
430.0,bike_004,77.669916,12.923090,62.33,motorcycle,16.31,30.97,543259500#1-AddedOnRampEdge_2,0.00
430.0,bike_005,77.667064,12.921700,64.36,motorcycle,16.06,97.71,230182006#0_0,0.00
430.0,bus_001,77.660308,12.921938,104.92,bus,13.32,571.51,377105485_1,0.00
430.0,bus_002,77.646288,12.923296,47.19,bus,13.52,189.22,377125912#6_0,0.00
430.0,bus_003,77.631917,12.916597,95.08,bus,13.42,135.18,1534247766#1_0,0.00
430.0,car_001,77.676779,12.930003,88.52,car,15.82,37.60,-367594184#3_0,0.00
430.0,car_002,77.676125,12.925982,63.60,car,10.81,126.27,1146865108#11_1,0.00
430.0,car_003,77.676551,12.928032,359.96,car,15.41,4.76,:274569348_4_0,0.00
430.0,car_004,77.676430,12.927090,9.28,car,15.87,8.49,:3141452122_9_0,0.00
430.0,car_005,77.676277,12.926197,8.41,car,13.23,7.68,543259514#1_0,0.00
430.0,car_006,77.667762,12.922020,64.36,car,15.66,181.49,230182006#0_0,0.00
430.0,car_007,77.665062,12.920871,82.29,car,12.21,19.88,1240374873#0_2,0.00
430.0,car_008,77.672330,12.924156,64.21,car,15.78,52.61,1146865108#0_0,0.00
430.0,car_009,77.671060,12.923572,63.62,car,16.16,63.87,543259500#1_0,0.00
430.0,car_010,77.669338,12.922774,63.33,car,16.01,75.68,240652650#0-AddedOffRampEdge_1,0.00
430.0,truck_001,77.652516,12.924159,101.06,truck,11.95,547.55,379308034_0,0.00
430.0,truck_002,77.640578,12.917111,48.99,truck,12.87,625.92,380707230#2_0,0.00
430.0,truck_003,77.624540,12.917665,85.09,truck,13.80,148.57,1073384217#1_0,0.00
431.0,bike_001,77.676345,12.926616,8.41,motorcycle,15.98,54.64,543259514#1_0,0.00
431.0,bike_002,77.660337,12.921960,103.79,motorcycle,16.53,573.35,377105485_2,0.00
431.0,bike_003,77.670253,12.923218,64.63,motorcycle,14.62,70.06,543259500#1-AddedOnRampEdge_1,0.00
431.0,bike_004,77.670051,12.923155,63.57,motorcycle,16.22,47.20,543259500#1-AddedOnRampEdge_2,0.00
431.0,bike_005,77.667184,12.921755,64.36,motorcycle,14.33,112.03,230182006#0_0,0.00
431.0,bus_001,77.660431,12.921907,103.79,bus,13.79,585.30,377105485_1,0.00
431.0,bus_002,77.646380,12.923379,47.19,bus,13.65,202.87,377125912#6_0,0.00
431.0,bus_003,77.632043,12.916585,95.08,bus,13.78,148.96,1534247766#1_0,0.00
431.0,car_001,77.676932,12.930005,88.52,car,16.64,54.24,-367594184#3_0,0.00
431.0,car_002,77.676202,12.926020,62.26,car,9.41,8.70,:9830778271_9_0,0.00
431.0,car_003,77.676552,12.928174,358.84,car,15.75,6.17,543259514#8_0,0.00
431.0,car_004,77.676454,12.927230,8.86,car,15.69,1.61,:cluster_3141452121_3141473146_9_0,0.00
431.0,car_005,77.676299,12.926330,8.41,car,14.94,22.62,543259514#1_0,0.00
431.0,car_006,77.667892,12.922080,63.84,car,15.55,7.68,:11527430411_0_0,0.00
431.0,car_007,77.665176,12.920883,82.56,car,12.49,32.38,1240374873#0_2,0.00
431.0,car_008,77.672467,12.924218,64.85,car,16.41,69.02,1146865108#0_0,0.00
431.0,car_009,77.671192,12.923634,63.62,car,15.88,79.75,543259500#1_0,0.00
431.0,car_010,77.669468,12.922837,63.33,car,15.69,91.37,240652650#0-AddedOffRampEdge_1,0.00
431.0,truck_001,77.652625,12.924137,101.06,truck,12.12,559.67,379308034_0,0.00
431.0,truck_002,77.640670,12.917182,51.54,truck,12.70,638.62,380707230#2_0,0.00
431.0,truck_003,77.624665,12.917674,85.09,truck,13.62,162.19,1073384217#1_0,0.00
432.0,bike_001,77.676366,12.926743,9.00,motorcycle,14.28,6.75,:cluster_12145839287_3868740751_9_0,0.00
432.0,bike_002,77.660471,12.921926,103.79,motorcycle,15.01,588.36,377105485_2,0.00
432.0,bike_003,77.670386,12.923273,66.66,motorcycle,15.62,85.68,543259500#1-AddedOnRampEdge_1,0.00
432.0,bike_004,77.670187,12.923219,63.57,motorcycle,16.41,63.61,543259500#1-AddedOnRampEdge_2,0.00
432.0,bike_005,77.667307,12.921811,64.36,motorcycle,14.76,126.80,230182006#0_0,0.00
432.0,bus_001,77.660552,12.921876,103.79,bus,13.54,598.84,377105485_1,0.00
432.0,bus_002,77.646476,12.923458,49.25,bus,13.60,216.46,377125912#6_0,0.00
432.0,bus_003,77.632167,12.916573,95.08,bus,13.55,162.51,1534247766#1_0,0.00
432.0,car_001,77.677075,12.930011,86.89,car,15.51,13.46,:3170006930_7_0,0.00
432.0,car_002,77.676259,12.926084,16.44,car,10.14,3.33,:7097308434_3_0,0.00
432.0,car_003,77.676548,12.928317,357.64,car,15.83,9.15,:3141473140_4_0,0.00
432.0,car_004,77.676481,12.927370,10.08,car,15.76,17.37,:cluster_3141452121_3141473146_9_0,0.00
432.0,car_005,77.676323,12.926478,8.41,car,16.63,39.25,543259514#1_0,0.00
432.0,car_006,77.668021,12.922142,63.34,car,15.66,13.87,240652650#0_0,0.00
432.0,car_007,77.665288,12.920909,74.53,car,12.51,44.88,1240374873#0_2,0.00
432.0,car_008,77.672606,12.924280,64.87,car,16.65,85.66,1146865108#0_0,0.00
432.0,car_009,77.671330,12.923700,63.72,car,16.61,96.36,543259500#1_0,0.00
432.0,car_010,77.669581,12.922918,57.80,car,15.64,3.88,240652650#2_1,0.00
432.0,truck_001,77.652730,12.924116,101.06,truck,11.69,571.36,379308034_0,0.00
432.0,truck_002,77.640763,12.917253,51.54,truck,12.70,651.32,380707230#2_0,0.00
432.0,truck_003,77.624791,12.917680,86.97,truck,13.71,175.90,1073384217#1_0,0.00
433.0,bike_001,77.676390,12.926880,9.81,motorcycle,15.39,1.11,543259514#3_0,0.00
433.0,bike_002,77.660616,12.921890,103.79,motorcycle,16.28,604.64,377105485_2,0.00
433.0,bike_003,77.670523,12.923329,66.74,motorcycle,16.11,7.61,:543259500#1-AddedOnRampNode_0_0,0.00
433.0,bike_004,77.670314,12.923275,66.69,motorcycle,15.07,78.68,543259500#1-AddedOnRampEdge_2,0.00
433.0,bike_005,77.667433,12.921870,64.36,motorcycle,15.23,142.02,230182006#0_0,0.00
433.0,bus_001,77.660672,12.921846,103.79,bus,13.48,612.32,377105485_1,0.00
433.0,bus_002,77.646572,12.923537,49.74,bus,13.60,230.07,377125912#6_0,0.00
433.0,bus_003,77.632293,12.916560,95.51,bus,13.79,0.34,:cluster_11374930008_11374930009_11374930010_11374930011_10_0,0.00
433.0,car_001,77.677226,12.930021,85.18,car,16.47,15.74,-367594184#2_0,0.00
433.0,car_002,77.676277,12.926196,8.41,car,12.59,7.60,543259514#1_0,0.00
433.0,car_003,77.676541,12.928466,356.40,car,16.50,0.39,:3141473138_4_0,0.00
433.0,car_004,77.676508,12.927512,10.08,car,16.03,33.40,:cluster_3141452121_3141473146_9_0,0.00
433.0,car_005,77.676346,12.926622,8.41,car,16.07,55.31,543259514#1_0,0.00
433.0,car_006,77.668151,12.922204,63.34,car,15.61,29.48,240652650#0_0,0.00
433.0,car_007,77.665395,12.920933,77.15,car,11.99,56.87,1240374873#0_2,0.00
433.0,car_008,77.672739,12.924339,64.85,car,15.79,101.46,1146865108#0_0,0.00
433.0,car_009,77.671461,12.923759,64.75,car,15.74,112.10,543259500#1_0,0.00
433.0,car_010,77.669718,12.922958,62.34,car,15.75,5.21,543259500#1-AddedOnRampEdge_1,0.00
433.0,truck_001,77.652839,12.924094,101.06,truck,12.07,583.43,379308034_0,0.00
433.0,truck_002,77.640855,12.917323,51.44,truck,12.62,663.94,380707230#2_0,0.00
433.0,truck_003,77.624914,12.917681,88.98,truck,13.39,189.29,1073384217#1_0,0.00
434.0,bike_001,77.676415,12.927006,10.46,motorcycle,14.25,15.36,543259514#3_0,0.00
434.0,bike_002,77.660757,12.921854,103.79,motorcycle,15.70,620.35,377105485_2,0.00
434.0,bike_003,77.670656,12.923384,66.66,motorcycle,15.71,15.32,543259500#1_0,0.00
434.0,bike_004,77.670454,12.923332,66.68,motorcycle,16.40,0.90,:543259500#1-AddedOnRampNode_0_1,0.00
434.0,bike_005,77.667564,12.921930,64.36,motorcycle,15.73,157.75,230182006#0_0,0.00
434.0,bus_001,77.660781,12.921789,103.79,bus,13.71,626.03,377105485_0,0.00
434.0,bus_002,77.646667,12.923614,49.74,bus,13.48,243.55,377125912#6_0,0.00
434.0,bus_003,77.632418,12.916547,95.47,bus,13.60,5.58,380707230#0_0,0.00
434.0,car_001,77.677379,12.930033,85.18,car,16.65,32.39,-367594184#2_0,0.00
434.0,car_002,77.676297,12.926320,8.41,car,13.89,21.49,543259514#1_0,0.00
434.0,car_003,77.676535,12.928605,356.66,car,15.50,1.45,543259514#10_0,0.00
434.0,car_004,77.676535,12.927660,6.93,car,16.67,15.79,543259514#6_0,0.00
434.0,car_005,77.676371,12.926770,9.00,car,16.64,9.79,:cluster_12145839287_3868740751_9_0,0.00
434.0,car_006,77.668284,12.922268,63.33,car,16.16,45.64,240652650#0_0,0.00
434.0,car_007,77.665497,12.920953,79.09,car,12.86,7.96,:262268684_9_3,0.00
434.0,car_008,77.672874,12.924400,64.85,car,16.17,117.63,1146865108#0_0,0.00
434.0,car_009,77.671596,12.923819,64.75,car,16.05,128.15,543259500#1_0,0.00
434.0,car_010,77.669854,12.923027,62.34,car,16.64,21.85,543259500#1-AddedOnRampEdge_1,0.00
434.0,truck_001,77.652947,12.924072,101.06,truck,11.98,595.41,379308034_0,0.00
434.0,truck_002,77.640948,12.917394,51.41,truck,12.72,3.31,:11892824102_0_0,0.00
434.0,truck_003,77.625038,12.917681,89.11,truck,13.41,202.69,1073384217#1_0,0.00
435.0,bike_001,77.676439,12.927142,9.28,motorcycle,15.22,14.32,:3141452122_9_0,0.00
435.0,bike_002,77.660902,12.921818,103.79,motorcycle,16.29,636.64,377105485_2,0.00
435.0,bike_003,77.670782,12.923440,63.61,motorcycle,15.08,30.40,543259500#1_0,0.00
435.0,bike_004,77.670583,12.923385,66.68,motorcycle,15.12,8.02,543259500#1_1,0.00
435.0,bike_005,77.667700,12.921992,64.36,motorcycle,16.23,173.98,230182006#0_0,0.00
435.0,bus_001,77.660918,12.921784,103.79,bus,13.85,639.88,377105485_1,0.00
435.0,bus_002,77.646771,12.923679,57.72,bus,13.37,256.92,377125912#6_0,0.00
435.0,bus_003,77.632545,12.916534,95.19,bus,13.87,19.46,380707230#0_0,0.00
435.0,car_001,77.677532,12.930044,83.89,car,16.60,2.72,:4447421339_7_0,0.00
435.0,car_002,77.676319,12.926456,8.41,car,15.26,36.76,543259514#1_0,0.00
435.0,car_003,77.676524,12.928748,352.92,car,15.86,17.31,543259514#10_0,0.00
435.0,car_004,77.676545,12.927804,2.52,car,15.96,10.37,:3141473150_7_0,0.00
435.0,car_005,77.676395,12.926905,10.27,car,15.17,3.93,543259514#3_0,0.00
435.0,car_006,77.668419,12.922333,63.32,car,16.30,61.94,240652650#0_0,0.00
435.0,car_007,77.665601,12.920988,66.00,car,12.46,20.42,:262268684_9_3,0.00
435.0,car_008,77.672998,12.924487,64.86,car,16.25,133.88,1146865108#0_1,0.00
435.0,car_009,77.671730,12.923880,64.75,car,16.00,144.15,543259500#1_0,0.00
435.0,car_010,77.669988,12.923093,63.55,car,16.28,38.13,543259500#1-AddedOnRampEdge_1,0.00
435.0,truck_001,77.653053,12.924051,101.06,truck,11.86,607.27,379308034_0,0.00
435.0,truck_002,77.641043,12.917467,51.42,truck,13.08,0.47,377125912#2_0,0.00
435.0,truck_003,77.625163,12.917680,89.89,truck,13.60,216.29,1073384217#1_0,0.00
436.0,bike_001,77.676462,12.927275,10.08,motorcycle,15.02,6.78,:cluster_3141452121_3141473146_9_0,0.00
436.0,bike_002,77.661047,12.921781,103.79,motorcycle,16.18,652.82,377105485_2,0.00
436.0,bike_003,77.670901,12.923497,63.62,motorcycle,14.32,44.72,543259500#1_0,0.00
436.0,bike_004,77.670703,12.923435,65.61,motorcycle,14.25,22.27,543259500#1_1,0.00
436.0,bike_005,77.667838,12.922055,64.04,motorcycle,16.60,1.22,:11527430411_0_0,0.00
436.0,bus_001,77.661041,12.921753,103.79,bus,13.87,653.75,377105485_1,0.00
436.0,bus_002,77.646879,12.923745,57.77,bus,13.88,270.80,377125912#6_0,0.00
436.0,bus_003,77.632671,12.916522,95.19,bus,13.80,33.25,380707230#0_0,0.00
436.0,car_001,77.677673,12.930061,81.09,car,15.42,3.85,-367594184#1_0,0.00
436.0,car_002,77.676342,12.926596,8.41,car,15.65,52.41,543259514#1_0,0.00
436.0,car_003,77.676507,12.928890,352.92,car,15.80,33.11,543259514#10_0,0.00
436.0,car_004,77.676550,12.927945,0.97,car,15.67,11.71,543259514#7_0,0.00
436.0,car_005,77.676421,12.927041,9.66,car,15.39,3.05,:3141452122_9_0,0.00
436.0,car_006,77.668552,12.922397,63.32,car,16.08,78.02,240652650#0_0,0.00
436.0,car_007,77.665700,12.921036,62.92,car,12.15,7.10,1109938622_3,0.00
436.0,car_008,77.673127,12.924545,64.86,car,15.48,149.36,1146865108#0_1,0.00
436.0,car_009,77.671866,12.923942,64.41,car,16.33,6.46,:307401420_0_0,0.00
436.0,car_010,77.670118,12.923154,63.55,car,15.58,53.71,543259500#1-AddedOnRampEdge_1,0.00
436.0,truck_001,77.653162,12.924028,101.19,truck,12.11,619.38,379308034_0,0.00
436.0,truck_002,77.641131,12.917542,48.39,truck,12.65,13.12,377125912#2_0,0.00
436.0,truck_003,77.625289,12.917679,89.89,truck,13.75,230.05,1073384217#1_0,0.00
437.0,bike_001,77.676488,12.927411,10.08,motorcycle,15.22,22.00,:cluster_3141452121_3141473146_9_0,0.00
437.0,bike_002,77.661194,12.921744,103.79,motorcycle,16.46,669.28,377105485_2,0.00
437.0,bike_003,77.671021,12.923554,63.62,motorcycle,14.45,59.17,543259500#1_0,0.00
437.0,bike_004,77.670827,12.923493,63.61,motorcycle,14.87,37.14,543259500#1_1,0.00
437.0,bike_005,77.667974,12.922120,63.34,motorcycle,16.38,8.12,240652650#0_0,0.00
437.0,bus_001,77.661162,12.921723,103.79,bus,13.52,667.27,377105485_1,0.00
437.0,bus_002,77.646987,12.923810,57.77,bus,13.75,284.55,377125912#6_0,0.00
437.0,bus_003,77.632794,12.916510,95.19,bus,13.41,46.66,380707230#0_0,0.00
437.0,car_001,77.677824,12.930084,80.76,car,16.62,20.47,-367594184#1_0,0.00
437.0,car_002,77.676365,12.926740,9.00,car,16.14,6.39,:cluster_12145839287_3868740751_9_0,0.00
437.0,car_003,77.676491,12.929030,352.86,car,15.57,12.54,:3141473135_4_0,0.00
437.0,car_004,77.676552,12.928088,359.96,car,15.86,11.05,:274569348_4_0,0.00
437.0,car_005,77.676445,12.927176,8.42,car,15.10,3.52,543259514#4_0,0.00
437.0,car_006,77.668684,12.922460,63.31,car,16.10,4.72,:240652650#0-AddedOffRampNode_0_1,0.00
437.0,car_007,77.665800,12.921085,62.92,car,12.12,19.22,1109938622_3,0.00
437.0,car_008,77.673259,12.924604,64.86,car,15.69,165.05,1146865108#0_1,0.00
437.0,car_009,77.672003,12.924005,64.11,car,16.45,13.45,1146865108#0_0,0.00
437.0,car_010,77.670252,12.923217,64.62,car,16.24,69.95,543259500#1-AddedOnRampEdge_1,0.00
437.0,truck_001,77.653270,12.924006,101.23,truck,11.99,631.37,379308034_0,0.00
437.0,truck_002,77.641214,12.917625,43.92,truck,12.90,26.03,377125912#2_0,0.00
437.0,truck_003,77.625414,12.917678,89.89,truck,13.55,243.60,1073384217#1_0,0.00
438.0,bike_001,77.676514,12.927541,10.82,motorcycle,14.65,2.37,543259514#6_0,0.00
438.0,bike_002,77.661328,12.921711,103.79,motorcycle,15.06,684.34,377105485_2,0.00
438.0,bike_003,77.671144,12.923612,63.62,motorcycle,14.81,73.98,543259500#1_0,0.00
438.0,bike_004,77.670960,12.923556,63.61,motorcycle,16.04,53.18,543259500#1_1,0.00
438.0,bike_005,77.668103,12.922181,63.34,motorcycle,15.57,23.69,240652650#0_0,0.00
438.0,bus_001,77.661282,12.921692,103.79,bus,13.50,680.77,377105485_1,0.00
438.0,bus_002,77.647093,12.923873,57.77,bus,13.52,298.07,377125912#6_0,0.00
438.0,bus_003,77.632919,12.916497,95.19,bus,13.64,60.31,380707230#0_0,0.00
438.0,car_001,77.677971,12.930111,73.54,car,16.28,36.75,-367594184#1_0,0.00
438.0,car_002,77.676391,12.926886,9.57,car,16.41,1.76,543259514#3_0,0.00
438.0,car_003,77.676474,12.929174,352.80,car,16.09,14.22,543259514#11_0,0.00
438.0,car_004,77.676551,12.928231,358.84,car,15.74,12.45,543259514#8_0,0.00
438.0,car_005,77.676471,12.927319,10.08,car,16.11,11.70,:cluster_3141452121_3141473146_9_0,0.00
438.0,car_006,77.668813,12.922522,63.33,car,15.75,12.19,240652650#0-AddedOffRampEdge_1,0.00
438.0,car_007,77.665906,12.921120,79.37,car,12.30,6.97,:266371138_3_3,0.00
438.0,car_008,77.673397,12.924667,63.94,car,16.54,181.59,1146865108#0_1,0.00
438.0,car_009,77.672141,12.924069,64.11,car,16.48,29.93,1146865108#0_0,0.00
438.0,car_010,77.670391,12.923275,66.66,car,16.33,86.29,543259500#1-AddedOnRampEdge_1,0.00
438.0,truck_001,77.653377,12.923984,101.23,truck,11.86,643.23,379308034_0,0.00
438.0,truck_002,77.641298,12.917709,43.92,truck,12.92,38.95,377125912#2_0,0.00
438.0,truck_003,77.625539,12.917669,94.51,truck,13.69,257.28,1073384217#1_0,0.00
439.0,bike_001,77.676537,12.927682,4.01,motorcycle,15.88,18.25,543259514#6_0,0.00
439.0,bike_002,77.661469,12.921675,103.79,motorcycle,15.77,700.11,377105485_2,0.00
439.0,bike_003,77.671262,12.923668,63.62,motorcycle,14.28,88.26,543259500#1_0,0.00
439.0,bike_004,77.671080,12.923613,63.61,motorcycle,14.49,67.66,543259500#1_1,0.00
439.0,bike_005,77.668235,12.922245,63.34,motorcycle,15.95,39.65,240652650#0_0,0.00
439.0,bus_001,77.661403,12.921662,103.79,bus,13.48,694.25,377105485_1,0.00
439.0,bus_002,77.647200,12.923938,57.77,bus,13.73,311.80,377125912#6_0,0.00
439.0,bus_003,77.633042,12.916485,95.19,bus,13.44,73.75,380707230#0_0,0.00
439.0,car_001,77.678114,12.930161,69.73,car,16.49,53.23,-367594184#1_0,0.00
439.0,car_002,77.676418,12.927022,10.22,car,15.41,0.91,:3141452122_9_0,0.00
439.0,car_003,77.676455,12.929322,351.79,car,16.46,7.61,:3141473132_4_0,0.00
439.0,car_004,77.676546,12.928380,357.13,car,16.55,1.81,543259514#9_0,0.00
439.0,car_005,77.676496,12.927448,10.08,car,14.48,26.18,:cluster_3141452121_3141473146_9_0,0.00
439.0,car_006,77.668951,12.922588,63.33,car,16.62,28.82,240652650#0-AddedOffRampEdge_1,0.00
439.0,car_007,77.666015,12.921141,68.21,car,12.27,2.00,1289252169_3,0.00
439.0,car_008,77.673532,12.924730,64.07,car,16.26,0.21,:3254817343_0_1,0.00
439.0,car_009,77.672276,12.924131,64.11,car,16.23,46.17,1146865108#0_0,0.00
439.0,car_010,77.670531,12.923333,66.72,car,16.54,0.65,543259500#1_0,0.00
439.0,truck_001,77.653483,12.923962,101.23,truck,11.81,655.04,379308034_0,0.00
439.0,truck_002,77.641381,12.917792,43.92,truck,12.87,51.81,377125912#2_0,0.00
439.0,truck_003,77.625662,12.917655,96.07,truck,13.45,270.74,1073384217#1_0,0.00
440.0,bike_001,77.676546,12.927830,2.52,motorcycle,16.38,13.25,:3141473150_7_0,0.00
440.0,bike_002,77.661610,12.921640,103.79,motorcycle,15.82,715.93,377105485_2,0.00
440.0,bike_003,77.671382,12.923723,64.75,motorcycle,14.36,102.62,543259500#1_0,0.00
440.0,bike_004,77.671205,12.923673,63.61,motorcycle,15.10,82.77,543259500#1_1,0.00
440.0,bike_005,77.668363,12.922306,63.32,motorcycle,15.45,55.10,240652650#0_0,0.00
440.0,bus_001,77.661526,12.921631,103.79,bus,13.80,708.06,377105485_1,0.00
440.0,bus_002,77.647308,12.924003,57.77,bus,13.71,325.50,377125912#6_0,0.00
440.0,bus_003,77.633164,12.916473,95.19,bus,13.32,87.07,380707230#0_0,0.00
440.0,car_001,77.678252,12.930217,65.74,car,16.22,69.46,-367594184#1_0,0.00
440.0,car_002,77.676443,12.927168,8.64,car,16.34,2.62,543259514#4_0,0.00
440.0,car_003,77.676434,12.929465,351.23,car,16.06,3.50,:274569328_0_0,0.00
440.0,car_004,77.676539,12.928520,356.58,car,15.50,6.38,:3141473138_4_0,0.00
440.0,car_005,77.676523,12.927584,10.82,car,15.40,7.30,543259514#6_0,0.00
440.0,car_006,77.669080,12.922650,63.33,car,15.59,44.40,240652650#0-AddedOffRampEdge_1,0.00
440.0,car_007,77.666118,12.921190,63.59,car,12.43,14.43,1289252169_3,0.00
440.0,car_008,77.673668,12.924784,68.64,car,15.81,6.70,1146865108#3_1,0.00
440.0,car_009,77.672406,12.924190,64.85,car,15.55,61.72,1146865108#0_0,0.00
440.0,car_010,77.670671,12.923390,66.66,car,16.38,17.02,543259500#1_0,0.00
440.0,truck_001,77.653591,12.923940,101.23,truck,12.05,667.09,379308034_0,0.00
440.0,truck_002,77.641466,12.917876,43.92,truck,13.08,64.89,377125912#2_0,0.00
440.0,truck_003,77.625786,12.917635,98.68,truck,13.68,284.42,1073384217#1_0,0.00
441.0,bike_001,77.676551,12.927978,0.97,motorcycle,16.46,15.39,543259514#7_0,0.00
441.0,bike_002,77.661746,12.921606,103.79,motorcycle,15.14,731.07,377105485_2,0.00
441.0,bike_003,77.671508,12.923780,64.75,motorcycle,15.02,117.64,543259500#1_0,0.00
441.0,bike_004,77.671333,12.923733,64.75,motorcycle,15.41,98.17,543259500#1_1,0.00
441.0,bike_005,77.668481,12.922363,63.32,motorcycle,14.28,69.38,240652650#0_0,0.00
441.0,bus_001,77.661645,12.921601,103.79,bus,13.40,721.46,377105485_1,0.00
441.0,bus_002,77.647410,12.924055,62.51,bus,13.45,7.05,:1645178560_2_0,0.00
441.0,bus_003,77.633288,12.916461,95.08,bus,13.48,100.55,380707230#0_0,0.00
441.0,car_001,77.678352,12.930264,61.56,car,12.07,81.53,-367594184#1_0,0.00
441.0,car_002,77.676469,12.927310,10.08,car,16.00,10.68,:cluster_3141452121_3141473146_9_0,0.00
441.0,car_003,77.676420,12.929569,351.52,car,11.56,0.77,543259514#13_0,0.00
441.0,car_004,77.676532,12.928660,356.84,car,15.53,7.48,543259514#10_0,0.00
441.0,car_005,77.676540,12.927724,3.48,car,15.65,1.58,:3141473150_7_0,0.00
441.0,car_006,77.669211,12.922713,63.33,car,15.82,60.23,240652650#0-AddedOffRampEdge_1,0.00
441.0,car_007,77.666219,12.921237,63.59,car,12.08,26.51,1289252169_3,0.00
441.0,car_008,77.673806,12.924839,63.91,car,16.17,22.87,1146865108#3_1,0.00
441.0,car_009,77.672544,12.924252,64.88,car,16.49,78.21,1146865108#0_0,0.00
441.0,car_010,77.670810,12.923453,63.61,car,16.65,33.68,543259500#1_0,0.00
441.0,truck_001,77.653697,12.923918,101.23,truck,11.84,678.93,379308034_0,0.00
441.0,truck_002,77.641549,12.917959,43.92,truck,12.80,77.69,377125912#2_0,0.00
441.0,truck_003,77.625908,12.917611,100.86,truck,13.59,298.01,1073384217#1_0,0.00
442.0,bike_001,77.676552,12.928120,359.82,motorcycle,15.72,0.25,543259514#8_0,0.00
442.0,bike_002,77.661892,12.921569,103.79,motorcycle,16.34,747.41,377105485_2,0.00
442.0,bike_003,77.671629,12.923834,64.75,motorcycle,14.43,132.07,543259500#1_0,0.00
442.0,bike_004,77.671456,12.923788,64.75,motorcycle,14.73,112.91,543259500#1_1,0.00
442.0,bike_005,77.668606,12.922423,63.32,motorcycle,15.17,84.55,240652650#0_0,0.00
442.0,bus_001,77.661768,12.921570,103.79,bus,13.80,735.26,377105485_1,0.00
442.0,bus_002,77.647527,12.924112,63.01,bus,13.69,8.78,:650141496_0_0,0.00
442.0,bus_003,77.633414,12.916449,95.04,bus,13.73,114.28,380707230#0_0,0.00
442.0,car_001,77.678414,12.930300,58.30,car,7.80,89.33,-367594184#1_0,0.00
442.0,car_002,77.676497,12.927456,10.08,car,16.46,27.13,:cluster_3141452121_3141473146_9_0,0.00
442.0,car_003,77.676407,12.929631,345.44,car,7.06,6.37,:cluster_11563497460_7328379173_7_0,0.00
442.0,car_004,77.676517,12.928806,352.92,car,16.30,23.78,543259514#10_0,0.00
442.0,car_005,77.676547,12.927866,1.49,car,15.74,2.98,543259514#7_0,0.00
442.0,car_006,77.669347,12.922778,63.33,car,16.46,76.69,240652650#0-AddedOffRampEdge_1,0.00
442.0,car_007,77.666320,12.921297,54.14,car,12.84,4.87,230182006#0_0,0.00
442.0,car_008,77.673938,12.924901,63.78,car,15.89,38.76,1146865108#3_1,0.00
442.0,car_009,77.672679,12.924313,64.85,car,16.09,94.30,1146865108#0_0,0.00
442.0,car_010,77.670942,12.923516,63.62,car,16.02,49.70,543259500#1_0,0.00
442.0,truck_001,77.653802,12.923897,101.23,truck,11.67,690.59,379308034_0,0.00
442.0,truck_002,77.641630,12.918042,43.26,truck,12.70,90.39,377125912#2_0,0.00
442.0,truck_003,77.626029,12.917582,103.77,truck,13.50,311.51,1073384217#1_0,0.00
443.0,bike_001,77.676550,12.928260,357.64,motorcycle,15.46,2.86,:3141473140_4_0,0.00
443.0,bike_002,77.662030,12.921534,103.79,motorcycle,15.44,762.85,377105485_2,0.00
443.0,bike_003,77.671757,12.923892,64.75,motorcycle,15.35,147.42,543259500#1_0,0.00
443.0,bike_004,77.671583,12.923846,64.75,motorcycle,15.21,128.12,543259500#1_1,0.00
443.0,bike_005,77.668731,12.922483,63.33,motorcycle,15.36,2.23,240652650#0-AddedOffRampEdge_1,0.00
443.0,bus_001,77.661890,12.921539,103.79,bus,13.65,748.91,377105485_1,0.00
443.0,bus_002,77.647638,12.924163,64.21,bus,13.39,8.48,379308034_0,0.00
443.0,bus_003,77.633541,12.916436,95.04,bus,13.88,128.16,380707230#0_0,0.00
443.0,car_001,77.678442,12.930321,53.51,car,3.86,1.99,:4824673767_4_0,0.00
443.0,car_002,77.676526,12.927601,10.82,car,16.37,9.22,543259514#6_0,0.00
443.0,car_003,77.676378,12.929702,339.13,car,8.49,5.61,:cluster_274569309_274570242_4_0,0.00
443.0,car_004,77.676500,12.928954,352.87,car,16.49,4.13,:3141473135_4_0,0.00
443.0,car_005,77.676551,12.928007,0.51,car,15.58,2.06,:274569348_4_0,0.00
443.0,car_006,77.669476,12.922841,63.33,car,15.67,92.36,240652650#0-AddedOffRampEdge_1,0.00
443.0,car_007,77.666428,12.921372,54.14,car,14.46,19.33,230182006#0_0,0.00
443.0,car_008,77.674075,12.924952,69.71,car,15.99,7.91,:11070754936_3_1,0.00
443.0,car_009,77.672808,12.924370,64.85,car,15.45,109.75,1146865108#0_0,0.00
443.0,car_010,77.671071,12.923577,63.62,car,15.50,65.19,543259500#1_0,0.00
443.0,truck_001,77.653908,12.923875,101.23,truck,11.74,702.33,379308034_0,0.00
443.0,truck_002,77.641709,12.918126,41.91,truck,12.62,103.01,377125912#2_0,0.00
443.0,truck_003,77.626152,12.917548,105.03,truck,13.89,325.39,1073384217#1_0,0.00
444.0,bike_001,77.676545,12.928394,356.38,motorcycle,14.90,3.42,543259514#9_0,0.00
444.0,bike_002,77.662166,12.921500,103.79,motorcycle,15.33,778.18,377105485_2,0.00
444.0,bike_003,77.671881,12.923948,64.41,motorcycle,14.75,8.16,:307401420_0_0,0.00
444.0,bike_004,77.671712,12.923904,64.75,motorcycle,15.42,143.54,543259500#1_1,0.00
444.0,bike_005,77.668865,12.922547,63.33,motorcycle,16.21,18.44,240652650#0-AddedOffRampEdge_1,0.00
444.0,bus_001,77.662011,12.921509,103.79,bus,13.51,762.42,377105485_1,0.00
444.0,bus_002,77.647752,12.924215,64.78,bus,13.62,22.10,379308034_0,0.00
444.0,bus_003,77.633664,12.916424,95.04,bus,13.45,141.61,380707230#0_0,0.00
444.0,car_001,77.678462,12.930363,20.15,car,5.26,4.14,:4824673767_10_0,0.00
444.0,car_002,77.676542,12.927751,2.52,car,16.65,4.49,:3141473150_7_0,0.00
444.0,car_003,77.676345,12.929789,339.13,car,10.25,15.86,:cluster_274569309_274570242_4_0,0.00
444.0,car_004,77.676483,12.929095,352.80,car,15.70,5.42,543259514#11_0,0.00
444.0,car_005,77.676552,12.928146,359.19,car,15.37,3.09,543259514#8_0,0.00
444.0,car_006,77.669595,12.922920,69.21,car,15.98,5.20,240652650#2_1,0.00
444.0,car_007,77.666551,12.921455,55.36,car,16.21,35.54,230182006#0_0,0.00
444.0,car_008,77.674204,12.925023,58.54,car,16.12,9.72,1146865108#5_1,0.00
444.0,car_009,77.672939,12.924429,64.85,car,15.66,125.41,1146865108#0_0,0.00
444.0,car_010,77.671209,12.923642,63.62,car,16.57,81.77,543259500#1_0,0.00
444.0,truck_001,77.654013,12.923853,101.23,truck,11.76,714.09,379308034_0,0.00
444.0,truck_002,77.641790,12.918213,41.91,truck,12.99,116.01,377125912#2_0,0.00
444.0,truck_003,77.626271,12.917515,105.03,truck,13.48,338.87,1073384217#1_0,0.00
445.0,bike_001,77.676538,12.928542,356.58,motorcycle,16.35,8.84,:3141473138_4_0,0.00
445.0,bike_002,77.662315,12.921462,104.29,motorcycle,16.60,794.77,377105485_2,0.00
445.0,bike_003,77.672005,12.924006,64.11,motorcycle,14.99,13.69,1146865108#0_0,0.00
445.0,bike_004,77.671851,12.923966,64.41,motorcycle,16.54,6.06,:307401420_0_1,0.00
445.0,bike_005,77.668988,12.922606,63.33,motorcycle,14.93,33.36,240652650#0-AddedOffRampEdge_1,0.00
445.0,bus_001,77.662134,12.921478,103.79,bus,13.87,776.29,377105485_1,0.00
445.0,bus_002,77.647870,12.924257,69.93,bus,13.68,35.78,379308034_0,0.00
445.0,bus_003,77.633789,12.916412,95.04,bus,13.56,155.17,380707230#0_0,0.00
445.0,car_001,77.678456,12.930427,350.11,car,7.16,0.86,-490290342_0,0.00
445.0,car_002,77.676548,12.927901,0.97,car,16.62,6.78,543259514#7_0,0.00
445.0,car_003,77.676329,12.929899,352.86,car,12.34,28.20,:cluster_274569309_274570242_4_0,0.00
445.0,car_004,77.676467,12.929235,352.80,car,15.63,21.06,543259514#11_0,0.00
445.0,car_005,77.676549,12.928291,357.64,car,16.04,6.27,:3141473140_4_0,0.00
445.0,car_006,77.669730,12.922964,62.34,car,15.83,6.62,543259500#1-AddedOnRampEdge_1,0.00
445.0,car_007,77.666679,12.921524,64.36,car,15.89,51.43,230182006#0_0,0.00
445.0,car_008,77.674330,12.925093,62.25,car,15.73,25.45,1146865108#5_1,0.00
445.0,car_009,77.673061,12.924515,64.86,car,15.99,141.40,1146865108#0_1,0.00
445.0,car_010,77.671345,12.923707,64.19,car,16.47,98.23,543259500#1_0,0.00
445.0,truck_001,77.654119,12.923831,101.61,truck,11.73,725.82,379308034_0,0.00
445.0,truck_002,77.641870,12.918301,40.91,truck,13.08,129.09,377125912#2_0,0.00
445.0,truck_003,77.626394,12.917481,105.03,truck,13.86,352.74,1073384217#1_0,0.00
446.0,bike_001,77.676531,12.928672,356.84,motorcycle,14.46,8.86,543259514#10_0,0.00
446.0,bike_002,77.662448,12.921427,104.29,motorcycle,14.96,809.73,377105485_2,0.00
446.0,bike_003,77.672130,12.924064,64.11,motorcycle,14.91,28.61,1146865108#0_0,0.00
446.0,bike_004,77.671975,12.924024,64.12,motorcycle,14.89,11.49,1146865108#0_1,0.00
446.0,bike_005,77.669124,12.922671,63.33,motorcycle,16.34,49.70,240652650#0-AddedOffRampEdge_1,0.00
446.0,bus_001,77.662255,12.921448,103.79,bus,13.47,789.76,377105485_1,0.00
446.0,bus_002,77.647988,12.924291,73.40,bus,13.43,49.21,379308034_0,0.00
446.0,bus_003,77.633914,12.916400,95.04,bus,13.69,168.86,380707230#0_0,0.00
446.0,car_001,77.678436,12.930508,346.07,car,9.28,10.13,-490290342_0,0.00
446.0,car_002,77.676552,12.928051,359.96,car,16.63,6.90,:274569348_4_0,0.00
446.0,car_003,77.676391,12.929985,64.61,car,12.91,41.11,:cluster_274569309_274570242_4_0,0.00
446.0,car_004,77.676448,12.929373,351.79,car,15.38,13.37,:3141473132_4_0,0.00
446.0,car_005,77.676543,12.928439,356.38,car,16.46,8.40,543259514#9_0,0.00
446.0,car_006,77.669865,12.923032,62.34,car,16.52,23.14,543259500#1-AddedOnRampEdge_1,0.00
446.0,car_007,77.666813,12.921585,64.36,car,16.06,67.49,230182006#0_0,0.00
446.0,car_008,77.674464,12.925161,62.26,car,16.37,41.83,1146865108#5_1,0.00
446.0,car_009,77.673195,12.924576,64.86,car,16.02,157.42,1146865108#0_1,0.00
446.0,car_010,77.671482,12.923768,64.75,car,16.35,114.58,543259500#1_0,0.00
446.0,truck_001,77.654225,12.923805,103.31,truck,11.95,737.77,379308034_0,0.00
446.0,truck_002,77.641949,12.918389,40.69,truck,12.95,142.04,377125912#2_0,0.00
446.0,truck_003,77.626513,12.917449,105.03,truck,13.48,366.22,1073384217#1_0,0.00
447.0,bike_001,77.676517,12.928802,352.92,motorcycle,14.49,23.36,543259514#10_0,0.00
447.0,bike_002,77.662583,12.921392,104.29,motorcycle,15.16,824.89,377105485_2,0.00
447.0,bike_003,77.672251,12.924120,64.11,motorcycle,14.59,43.19,1146865108#0_0,0.00
447.0,bike_004,77.672097,12.924081,64.12,motorcycle,14.76,26.25,1146865108#0_1,0.00
447.0,bike_005,77.669243,12.922729,63.33,motorcycle,14.43,64.13,240652650#0-AddedOffRampEdge_1,0.00
447.0,bus_001,77.662375,12.921416,104.27,bus,13.50,803.26,377105485_1,0.00
447.0,bus_002,77.648107,12.924324,73.63,bus,13.44,62.65,379308034_0,0.00
447.0,bus_003,77.634040,12.916388,95.04,bus,13.73,182.59,380707230#0_0,0.00
447.0,car_001,77.678414,12.930602,346.07,car,10.62,20.75,-490290342_0,0.00
447.0,car_002,77.676551,12.928200,358.84,car,16.53,9.08,543259514#8_0,0.00
447.0,car_003,77.676508,12.929999,88.52,car,12.94,8.20,-367594184#3_0,0.00
447.0,car_004,77.676430,12.929495,351.39,car,13.59,6.79,:274569328_0_0,0.00
447.0,car_005,77.676536,12.928574,356.58,car,14.96,12.43,:3141473138_4_0,0.00
447.0,car_006,77.669997,12.923097,63.55,car,16.00,39.14,543259500#1-AddedOnRampEdge_1,0.00
447.0,car_007,77.666945,12.921646,64.36,car,15.89,83.38,230182006#0_0,0.00
447.0,car_008,77.674596,12.925227,62.26,car,16.08,57.90,1146865108#5_1,0.00
447.0,car_009,77.673334,12.924638,64.86,car,16.63,174.06,1146865108#0_1,0.00
447.0,car_010,77.671620,12.923830,64.75,car,16.43,131.01,543259500#1_0,0.00
447.0,truck_001,77.654330,12.923780,103.31,truck,11.70,749.47,379308034_0,0.00
447.0,truck_002,77.642027,12.918476,40.61,truck,12.76,154.80,377125912#2_0,0.00
447.0,truck_003,77.626632,12.917416,105.03,truck,13.41,379.64,1073384217#1_0,0.00
448.0,bike_001,77.676502,12.928936,352.86,motorcycle,14.82,2.04,:3141473135_4_0,0.00
448.0,bike_002,77.662720,12.921356,104.29,motorcycle,15.42,840.31,377105485_2,0.00
448.0,bike_003,77.672384,12.924181,64.85,motorcycle,15.96,59.15,1146865108#0_0,0.00
448.0,bike_004,77.672225,12.924140,64.12,motorcycle,15.37,41.62,1146865108#0_1,0.00
448.0,bike_005,77.669380,12.922794,63.33,motorcycle,16.51,80.65,240652650#0-AddedOffRampEdge_1,0.00
448.0,bus_001,77.662498,12.921384,104.29,bus,13.82,817.08,377105485_1,0.00
448.0,bus_002,77.648229,12.924346,78.93,bus,13.50,76.14,379308034_0,0.00
448.0,bus_003,77.634166,12.916376,95.04,bus,13.74,196.33,380707230#0_0,0.00
448.0,car_001,77.678388,12.930709,346.07,car,12.24,32.99,-490290342_0,0.00
448.0,car_002,77.676548,12.928340,357.64,car,15.49,11.72,:3141473140_4_0,0.00
448.0,car_003,77.676650,12.930001,88.52,car,15.41,23.61,-367594184#3_0,0.00
448.0,car_004,77.676418,12.929579,351.66,car,9.45,0.49,:cluster_11563497460_7328379173_7_0,0.00
448.0,car_005,77.676528,12.928710,354.49,car,15.03,13.03,543259514#10_0,0.00
448.0,car_006,77.670125,12.923158,63.55,car,15.51,54.65,543259500#1-AddedOnRampEdge_1,0.00
448.0,car_007,77.667083,12.921709,64.36,car,16.58,99.96,230182006#0_0,0.00
448.0,car_008,77.674722,12.925291,62.26,car,15.45,73.36,1146865108#5_1,0.00
448.0,car_009,77.673467,12.924699,63.94,car,15.92,189.97,1146865108#0_1,0.00
448.0,car_010,77.671749,12.923888,64.75,car,15.40,146.41,543259500#1_0,0.00
448.0,truck_001,77.654440,12.923756,101.95,truck,12.14,4.58,377105485-AddedOnRampEdge_2,0.00
448.0,truck_002,77.642100,12.918571,36.74,truck,13.10,167.90,377125912#2_0,0.00
448.0,truck_003,77.626751,12.917384,105.03,truck,13.41,393.04,1073384217#1_0,0.00
449.0,bike_001,77.676486,12.929070,352.80,motorcycle,15.03,2.66,543259514#11_0,0.00
449.0,bike_002,77.662859,12.921320,104.29,motorcycle,15.51,855.82,377105485_2,0.00
449.0,bike_003,77.672512,12.924238,64.85,motorcycle,15.22,74.38,1146865108#0_0,0.00
449.0,bike_004,77.672364,12.924203,64.83,motorcycle,16.64,58.26,1146865108#0_1,0.00
449.0,bike_005,77.669505,12.922855,60.83,motorcycle,15.27,1.02,:11233009357_0_1,0.00
449.0,bus_001,77.662618,12.921353,104.29,bus,13.55,830.63,377105485_1,0.00
449.0,bus_002,77.648350,12.924368,78.93,bus,13.46,89.60,379308034_0,0.00
449.0,bus_003,77.634288,12.916365,94.53,bus,13.34,209.67,380707230#0_0,0.00
449.0,car_001,77.678357,12.930792,333.94,car,9.85,8.25,:1387622103_4_0,0.00
449.0,car_002,77.676540,12.928486,356.50,car,16.23,2.68,:3141473138_4_0,0.00
449.0,car_003,77.676803,12.930003,88.52,car,16.60,40.20,-367594184#3_0,0.00
449.0,car_004,77.676404,12.929636,343.21,car,6.51,7.00,:cluster_11563497460_7328379173_7_0,0.00
449.0,car_005,77.676512,12.928845,352.92,car,15.01,28.05,543259514#10_0,0.00
449.0,car_006,77.670256,12.923219,64.63,car,15.77,70.42,543259500#1-AddedOnRampEdge_1,0.00
449.0,car_007,77.667216,12.921770,64.36,car,15.93,115.90,230182006#0_0,0.00
449.0,car_008,77.674851,12.925355,62.26,car,15.72,89.08,1146865108#5_1,0.00
449.0,car_009,77.673606,12.924760,66.69,car,16.39,8.73,:3254817343_0_1,0.00
449.0,car_010,77.671882,12.923949,64.41,car,15.90,8.29,:307401420_0_0,0.00
449.0,truck_001,77.654558,12.923733,100.56,truck,13.10,17.67,377105485-AddedOnRampEdge_2,0.00
449.0,truck_002,77.642173,12.918665,36.74,truck,13.04,180.94,377125912#2_0,0.00
449.0,truck_003,77.626871,12.917349,105.97,truck,13.63,406.68,1073384217#1_0,0.00
450.0,bike_001,77.676470,12.929205,352.80,motorcycle,14.97,17.63,543259514#11_0,0.00
450.0,bike_002,77.662992,12.921288,102.59,motorcycle,15.93,4.59,1303669679_2,0.00
450.0,bike_003,77.672640,12.924295,64.85,motorcycle,15.24,89.62,1146865108#0_0,0.00
450.0,bike_004,77.672496,12.924262,64.83,motorcycle,15.70,73.96,1146865108#0_1,0.00
450.0,bike_005,77.669617,12.922923,80.65,motorcycle,14.62,0.62,:11233009356_0_1,0.00
450.0,bus_001,77.662757,12.921347,104.29,bus,13.83,844.46,377105485_2,0.00
450.0,bus_002,77.648472,12.924388,80.42,bus,13.39,103.00,379308034_0,0.00
450.0,bus_003,77.634414,12.916355,93.91,bus,13.62,223.29,380707230#0_0,0.00
450.0,car_001,77.678303,12.930833,299.46,car,7.58,15.83,:1387622103_4_0,0.00
450.0,car_002,77.676533,12.928633,356.84,car,16.30,4.55,543259514#10_0,0.00
450.0,car_003,77.676949,12.930005,88.52,car,15.85,56.05,-367594184#3_0,0.00
450.0,car_004,77.676375,12.929710,339.13,car,8.72,6.47,:cluster_274569309_274570242_4_0,0.00
450.0,car_005,77.676496,12.928984,352.86,car,15.57,7.48,:3141473135_4_0,0.00
450.0,car_006,77.670391,12.923275,66.66,car,15.88,86.31,543259500#1-AddedOnRampEdge_1,0.00
450.0,car_007,77.667351,12.921832,64.36,car,16.19,132.09,230182006#0_0,0.00
450.0,car_008,77.674987,12.925424,62.26,car,16.59,105.67,1146865108#5_1,0.00
450.0,car_009,77.673745,12.924812,68.64,car,16.21,15.62,1146865108#3_1,0.00
450.0,car_010,77.672010,12.924008,64.11,car,15.47,14.30,1146865108#0_0,0.00
450.0,truck_001,77.654681,12.923709,100.56,truck,13.61,31.28,377105485-AddedOnRampEdge_2,0.00
450.0,truck_002,77.642242,12.918757,35.65,truck,12.62,193.56,377125912#2_0,0.00
450.0,truck_003,77.626992,12.917313,106.23,truck,13.78,420.46,1073384217#1_0,0.00
451.0,bike_001,77.676452,12.929343,351.79,motorcycle,15.44,10.01,:3141473132_4_0,0.00
451.0,bike_002,77.663126,12.921257,102.80,motorcycle,14.95,19.54,1303669679_2,0.00
451.0,bike_003,77.672765,12.924351,64.85,motorcycle,14.93,104.55,1146865108#0_0,0.00
451.0,bike_004,77.672630,12.924322,64.86,motorcycle,16.00,89.96,1146865108#0_1,0.00
451.0,bike_005,77.669745,12.922972,62.34,motorcycle,15.55,8.54,543259500#1-AddedOnRampEdge_1,0.00
451.0,bus_001,77.662876,12.921316,104.23,bus,13.37,0.96,:1083500529_2_2,0.00
451.0,bus_002,77.648596,12.924404,81.94,bus,13.67,116.66,379308034_0,0.00
451.0,bus_003,77.634541,12.916345,93.91,bus,13.87,237.16,380707230#0_0,0.00
451.0,car_001,77.678254,12.930845,283.19,car,5.45,5.21,25187665#1_0,0.00
451.0,car_002,77.676520,12.928782,352.92,car,16.51,21.06,543259514#10_0,0.00
451.0,car_003,77.677099,12.930012,86.19,car,16.26,1.84,-367594184#2_0,0.00
451.0,car_004,77.676343,12.929795,339.13,car,10.11,16.58,:cluster_274569309_274570242_4_0,0.00
451.0,car_005,77.676480,12.929120,352.80,car,15.16,8.23,543259514#11_0,0.00
451.0,car_006,77.670526,12.923330,66.74,car,15.88,0.01,543259500#1_0,0.00
451.0,car_007,77.667480,12.921891,64.36,car,15.47,147.56,230182006#0_0,0.00
451.0,car_008,77.675118,12.925490,61.84,car,16.06,4.19,1146865108#11_1,0.00
451.0,car_009,77.673875,12.924871,63.73,car,15.50,31.11,1146865108#3_1,0.00
451.0,car_010,77.672149,12.924072,64.11,car,16.58,30.89,1146865108#0_0,0.00
451.0,truck_001,77.654802,12.923686,100.56,truck,13.43,44.71,377105485-AddedOnRampEdge_2,0.00
451.0,truck_002,77.642312,12.918852,35.32,truck,12.97,206.53,377125912#2_0,0.00
451.0,truck_003,77.627114,12.917277,106.23,truck,13.80,434.26,1073384217#1_0,0.00
452.0,bike_001,77.676433,12.929478,351.39,motorcycle,15.07,4.91,:274569328_0_0,0.00
452.0,bike_002,77.663266,12.921224,102.80,motorcycle,15.64,35.18,1303669679_2,0.00
452.0,bike_003,77.672892,12.924408,64.85,motorcycle,15.16,119.71,1146865108#0_0,0.00
452.0,bike_004,77.672752,12.924377,64.86,motorcycle,14.57,104.53,1146865108#0_1,0.00
452.0,bike_005,77.669880,12.923039,62.34,motorcycle,16.39,24.93,543259500#1-AddedOnRampEdge_1,0.00
452.0,bus_001,77.662989,12.921289,103.13,bus,13.65,4.32,1303669679_2,0.00
452.0,bus_002,77.648720,12.924419,82.02,bus,13.58,130.24,379308034_0,0.00
452.0,bus_003,77.634668,12.916336,93.91,bus,13.80,250.96,380707230#0_0,0.00
452.0,car_001,77.678211,12.930856,283.19,car,4.89,10.09,25187665#1_0,0.00
452.0,car_002,77.676503,12.928926,352.91,car,16.01,0.93,:3141473135_4_0,0.00
452.0,car_003,77.677251,12.930023,85.18,car,16.58,18.42,-367594184#2_0,0.00
452.0,car_004,77.676329,12.929897,352.86,car,11.44,28.02,:cluster_274569309_274570242_4_0,0.00
452.0,car_005,77.676464,12.929257,352.72,car,15.22,0.39,:3141473132_4_0,0.00
452.0,car_006,77.670665,12.923388,66.66,car,16.39,16.40,543259500#1_0,0.00
452.0,car_007,77.667612,12.921952,64.36,car,15.95,163.51,230182006#0_0,0.00
452.0,car_008,77.675254,12.925558,62.25,car,16.52,20.71,1146865108#11_1,0.00
452.0,car_009,77.674006,12.924928,68.53,car,15.64,46.75,1146865108#3_1,0.00
452.0,car_010,77.672287,12.924137,64.11,car,16.65,47.53,1146865108#0_0,0.00
452.0,truck_001,77.654925,12.923662,100.56,truck,13.56,58.27,377105485-AddedOnRampEdge_2,0.00
452.0,truck_002,77.642382,12.918946,35.32,truck,12.84,219.37,377125912#2_0,0.00
452.0,truck_003,77.627234,12.917241,106.23,truck,13.65,447.91,1073384217#1_0,0.00
453.0,bike_001,77.676420,12.929568,351.65,motorcycle,10.08,0.70,543259514#13_0,0.00
453.0,bike_002,77.663405,12.921192,102.80,motorcycle,15.51,50.69,1303669679_2,0.00
453.0,bike_003,77.673017,12.924496,64.86,motorcycle,16.43,136.14,1146865108#0_1,0.00
453.0,bike_004,77.672878,12.924434,64.86,motorcycle,15.05,119.58,1146865108#0_1,0.00
453.0,bike_005,77.670016,12.923106,63.55,motorcycle,16.51,41.44,543259500#1-AddedOnRampEdge_1,0.00
453.0,bus_001,77.663111,12.921261,102.64,bus,13.54,17.85,1303669679_2,0.00
453.0,bus_002,77.648842,12.924428,85.39,bus,13.40,143.64,379308034_0,0.00
453.0,bus_003,77.634790,12.916326,93.93,bus,13.37,264.33,380707230#0_0,0.00
453.0,car_001,77.678167,12.930865,281.35,car,4.81,14.90,25187665#1_0,0.00
453.0,car_002,77.676486,12.929071,352.83,car,16.20,2.72,543259514#11_0,0.00
453.0,car_003,77.677404,12.930034,85.18,car,16.65,35.07,-367594184#2_0,0.00
453.0,car_004,77.676379,12.929981,49.08,car,11.67,39.68,:cluster_274569309_274570242_4_0,0.00
453.0,car_005,77.676445,12.929395,351.43,car,15.48,1.50,543259514#12_0,0.00
453.0,car_006,77.670802,12.923450,63.61,car,16.31,32.71,543259500#1_0,0.00
453.0,car_007,77.667750,12.922015,64.36,car,16.49,179.99,230182006#0_0,0.00
453.0,car_008,77.675388,12.925625,62.25,car,16.42,37.13,1146865108#11_1,0.00
453.0,car_009,77.674142,12.924987,59.51,car,16.26,1.87,1146865108#5_1,0.00
453.0,car_010,77.672422,12.924198,64.85,car,16.13,63.66,1146865108#0_0,0.00
453.0,truck_001,77.655047,12.923638,100.52,truck,13.48,71.74,377105485-AddedOnRampEdge_2,0.00
453.0,truck_002,77.642452,12.919041,35.32,truck,12.91,232.28,377125912#2_0,0.00
453.0,truck_003,77.627353,12.917206,106.23,truck,13.50,461.41,1073384217#1_0,0.00
454.0,bike_001,77.676412,12.929615,348.04,motorcycle,5.29,4.53,:cluster_11563497460_7328379173_7_0,0.00
454.0,bike_002,77.663543,12.921159,102.80,motorcycle,15.45,66.14,1303669679_2,0.00
454.0,bike_003,77.673154,12.924557,64.86,motorcycle,16.45,152.59,1146865108#0_1,0.00
454.0,bike_004,77.672994,12.924486,64.86,motorcycle,13.91,133.49,1146865108#0_1,0.00
454.0,bike_005,77.670142,12.923166,63.55,motorcycle,15.24,56.69,543259500#1-AddedOnRampEdge_1,0.00
454.0,bus_001,77.663230,12.921233,102.80,bus,13.32,31.17,1303669679_2,0.00
454.0,bus_002,77.648968,12.924436,85.39,bus,13.66,157.30,379308034_0,0.00
454.0,bus_003,77.634912,12.916317,93.85,bus,13.37,1.43,:1653906436_1_0,0.00
454.0,car_001,77.678120,12.930872,277.61,car,5.26,20.16,25187665#1_0,0.00
454.0,car_002,77.676469,12.929216,352.80,car,16.14,18.86,543259514#11_0,0.00
454.0,car_003,77.677553,12.930047,83.05,car,16.31,5.10,:4447421339_7_0,0.00
454.0,car_004,77.676483,12.929998,88.52,car,11.62,5.46,-367594184#3_0,0.00
454.0,car_005,77.676430,12.929494,351.39,car,10.98,6.67,:274569328_0_0,0.00
454.0,car_006,77.670932,12.923511,63.62,car,15.72,48.43,543259500#1_0,0.00
454.0,car_007,77.667888,12.922078,63.84,car,16.58,7.22,:11527430411_0_0,0.00
454.0,car_008,77.675516,12.925689,62.28,car,15.54,52.66,1146865108#11_1,0.00
454.0,car_009,77.674266,12.925059,58.54,car,15.65,17.52,1146865108#5_1,0.00
454.0,car_010,77.672557,12.924258,64.91,car,16.12,79.78,1146865108#0_0,0.00
454.0,truck_001,77.655172,12.923615,100.44,truck,13.86,85.60,377105485-AddedOnRampEdge_2,0.00
454.0,truck_002,77.642522,12.919135,35.32,truck,12.90,245.18,377125912#2_0,0.00
454.0,truck_003,77.627473,12.917170,106.23,truck,13.66,475.07,1073384217#1_0,0.00
455.0,bike_001,77.676398,12.929650,335.73,motorcycle,4.12,8.65,:cluster_11563497460_7328379173_7_0,0.00
455.0,bike_002,77.663672,12.921126,105.20,motorcycle,14.28,4.26,377105483#0_2,0.00
455.0,bike_003,77.673289,12.924618,64.86,motorcycle,16.07,168.66,1146865108#0_1,0.00
455.0,bike_004,77.673112,12.924538,64.86,motorcycle,13.98,147.47,1146865108#0_1,0.00
455.0,bike_005,77.670268,12.923224,64.63,motorcycle,15.11,71.80,543259500#1-AddedOnRampEdge_1,0.00
455.0,bus_001,77.663349,12.921205,102.80,bus,13.33,44.49,1303669679_2,0.00
455.0,bus_002,77.649094,12.924445,85.39,bus,13.80,171.10,379308034_0,0.00
455.0,bus_003,77.635037,12.916311,92.14,bus,13.37,1.14,:11977577698_3_0,0.00
455.0,car_001,77.678065,12.930880,277.61,car,6.01,26.17,25187665#1_0,0.00
455.0,car_002,77.676452,12.929349,351.79,car,14.84,10.63,:3141473132_4_0,0.00
455.0,car_003,77.677704,12.930066,80.76,car,16.50,7.31,-367594184#1_0,0.00
455.0,car_004,77.676610,12.930000,88.52,car,13.75,19.21,-367594184#3_0,0.00
455.0,car_005,77.676422,12.929552,351.39,car,6.48,13.15,:274569328_0_0,0.00
455.0,car_006,77.671063,12.923574,63.62,car,15.85,64.28,543259500#1_0,0.00
455.0,car_007,77.668025,12.922144,63.34,car,16.54,14.29,240652650#0_0,0.00
455.0,car_008,77.675645,12.925755,62.39,car,15.81,68.47,1146865108#11_1,0.00
455.0,car_009,77.674398,12.925127,62.26,car,16.23,33.75,1146865108#5_1,0.00
455.0,car_010,77.672687,12.924316,64.85,car,15.55,95.34,1146865108#0_0,0.00
455.0,truck_001,77.655296,12.923591,100.44,truck,13.70,4.67,:377105485-AddedOnRampNode_0_0,0.00
455.0,truck_002,77.642592,12.919231,35.32,truck,12.98,258.17,377125912#2_0,0.00
455.0,truck_003,77.627592,12.917135,106.23,truck,13.52,488.59,1073384217#1_0,0.00
456.0,bike_001,77.676380,12.929697,339.13,motorcycle,5.55,4.95,:cluster_274569309_274570242_4_0,0.00
456.0,bike_002,77.663805,12.921089,105.20,motorcycle,15.00,19.25,377105483#0_2,0.00
456.0,bike_003,77.673408,12.924672,63.94,motorcycle,14.22,182.88,1146865108#0_1,0.00
456.0,bike_004,77.673233,12.924592,64.86,motorcycle,14.45,161.92,1146865108#0_1,0.00
456.0,bike_005,77.670407,12.923282,66.66,motorcycle,16.41,88.21,543259500#1-AddedOnRampEdge_1,0.00
456.0,bus_001,77.663472,12.921176,102.80,bus,13.64,58.13,1303669679_2,0.00
456.0,bus_002,77.649219,12.924454,85.39,bus,13.61,184.71,379308034_0,0.00
456.0,bus_003,77.635164,12.916306,91.89,bus,13.82,5.54,380707230#2_0,0.00
456.0,car_001,77.678015,12.930887,277.61,car,5.50,31.67,25187665#1_0,0.00
456.0,car_002,77.676438,12.929441,350.82,car,10.34,0.80,:274569328_0_0,0.00
456.0,car_003,77.677846,12.930087,80.76,car,15.58,22.89,-367594184#1_0,0.00
456.0,car_004,77.676750,12.930002,88.52,car,15.24,34.46,-367594184#3_0,0.00
456.0,car_005,77.676416,12.929592,351.74,car,4.52,1.92,:cluster_11563497460_7328379173_7_0,0.00
456.0,car_006,77.671195,12.923636,63.62,car,15.81,80.09,543259500#1_0,0.00
456.0,car_007,77.668159,12.922208,63.34,car,16.20,30.49,240652650#0_0,0.00
456.0,car_008,77.675782,12.925820,63.60,car,16.52,85.00,1146865108#11_1,0.00
456.0,car_009,77.674530,12.925194,62.26,car,16.18,49.93,1146865108#5_1,0.00
456.0,car_010,77.672817,12.924375,64.85,car,15.49,110.82,1146865108#0_0,0.00
456.0,truck_001,77.655419,12.923564,101.91,truck,13.69,10.36,377105485_0,0.00
456.0,truck_002,77.642661,12.919324,35.32,truck,12.76,270.93,377125912#2_0,0.00
456.0,truck_003,77.627712,12.917099,106.23,truck,13.65,502.24,1073384217#1_0,0.00
457.0,bike_001,77.676357,12.929759,339.13,motorcycle,7.31,12.26,:cluster_274569309_274570242_4_0,0.00
457.0,bike_002,77.663941,12.921051,105.28,motorcycle,15.56,1.89,:377105483#0-AddedOffRampNode_0_4,0.00
457.0,bike_003,77.673532,12.924730,64.15,motorcycle,14.91,0.15,:3254817343_0_1,0.00
457.0,bike_004,77.673355,12.924647,64.60,motorcycle,14.59,176.50,1146865108#0_1,0.00
457.0,bike_005,77.670540,12.923336,66.67,motorcycle,15.68,1.71,543259500#1_0,0.00
457.0,bus_001,77.663591,12.921147,103.22,bus,13.32,4.53,:1083500526_3_2,0.00
457.0,bus_002,77.649344,12.924462,85.39,bus,13.73,198.44,379308034_0,0.00
457.0,bus_003,77.635292,12.916300,91.90,bus,13.85,19.40,380707230#2_0,0.00
457.0,car_001,77.677975,12.930906,296.83,car,4.85,36.51,25187665#1_0,0.00
457.0,car_002,77.676429,12.929502,351.39,car,6.83,7.63,:274569328_0_0,0.00
457.0,car_003,77.677991,12.930118,69.73,car,16.22,39.11,-367594184#1_0,0.00
457.0,car_004,77.676899,12.930005,88.52,car,16.13,50.59,-367594184#3_0,0.00
457.0,car_005,77.676405,12.929635,343.79,car,4.91,6.84,:cluster_11563497460_7328379173_7_0,0.00
457.0,car_006,77.671326,12.923698,63.62,car,15.87,95.96,543259500#1_0,0.00
457.0,car_007,77.668293,12.922273,63.33,car,16.24,46.73,240652650#0_0,0.00
457.0,car_008,77.675920,12.925885,63.60,car,16.60,101.59,1146865108#11_1,0.00
457.0,car_009,77.674662,12.925260,62.26,car,16.03,65.96,1146865108#5_1,0.00
457.0,car_010,77.672939,12.924461,64.86,car,16.08,126.90,1146865108#0_1,0.00
457.0,truck_001,77.655542,12.923532,104.45,truck,13.87,24.24,377105485_0,0.00
457.0,truck_002,77.642731,12.919419,35.32,truck,12.88,283.81,377125912#2_0,0.00
457.0,truck_003,77.627834,12.917063,106.23,truck,13.84,516.08,1073384217#1_0,0.00
458.0,bike_001,77.676335,12.929849,352.86,motorcycle,10.35,22.61,:cluster_274569309_274570242_4_0,0.00
458.0,bike_002,77.664073,12.921014,105.25,motorcycle,15.71,8.87,377105483#0-AddedOffRampEdge_4,0.00
458.0,bike_003,77.673656,12.924779,68.64,motorcycle,14.42,5.25,1146865108#3_1,0.00
458.0,bike_004,77.673466,12.924699,63.94,motorcycle,13.37,189.87,1146865108#0_1,0.00
458.0,bike_005,77.670665,12.923388,66.66,motorcycle,14.69,16.40,543259500#1_0,0.00
458.0,bus_001,77.663713,12.921115,104.86,bus,13.57,8.87,377105483#0_2,0.00
458.0,bus_002,77.649471,12.924471,85.39,bus,13.86,212.30,379308034_0,0.00
458.0,bus_003,77.635415,12.916295,91.90,bus,13.33,32.72,380707230#2_0,0.00
458.0,car_001,77.677930,12.930929,297.06,car,5.46,41.98,25187665#1_0,0.00
458.0,car_002,77.676422,12.929554,351.39,car,5.79,13.43,:274569328_0_0,0.00
458.0,car_003,77.678130,12.930167,69.73,car,15.94,55.05,-367594184#1_0,0.00
458.0,car_004,77.677047,12.930009,86.89,car,16.16,10.46,:3170006930_7_0,0.00
458.0,car_005,77.676383,12.929688,338.70,car,6.33,3.91,:cluster_274569309_274570242_4_0,0.00
458.0,car_006,77.671457,12.923757,64.75,car,15.58,111.54,543259500#1_0,0.00
458.0,car_007,77.668429,12.922338,63.32,car,16.42,63.14,240652650#0_0,0.00
458.0,car_008,77.676058,12.925950,63.60,car,16.58,118.17,1146865108#11_1,0.00
458.0,car_009,77.674788,12.925323,62.26,car,15.38,81.34,1146865108#5_1,0.00
458.0,car_010,77.673075,12.924522,64.86,car,16.22,143.12,1146865108#0_1,0.00
458.0,truck_001,77.655661,12.923499,105.30,truck,13.45,37.68,377105485_0,0.00
458.0,truck_002,77.642800,12.919513,35.32,truck,12.85,296.66,377125912#2_0,0.00
458.0,truck_003,77.627955,12.917027,106.23,truck,13.79,529.87,1073384217#1_0,0.00
459.0,bike_001,77.676344,12.929945,24.62,motorcycle,11.05,33.65,:cluster_274569309_274570242_4_0,0.00
459.0,bike_002,77.664201,12.920979,105.25,motorcycle,14.65,23.52,377105483#0-AddedOffRampEdge_4,0.00
459.0,bike_003,77.673785,12.924828,64.38,motorcycle,15.02,20.27,1146865108#3_1,0.00
459.0,bike_004,77.673593,12.924755,66.69,motorcycle,15.02,7.25,:3254817343_0_1,0.00
459.0,bike_005,77.670788,12.923443,63.61,motorcycle,14.73,31.13,543259500#1_0,0.00
459.0,bus_001,77.663831,12.921082,105.20,bus,13.33,22.20,377105483#0_2,0.00
459.0,bus_002,77.649597,12.924480,85.39,bus,13.74,226.04,379308034_0,0.00
459.0,bus_003,77.635544,12.916289,91.90,bus,13.89,46.61,380707230#2_0,0.00
459.0,car_001,77.677891,12.930962,314.92,car,5.72,47.70,25187665#1_0,0.00
459.0,car_002,77.676411,12.929619,348.84,car,7.33,5.01,:cluster_11563497460_7328379173_7_0,0.00
459.0,car_003,77.678264,12.930223,65.74,car,15.84,70.89,-367594184#1_0,0.00
459.0,car_004,77.677198,12.930019,85.18,car,16.36,12.62,-367594184#2_0,0.00
459.0,car_005,77.676356,12.929760,339.13,car,8.46,12.37,:cluster_274569309_274570242_4_0,0.00
459.0,car_006,77.671594,12.923819,64.75,car,16.42,127.96,543259500#1_0,0.00
459.0,car_007,77.668560,12.922401,63.32,car,15.85,78.99,240652650#0_0,0.00
459.0,car_008,77.676160,12.925999,63.21,car,12.38,3.57,:9830778271_9_0,0.00
459.0,car_009,77.674916,12.925388,62.26,car,15.68,97.02,1146865108#5_1,0.00
459.0,car_010,77.673214,12.924584,64.86,car,16.58,159.70,1146865108#0_1,0.00
459.0,truck_001,77.655779,12.923458,108.68,truck,13.58,51.26,377105485_0,0.00
459.0,truck_002,77.642869,12.919606,35.32,truck,12.73,309.39,377125912#2_0,0.00
459.0,truck_003,77.628075,12.916992,106.23,truck,13.55,543.42,1073384217#1_0,0.00
460.0,bike_001,77.676429,12.929996,72.25,motorcycle,11.74,45.39,:cluster_274569309_274570242_4_0,0.00
460.0,bike_002,77.664340,12.920941,103.85,motorcycle,16.02,39.54,377105483#0-AddedOffRampEdge_4,0.00
460.0,bike_003,77.673922,12.924893,63.76,motorcycle,16.55,36.82,1146865108#3_1,0.00
460.0,bike_004,77.673714,12.924801,68.64,motorcycle,14.10,12.03,1146865108#3_1,0.00
460.0,bike_005,77.670916,12.923504,63.62,motorcycle,15.40,46.53,543259500#1_0,0.00
460.0,bus_001,77.663951,12.921048,105.22,bus,13.88,3.16,:377105483#0-AddedOffRampNode_0_4,0.00
460.0,bus_002,77.649720,12.924488,85.39,bus,13.38,239.41,379308034_0,0.00
460.0,bus_003,77.635670,12.916276,95.79,bus,13.73,60.34,380707230#2_0,0.00
460.0,car_001,77.677858,12.931001,319.28,car,5.62,53.32,25187665#1_0,0.00
460.0,car_002,77.676382,12.929693,339.13,car,8.77,4.53,:cluster_274569309_274570242_4_0,0.00
460.0,car_003,77.678360,12.930268,59.96,car,11.61,82.50,-367594184#1_0,0.00
460.0,car_004,77.677341,12.930030,85.18,car,15.60,28.23,-367594184#2_0,0.00
460.0,car_005,77.676334,12.929856,352.86,car,10.99,23.36,:cluster_274569309_274570242_4_0,0.00
460.0,car_006,77.671723,12.923877,64.75,car,15.40,143.36,543259500#1_0,0.00
460.0,car_007,77.668696,12.922466,63.31,car,16.58,6.16,:240652650#0-AddedOffRampNode_0_1,0.00
460.0,car_008,77.676253,12.926052,54.15,car,11.75,0.01,543259514#0_0,0.00
460.0,car_009,77.675052,12.925456,62.34,car,16.63,5.98,:3150107488_0_1,0.00
460.0,car_010,77.673349,12.924645,64.86,car,16.18,175.88,1146865108#0_1,0.00
460.0,truck_001,77.655899,12.923419,107.63,truck,13.82,65.08,377105485_0,0.00
460.0,truck_002,77.642938,12.919700,35.32,truck,12.71,322.10,377125912#2_0,0.00
460.0,truck_003,77.628196,12.916956,106.23,truck,13.82,557.24,1073384217#1_0,0.00
461.0,bike_001,77.676548,12.929999,88.52,motorcycle,12.98,12.53,-367594184#3_0,0.00
461.0,bike_002,77.664482,12.920905,103.85,motorcycle,16.32,55.86,377105483#0-AddedOffRampEdge_4,0.00
461.0,bike_003,77.674054,12.924944,70.27,motorcycle,15.47,5.45,:11070754936_3_1,0.00
461.0,bike_004,77.673836,12.924853,63.73,motorcycle,14.41,26.44,1146865108#3_1,0.00
461.0,bike_005,77.671040,12.923563,63.62,motorcycle,14.92,61.45,543259500#1_0,0.00
461.0,bus_001,77.664066,12.921016,105.26,bus,13.60,8.03,377105483#0-AddedOffRampEdge_4,0.00
461.0,bus_002,77.649845,12.924497,85.39,bus,13.64,253.05,379308034_0,0.00
461.0,bus_003,77.635797,12.916262,95.79,bus,13.82,74.16,380707230#2_0,0.00
461.0,car_001,77.677825,12.931040,319.28,car,5.65,58.98,25187665#1_0,0.00
461.0,car_002,77.676347,12.929785,339.13,car,10.88,15.41,:cluster_274569309_274570242_4_0,0.00
461.0,car_003,77.678416,12.930302,58.30,car,7.11,89.61,-367594184#1_0,0.00
461.0,car_004,77.677486,12.930040,85.18,car,15.73,43.96,-367594184#2_0,0.00
461.0,car_005,77.676354,12.929966,24.62,car,12.93,36.30,:cluster_274569309_274570242_4_0,0.00
461.0,car_006,77.671858,12.923938,64.41,car,16.08,5.42,:307401420_0_0,0.00
461.0,car_007,77.668822,12.922527,63.33,car,15.40,13.29,240652650#0-AddedOffRampEdge_1,0.00
461.0,car_008,77.676274,12.926175,8.41,car,13.82,5.31,543259514#1_0,0.00
461.0,car_009,77.675184,12.925522,62.26,car,16.05,12.16,1146865108#11_1,0.00
461.0,car_010,77.673485,12.924708,63.94,car,16.33,192.20,1146865108#0_1,0.00
461.0,truck_001,77.656018,12.923381,107.63,truck,13.60,78.67,377105485_0,0.00
461.0,truck_002,77.643007,12.919793,35.30,truck,12.76,334.86,377125912#2_0,0.00
461.0,truck_003,77.628317,12.916920,106.23,truck,13.67,570.91,1073384217#1_0,0.00
462.0,bike_001,77.676683,12.930001,88.52,motorcycle,14.63,27.16,-367594184#3_0,0.00
462.0,bike_002,77.664610,12.920873,103.85,motorcycle,14.61,70.48,377105483#0-AddedOffRampEdge_4,0.00
462.0,bike_003,77.674182,12.925011,58.54,motorcycle,15.85,6.98,1146865108#5_1,0.00
462.0,bike_004,77.673955,12.924908,64.00,motorcycle,14.33,40.77,1146865108#3_1,0.00
462.0,bike_005,77.671166,12.923622,63.62,motorcycle,15.20,76.65,543259500#1_0,0.00
462.0,bus_001,77.664182,12.920984,105.25,bus,13.33,21.36,377105483#0-AddedOffRampEdge_4,0.00
462.0,bus_002,77.649968,12.924504,86.35,bus,13.50,266.55,379308034_0,0.00
462.0,bus_003,77.635924,12.916248,95.79,bus,13.88,88.04,380707230#2_0,0.00
462.0,car_001,77.677801,12.931067,319.28,car,3.89,62.87,25187665#1_0,0.00
462.0,car_002,77.676331,12.929876,352.86,car,10.17,25.59,:cluster_274569309_274570242_4_0,0.00
462.0,car_003,77.678444,12.930323,52.81,car,3.87,2.28,:4824673767_4_0,0.00
462.0,car_004,77.677629,12.930055,83.05,car,15.65,13.34,:4447421339_7_0,0.00
462.0,car_005,77.676463,12.929998,84.24,car,12.85,3.31,-367594184#3_0,0.00
462.0,car_006,77.671996,12.924002,64.11,car,16.58,12.53,1146865108#0_0,0.00
462.0,car_007,77.668960,12.922593,63.33,car,16.58,29.87,240652650#0-AddedOffRampEdge_1,0.00
462.0,car_008,77.676297,12.926322,8.41,car,16.39,21.70,543259514#1_0,0.00
462.0,car_009,77.675312,12.925587,62.25,car,15.68,27.84,1146865108#11_1,0.00
462.0,car_010,77.673623,12.924767,67.28,car,16.14,1.38,1146865108#3_1,0.00
462.0,truck_001,77.656139,12.923342,107.63,truck,13.86,92.53,377105485_0,0.00
462.0,truck_002,77.643078,12.919885,36.81,truck,12.86,10.58,:650141428_3_0,0.00
462.0,truck_003,77.628438,12.916887,104.74,truck,13.75,584.66,1073384217#1_0,0.00
463.0,bike_001,77.676819,12.930003,88.52,motorcycle,14.79,41.95,-367594184#3_0,0.00
463.0,bike_002,77.664746,12.920841,101.00,motorcycle,15.54,1.57,:2387123504_3_2,0.00
463.0,bike_003,77.674311,12.925084,62.25,motorcycle,16.12,23.10,1146865108#5_1,0.00
463.0,bike_004,77.674078,12.924953,68.18,motorcycle,14.29,8.22,:11070754936_3_1,0.00
463.0,bike_005,77.671298,12.923685,63.62,motorcycle,15.92,92.57,543259500#1_0,0.00
463.0,bus_001,77.664300,12.920951,105.25,bus,13.67,35.03,377105483#0-AddedOffRampEdge_4,0.00
463.0,bus_002,77.650092,12.924510,86.37,bus,13.48,280.03,379308034_0,0.00
463.0,bus_003,77.636047,12.916235,95.79,bus,13.43,101.47,380707230#2_0,0.00
463.0,car_001,77.677774,12.931072,287.22,car,3.68,1.32,:3141475567_9_0,0.00
463.0,car_002,77.676356,12.929970,24.62,car,11.15,36.74,:cluster_274569309_274570242_4_0,0.00
463.0,car_003,77.678462,12.930368,16.65,car,5.49,4.67,:4824673767_10_0,0.00
463.0,car_004,77.677775,12.930077,80.76,car,16.03,15.08,-367594184#1_0,0.00
463.0,car_005,77.676592,12.930000,88.52,car,14.01,17.32,-367594184#3_0,0.00
463.0,car_006,77.672128,12.924063,64.11,car,15.89,28.42,1146865108#0_0,0.00
463.0,car_007,77.669095,12.922658,63.33,car,16.41,46.28,240652650#0-AddedOffRampEdge_1,0.00
463.0,car_008,77.676320,12.926464,8.41,car,15.97,37.67,543259514#1_0,0.00
463.0,car_009,77.675443,12.925653,62.25,car,15.90,43.74,1146865108#11_1,0.00
463.0,car_010,77.673764,12.924819,68.64,car,16.45,17.83,1146865108#3_1,0.00
463.0,truck_001,77.656257,12.923304,107.63,truck,13.45,105.99,377105485_0,0.00
463.0,truck_002,77.643151,12.919974,38.13,truck,12.63,8.53,377125912#3_0,0.00
463.0,truck_003,77.628562,12.916857,103.14,truck,13.85,598.51,1073384217#1_0,0.00
464.0,bike_001,77.676971,12.930006,86.89,motorcycle,16.53,2.19,:3170006930_7_0,0.00
464.0,bike_002,77.664871,12.920844,79.50,motorcycle,14.21,15.79,:2387123504_3_2,0.00
464.0,bike_003,77.674432,12.925145,62.26,motorcycle,14.79,37.89,1146865108#5_1,0.00
464.0,bike_004,77.674192,12.925016,58.54,motorcycle,14.28,8.19,1146865108#5_1,0.00
464.0,bike_005,77.671437,12.923748,64.75,motorcycle,16.64,109.21,543259500#1_0,0.00
464.0,bus_001,77.664417,12.920921,103.87,bus,13.37,48.40,377105483#0-AddedOffRampEdge_4,0.00
464.0,bus_002,77.650217,12.924514,87.84,bus,13.61,293.64,379308034_0,0.00
464.0,bus_003,77.636175,12.916221,95.79,bus,13.85,115.32,380707230#2_0,0.00
464.0,car_001,77.677784,12.931042,168.72,car,3.77,1.86,-25187665#1_0,0.00
464.0,car_002,77.676451,12.929998,79.25,car,11.04,1.94,-367594184#3_0,0.00
464.0,car_003,77.678455,12.930431,349.60,car,7.09,1.31,-490290342_0,0.00
464.0,car_004,77.677919,12.930098,80.76,car,15.82,30.90,-367594184#1_0,0.00
464.0,car_005,77.676724,12.930002,88.52,car,14.27,31.58,-367594184#3_0,0.00
464.0,car_006,77.672263,12.924125,64.11,car,16.22,44.64,1146865108#0_0,0.00
464.0,car_007,77.669224,12.922719,63.33,car,15.55,61.83,240652650#0-AddedOffRampEdge_1,0.00
464.0,car_008,77.676343,12.926603,8.41,car,15.59,53.26,543259514#1_0,0.00
464.0,car_009,77.675577,12.925720,62.29,car,16.39,60.13,1146865108#11_1,0.00
464.0,car_010,77.673898,12.924882,63.73,car,16.08,33.92,1146865108#3_1,0.00
464.0,truck_001,77.656376,12.923265,107.63,truck,13.65,119.64,377105485_0,0.00
464.0,truck_002,77.643225,12.920064,38.57,truck,12.88,21.41,377125912#3_0,0.00
464.0,truck_003,77.628685,12.916842,95.66,truck,13.50,612.01,1073384217#1_0,0.00
465.0,bike_001,77.677122,12.930014,85.18,motorcycle,16.33,4.33,-367594184#2_0,0.00
465.0,bike_002,77.664965,12.920859,81.37,motorcycle,10.40,9.25,1240374873#0_2,0.00
465.0,bike_003,77.674551,12.925205,62.26,motorcycle,14.59,52.49,1146865108#5_1,0.00
465.0,bike_004,77.674314,12.925085,62.25,motorcycle,15.33,23.52,1146865108#5_1,0.00
465.0,bike_005,77.671567,12.923807,64.75,motorcycle,15.54,124.75,543259500#1_0,0.00
465.0,bus_001,77.664535,12.920892,103.85,bus,13.57,61.97,377105483#0-AddedOffRampEdge_4,0.00
465.0,bus_002,77.650343,12.924510,91.11,bus,13.74,307.38,379308034_0,0.00
465.0,bus_003,77.636301,12.916207,95.79,bus,13.72,129.04,380707230#2_0,0.00
465.0,car_001,77.677817,12.931004,139.27,car,5.50,7.36,-25187665#1_0,0.00
465.0,car_002,77.676573,12.930000,88.52,car,13.26,15.20,-367594184#3_0,0.00
465.0,car_003,77.678435,12.930512,346.07,car,9.22,10.53,-490290342_0,0.00
465.0,car_004,77.678059,12.930142,69.73,car,16.06,46.96,-367594184#1_0,0.00
465.0,car_005,77.676869,12.930004,88.52,car,15.82,47.41,-367594184#3_0,0.00
465.0,car_006,77.672394,12.924185,64.85,car,15.64,60.28,1146865108#0_0,0.00
465.0,car_007,77.669360,12.922785,63.33,car,16.42,78.26,240652650#0-AddedOffRampEdge_1,0.00
465.0,car_008,77.676366,12.926744,9.00,car,15.77,6.86,:cluster_12145839287_3868740751_9_0,0.00
465.0,car_009,77.675714,12.925787,63.60,car,16.66,76.79,1146865108#11_1,0.00
465.0,car_010,77.674029,12.924936,69.15,car,15.45,2.53,:11070754936_3_1,0.00
465.0,truck_001,77.656497,12.923226,107.63,truck,13.83,133.46,377105485_0,0.00
465.0,truck_002,77.643301,12.920155,38.57,truck,12.98,34.39,377125912#3_0,0.00
465.0,truck_003,77.628811,12.916832,94.28,truck,13.74,625.75,1073384217#1_0,0.00
466.0,bike_001,77.677268,12.930024,85.18,motorcycle,15.94,20.27,-367594184#2_0,0.00
466.0,bike_002,77.665061,12.920871,83.23,motorcycle,10.47,19.72,1240374873#0_2,0.00
466.0,bike_003,77.674669,12.925264,62.26,motorcycle,14.39,66.87,1146865108#5_1,0.00
466.0,bike_004,77.674440,12.925149,62.26,motorcycle,15.42,38.93,1146865108#5_1,0.00
466.0,bike_005,77.671706,12.923869,64.75,motorcycle,16.60,141.34,543259500#1_0,0.00
466.0,bus_001,77.664656,12.920861,103.68,bus,13.77,75.74,377105483#0-AddedOffRampEdge_4,0.00
466.0,bus_002,77.650470,12.924506,91.11,bus,13.87,321.25,379308034_0,0.00
466.0,bus_003,77.636425,12.916193,95.79,bus,13.59,142.63,380707230#2_0,0.00
466.0,car_001,77.677846,12.930970,139.27,car,4.91,12.26,-25187665#1_0,0.00
466.0,car_002,77.676708,12.930002,88.52,car,14.66,29.86,-367594184#3_0,0.00
466.0,car_003,77.678413,12.930605,346.07,car,10.56,21.09,-490290342_0,0.00
466.0,car_004,77.678196,12.930194,65.74,car,15.92,62.88,-367594184#1_0,0.00
466.0,car_005,77.677023,12.930008,86.89,car,16.63,7.75,:3170006930_7_0,0.00
466.0,car_006,77.672526,12.924244,64.85,car,15.84,76.12,1146865108#0_0,0.00
466.0,car_007,77.669494,12.922849,63.33,car,16.19,94.45,240652650#0-AddedOffRampEdge_1,0.00
466.0,car_008,77.676391,12.926888,9.64,car,16.16,1.98,543259514#3_0,0.00
466.0,car_009,77.675849,12.925851,63.60,car,16.23,93.02,1146865108#11_1,0.00
466.0,car_010,77.674158,12.924997,58.74,car,15.72,3.94,1146865108#5_1,0.00
466.0,truck_001,77.656616,12.923185,109.04,truck,13.71,147.17,377105485_0,0.00
466.0,truck_002,77.643376,12.920245,38.57,truck,12.93,47.32,377125912#3_0,0.00
466.0,truck_003,77.628935,12.916822,94.23,truck,13.51,639.27,1073384217#1_0,0.00
467.0,bike_001,77.677418,12.930035,85.18,motorcycle,16.34,36.61,-367594184#2_0,0.00
467.0,bike_002,77.665154,12.920880,83.89,motorcycle,10.21,29.93,1240374873#0_2,0.00
467.0,bike_003,77.674804,12.925332,62.26,motorcycle,16.45,83.32,1146865108#5_1,0.00
467.0,bike_004,77.674571,12.925215,62.26,motorcycle,15.97,54.91,1146865108#5_1,0.00
467.0,bike_005,77.671838,12.923929,64.41,motorcycle,15.78,3.10,:307401420_0_0,0.00
467.0,bus_001,77.664774,12.920835,101.90,bus,13.54,4.83,:2387123504_3_2,0.00
467.0,bus_002,77.650596,12.924498,93.73,bus,13.74,334.99,379308034_0,0.00
467.0,bus_003,77.636552,12.916179,95.79,bus,13.74,156.37,380707230#2_0,0.00
467.0,car_001,77.677879,12.930932,139.27,car,5.56,17.82,-25187665#1_0,0.00
467.0,car_002,77.676856,12.930004,88.52,car,16.04,45.91,-367594184#3_0,0.00
467.0,car_003,77.678387,12.930713,346.07,car,12.31,33.40,-490290342_0,0.00
467.0,car_004,77.678310,12.930243,65.74,car,13.50,76.37,-367594184#1_0,0.00
467.0,car_005,77.677171,12.930017,85.18,car,16.11,9.68,-367594184#2_0,0.00
467.0,car_006,77.672661,12.924305,64.85,car,16.08,92.20,1146865108#0_0,0.00
467.0,car_007,77.669611,12.922922,80.09,car,15.41,6.73,240652650#2_1,0.00
467.0,car_008,77.676420,12.927031,9.98,car,16.12,1.84,:3141452122_9_0,0.00
467.0,car_009,77.675982,12.925914,63.60,car,16.06,109.08,1146865108#11_1,0.00
467.0,car_010,77.674284,12.925070,58.54,car,15.89,19.83,1146865108#5_1,0.00
467.0,truck_001,77.656734,12.923144,109.04,truck,13.62,160.79,377105485_0,0.00
467.0,truck_002,77.643450,12.920334,38.57,truck,12.67,59.99,377125912#3_0,0.00
467.0,truck_003,77.629060,12.916811,94.23,truck,13.67,652.94,1073384217#1_0,0.00
468.0,bike_001,77.677558,12.930047,83.05,motorcycle,15.21,5.55,:4447421339_7_0,0.00
468.0,bike_002,77.665255,12.920900,76.76,motorcycle,11.28,41.21,1240374873#0_2,0.00
468.0,bike_003,77.674934,12.925397,62.37,motorcycle,15.89,99.21,1146865108#5_1,0.00
468.0,bike_004,77.674699,12.925279,62.26,motorcycle,15.56,70.47,1146865108#5_1,0.00
468.0,bike_005,77.671976,12.923992,64.11,motorcycle,16.54,10.19,1146865108#0_0,0.00
468.0,bus_001,77.664892,12.920848,82.38,bus,13.31,1.20,1240374873#0_2,0.00
468.0,bus_002,77.650722,12.924487,94.50,bus,13.70,348.69,379308034_0,0.00
468.0,bus_003,77.636675,12.916165,96.49,bus,13.45,169.82,380707230#2_0,0.00
468.0,car_001,77.677916,12.930903,126.06,car,5.17,22.99,-25187665#1_0,0.00
468.0,car_002,77.677008,12.930008,86.89,car,16.53,6.14,:3170006930_7_0,0.00
468.0,car_003,77.678352,12.930800,330.85,car,10.41,9.22,:1387622103_4_0,0.00
468.0,car_004,77.678389,12.930286,58.30,car,9.90,86.27,-367594184#1_0,0.00
468.0,car_005,77.677320,12.930028,85.18,car,16.22,25.89,-367594184#2_0,0.00
468.0,car_006,77.672792,12.924363,64.85,car,15.67,107.87,1146865108#0_0,0.00
468.0,car_007,77.669743,12.922971,62.34,car,15.90,8.22,543259500#1-AddedOnRampEdge_1,0.00
468.0,car_008,77.676444,12.927174,8.47,car,16.12,3.33,543259514#4_0,0.00
468.0,car_009,77.676113,12.925976,63.60,car,15.75,124.82,1146865108#11_1,0.00
468.0,car_010,77.674416,12.925137,62.26,car,16.17,36.00,1146865108#5_1,0.00
468.0,truck_001,77.656851,12.923103,109.04,truck,13.52,174.30,377105485_0,0.00
468.0,truck_002,77.643525,12.920425,38.57,truck,12.99,72.98,377125912#3_0,0.00
468.0,truck_003,77.629186,12.916801,94.23,truck,13.79,666.73,1073384217#1_0,0.00
469.0,bike_001,77.677699,12.930065,80.76,motorcycle,15.44,6.70,-367594184#1_0,0.00
469.0,bike_002,77.665357,12.920925,77.15,motorcycle,11.40,52.61,1240374873#0_2,0.00
469.0,bike_003,77.675052,12.925456,62.34,motorcycle,14.36,5.89,:3150107488_0_1,0.00
469.0,bike_004,77.674829,12.925344,62.26,motorcycle,15.88,86.35,1146865108#5_1,0.00
469.0,bike_005,77.672098,12.924049,64.11,motorcycle,14.63,24.82,1146865108#0_0,0.00
469.0,bus_001,77.665014,12.920865,81.11,bus,13.38,14.58,1240374873#0_2,0.00
469.0,bus_002,77.650845,12.924473,96.17,bus,13.50,362.19,379308034_0,0.00
469.0,bus_003,77.636800,12.916149,96.76,bus,13.70,183.52,380707230#2_0,0.00
469.0,car_001,77.677965,12.930878,117.05,car,6.00,28.99,-25187665#1_0,0.00
469.0,car_002,77.677155,12.930016,85.18,car,16.03,7.99,-367594184#2_0,0.00
469.0,car_003,77.678301,12.930834,298.61,car,6.80,16.02,:1387622103_4_0,0.00
469.0,car_004,77.678437,12.930317,55.21,car,6.21,1.29,:4824673767_4_0,0.00
469.0,car_005,77.677456,12.930038,85.18,car,14.84,40.73,-367594184#2_0,0.00
469.0,car_006,77.672925,12.924423,64.85,car,15.85,123.72,1146865108#0_0,0.00
469.0,car_007,77.669874,12.923036,62.34,car,16.03,24.25,543259500#1-AddedOnRampEdge_1,0.00
469.0,car_008,77.676471,12.927322,10.08,car,16.61,12.00,:cluster_3141452121_3141473146_9_0,0.00
469.0,car_009,77.676213,12.926026,61.77,car,12.20,10.04,:9830778271_9_0,0.00
469.0,car_010,77.674544,12.925201,62.26,car,15.54,51.55,1146865108#5_1,0.00
469.0,truck_001,77.656969,12.923061,109.04,truck,13.69,187.99,377105485_0,0.00
469.0,truck_002,77.643600,12.920514,38.57,truck,12.80,85.78,377125912#3_0,0.00
469.0,truck_003,77.629310,12.916791,93.88,truck,13.42,1.80,1534247766#0_0,0.00
470.0,bike_001,77.677839,12.930086,80.76,motorcycle,15.46,22.16,-367594184#1_0,0.00
470.0,bike_002,77.665435,12.920942,77.70,motorcycle,9.97,0.81,:262268684_9_3,0.00
470.0,bike_003,77.675179,12.925520,62.25,motorcycle,15.53,11.55,1146865108#11_1,0.00
470.0,bike_004,77.674945,12.925403,62.28,motorcycle,14.22,100.57,1146865108#5_1,0.00
470.0,bike_005,77.672230,12.924110,64.11,motorcycle,15.88,40.69,1146865108#0_0,0.00
470.0,bus_001,77.665135,12.920878,83.38,bus,13.25,27.83,1240374873#0_2,0.00
470.0,bus_002,77.650968,12.924454,98.47,bus,13.56,375.75,379308034_0,0.00
470.0,bus_003,77.636927,12.916133,96.76,bus,13.82,197.34,380707230#2_0,0.00
470.0,car_001,77.678004,12.930859,115.84,car,4.83,33.82,-25187665#1_0,0.00
470.0,car_002,77.677305,12.930027,85.18,car,16.37,24.36,-367594184#2_0,0.00
470.0,car_003,77.678254,12.930845,283.19,car,5.26,5.21,25187665#1_0,0.00
470.0,car_004,77.678463,12.930386,6.53,car,8.50,6.68,:4824673767_10_0,0.00
470.0,car_005,77.677596,12.930051,83.05,car,15.28,9.74,:4447421339_7_0,0.00
470.0,car_006,77.673046,12.924509,64.86,car,15.92,139.64,1146865108#0_1,0.00
470.0,car_007,77.670009,12.923102,63.55,car,16.38,40.62,543259500#1-AddedOnRampEdge_1,0.00
470.0,car_008,77.676500,12.927469,10.08,car,16.59,28.59,:cluster_3141452121_3141473146_9_0,0.00
470.0,car_009,77.676263,12.926112,8.78,car,11.99,6.52,:7097308434_3_0,0.00
470.0,car_010,77.674674,12.925266,62.26,car,15.87,67.42,1146865108#5_1,0.00
470.0,truck_001,77.657086,12.923020,109.04,truck,13.46,201.45,377105485_0,0.00
470.0,truck_002,77.643674,12.920604,38.57,truck,12.82,98.60,377125912#3_0,0.00
470.0,truck_003,77.629436,12.916782,93.53,truck,13.77,15.57,1534247766#0_0,0.00
471.0,bike_001,77.677979,12.930114,69.73,motorcycle,15.51,37.67,-367594184#1_0,0.00
471.0,bike_002,77.665522,12.920959,76.16,motorcycle,10.06,10.87,:262268684_9_3,0.00
471.0,bike_003,77.675305,12.925584,62.25,motorcycle,15.47,27.01,1146865108#11_1,0.00
471.0,bike_004,77.675077,12.925469,62.34,motorcycle,16.10,9.00,:3150107488_0_1,0.00
471.0,bike_005,77.672361,12.924170,64.85,motorcycle,15.73,56.42,1146865108#0_0,0.00
471.0,bus_001,77.665247,12.920899,78.71,bus,12.42,40.25,1240374873#0_2,0.00
471.0,bus_002,77.651092,12.924434,98.47,bus,13.68,389.43,379308034_0,0.00
471.0,bus_003,77.637053,12.916117,96.76,bus,13.74,211.08,380707230#2_0,0.00
471.0,car_001,77.678055,12.930852,97.64,car,5.54,39.36,-25187665#1_0,0.00
471.0,car_002,77.677451,12.930038,85.18,car,15.84,40.20,-367594184#2_0,0.00
471.0,car_003,77.678207,12.930857,283.19,car,5.34,10.54,25187665#1_0,0.00
471.0,car_004,77.678448,12.930458,346.16,car,8.18,4.42,-490290342_0,0.00
471.0,car_005,77.677738,12.930071,80.76,car,15.56,11.02,-367594184#1_0,0.00
471.0,car_006,77.673184,12.924570,64.86,car,16.42,156.07,1146865108#0_1,0.00
471.0,car_007,77.670137,12.923163,63.55,car,15.39,56.02,543259500#1-AddedOnRampEdge_1,0.00
471.0,car_008,77.676528,12.927610,10.82,car,15.84,10.15,543259514#6_0,0.00
471.0,car_009,77.676283,12.926231,8.41,car,13.38,11.59,543259514#1_0,0.00
471.0,car_010,77.674809,12.925334,62.26,car,16.45,83.87,1146865108#5_1,0.00
471.0,truck_001,77.657203,12.922980,109.04,truck,13.50,214.95,377105485_0,0.00
471.0,truck_002,77.643748,12.920693,38.57,truck,12.61,111.22,377125912#3_0,0.00
471.0,truck_003,77.629560,12.916774,93.53,truck,13.43,29.00,1534247766#0_0,0.00
472.0,bike_001,77.678103,12.930157,69.73,motorcycle,14.33,52.01,-367594184#1_0,0.00
472.0,bike_002,77.665605,12.920990,63.79,motorcycle,9.98,20.85,:262268684_9_3,0.00
472.0,bike_003,77.675423,12.925643,62.25,motorcycle,14.31,41.32,1146865108#11_1,0.00
472.0,bike_004,77.675200,12.925531,62.25,motorcycle,15.06,14.19,1146865108#11_1,0.00
472.0,bike_005,77.672493,12.924229,64.85,motorcycle,15.67,72.09,1146865108#0_0,0.00
472.0,bus_001,77.665355,12.920925,75.40,bus,12.18,52.43,1240374873#0_2,0.00
472.0,bus_002,77.651214,12.924415,98.47,bus,13.50,402.93,379308034_0,0.00
472.0,bus_003,77.637175,12.916101,96.89,bus,13.31,224.40,380707230#2_0,0.00
472.0,car_001,77.678099,12.930845,97.64,car,4.80,44.17,-25187665#1_0,0.00
472.0,car_002,77.677602,12.930052,83.05,car,16.45,10.38,:4447421339_7_0,0.00
472.0,car_003,77.678153,12.930867,279.32,car,5.99,16.53,25187665#1_0,0.00
472.0,car_004,77.678428,12.930542,346.07,car,9.50,13.91,-490290342_0,0.00
472.0,car_005,77.677886,12.930093,80.76,car,16.24,27.25,-367594184#1_0,0.00
472.0,car_006,77.673318,12.924631,64.86,car,16.04,172.10,1146865108#0_1,0.00
472.0,car_007,77.670266,12.923223,64.63,car,15.51,71.53,543259500#1-AddedOnRampEdge_1,0.00
472.0,car_008,77.676542,12.927756,2.52,car,16.28,5.04,:3141473150_7_0,0.00
472.0,car_009,77.676304,12.926363,8.41,car,14.76,26.35,543259514#1_0,0.00
472.0,car_010,77.674937,12.925399,62.31,car,15.70,99.57,1146865108#5_1,0.00
472.0,truck_001,77.657321,12.922938,109.04,truck,13.63,228.58,377105485_0,0.00
472.0,truck_002,77.643822,12.920782,38.57,truck,12.72,123.94,377125912#3_0,0.00
472.0,truck_003,77.629685,12.916765,93.53,truck,13.59,42.58,1534247766#0_0,0.00
473.0,bike_001,77.678237,12.930211,65.74,motorcycle,15.71,67.72,-367594184#1_0,0.00
473.0,bike_002,77.665700,12.921036,62.92,motorcycle,11.75,7.13,1109938622_3,0.00
473.0,bike_003,77.675541,12.925702,62.29,motorcycle,14.44,55.76,1146865108#11_1,0.00
473.0,bike_004,77.675331,12.925596,62.25,motorcycle,15.88,30.07,1146865108#11_1,0.00
473.0,bike_005,77.672621,12.924287,64.85,motorcycle,15.29,87.38,1146865108#0_0,0.00
473.0,bus_001,77.665446,12.920944,77.23,bus,11.47,2.13,:262268684_9_3,0.00
473.0,bus_002,77.651337,12.924392,100.54,bus,13.63,416.56,379308034_0,0.00
473.0,bus_003,77.637300,12.916085,96.98,bus,13.60,238.00,380707230#2_0,0.00
473.0,car_001,77.678153,12.930838,97.64,car,5.92,50.08,-25187665#1_0,0.00
473.0,car_002,77.677745,12.930072,80.76,car,15.75,11.83,-367594184#1_0,0.00
473.0,car_003,77.678103,12.930874,277.61,car,5.40,21.93,25187665#1_0,0.00
473.0,car_004,77.678405,12.930639,346.07,car,11.04,24.96,-490290342_0,0.00
473.0,car_005,77.678016,12.930127,69.73,car,14.70,41.95,-367594184#1_0,0.00
473.0,car_006,77.673453,12.924693,63.94,car,16.19,188.30,1146865108#0_1,0.00
473.0,car_007,77.670406,12.923281,66.66,car,16.57,88.10,543259500#1-AddedOnRampEdge_1,0.00
473.0,car_008,77.676548,12.927903,0.97,car,16.28,6.99,543259514#7_0,0.00
473.0,car_009,77.676326,12.926502,8.41,car,15.54,41.89,543259514#1_0,0.00
473.0,car_010,77.675066,12.925463,62.34,car,15.69,7.59,:3150107488_0_1,0.00
473.0,truck_001,77.657438,12.922897,109.04,truck,13.55,242.13,377105485_0,0.00
473.0,truck_002,77.643896,12.920872,38.57,truck,12.86,136.80,377125912#3_0,0.00
473.0,truck_003,77.629812,12.916756,93.53,truck,13.81,56.39,1534247766#0_0,0.00
474.0,bike_001,77.678344,12.930259,59.97,motorcycle,12.83,80.55,-367594184#1_0,0.00
474.0,bike_002,77.665781,12.921075,62.92,motorcycle,9.81,16.94,1109938622_3,0.00
474.0,bike_003,77.675666,12.925764,63.60,motorcycle,15.14,70.90,1146865108#11_1,0.00
474.0,bike_004,77.675466,12.925664,62.25,motorcycle,16.47,46.54,1146865108#11_1,0.00
474.0,bike_005,77.672743,12.924341,64.85,motorcycle,14.64,102.02,1146865108#0_0,0.00
474.0,bus_001,77.665551,12.920967,76.69,bus,12.08,14.21,:262268684_9_3,0.00
474.0,bus_002,77.651459,12.924368,100.54,bus,13.50,430.06,379308034_0,0.00
474.0,bus_003,77.637424,12.916069,96.98,bus,13.55,251.55,380707230#2_0,0.00
474.0,car_001,77.678206,12.930827,101.85,car,5.91,56.00,-25187665#1_0,0.00
474.0,car_002,77.677886,12.930093,80.76,car,15.45,27.28,-367594184#1_0,0.00
474.0,car_003,77.678048,12.930882,277.61,car,6.03,27.95,25187665#1_0,0.00
474.0,car_004,77.678384,12.930724,346.14,car,9.68,0.05,:1387622103_4_0,0.00
474.0,car_005,77.678156,12.930177,68.88,car,16.22,58.17,-367594184#1_0,0.00
474.0,car_006,77.673583,12.924751,66.69,car,15.39,6.04,:3254817343_0_1,0.00
474.0,car_007,77.670541,12.923337,66.70,car,15.91,1.82,543259500#1_0,0.00
474.0,car_008,77.676551,12.928041,359.96,car,15.38,5.86,:274569348_4_0,0.00
474.0,car_009,77.676349,12.926639,8.41,car,15.42,57.31,543259514#1_0,0.00
474.0,car_010,77.675192,12.925526,62.25,car,15.40,13.12,1146865108#11_1,0.00
474.0,truck_001,77.657556,12.922856,109.04,truck,13.57,255.70,377105485_0,0.00
474.0,truck_002,77.643971,12.920962,38.57,truck,12.85,149.65,377125912#3_0,0.00
474.0,truck_003,77.629939,12.916747,93.42,truck,13.85,70.24,1534247766#0_0,0.00
475.0,bike_001,77.678406,12.930296,58.30,motorcycle,7.83,88.38,-367594184#1_0,0.00
475.0,bike_002,77.665877,12.921116,71.38,motorcycle,11.32,3.71,:266371138_3_3,0.00
475.0,bike_003,77.675787,12.925822,63.60,motorcycle,14.65,85.55,1146865108#11_1,0.00
475.0,bike_004,77.675593,12.925728,62.29,motorcycle,15.49,62.03,1146865108#11_1,0.00
475.0,bike_005,77.672874,12.924400,64.85,motorcycle,15.60,117.61,1146865108#0_0,0.00
475.0,bus_001,77.665642,12.921007,65.62,bus,11.27,0.01,1109938622_3,0.00
475.0,bus_002,77.651583,12.924344,100.54,bus,13.79,443.85,379308034_0,0.00
475.0,bus_003,77.637546,12.916053,96.98,bus,13.33,264.88,380707230#2_0,0.00
475.0,car_001,77.678260,12.930814,103.17,car,6.03,62.03,-25187665#1_0,0.00
475.0,car_002,77.678022,12.930129,69.73,car,15.39,42.67,-367594184#1_0,0.00
475.0,car_003,77.678002,12.930891,282.08,car,5.16,33.11,25187665#1_0,0.00
475.0,car_004,77.678348,12.930804,328.01,car,9.77,9.82,:1387622103_4_0,0.00
475.0,car_005,77.678263,12.930222,65.74,car,12.64,70.82,-367594184#1_0,0.00
475.0,car_006,77.673724,12.924804,68.64,car,16.45,13.17,1146865108#3_1,0.00
475.0,car_007,77.670676,12.923392,66.66,car,15.87,17.69,543259500#1_0,0.00
475.0,car_008,77.676552,12.928184,358.84,car,15.82,7.34,543259514#8_0,0.00
475.0,car_009,77.676373,12.926784,9.00,car,16.18,11.31,:cluster_12145839287_3868740751_9_0,0.00
475.0,car_010,77.675325,12.925593,62.25,car,16.25,29.37,1146865108#11_1,0.00
475.0,truck_001,77.657672,12.922815,109.04,truck,13.48,269.18,377105485_0,0.00
475.0,truck_002,77.644047,12.921053,38.57,truck,13.00,162.65,377125912#3_0,0.00
475.0,truck_003,77.630062,12.916739,93.26,truck,13.42,83.66,1534247766#0_0,0.00
476.0,bike_001,77.678445,12.930324,47.47,motorcycle,5.28,2.47,:4824673767_4_0,0.00
476.0,bike_002,77.665981,12.921128,71.89,motorcycle,11.51,15.22,:266371138_3_3,0.00
476.0,bike_003,77.675920,12.925885,63.60,motorcycle,16.04,101.59,1146865108#11_1,0.00
476.0,bike_004,77.675716,12.925788,63.60,motorcycle,14.91,76.94,1146865108#11_1,0.00
476.0,bike_005,77.672998,12.924487,64.86,motorcycle,16.34,133.96,1146865108#0_1,0.00
476.0,bus_001,77.665738,12.921054,62.95,bus,11.63,11.65,1109938622_3,0.00
476.0,bus_002,77.651707,12.924320,100.54,bus,13.73,457.58,379308034_0,0.00
476.0,bus_003,77.637668,12.916037,97.00,bus,13.32,278.20,380707230#2_0,0.00
476.0,car_001,77.678313,12.930797,108.98,car,6.04,2.25,:1387622103_6_0,0.00
476.0,car_002,77.678150,12.930174,69.55,car,14.74,57.41,-367594184#1_0,0.00
476.0,car_003,77.677952,12.930917,297.06,car,6.19,39.30,25187665#1_0,0.00
476.0,car_004,77.678309,12.930831,302.84,car,5.27,15.09,:1387622103_4_0,0.00
476.0,car_005,77.678342,12.930258,63.77,car,9.38,80.19,-367594184#1_0,0.00
476.0,car_006,77.673862,12.924865,63.73,car,16.37,29.54,1146865108#3_1,0.00
476.0,car_007,77.670812,12.923455,63.61,car,16.30,33.99,543259500#1_0,0.00
476.0,car_008,77.676548,12.928324,357.64,car,15.48,9.98,:3141473140_4_0,0.00
476.0,car_009,77.676399,12.926927,10.46,car,16.08,6.36,543259514#3_0,0.00
476.0,car_010,77.675457,12.925660,62.25,car,16.09,45.46,1146865108#11_1,0.00
476.0,truck_001,77.657789,12.922774,109.04,truck,13.51,282.69,377105485_0,0.00
476.0,truck_002,77.644121,12.921142,38.57,truck,12.73,175.38,377125912#3_0,0.00
476.0,truck_003,77.630186,12.916731,93.26,truck,13.46,97.12,1534247766#0_0,0.00
477.0,bike_001,77.678462,12.930391,358.10,motorcycle,7.90,7.25,:4824673767_10_0,0.00
477.0,bike_002,77.666068,12.921166,63.59,motorcycle,10.35,8.33,1289252169_3,0.00
477.0,bike_003,77.676047,12.925945,63.60,motorcycle,15.35,116.93,1146865108#11_1,0.00
477.0,bike_004,77.675853,12.925853,63.60,motorcycle,16.50,93.44,1146865108#11_1,0.00
477.0,bike_005,77.673125,12.924544,64.86,motorcycle,15.12,149.07,1146865108#0_1,0.00
477.0,bus_001,77.665838,12.921103,62.92,bus,12.17,23.82,1109938622_3,0.00
477.0,bus_002,77.651830,12.924297,100.54,bus,13.70,471.28,379308034_0,0.00
477.0,bus_003,77.637790,12.916020,97.53,bus,13.32,291.52,380707230#2_0,0.00
477.0,car_001,77.678351,12.930734,157.51,car,8.33,10.57,:1387622103_6_0,0.00
477.0,car_002,77.678242,12.930213,65.74,car,10.91,68.33,-367594184#1_0,0.00
477.0,car_003,77.677906,12.930945,302.38,car,5.88,45.18,25187665#1_0,0.00
477.0,car_004,77.678262,12.930844,283.51,car,5.34,4.36,25187665#1_0,0.00
477.0,car_005,77.678394,12.930289,58.30,car,6.67,86.86,-367594184#1_0,0.00
477.0,car_006,77.674001,12.924926,68.53,car,16.55,46.09,1146865108#3_1,0.00
477.0,car_007,77.670944,12.923517,63.62,car,15.91,49.90,543259500#1_0,0.00
477.0,car_008,77.676541,12.928468,356.41,car,15.98,0.68,:3141473138_4_0,0.00
477.0,car_009,77.676426,12.927069,9.28,car,16.07,6.17,:3141452122_9_0,0.00
477.0,car_010,77.675588,12.925726,62.29,car,16.04,61.50,1146865108#11_1,0.00
477.0,truck_001,77.657909,12.922732,109.04,truck,13.79,296.47,377105485_0,0.00
477.0,truck_002,77.644196,12.921233,38.57,truck,13.02,188.40,377125912#3_0,0.00
477.0,truck_003,77.630312,12.916722,93.26,truck,13.69,110.81,1534247766#0_0,0.00
478.0,bike_001,77.678447,12.930462,346.07,motorcycle,8.06,4.87,-490290342_0,0.00
478.0,bike_002,77.666162,12.921210,63.59,motorcycle,11.30,19.63,1289252169_3,0.00
478.0,bike_003,77.676133,12.925986,63.53,motorcycle,10.35,0.30,:9830778271_9_0,0.00
478.0,bike_004,77.675980,12.925913,63.60,motorcycle,15.32,108.76,1146865108#11_1,0.00
478.0,bike_005,77.673261,12.924605,64.86,motorcycle,16.18,165.26,1146865108#0_1,0.00
478.0,bus_001,77.665934,12.921120,77.61,bus,10.72,9.99,:266371138_3_3,0.00
478.0,bus_002,77.651950,12.924273,100.54,bus,13.35,484.63,379308034_0,0.00
478.0,bus_003,77.637917,12.916010,93.29,bus,13.85,305.37,380707230#2_0,0.00
478.0,car_001,77.678372,12.930648,166.04,car,9.82,7.90,490290343_0,0.00
478.0,car_002,77.678314,12.930244,65.74,car,8.57,76.89,-367594184#1_0,0.00
478.0,car_003,77.677871,12.930986,319.28,car,5.93,51.11,25187665#1_0,0.00
478.0,car_004,77.678217,12.930854,283.19,car,5.05,9.40,25187665#1_0,0.00
478.0,car_005,77.678431,12.930311,57.51,car,4.67,0.33,:4824673767_4_0,0.00
478.0,car_006,77.674133,12.924981,59.96,car,15.73,0.66,1146865108#5_1,0.00
478.0,car_007,77.671078,12.923580,63.62,car,16.13,66.02,543259500#1_0,0.00
478.0,car_008,77.676534,12.928608,356.68,car,15.44,1.70,543259514#10_0,0.00
478.0,car_009,77.676451,12.927215,8.18,car,16.39,7.93,543259514#4_0,0.00
478.0,car_010,77.675724,12.925792,63.60,car,16.49,77.99,1146865108#11_1,0.00
478.0,truck_001,77.658027,12.922691,109.04,truck,13.66,310.13,377105485_0,0.00
478.0,truck_002,77.644270,12.921321,38.57,truck,12.63,201.03,377125912#3_0,0.00
478.0,truck_003,77.630437,12.916714,93.26,truck,13.61,124.42,1534247766#0_0,0.00
479.0,bike_001,77.678426,12.930550,346.07,motorcycle,9.97,14.84,-490290342_0,0.00
479.0,bike_002,77.666253,12.921254,63.59,motorcycle,11.08,0.03,:1644166489_3_0,0.00
479.0,bike_003,77.676211,12.926025,61.46,motorcycle,9.48,9.78,:9830778271_9_0,0.00
479.0,bike_004,77.676077,12.925959,63.60,motorcycle,11.72,120.48,1146865108#11_1,0.00
479.0,bike_005,77.673397,12.924667,63.94,motorcycle,16.30,181.56,1146865108#0_1,0.00
479.0,bus_001,77.666037,12.921151,72.33,bus,11.83,4.58,1289252169_3,0.00
479.0,bus_002,77.652072,12.924249,101.02,bus,13.51,498.14,379308034_0,0.00
479.0,bus_003,77.638042,12.916008,90.53,bus,13.51,318.87,380707230#2_0,0.00
479.0,car_001,77.678396,12.930550,166.04,car,11.19,19.09,490290343_0,0.00
479.0,car_002,77.678355,12.930266,60.90,car,5.03,81.93,-367594184#1_0,0.00
479.0,car_003,77.677836,12.931028,319.28,car,6.02,57.13,25187665#1_0,0.00
479.0,car_004,77.678175,12.930864,282.32,car,4.71,14.11,25187665#1_0,0.00
479.0,car_005,77.678461,12.930355,28.26,car,6.05,3.28,:4824673767_10_0,0.00
479.0,car_006,77.674260,12.925056,58.54,car,16.09,16.75,1146865108#5_1,0.00
479.0,car_007,77.671214,12.923645,63.62,car,16.39,82.42,543259500#1_0,0.00
479.0,car_008,77.676523,12.928756,352.92,car,16.47,18.17,543259514#10_0,0.00
479.0,car_009,77.676478,12.927356,10.08,car,15.90,15.89,:cluster_3141452121_3141473146_9_0,0.00
479.0,car_010,77.675858,12.925855,63.60,car,16.08,94.07,1146865108#11_1,0.00
479.0,truck_001,77.658143,12.922650,109.04,truck,13.39,323.53,377105485_0,0.00
479.0,truck_002,77.644343,12.921410,38.57,truck,12.62,213.64,377125912#3_0,0.00
479.0,truck_003,77.630561,12.916706,93.26,truck,13.53,137.95,1534247766#0_0,0.00
480.0,bike_001,77.678400,12.930658,346.07,motorcycle,12.31,27.15,-490290342_0,0.00
480.0,bike_002,77.666353,12.921320,54.14,motorcycle,13.08,9.31,230182006#0_0,0.00
480.0,bike_003,77.676260,12.926093,8.78,motorcycle,10.07,4.34,:7097308434_3_0,0.00
480.0,bike_004,77.676163,12.926000,63.11,motorcycle,10.44,3.94,:9830778271_9_0,0.00
480.0,bike_005,77.673519,12.924724,63.94,motorcycle,14.69,196.25,1146865108#0_1,0.00
480.0,bus_001,77.666130,12.921195,63.59,bus,11.20,15.78,1289252169_3,0.00
480.0,bus_002,77.652197,12.924224,101.06,bus,13.88,512.02,379308034_0,0.00
480.0,bus_003,77.638166,12.916014,86.39,bus,13.48,332.35,380707230#2_0,0.00
480.0,car_001,77.678417,12.930464,166.04,car,9.78,28.88,490290343_0,0.00
480.0,car_002,77.678411,12.930298,58.30,car,7.02,88.95,-367594184#1_0,0.00
480.0,car_003,77.677801,12.931068,319.28,car,5.89,63.02,25187665#1_0,0.00
480.0,car_004,77.678122,12.930871,277.61,car,5.78,19.89,25187665#1_0,0.00
480.0,car_005,77.678456,12.930426,350.27,car,7.88,0.71,-490290342_0,0.00
480.0,car_006,77.674395,12.925126,62.26,car,16.60,33.35,1146865108#5_1,0.00
480.0,car_007,77.671347,12.923708,64.25,car,16.06,98.47,543259500#1_0,0.00
480.0,car_008,77.676506,12.928900,352.92,car,16.04,34.22,543259514#10_0,0.00
480.0,car_009,77.676505,12.927494,10.08,car,15.53,31.42,:cluster_3141452121_3141473146_9_0,0.00
480.0,car_010,77.675970,12.925908,63.60,car,13.53,107.60,1146865108#11_1,0.00
480.0,truck_001,77.658261,12.922609,109.04,truck,13.66,337.18,377105485_0,0.00
480.0,truck_002,77.644417,12.921499,38.57,truck,12.75,226.39,377125912#3_0,0.00
480.0,truck_003,77.630686,12.916699,92.78,truck,13.58,0.95,1534247766#1_0,0.00
481.0,bike_001,77.678375,12.930755,342.81,motorcycle,11.07,3.63,:1387622103_4_0,0.00
481.0,bike_002,77.666462,12.921395,54.14,motorcycle,14.54,23.85,230182006#0_0,0.00
481.0,bike_003,77.676276,12.926192,8.41,motorcycle,11.20,7.21,543259514#1_0,0.00
481.0,bike_004,77.676248,12.926047,54.28,motorcycle,10.62,14.56,:9830778271_9_0,0.00
481.0,bike_005,77.673646,12.924775,68.64,motorcycle,14.82,4.11,1146865108#3_1,0.00
481.0,bus_001,77.666230,12.921243,63.59,bus,12.12,27.90,1289252169_3,0.00
481.0,bus_002,77.652318,12.924199,101.06,bus,13.53,525.55,379308034_0,0.00
481.0,bus_003,77.638293,12.916021,86.39,bus,13.80,346.15,380707230#2_0,0.00
481.0,car_001,77.678428,12.930417,166.04,car,5.28,34.16,490290343_0,0.00
481.0,car_002,77.678446,12.930325,52.05,car,4.85,2.60,:4824673767_4_0,0.00
481.0,car_003,77.677774,12.931072,288.73,car,3.47,1.25,:3141475567_9_0,0.00
481.0,car_004,77.678078,12.930878,277.61,car,4.83,24.71,25187665#1_0,0.00
481.0,car_005,77.678436,12.930510,346.07,car,9.64,10.35,-490290342_0,0.00
481.0,car_006,77.674524,12.925191,62.26,car,15.79,49.14,1146865108#5_1,0.00
481.0,car_007,77.671485,12.923769,64.75,car,16.40,114.87,543259500#1_0,0.00
481.0,car_008,77.676490,12.929041,352.86,car,15.70,13.77,:3141473135_4_0,0.00
481.0,car_009,77.676533,12.927634,10.82,car,15.78,12.92,543259514#6_0,0.00
481.0,car_010,77.676075,12.925958,63.60,car,12.66,120.26,1146865108#11_1,0.00
481.0,truck_001,77.658378,12.922568,109.04,truck,13.48,350.66,377105485_0,0.00
481.0,truck_002,77.644493,12.921591,38.57,truck,13.10,239.50,377125912#3_0,0.00
481.0,truck_003,77.630811,12.916693,92.21,truck,13.51,14.46,1534247766#1_0,0.00
482.0,bike_001,77.678322,12.930825,303.99,motorcycle,10.00,13.63,:1387622103_4_0,0.00
482.0,bike_002,77.666564,12.921464,55.36,motorcycle,13.42,37.27,230182006#0_0,0.00
482.0,bike_003,77.676295,12.926307,8.41,motorcycle,12.85,20.07,543259514#1_0,0.00
482.0,bike_004,77.676270,12.926151,8.41,motorcycle,11.82,2.55,543259514#1_0,0.00
482.0,bike_005,77.673788,12.924830,63.73,motorcycle,16.53,20.63,1146865108#3_1,0.00
482.0,bus_001,77.666330,12.921304,57.16,bus,12.83,6.25,230182006#0_0,0.00
482.0,bus_002,77.652440,12.924175,101.06,bus,13.53,539.08,379308034_0,0.00
482.0,bus_003,77.638417,12.916038,80.68,bus,13.56,359.71,380707230#2_0,0.00
482.0,car_001,77.678430,12.930408,166.04,car,0.99,35.15,490290343_0,0.00
482.0,car_002,77.678463,12.930378,11.69,car,6.30,5.79,:4824673767_10_0,0.00
482.0,car_003,77.677785,12.931041,165.38,car,3.99,2.01,-25187665#1_0,0.00
482.0,car_004,77.678027,12.930885,277.61,car,5.57,30.28,25187665#1_0,0.00
482.0,car_005,77.678411,12.930614,346.07,car,11.82,22.16,-490290342_0,0.00
482.0,car_006,77.674651,12.925255,62.26,car,15.51,64.65,1146865108#5_1,0.00
482.0,car_007,77.671614,12.923828,64.75,car,15.45,130.32,543259500#1_0,0.00
482.0,car_008,77.676472,12.929187,352.80,car,16.30,15.66,543259514#11_0,0.00
482.0,car_009,77.676543,12.927773,2.52,car,15.42,6.96,:3141473150_7_0,0.00
482.0,car_010,77.676170,12.926004,63.11,car,11.51,4.79,:9830778271_9_0,0.00
482.0,truck_001,77.658497,12.922526,109.04,truck,13.76,364.42,377105485_0,0.00
482.0,truck_002,77.644568,12.921680,38.57,truck,12.81,252.31,377125912#3_0,0.00
482.0,truck_003,77.630935,12.916687,92.21,truck,13.59,28.05,1534247766#1_0,0.00
483.0,bike_001,77.678278,12.930840,283.19,motorcycle,5.00,2.55,25187665#1_0,0.00
483.0,bike_002,77.666677,12.921523,64.36,motorcycle,13.97,51.24,230182006#0_0,0.00
483.0,bike_003,77.676316,12.926436,8.41,motorcycle,14.41,34.48,543259514#1_0,0.00
483.0,bike_004,77.676288,12.926267,8.41,motorcycle,12.99,15.54,543259514#1_0,0.00
483.0,bike_005,77.673917,12.924891,63.73,motorcycle,15.56,36.19,1146865108#3_1,0.00
483.0,bus_001,77.666429,12.921372,54.14,bus,13.12,19.37,230182006#0_0,0.00
483.0,bus_002,77.652562,12.924150,101.06,bus,13.51,552.60,379308034_0,0.00
483.0,bus_003,77.638541,12.916060,79.22,bus,13.63,373.34,380707230#2_0,0.00
483.0,car_001,77.678435,12.930397,164.02,car,1.39,0.85,:4824673767_7_0,0.00
483.0,car_002,77.678452,12.930445,347.86,car,7.53,2.88,-490290342_0,0.00
483.0,car_003,77.677821,12.931000,139.27,car,5.95,7.96,-25187665#1_0,0.00
483.0,car_004,77.677980,12.930903,293.80,car,5.52,35.80,25187665#1_0,0.00
483.0,car_005,77.678386,12.930716,346.07,car,11.59,33.75,-490290342_0,0.00
483.0,car_006,77.674783,12.925321,62.26,car,16.07,80.72,1146865108#5_1,0.00
483.0,car_007,77.671753,12.923890,64.75,car,16.62,146.93,543259500#1_0,0.00
483.0,car_008,77.676454,12.929333,351.79,car,16.33,8.92,:3141473132_4_0,0.00
483.0,car_009,77.676549,12.927921,0.97,car,16.42,9.05,543259514#7_0,0.00
483.0,car_010,77.676255,12.926064,39.66,car,11.88,1.16,:7097308434_3_0,0.00
483.0,truck_001,77.658614,12.922486,109.04,truck,13.45,377.87,377105485_0,0.00
483.0,truck_002,77.644643,12.921771,38.57,truck,12.89,265.20,377125912#3_0,0.00
483.0,truck_003,77.631060,12.916681,92.21,truck,13.52,41.57,1534247766#1_0,0.00
484.0,bike_001,77.678242,12.930848,283.19,motorcycle,4.05,6.61,25187665#1_0,0.00
484.0,bike_002,77.666799,12.921579,64.36,motorcycle,14.63,65.87,230182006#0_0,0.00
484.0,bike_003,77.676338,12.926573,8.41,motorcycle,15.42,49.90,543259514#1_0,0.00
484.0,bike_004,77.676307,12.926384,8.41,motorcycle,13.18,28.71,543259514#1_0,0.00
484.0,bike_005,77.674043,12.924941,69.63,motorcycle,14.83,4.18,:11070754936_3_1,0.00
484.0,bus_001,77.666532,12.921443,54.75,bus,13.71,33.08,230182006#0_0,0.00
484.0,bus_002,77.652684,12.924125,101.06,bus,13.61,566.21,379308034_0,0.00
484.0,bus_003,77.638663,12.916085,77.28,bus,13.48,386.82,380707230#2_0,0.00
484.0,car_001,77.678451,12.930369,150.37,car,3.58,4.43,:4824673767_7_0,0.00
484.0,car_002,77.678432,12.930525,346.07,car,9.10,11.98,-490290342_0,0.00
484.0,car_003,77.677857,12.930958,139.27,car,6.12,14.09,-25187665#1_0,0.00
484.0,car_004,77.677934,12.930926,297.06,car,5.65,41.45,25187665#1_0,0.00
484.0,car_005,77.678358,12.930791,334.34,car,8.94,8.10,:1387622103_4_0,0.00
484.0,car_006,77.674914,12.925387,62.26,car,16.01,96.72,1146865108#5_1,0.00
484.0,car_007,77.671890,12.923952,64.41,car,16.33,9.25,:307401420_0_0,0.00
484.0,car_008,77.676433,12.929474,351.38,car,15.68,4.43,:274569328_0_0,0.00
484.0,car_009,77.676552,12.928070,359.96,car,16.53,9.07,:274569348_4_0,0.00
484.0,car_010,77.676276,12.926187,8.41,car,13.77,6.61,543259514#1_0,0.00
484.0,truck_001,77.658730,12.922445,109.04,truck,13.44,391.30,377105485_0,0.00
484.0,truck_002,77.644722,12.921856,41.80,truck,12.75,277.95,377125912#3_0,0.00
484.0,truck_003,77.631184,12.916669,95.08,truck,13.63,55.19,1534247766#1_0,0.00
485.0,bike_001,77.678203,12.930858,283.19,motorcycle,4.37,10.98,25187665#1_0,0.00
485.0,bike_002,77.666917,12.921633,64.36,motorcycle,14.14,80.01,230182006#0_0,0.00
485.0,bike_003,77.676359,12.926705,9.00,motorcycle,14.71,2.44,:cluster_12145839287_3868740751_9_0,0.00
485.0,bike_004,77.676328,12.926510,8.41,motorcycle,14.10,42.81,543259514#1_0,0.00
485.0,bike_005,77.674161,12.924998,58.54,motorcycle,14.39,4.26,1146865108#5_1,0.00
485.0,bus_001,77.666640,12.921506,58.88,bus,13.68,46.77,230182006#0_0,0.00
485.0,bus_002,77.652808,12.924100,101.06,bus,13.75,579.96,379308034_0,0.00
485.0,bus_003,77.638784,12.916122,71.90,bus,13.69,400.51,380707230#2_0,0.00
485.0,car_001,77.678498,12.930357,100.22,car,5.52,9.95,:4824673767_7_0,0.00
485.0,car_002,77.678408,12.930626,346.07,car,11.50,23.47,-490290342_0,0.00
485.0,car_003,77.677892,12.930917,139.27,car,5.89,19.98,-25187665#1_0,0.00
485.0,car_004,77.677895,12.930959,312.40,car,5.74,47.19,25187665#1_0,0.00
485.0,car_005,77.678313,12.930829,305.11,car,6.49,14.59,:1387622103_4_0,0.00
485.0,car_006,77.675049,12.925455,62.34,car,16.57,5.62,:3150107488_0_1,0.00
485.0,car_007,77.672026,12.924015,64.11,car,16.33,16.12,1146865108#0_0,0.00
485.0,car_008,77.676419,12.929574,351.61,car,11.18,1.32,543259514#13_0,0.00
485.0,car_009,77.676551,12.928217,358.84,car,16.26,10.99,543259514#8_0,0.00
485.0,car_010,77.676295,12.926310,8.41,car,13.77,20.37,543259514#1_0,0.00
485.0,truck_001,77.658849,12.922403,109.04,truck,13.76,405.06,377105485_0,0.00
485.0,truck_002,77.644806,12.921938,44.66,truck,12.85,290.80,377125912#3_0,0.00
485.0,truck_003,77.631312,12.916656,95.08,truck,13.89,69.08,1534247766#1_0,0.00
486.0,bike_001,77.678170,12.930865,279.91,motorcycle,3.61,14.59,25187665#1_0,0.00
486.0,bike_002,77.667046,12.921692,64.36,motorcycle,15.46,95.47,230182006#0_0,0.00
486.0,bike_003,77.676382,12.926835,9.00,motorcycle,14.60,17.03,:cluster_12145839287_3868740751_9_0,0.00
486.0,bike_004,77.676350,12.926651,8.41,motorcycle,15.78,58.59,543259514#1_0,0.00
486.0,bike_005,77.674275,12.925065,58.54,motorcycle,14.37,18.63,1146865108#5_1,0.00
486.0,bus_001,77.666751,12.921557,64.36,bus,13.33,60.09,230182006#0_0,0.00
486.0,bus_002,77.652930,12.924076,101.06,bus,13.54,593.50,379308034_0,0.00
486.0,bus_003,77.638901,12.916162,70.04,bus,13.48,413.99,380707230#2_0,0.00
486.0,car_001,77.678564,12.930379,68.41,car,7.57,1.73,:274570292_3_0,0.00
486.0,car_002,77.678386,12.930716,346.07,car,10.26,33.73,-490290342_0,0.00
486.0,car_003,77.677932,12.930895,117.05,car,5.04,25.02,-25187665#1_0,0.00
486.0,car_004,77.677860,12.930999,319.28,car,5.76,52.95,25187665#1_0,0.00
486.0,car_005,77.678272,12.930841,286.11,car,4.70,3.22,25187665#1_0,0.00
486.0,car_006,77.675184,12.925522,62.26,car,16.41,12.17,1146865108#11_1,0.00
486.0,car_007,77.672160,12.924078,64.11,car,16.16,32.28,1146865108#0_0,0.00
486.0,car_008,77.676406,12.929632,344.85,car,6.68,6.54,:cluster_11563497460_7328379173_7_0,0.00
486.0,car_009,77.676547,12.928358,357.64,car,15.57,13.71,:3141473140_4_0,0.00
486.0,car_010,77.676315,12.926432,8.41,car,13.73,34.10,543259514#1_0,0.00
486.0,truck_001,77.658970,12.922361,109.04,truck,13.88,418.95,377105485_0,0.00
486.0,truck_002,77.644890,12.922019,45.06,truck,12.92,2.59,:cluster_2385141385_650141020_10_0,0.00
486.0,truck_003,77.631438,12.916644,95.08,truck,13.81,82.90,1534247766#1_0,0.00
487.0,bike_001,77.678137,12.930869,277.61,motorcycle,3.66,18.25,25187665#1_0,0.00
487.0,bike_002,77.667166,12.921747,64.36,motorcycle,14.41,109.88,230182006#0_0,0.00
487.0,bike_003,77.676409,12.926977,10.46,motorcycle,16.10,12.11,543259514#3_0,0.00
487.0,bike_004,77.676372,12.926777,9.00,motorcycle,14.16,10.58,:cluster_12145839287_3868740751_9_0,0.00
487.0,bike_005,77.674398,12.925128,62.26,motorcycle,15.15,33.79,1146865108#5_1,0.00
487.0,bus_001,77.666866,12.921610,64.36,bus,13.82,73.91,230182006#0_0,0.00
487.0,bus_002,77.653050,12.924051,101.06,bus,13.42,606.92,379308034_0,0.00
487.0,bus_003,77.639021,12.916205,69.28,bus,13.77,427.76,380707230#2_0,0.00
487.0,car_001,77.678646,12.930391,88.37,car,9.12,10.85,:274570292_3_0,0.00
487.0,car_002,77.678361,12.930786,336.28,car,8.24,7.38,:1387622103_4_0,0.00
487.0,car_003,77.677982,12.930869,117.05,car,6.07,31.08,-25187665#1_0,0.00
487.0,car_004,77.677828,12.931036,319.28,car,5.42,58.37,25187665#1_0,0.00
487.0,car_005,77.678223,12.930853,283.19,car,5.52,8.74,25187665#1_0,0.00
487.0,car_006,77.675310,12.925586,62.25,car,15.37,27.54,1146865108#11_1,0.00
487.0,car_007,77.672294,12.924140,64.11,car,16.12,48.40,1146865108#0_0,0.00
487.0,car_008,77.676376,12.929708,339.13,car,8.96,6.24,:cluster_274569309_274570242_4_0,0.00
487.0,car_009,77.676540,12.928502,356.58,car,16.00,4.44,:3141473138_4_0,0.00
487.0,car_010,77.676337,12.926568,8.41,car,15.18,49.28,543259514#1_0,0.00
487.0,truck_001,77.659088,12.922320,109.04,truck,13.61,432.56,377105485_0,0.00
487.0,truck_002,77.644975,12.922094,47.21,truck,12.64,15.23,:cluster_2385141385_650141020_10_0,0.00
487.0,truck_003,77.631563,12.916632,95.08,truck,13.60,96.50,1534247766#1_0,0.00
488.0,bike_001,77.678098,12.930875,277.61,motorcycle,4.27,22.52,25187665#1_0,0.00
488.0,bike_002,77.667294,12.921806,64.36,motorcycle,15.39,125.27,230182006#0_0,0.00
488.0,bike_003,77.676436,12.927124,9.28,motorcycle,16.50,12.35,:3141452122_9_0,0.00
488.0,bike_004,77.676397,12.926916,10.46,motorcycle,15.58,5.13,543259514#3_0,0.00
488.0,bike_005,77.674532,12.925195,62.26,motorcycle,16.27,50.06,1146865108#5_1,0.00
488.0,bus_001,77.666978,12.921661,64.36,bus,13.47,87.38,230182006#0_0,0.00
488.0,bus_002,77.653173,12.924026,101.20,bus,13.71,620.63,379308034_0,0.00
488.0,bus_003,77.639139,12.916248,69.28,bus,13.63,441.39,380707230#2_0,0.00
488.0,car_001,77.678731,12.930352,129.75,car,10.76,10.70,1214433053_0,0.00
488.0,car_002,77.678309,12.930831,302.45,car,7.79,15.17,:1387622103_4_0,0.00
488.0,car_003,77.678031,12.930855,103.29,car,5.64,36.72,-25187665#1_0,0.00
488.0,car_004,77.677797,12.931073,319.28,car,5.26,63.63,25187665#1_0,0.00
488.0,car_005,77.678181,12.930863,283.18,car,4.68,13.42,25187665#1_0,0.00
488.0,car_006,77.675443,12.925653,62.25,car,16.27,43.81,1146865108#11_1,0.00
488.0,car_007,77.672429,12.924201,64.85,car,16.10,64.50,1146865108#0_0,0.00
488.0,car_008,77.676342,12.929799,339.13,car,10.80,17.05,:cluster_274569309_274570242_4_0,0.00
488.0,car_009,77.676533,12.928649,356.84,car,16.32,6.33,543259514#10_0,0.00
488.0,car_010,77.676357,12.926691,8.52,car,13.76,0.88,:cluster_12145839287_3868740751_9_0,0.00
488.0,truck_001,77.659208,12.922278,109.04,truck,13.87,446.43,377105485_0,0.00
488.0,truck_002,77.645061,12.922172,46.69,truck,12.73,6.55,377125912#6_0,0.00
488.0,truck_003,77.631685,12.916620,95.08,truck,13.41,109.91,1534247766#1_0,0.00
489.0,bike_001,77.678063,12.930880,277.61,motorcycle,3.82,26.34,25187665#1_0,0.00
489.0,bike_002,77.667412,12.921860,64.36,motorcycle,14.14,139.41,230182006#0_0,0.00
489.0,bike_003,77.676461,12.927270,10.08,motorcycle,16.38,6.16,:cluster_3141452121_3141473146_9_0,0.00
489.0,bike_004,77.676422,12.927046,9.28,motorcycle,14.70,3.56,:3141452122_9_0,0.00
489.0,bike_005,77.674650,12.925254,62.26,motorcycle,14.41,64.48,1146865108#5_1,0.00
489.0,bus_001,77.667091,12.921713,64.36,bus,13.55,100.93,230182006#0_0,0.00
489.0,bus_002,77.653293,12.924001,101.23,bus,13.32,633.96,379308034_0,0.00
489.0,bus_003,77.639258,12.916291,69.28,bus,13.71,455.10,380707230#2_0,0.00
489.0,car_001,77.678777,12.930252,159.81,car,12.37,23.06,1214433053_0,0.00
489.0,car_002,77.678270,12.930842,285.60,car,4.34,3.44,25187665#1_0,0.00
489.0,car_003,77.678082,12.930848,97.64,car,5.56,42.27,-25187665#1_0,0.00
489.0,car_004,77.677772,12.931067,273.67,car,3.44,1.84,:3141475567_9_0,0.00
489.0,car_005,77.678143,12.930868,277.99,car,4.19,17.61,25187665#1_0,0.00
489.0,car_006,77.675574,12.925719,62.29,car,16.01,59.82,1146865108#11_1,0.00
489.0,car_007,77.672565,12.924262,64.92,car,16.27,80.77,1146865108#0_0,0.00
489.0,car_008,77.676329,12.929913,355.14,car,12.77,29.81,:cluster_274569309_274570242_4_0,0.00
489.0,car_009,77.676519,12.928790,352.92,car,15.60,21.92,543259514#10_0,0.00
489.0,car_010,77.676380,12.926823,9.00,car,14.86,15.74,:cluster_12145839287_3868740751_9_0,0.00
489.0,truck_001,77.659324,12.922237,109.04,truck,13.46,459.90,377105485_0,0.00
489.0,truck_002,77.645146,12.922250,46.27,truck,12.66,19.21,377125912#6_0,0.00
489.0,truck_003,77.631809,12.916608,95.08,truck,13.54,123.45,1534247766#1_0,0.00
490.0,bike_001,77.678030,12.930884,277.61,motorcycle,3.62,29.96,25187665#1_0,0.00
490.0,bike_002,77.667527,12.921913,64.36,motorcycle,13.90,153.31,230182006#0_0,0.00
490.0,bike_003,77.676486,12.927399,10.08,motorcycle,14.53,20.69,:cluster_3141452121_3141473146_9_0,0.00
490.0,bike_004,77.676446,12.927184,8.18,motorcycle,15.50,4.43,543259514#4_0,0.00
490.0,bike_005,77.674780,12.925320,62.26,motorcycle,15.97,80.44,1146865108#5_1,0.00
490.0,bus_001,77.667205,12.921765,64.36,bus,13.66,114.58,230182006#0_0,0.00
490.0,bus_002,77.653413,12.923977,101.23,bus,13.36,647.32,379308034_0,0.00
490.0,bus_003,77.639378,12.916334,69.01,bus,13.86,468.95,380707230#2_0,0.00
490.0,car_001,77.678823,12.930127,159.81,car,14.68,37.75,1214433053_0,0.00
490.0,car_002,77.678229,12.930851,283.19,car,4.58,8.03,25187665#1_0,0.00
490.0,car_003,77.678135,12.930840,97.64,car,5.84,48.11,-25187665#1_0,0.00
490.0,car_004,77.677788,12.931038,159.04,car,3.79,2.40,-25187665#1_0,0.00
490.0,car_005,77.678111,12.930873,277.61,car,3.48,21.09,25187665#1_0,0.00
490.0,car_006,77.675703,12.925782,63.60,car,15.58,75.40,1146865108#11_1,0.00
490.0,car_007,77.672705,12.924324,64.85,car,16.62,97.39,1146865108#0_0,0.00
490.0,car_008,77.676405,12.929989,72.25,car,12.82,42.64,:cluster_274569309_274570242_4_0,0.00
490.0,car_009,77.676502,12.928937,352.89,car,16.47,2.25,:3141473135_4_0,0.00
490.0,car_010,77.676404,12.926953,10.46,car,14.64,9.35,543259514#3_0,0.00
490.0,truck_001,77.659441,12.922196,109.04,truck,13.52,473.42,377105485_0,0.00
490.0,truck_002,77.645232,12.922329,46.27,truck,12.91,32.12,377125912#6_0,0.00
490.0,truck_003,77.631932,12.916596,95.08,truck,13.44,136.89,1534247766#1_0,0.00
491.0,bike_001,77.677983,12.930902,297.06,motorcycle,5.54,35.50,25187665#1_0,0.00
491.0,bike_002,77.667643,12.921966,64.36,motorcycle,13.88,167.19,230182006#0_0,0.00
491.0,bike_003,77.676511,12.927527,10.40,motorcycle,14.47,0.88,543259514#6_0,0.00
491.0,bike_004,77.676470,12.927313,10.08,motorcycle,14.47,10.96,:cluster_3141452121_3141473146_9_0,0.00
491.0,bike_005,77.674902,12.925381,62.26,motorcycle,14.87,95.31,1146865108#5_1,0.00
491.0,bus_001,77.667317,12.921816,64.36,bus,13.47,128.05,230182006#0_0,0.00
491.0,bus_002,77.653534,12.923952,101.23,bus,13.42,660.74,379308034_0,0.00
491.0,bus_003,77.639496,12.916378,68.69,bus,13.72,482.68,380707230#2_0,0.00
491.0,car_001,77.678871,12.929994,159.81,car,15.68,53.43,1214433053_0,0.00
491.0,car_002,77.678188,12.930861,283.19,car,4.65,12.67,25187665#1_0,0.00
491.0,car_003,77.678188,12.930831,99.42,car,5.92,54.03,-25187665#1_0,0.00
491.0,car_004,77.677822,12.930999,139.27,car,5.76,8.15,-25187665#1_0,0.00
491.0,car_005,77.678074,12.930878,277.61,car,4.04,25.13,25187665#1_0,0.00
491.0,car_006,77.675831,12.925843,63.60,car,15.46,90.86,1146865108#11_1,0.00
491.0,car_007,77.672838,12.924384,64.85,car,15.91,113.30,1146865108#0_0,0.00
491.0,car_008,77.676526,12.929999,88.52,car,13.36,10.15,-367594184#3_0,0.00
491.0,car_009,77.676485,12.929078,352.82,car,15.62,3.46,543259514#11_0,0.00
491.0,car_010,77.676430,12.927088,9.28,car,15.20,8.29,:3141452122_9_0,0.00
491.0,truck_001,77.659560,12.922154,109.04,truck,13.70,487.12,377105485_0,0.00
491.0,truck_002,77.645318,12.922408,46.27,truck,12.75,44.87,377125912#6_0,0.00
491.0,truck_003,77.632056,12.916584,95.08,truck,13.52,150.41,1534247766#1_0,0.00
492.0,bike_001,77.677949,12.930919,297.06,motorcycle,4.20,39.71,25187665#1_0,0.00
492.0,bike_002,77.667756,12.922017,64.36,motorcycle,13.57,180.76,230182006#0_0,0.00
492.0,bike_003,77.676536,12.927663,4.01,motorcycle,15.26,16.14,543259514#6_0,0.00
492.0,bike_004,77.676496,12.927451,10.08,motorcycle,15.63,26.58,:cluster_3141452121_3141473146_9_0,0.00
492.0,bike_005,77.675027,12.925443,62.34,motorcycle,15.18,2.82,:3150107488_0_1,0.00
492.0,bus_001,77.667432,12.921869,64.36,bus,13.84,141.89,230182006#0_0,0.00
492.0,bus_002,77.653657,12.923927,101.23,bus,13.65,674.40,379308034_0,0.00
492.0,bus_003,77.639611,12.916429,64.67,bus,13.62,496.30,380707230#2_0,0.00
492.0,car_001,77.678920,12.929860,159.81,car,15.69,69.12,1214433053_0,0.00
492.0,car_002,77.678151,12.930867,279.04,car,4.09,16.76,25187665#1_0,0.00
492.0,car_003,77.678242,12.930819,103.17,car,5.95,59.98,-25187665#1_0,0.00
492.0,car_004,77.677854,12.930961,139.27,car,5.43,13.58,-25187665#1_0,0.00
492.0,car_005,77.678025,12.930885,277.61,car,5.39,30.52,25187665#1_0,0.00
492.0,car_006,77.675968,12.925908,63.60,car,16.52,107.39,1146865108#11_1,0.00
492.0,car_007,77.672961,12.924471,64.86,car,16.19,129.49,1146865108#0_1,0.00
492.0,car_008,77.676671,12.930001,88.52,car,15.74,25.89,-367594184#3_0,0.00
492.0,car_009,77.676468,12.929225,352.80,car,16.38,19.84,543259514#11_0,0.00
492.0,car_010,77.676451,12.927214,8.18,car,14.12,7.78,543259514#4_0,0.00
492.0,truck_001,77.659679,12.922113,109.04,truck,13.71,500.83,377105485_0,0.00
492.0,truck_002,77.645404,12.922487,46.27,truck,12.87,57.74,377125912#6_0,0.00
492.0,truck_003,77.632179,12.916572,95.08,truck,13.43,163.84,1534247766#1_0,0.00
493.0,bike_001,77.677920,12.930934,297.06,motorcycle,3.52,43.23,25187665#1_0,0.00
493.0,bike_002,77.667883,12.922076,63.84,motorcycle,15.25,6.65,:11527430411_0_0,0.00
493.0,bike_003,77.676545,12.927808,2.52,motorcycle,16.06,10.81,:3141473150_7_0,0.00
493.0,bike_004,77.676521,12.927578,10.82,motorcycle,14.26,6.56,543259514#6_0,0.00
493.0,bike_005,77.675160,12.925511,62.28,motorcycle,16.34,9.29,1146865108#11_1,0.00
493.0,bus_001,77.667546,12.921921,64.36,bus,13.60,155.49,230182006#0_0,0.00
493.0,bus_002,77.653780,12.923901,101.23,bus,13.76,688.16,379308034_0,0.00
493.0,bus_003,77.639726,12.916484,63.45,bus,13.87,510.16,380707230#2_0,0.00
493.0,car_001,77.679013,12.929771,107.59,car,15.69,84.81,1214433053_0,0.00
493.0,car_002,77.678109,12.930873,277.61,car,4.55,21.31,25187665#1_0,0.00
493.0,car_003,77.678288,12.930807,103.17,car,5.24,65.22,-25187665#1_0,0.00
493.0,car_004,77.677888,12.930922,139.27,car,5.71,19.30,-25187665#1_0,0.00
493.0,car_005,77.677995,12.930895,285.92,car,3.47,33.99,25187665#1_0,0.00
493.0,car_006,77.676076,12.925959,63.60,car,13.02,120.40,1146865108#11_1,0.00
493.0,car_007,77.673098,12.924532,64.86,car,16.35,145.85,1146865108#0_1,0.00
493.0,car_008,77.676820,12.930003,88.52,car,16.16,42.05,-367594184#3_0,0.00
493.0,car_009,77.676448,12.929373,351.79,car,16.63,13.40,:3141473132_4_0,0.00
493.0,car_010,77.676477,12.927352,10.08,car,15.53,15.37,:cluster_3141452121_3141473146_9_0,0.00
493.0,truck_001,77.659796,12.922071,109.41,truck,13.53,514.36,377105485_0,0.00
493.0,truck_002,77.645490,12.922566,46.27,truck,12.84,70.57,377125912#6_0,0.00
493.0,truck_003,77.632303,12.916559,95.57,truck,13.57,1.45,:cluster_11374930008_11374930009_11374930010_11374930011_10_0,0.00
494.0,bike_001,77.677896,12.930957,319.28,motorcycle,3.66,46.89,25187665#1_0,0.00
494.0,bike_002,77.667994,12.922129,63.34,motorcycle,13.41,10.59,240652650#0_0,0.00
494.0,bike_003,77.676550,12.927942,0.97,motorcycle,14.90,11.38,543259514#7_0,0.00
494.0,bike_004,77.676540,12.927725,2.79,motorcycle,16.45,1.63,:3141473150_7_0,0.00
494.0,bike_005,77.675295,12.925578,62.25,motorcycle,16.40,25.70,1146865108#11_1,0.00
494.0,bus_001,77.667659,12.921973,64.36,bus,13.64,169.13,230182006#0_0,0.00
494.0,bus_002,77.653905,12.923876,101.23,bus,13.85,702.01,379308034_0,0.00
494.0,bus_003,77.639837,12.916543,60.50,bus,13.61,523.77,380707230#2_0,0.00
494.0,car_001,77.679163,12.929803,77.17,car,16.67,101.48,1214433053_0,0.00
494.0,car_002,77.678065,12.930879,277.61,car,4.82,26.13,25187665#1_0,0.00
494.0,car_003,77.678329,12.930782,125.45,car,5.32,4.71,:1387622103_6_0,0.00
494.0,car_004,77.677928,12.930897,118.79,car,5.16,24.46,-25187665#1_0,0.00
494.0,car_005,77.677965,12.930911,297.06,car,3.66,37.66,25187665#1_0,0.00
494.0,car_006,77.676152,12.925995,63.32,car,9.13,2.56,:9830778271_9_0,0.00
494.0,car_007,77.673237,12.924594,64.86,car,16.62,162.47,1146865108#0_1,0.00
494.0,car_008,77.676965,12.930006,87.99,car,15.70,1.46,:3170006930_7_0,0.00
494.0,car_009,77.676429,12.929502,351.39,car,14.41,7.64,:274569328_0_0,0.00
494.0,car_010,77.676502,12.927479,10.08,car,14.34,29.72,:cluster_3141452121_3141473146_9_0,0.00
494.0,truck_001,77.659915,12.922028,109.60,truck,13.75,528.11,377105485_0,0.00
494.0,truck_002,77.645577,12.922646,46.27,truck,12.90,83.47,377125912#6_0,0.00
494.0,truck_003,77.632430,12.916546,95.41,truck,13.88,6.96,380707230#0_0,0.00
495.0,bike_001,77.677862,12.930997,319.28,motorcycle,5.80,52.68,25187665#1_0,0.00
495.0,bike_002,77.668110,12.922185,63.34,motorcycle,13.98,24.57,240652650#0_0,0.00
495.0,bike_003,77.676552,12.928081,359.96,motorcycle,15.33,10.21,:274569348_4_0,0.00
495.0,bike_004,77.676548,12.927868,0.97,motorcycle,15.84,3.15,543259514#7_0,0.00
495.0,bike_005,77.675419,12.925641,62.25,motorcycle,15.21,40.91,1146865108#11_1,0.00
495.0,bus_001,77.667770,12.922024,64.36,bus,13.30,182.44,230182006#0_0,0.00
495.0,bus_002,77.654028,12.923851,101.23,bus,13.65,715.65,379308034_0,0.00
495.0,bus_003,77.639945,12.916604,59.30,bus,13.55,537.32,380707230#2_0,0.00
495.0,car_001,77.679304,12.929833,77.17,car,15.66,117.14,1214433053_0,0.00
495.0,car_002,77.678027,12.930885,277.61,car,4.16,30.29,25187665#1_0,0.00
495.0,car_003,77.678353,12.930726,159.91,car,6.84,11.54,:1387622103_6_0,0.00
495.0,car_004,77.677974,12.930874,117.05,car,5.60,30.06,-25187665#1_0,0.00
495.0,car_005,77.677932,12.930928,297.06,car,4.06,41.72,25187665#1_0,0.00
495.0,car_006,77.676221,12.926030,61.46,car,8.45,11.01,:9830778271_9_0,0.00
495.0,car_007,77.673366,12.924652,64.47,car,15.40,177.87,1146865108#0_1,0.00
495.0,car_008,77.677113,12.930013,85.60,car,16.10,3.38,-367594184#2_0,0.00
495.0,car_009,77.676417,12.929591,351.73,car,9.91,1.80,:cluster_11563497460_7328379173_7_0,0.00
495.0,car_010,77.676530,12.927618,10.82,car,15.71,11.14,543259514#6_0,0.00
495.0,truck_001,77.660045,12.922014,108.46,truck,13.68,541.78,377105485_1,0.00
495.0,truck_002,77.645663,12.922725,46.27,truck,12.84,96.31,377125912#6_0,0.00
495.0,truck_003,77.632556,12.916533,95.19,truck,13.72,20.68,380707230#0_0,0.00
496.0,bike_001,77.677832,12.931032,319.28,motorcycle,5.08,57.76,25187665#1_0,0.00
496.0,bike_002,77.668236,12.922245,63.34,motorcycle,15.21,39.78,240652650#0_0,0.00
496.0,bike_003,77.676551,12.928212,358.84,motorcycle,14.51,10.38,543259514#8_0,0.00
496.0,bike_004,77.676551,12.928003,0.15,motorcycle,14.98,1.62,:274569348_4_0,0.00
496.0,bike_005,77.675551,12.925707,62.29,motorcycle,16.09,57.00,1146865108#11_1,0.00
496.0,bus_001,77.667886,12.922077,64.06,bus,13.86,6.93,:11527430411_0_0,0.00
496.0,bus_002,77.654150,12.923824,102.21,bus,13.66,729.31,379308034_0,0.00
496.0,bus_003,77.640050,12.916672,55.92,bus,13.57,550.88,380707230#2_0,0.00
496.0,car_001,77.679448,12.929864,77.31,car,15.97,2.53,:7328379200_7_0,0.00
496.0,car_002,77.677994,12.930896,286.68,car,3.88,34.17,25187665#1_0,0.00
496.0,car_003,77.678373,12.930644,166.04,car,9.24,8.30,490290343_0,0.00
496.0,car_004,77.678020,12.930857,108.55,car,5.45,35.51,-25187665#1_0,0.00
496.0,car_005,77.677892,12.930961,314.17,car,5.83,47.55,25187665#1_0,0.00
496.0,car_006,77.676260,12.926093,8.87,car,8.86,4.36,:7097308434_3_0,0.00
496.0,car_007,77.673504,12.924717,63.94,car,16.58,194.45,1146865108#0_1,0.00
496.0,car_008,77.677263,12.930024,85.18,car,16.31,19.69,-367594184#2_0,0.00
496.0,car_009,77.676403,12.929638,342.49,car,5.41,7.21,:cluster_11563497460_7328379173_7_0,0.00
496.0,car_010,77.676543,12.927764,2.52,car,16.25,6.02,:3141473150_7_0,0.00
496.0,truck_001,77.660167,12.921977,106.75,truck,13.77,555.56,377105485_1,0.00
496.0,truck_002,77.645749,12.922805,46.27,truck,12.88,109.20,377125912#6_0,0.00
496.0,truck_003,77.632683,12.916521,95.19,truck,13.80,34.48,380707230#0_0,0.00
497.0,bike_001,77.677809,12.931059,319.28,motorcycle,3.89,61.65,25187665#1_0,0.00
497.0,bike_002,77.668361,12.922305,63.32,motorcycle,15.15,54.93,240652650#0_0,0.00
497.0,bike_003,77.676547,12.928360,357.64,motorcycle,16.42,13.95,:3141473140_4_0,0.00
497.0,bike_004,77.676552,12.928127,359.41,motorcycle,13.71,0.99,543259514#8_0,0.00
497.0,bike_005,77.675676,12.925769,63.60,motorcycle,15.14,72.14,1146865108#11_1,0.00
497.0,bus_001,77.667996,12.922130,63.39,bus,13.37,10.83,240652650#0_0,0.00
497.0,bus_002,77.654270,12.923794,103.31,bus,13.52,742.84,379308034_0,0.00
497.0,bus_003,77.640152,12.916748,52.03,bus,13.89,564.77,380707230#2_0,0.00
497.0,car_001,77.679593,12.929894,77.57,car,16.15,4.27,1214433052#1_0,0.00
497.0,car_002,77.677959,12.930914,297.06,car,4.32,38.49,25187665#1_0,0.00
497.0,car_003,77.678397,12.930547,166.04,car,11.13,19.42,490290343_0,0.00
497.0,car_004,77.678063,12.930851,97.64,car,4.74,40.25,-25187665#1_0,0.00
497.0,car_005,77.677866,12.930992,319.28,car,4.38,51.93,25187665#1_0,0.00
497.0,car_006,77.676275,12.926186,8.41,car,10.40,6.43,543259514#1_0,0.00
497.0,car_007,77.673645,12.924775,68.42,car,16.52,4.01,1146865108#3_1,0.00
497.0,car_008,77.677412,12.930035,85.18,car,16.25,35.94,-367594184#2_0,0.00
497.0,car_009,77.676378,12.929703,339.13,car,7.68,5.64,:cluster_274569309_274570242_4_0,0.00
497.0,car_010,77.676548,12.927901,0.97,car,15.13,6.82,543259514#7_0,0.00
497.0,truck_001,77.660289,12.921942,105.42,truck,13.89,569.45,377105485_1,0.00
497.0,truck_002,77.645837,12.922885,46.27,truck,13.07,122.26,377125912#6_0,0.00
497.0,truck_003,77.632808,12.916508,95.19,truck,13.70,48.18,380707230#0_0,0.00
498.0,bike_001,77.677782,12.931077,291.78,motorcycle,3.68,0.10,:3141475567_9_0,0.00
498.0,bike_002,77.668482,12.922364,63.32,motorcycle,14.66,69.59,240652650#0_0,0.00
498.0,bike_003,77.676539,12.928510,356.58,motorcycle,16.63,5.31,:3141473138_4_0,0.00
498.0,bike_004,77.676550,12.928265,357.64,motorcycle,15.23,3.37,:3141473140_4_0,0.00
498.0,bike_005,77.675811,12.925833,63.60,motorcycle,16.28,88.41,1146865108#11_1,0.00
498.0,bus_001,77.668109,12.922184,63.34,bus,13.57,24.40,240652650#0_0,0.00
498.0,bus_002,77.654395,12.923765,103.03,bus,13.78,2.34,:1645178612_2_0,0.00
498.0,bus_003,77.640247,12.916825,49.70,bus,13.32,578.09,380707230#2_0,0.00
498.0,car_001,77.679738,12.929923,77.97,car,15.97,20.24,1214433052#1_0,0.00
498.0,car_002,77.677921,12.930933,297.06,car,4.57,43.06,25187665#1_0,0.00
498.0,car_003,77.678417,12.930463,166.04,car,9.52,28.95,490290343_0,0.00
498.0,car_004,77.678111,12.930844,97.64,car,5.22,45.47,-25187665#1_0,0.00
498.0,car_005,77.677841,12.931022,319.28,car,4.36,56.28,25187665#1_0,0.00
498.0,car_006,77.676293,12.926295,8.41,car,12.30,18.74,543259514#1_0,0.00
498.0,car_007,77.673782,12.924827,67.04,car,15.99,20.00,1146865108#3_1,0.00
498.0,car_008,77.677556,12.930047,83.05,car,15.73,5.40,:4447421339_7_0,0.00
498.0,car_009,77.676349,12.929779,339.13,car,9.03,14.68,:cluster_274569309_274570242_4_0,0.00
498.0,car_010,77.676551,12.928032,359.96,car,14.56,4.87,:274569348_4_0,0.00
498.0,truck_001,77.660410,12.921912,103.79,truck,13.52,582.96,377105485_1,0.00
498.0,truck_002,77.645923,12.922964,46.27,truck,12.80,135.07,377125912#6_0,0.00
498.0,truck_003,77.632935,12.916496,95.19,truck,13.85,62.03,380707230#0_0,0.00
499.0,bike_001,77.677777,12.931051,162.75,motorcycle,3.76,0.63,-25187665#1_0,0.00
499.0,bike_002,77.668599,12.922420,63.32,motorcycle,14.09,83.68,240652650#0_0,0.00
499.0,bike_003,77.676532,12.928652,356.84,motorcycle,15.71,6.59,543259514#10_0,0.00
499.0,bike_004,77.676545,12.928400,356.38,motorcycle,14.98,4.01,543259514#9_0,0.00
499.0,bike_005,77.675944,12.925896,63.60,motorcycle,16.08,104.49,1146865108#11_1,0.00
499.0,bus_001,77.668219,12.922237,63.34,bus,13.39,37.79,240652650#0_0,0.00
499.0,bus_002,77.654520,12.923740,100.56,bus,13.86,13.44,377105485-AddedOnRampEdge_2,0.00
499.0,bus_003,77.640343,12.916907,48.29,bus,13.78,591.86,380707230#2_0,0.00
499.0,car_001,77.679877,12.929950,77.97,car,15.48,35.72,1214433052#1_0,0.00
499.0,car_002,77.677894,12.930959,312.45,car,4.14,47.20,25187665#1_0,0.00
499.0,car_003,77.678429,12.930415,166.04,car,5.48,34.43,490290343_0,0.00
499.0,car_004,77.678155,12.930837,97.64,car,4.86,50.32,-25187665#1_0,0.00
499.0,car_005,77.677820,12.931046,319.28,car,3.46,59.74,25187665#1_0,0.00
499.0,car_006,77.676314,12.926426,8.41,car,14.62,33.36,543259514#1_0,0.00
499.0,car_007,77.673916,12.924890,63.73,car,16.10,36.11,1146865108#3_1,0.00
499.0,car_008,77.677705,12.930066,80.76,car,16.35,7.45,-367594184#1_0,0.00
499.0,car_009,77.676331,12.929876,352.86,car,10.96,25.64,:cluster_274569309_274570242_4_0,0.00
499.0,car_010,77.676552,12.928165,358.84,car,14.71,5.24,543259514#8_0,0.00
499.0,truck_001,77.660530,12.921882,103.79,truck,13.50,596.46,377105485_1,0.00
499.0,truck_002,77.646009,12.923043,46.27,truck,12.80,147.87,377125912#6_0,0.00
499.0,truck_003,77.633062,12.916483,95.19,truck,13.82,75.85,380707230#0_0,0.00
500.0,bike_001,77.677801,12.931023,139.27,motorcycle,4.00,4.63,-25187665#1_0,0.00
500.0,bike_002,77.668720,12.922478,63.32,motorcycle,14.94,0.94,240652650#0-AddedOffRampEdge_1,0.00
500.0,bike_003,77.676518,12.928797,352.92,motorcycle,16.18,22.77,543259514#10_0,0.00
500.0,bike_004,77.676537,12.928545,356.58,motorcycle,16.12,9.21,:3141473138_4_0,0.00
500.0,bike_005,77.676077,12.925959,63.60,motorcycle,16.05,120.54,1146865108#11_1,0.00
500.0,bus_001,77.668334,12.922292,63.33,bus,13.88,51.67,240652650#0_0,0.00
500.0,bus_002,77.654643,12.923717,100.56,bus,13.60,27.04,377105485-AddedOnRampEdge_2,0.00
500.0,bus_003,77.640435,12.916988,47.66,bus,13.46,605.33,380707230#2_0,0.00
500.0,car_001,77.680020,12.929979,77.97,car,15.79,51.51,1214433052#1_0,0.00
500.0,car_002,77.677868,12.930989,319.28,car,4.39,51.59,25187665#1_0,0.00
500.0,car_003,77.678462,12.930362,139.60,car,7.16,5.90,:4824673767_7_0,0.00
500.0,car_004,77.678202,12.930828,101.32,car,5.25,55.57,-25187665#1_0,0.00
500.0,car_005,77.677803,12.931066,319.28,car,2.93,62.67,25187665#1_0,0.00
500.0,car_006,77.676337,12.926569,8.41,car,16.10,49.46,543259514#1_0,0.00
500.0,car_007,77.674053,12.924944,69.88,car,16.01,5.28,:11070754936_3_1,0.00
500.0,car_008,77.677853,12.930088,80.76,car,16.26,23.71,-367594184#1_0,0.00
500.0,car_009,77.676365,12.929977,31.68,car,12.45,38.09,:cluster_274569309_274570242_4_0,0.00
500.0,car_010,77.676549,12.928309,357.64,car,15.86,8.24,:3141473140_4_0,0.00
500.0,truck_001,77.660651,12.921851,103.79,truck,13.57,610.03,377105485_1,0.00
500.0,truck_002,77.646093,12.923121,46.27,truck,12.62,160.48,377125912#6_0,0.00
500.0,truck_003,77.633189,12.916470,95.19,truck,13.84,89.69,380707230#0_0,0.00
501.0,bike_001,77.677825,12.930995,139.27,motorcycle,4.13,8.75,-25187665#1_0,0.00
501.0,bike_002,77.668843,12.922537,63.33,motorcycle,14.84,15.78,240652650#0-AddedOffRampEdge_1,0.00
501.0,bike_003,77.676502,12.928931,352.87,motorcycle,14.96,1.58,:3141473135_4_0,0.00
501.0,bike_004,77.676531,12.928683,356.84,motorcycle,15.31,10.09,543259514#10_0,0.00
501.0,bike_005,77.676175,12.926006,63.11,motorcycle,11.79,5.35,:9830778271_9_0,0.00
501.0,bus_001,77.668449,12.922347,63.32,bus,13.85,65.52,240652650#0_0,0.00
501.0,bus_002,77.654764,12.923693,100.56,bus,13.41,40.45,377105485-AddedOnRampEdge_2,0.00
501.0,bus_003,77.640527,12.917072,46.41,bus,13.58,618.91,380707230#2_0,0.00
501.0,car_001,77.680164,12.930007,77.97,car,15.95,67.47,1214433052#1_0,0.00
501.0,car_002,77.677847,12.931014,319.28,car,3.55,55.14,25187665#1_0,0.00
501.0,car_003,77.678533,12.930367,74.92,car,8.04,13.94,:4824673767_7_0,0.00
501.0,car_004,77.678244,12.930818,103.17,car,4.66,60.24,-25187665#1_0,0.00
501.0,car_005,77.677782,12.931077,307.35,car,2.66,0.10,:3141475567_9_0,0.00
501.0,car_006,77.676361,12.926711,8.83,car,15.91,3.21,:cluster_12145839287_3868740751_9_0,0.00
501.0,car_007,77.674184,12.925011,58.54,car,16.16,7.13,1146865108#5_1,0.00
501.0,car_008,77.678002,12.930122,69.73,car,16.58,40.29,-367594184#1_0,0.00
501.0,car_009,77.676473,12.929998,87.85,car,12.06,4.31,-367594184#3_0,0.00
501.0,car_010,77.676542,12.928448,356.38,car,15.48,9.38,543259514#9_0,0.00
501.0,truck_001,77.660760,12.921794,103.79,truck,13.63,623.66,377105485_0,0.00
501.0,truck_002,77.646181,12.923201,46.38,truck,13.07,173.56,377125912#6_0,0.00
501.0,truck_003,77.633314,12.916458,95.05,truck,13.73,103.42,380707230#0_0,0.00
502.0,bike_001,77.677856,12.930959,139.27,motorcycle,5.14,13.89,-25187665#1_0,0.00
502.0,bike_002,77.668956,12.922591,63.33,motorcycle,13.63,29.41,240652650#0-AddedOffRampEdge_1,0.00
502.0,bike_003,77.676487,12.929062,352.81,motorcycle,14.59,1.76,543259514#11_0,0.00
502.0,bike_004,77.676516,12.928815,352.92,motorcycle,14.68,24.77,543259514#10_0,0.00
502.0,bike_005,77.676255,12.926061,28.24,motorcycle,10.90,0.74,:7097308434_3_0,0.00
502.0,bus_001,77.668563,12.922402,63.32,bus,13.85,79.38,240652650#0_0,0.00
502.0,bus_002,77.654887,12.923669,100.56,bus,13.56,54.01,377105485-AddedOnRampEdge_2,0.00
502.0,bus_003,77.640624,12.917147,51.54,bus,13.40,632.31,380707230#2_0,0.00
502.0,car_001,77.680304,12.930035,77.97,car,15.47,82.94,1214433052#1_0,0.00
502.0,car_002,77.677829,12.931036,319.28,car,3.15,58.29,25187665#1_0,0.00
502.0,car_003,77.678599,12.930390,71.13,car,7.56,5.71,:274570292_3_0,0.00
502.0,car_004,77.678296,12.930805,103.72,car,5.81,0.22,:1387622103_6_0,0.00
502.0,car_005,77.677776,12.931052,212.74,car,3.52,0.39,-25187665#1_0,0.00
502.0,car_006,77.676386,12.926858,9.00,car,16.51,19.72,:cluster_12145839287_3868740751_9_0,0.00
502.0,car_007,77.674314,12.925085,61.59,car,16.43,23.56,1146865108#5_1,0.00
502.0,car_008,77.678140,12.930170,69.73,car,15.96,56.25,-367594184#1_0,0.00
502.0,car_009,77.676605,12.930000,88.52,car,14.34,18.65,-367594184#3_0,0.00
502.0,car_010,77.676535,12.928585,356.58,car,15.21,13.67,:3141473138_4_0,0.00
502.0,truck_001,77.660894,12.921790,103.79,truck,13.60,637.27,377105485_1,0.00
502.0,truck_002,77.646268,12.923279,47.19,truck,12.81,186.36,377125912#6_0,0.00
502.0,truck_003,77.633440,12.916446,95.04,truck,13.76,117.18,380707230#0_0,0.00
503.0,bike_001,77.677890,12.930920,139.27,motorcycle,5.70,19.60,-25187665#1_0,0.00
503.0,bike_002,77.669082,12.922651,63.33,motorcycle,15.28,44.69,240652650#0-AddedOffRampEdge_1,0.00
503.0,bike_003,77.676471,12.929200,352.80,motorcycle,15.30,17.06,543259514#11_0,0.00
503.0,bike_004,77.676499,12.928963,352.86,motorcycle,16.51,5.14,:3141473135_4_0,0.00
503.0,bike_005,77.676273,12.926169,8.41,motorcycle,12.12,4.54,543259514#1_0,0.00
503.0,bus_001,77.668674,12.922455,63.32,bus,13.45,3.41,:240652650#0-AddedOffRampNode_0_1,0.00
503.0,bus_002,77.655009,12.923646,100.56,bus,13.57,67.58,377105485-AddedOnRampEdge_2,0.00
503.0,bus_003,77.640723,12.917222,51.54,bus,13.56,645.87,380707230#2_0,0.00
503.0,car_001,77.680445,12.930063,77.97,car,15.70,98.63,1214433052#1_0,0.00
503.0,car_002,77.677814,12.931052,319.28,car,2.41,60.70,25187665#1_0,0.00
503.0,car_003,77.678685,12.930390,91.67,car,9.43,4.22,1214433053_0,0.00
503.0,car_004,77.678344,12.930754,147.01,car,7.99,8.20,:1387622103_6_0,0.00
503.0,car_005,77.677810,12.931012,139.27,car,5.80,6.19,-25187665#1_0,0.00
503.0,car_006,77.676413,12.926995,10.46,car,15.38,14.07,543259514#3_0,0.00
503.0,car_007,77.674451,12.925154,62.26,car,16.64,40.19,1146865108#5_1,0.00
503.0,car_008,77.678272,12.930226,65.74,car,15.62,71.87,-367594184#1_0,0.00
503.0,car_009,77.676747,12.930002,88.52,car,15.48,34.13,-367594184#3_0,0.00
503.0,car_010,77.676526,12.928725,353.03,car,15.48,14.72,543259514#10_0,0.00
503.0,truck_001,77.661015,12.921760,103.79,truck,13.55,650.82,377105485_1,0.00
503.0,truck_002,77.646357,12.923358,47.19,truck,13.08,199.44,377125912#6_0,0.00
503.0,truck_003,77.633566,12.916434,95.04,truck,13.66,130.83,380707230#0_0,0.00
504.0,bike_001,77.677923,12.930900,117.05,motorcycle,4.31,23.91,-25187665#1_0,0.00
504.0,bike_002,77.669193,12.922705,63.33,motorcycle,13.38,58.06,240652650#0-AddedOffRampEdge_1,0.00
504.0,bike_003,77.676452,12.929348,351.79,motorcycle,16.54,10.54,:3141473132_4_0,0.00
504.0,bike_004,77.676483,12.929100,352.80,motorcycle,15.22,5.95,543259514#11_0,0.00
504.0,bike_005,77.676294,12.926304,8.41,motorcycle,15.21,19.75,543259514#1_0,0.00
504.0,bus_001,77.668784,12.922509,63.33,bus,13.54,8.68,240652650#0-AddedOffRampEdge_1,0.00
504.0,bus_002,77.655134,12.923622,100.44,bus,13.78,81.37,377105485-AddedOnRampEdge_2,0.00
504.0,bus_003,77.640822,12.917298,51.49,bus,13.59,659.46,380707230#2_0,0.00
504.0,car_001,77.680585,12.930091,77.98,car,15.50,10.95,:12956054087_3_0,0.00
504.0,car_002,77.677797,12.931073,319.28,car,2.99,63.69,25187665#1_0,0.00
504.0,car_003,77.678756,12.930311,151.57,car,11.88,16.10,1214433053_0,0.00
504.0,car_004,77.678365,12.930678,166.16,car,8.78,4.50,490290343_0,0.00
504.0,car_005,77.677841,12.930976,139.27,car,5.17,11.36,-25187665#1_0,0.00
504.0,car_006,77.676438,12.927135,9.28,car,15.79,13.60,:3141452122_9_0,0.00
504.0,car_007,77.674580,12.925219,62.26,car,15.80,55.99,1146865108#5_1,0.00
504.0,car_008,77.678369,12.930274,58.30,car,11.84,83.71,-367594184#1_0,0.00
504.0,car_009,77.676894,12.930004,88.52,car,15.95,50.08,-367594184#3_0,0.00
504.0,car_010,77.676510,12.928867,352.92,car,15.82,30.54,543259514#10_0,0.00
504.0,truck_001,77.661137,12.921729,103.79,truck,13.68,664.49,377105485_1,0.00
504.0,truck_002,77.646446,12.923434,48.37,truck,12.88,212.32,377125912#6_0,0.00
504.0,truck_003,77.633690,12.916422,95.04,truck,13.62,144.45,380707230#0_0,0.00
505.0,bike_001,77.677964,12.930879,117.05,motorcycle,4.93,28.83,-25187665#1_0,0.00
505.0,bike_002,77.669310,12.922761,63.33,motorcycle,14.17,72.24,240652650#0-AddedOffRampEdge_1,0.00
505.0,bike_003,77.676433,12.929472,351.39,motorcycle,13.88,4.25,:274569328_0_0,0.00
505.0,bike_004,77.676466,12.929241,352.80,motorcycle,15.68,21.63,543259514#11_0,0.00
505.0,bike_005,77.676317,12.926446,8.41,motorcycle,15.90,35.65,543259514#1_0,0.00
505.0,bus_001,77.668898,12.922563,63.33,bus,13.80,22.49,240652650#0-AddedOffRampEdge_1,0.00
505.0,bus_002,77.655255,12.923599,100.44,bus,13.42,0.16,:377105485-AddedOnRampNode_0_0,0.00
505.0,bus_003,77.640920,12.917373,51.41,bus,13.43,672.89,380707230#2_0,0.00
505.0,car_001,77.680725,12.930118,77.92,car,15.45,13.86,1214433052#3_0,0.00
505.0,car_002,77.677773,12.931071,285.29,car,2.94,1.40,:3141475567_9_0,0.00
505.0,car_003,77.678800,12.930190,159.81,car,14.25,30.35,1214433053_0,0.00
505.0,car_004,77.678388,12.930583,166.04,car,10.79,15.28,490290343_0,0.00
505.0,car_005,77.677875,12.930937,139.27,car,5.67,17.03,-25187665#1_0,0.00
505.0,car_006,77.676462,12.927275,10.08,car,15.65,6.68,:cluster_3141452121_3141473146_9_0,0.00
505.0,car_007,77.674710,12.925285,62.26,car,15.90,71.89,1146865108#5_1,0.00
505.0,car_008,77.678427,12.930308,58.30,car,7.34,91.04,-367594184#1_0,0.00
505.0,car_009,77.677042,12.930009,86.89,car,16.11,9.89,:3170006930_7_0,0.00
505.0,car_010,77.676494,12.929003,352.86,car,15.13,9.53,:3141473135_4_0,0.00
505.0,truck_001,77.661260,12.921698,103.79,truck,13.76,678.26,377105485_1,0.00
505.0,truck_002,77.646538,12.923509,49.74,truck,12.93,225.25,377125912#6_0,0.00
505.0,truck_003,77.633816,12.916410,95.04,truck,13.64,158.09,380707230#0_0,0.00
506.0,bike_001,77.678012,12.930858,106.13,motorcycle,5.82,34.66,-25187665#1_0,0.00
506.0,bike_002,77.669427,12.922817,63.33,motorcycle,14.20,86.43,240652650#0-AddedOffRampEdge_1,0.00
506.0,bike_003,77.676421,12.929558,351.39,motorcycle,9.58,13.83,:274569328_0_0,0.00
506.0,bike_004,77.676447,12.929381,351.79,motorcycle,15.69,14.25,:3141473132_4_0,0.00
506.0,bike_005,77.676341,12.926589,8.41,motorcycle,16.05,51.70,543259514#1_0,0.00
506.0,bus_001,77.669012,12.922618,63.33,bus,13.70,36.19,240652650#0-AddedOffRampEdge_1,0.00
506.0,bus_002,77.655376,12.923576,100.44,bus,13.34,5.51,377105485_0,0.00
506.0,bus_003,77.641017,12.917447,51.42,bus,13.31,12.85,:11892824102_0_0,0.00
506.0,car_001,77.680864,12.930146,78.16,car,15.43,10.53,:13787553887_2_0,0.00
506.0,car_002,77.677778,12.931050,201.70,car,2.53,0.70,-25187665#1_0,0.00
506.0,car_003,77.678851,12.930049,159.81,car,16.56,46.91,1214433053_0,0.00
506.0,car_004,77.678409,12.930495,166.04,car,10.00,25.28,490290343_0,0.00
506.0,car_005,77.677906,12.930908,131.89,car,4.79,21.82,-25187665#1_0,0.00
506.0,car_006,77.676489,12.927415,10.08,car,15.86,22.54,:cluster_3141452121_3141473146_9_0,0.00
506.0,car_007,77.674841,12.925350,62.26,car,15.99,87.89,1146865108#5_1,0.00
506.0,car_008,77.678463,12.930382,9.69,car,9.52,6.25,:4824673767_10_0,0.00
506.0,car_009,77.677189,12.930019,85.18,car,15.92,11.63,-367594184#2_0,0.00
506.0,car_010,77.676477,12.929147,352.80,car,16.08,11.20,543259514#11_0,0.00
506.0,truck_001,77.661382,12.921667,103.79,truck,13.73,691.98,377105485_1,0.00
506.0,truck_002,77.646627,12.923582,49.74,truck,12.67,237.92,377125912#6_0,0.00
506.0,truck_003,77.633941,12.916398,95.04,truck,13.67,171.76,380707230#0_0,0.00
507.0,bike_001,77.678062,12.930851,97.64,motorcycle,5.44,40.10,-25187665#1_0,0.00
507.0,bike_002,77.669525,12.922872,45.43,motorcycle,12.60,4.13,:11233009357_0_1,0.00
507.0,bike_003,77.676410,12.929622,344.90,motorcycle,7.22,5.30,:cluster_11563497460_7328379173_7_0,0.00
507.0,bike_004,77.676433,12.929477,351.39,motorcycle,10.69,4.77,:274569328_0_0,0.00
507.0,bike_005,77.676362,12.926717,9.00,motorcycle,14.33,3.86,:cluster_12145839287_3868740751_9_0,0.00
507.0,bus_001,77.669123,12.922671,63.33,bus,13.51,49.69,240652650#0-AddedOffRampEdge_1,0.00
507.0,bus_002,77.655495,12.923544,104.45,bus,13.49,19.00,377105485_0,0.00
507.0,bus_003,77.641115,12.917526,49.93,bus,13.73,10.65,377125912#2_0,0.00
507.0,car_001,77.681014,12.930170,80.56,car,16.54,12.31,1214433052#4_0,0.00
507.0,car_002,77.677805,12.931018,139.27,car,4.65,5.34,-25187665#1_0,0.00
507.0,car_003,77.678901,12.929912,159.81,car,16.19,63.09,1214433053_0,0.00
507.0,car_004,77.678424,12.930436,166.04,car,6.75,32.03,490290343_0,0.00
507.0,car_005,77.677953,12.930884,117.05,car,5.77,27.60,-25187665#1_0,0.00
507.0,car_006,77.676517,12.927555,10.73,car,15.73,3.99,543259514#6_0,0.00
507.0,car_007,77.674968,12.925414,62.26,car,15.40,103.29,1146865108#5_1,0.00
507.0,car_008,77.678447,12.930464,346.07,car,9.24,5.04,-490290342_0,0.00
507.0,car_009,77.677340,12.930030,85.18,car,16.53,28.16,-367594184#2_0,0.00
507.0,car_010,77.676461,12.929283,352.07,car,15.15,3.28,:3141473132_4_0,0.00
507.0,truck_001,77.661504,12.921636,103.79,truck,13.63,705.62,377105485_1,0.00
507.0,truck_002,77.646722,12.923649,53.52,truck,12.72,250.64,377125912#6_0,0.00
507.0,truck_003,77.634066,12.916386,95.04,truck,13.64,185.40,380707230#0_0,0.00
508.0,bike_001,77.678101,12.930845,97.64,motorcycle,4.34,44.44,-25187665#1_0,0.00
508.0,bike_002,77.669636,12.922925,82.69,motorcycle,13.70,2.81,:11233009356_0_1,0.00
508.0,bike_003,77.676381,12.929694,339.13,motorcycle,8.52,4.57,:cluster_274569309_274570242_4_0,0.00
508.0,bike_004,77.676421,12.929558,351.39,motorcycle,9.15,13.91,:274569328_0_0,0.00
508.0,bike_005,77.676385,12.926855,9.00,motorcycle,15.50,19.36,:cluster_12145839287_3868740751_9_0,0.00
508.0,bus_001,77.669235,12.922725,63.33,bus,13.43,63.13,240652650#0-AddedOffRampEdge_1,0.00
508.0,bus_002,77.655617,12.923512,104.45,bus,13.73,32.73,377105485_0,0.00
508.0,bus_003,77.641204,12.917614,43.92,bus,13.71,24.36,377125912#2_0,0.00
508.0,car_001,77.681162,12.930190,83.04,car,16.24,28.55,1214433052#4_0,0.00
508.0,car_002,77.677831,12.930988,139.27,car,4.40,9.74,-25187665#1_0,0.00
508.0,car_003,77.678967,12.929788,129.69,car,16.16,79.26,1214433053_0,0.00
508.0,car_004,77.678447,12.930372,155.73,car,7.51,3.85,:4824673767_7_0,0.00
508.0,car_005,77.677991,12.930865,117.05,car,4.66,32.26,-25187665#1_0,0.00
508.0,car_006,77.676539,12.927701,4.01,car,16.31,20.30,543259514#6_0,0.00
508.0,car_007,77.675100,12.925481,62.02,car,16.25,2.00,1146865108#11_1,0.00
508.0,car_008,77.678423,12.930565,346.07,car,11.58,16.62,-490290342_0,0.00
508.0,car_009,77.677489,12.930040,85.18,car,16.21,44.37,-367594184#2_0,0.00
508.0,car_010,77.676447,12.929385,351.70,car,11.44,0.36,543259514#12_0,0.00
508.0,truck_001,77.661628,12.921605,103.79,truck,13.85,719.46,377105485_1,0.00
508.0,truck_002,77.646822,12.923710,57.77,truck,12.79,263.43,377125912#6_0,0.00
508.0,truck_003,77.634192,12.916373,95.04,truck,13.71,199.12,380707230#0_0,0.00
509.0,bike_001,77.678142,12.930839,97.64,motorcycle,4.48,48.92,-25187665#1_0,0.00
509.0,bike_002,77.669758,12.922978,62.34,motorcycle,14.92,10.10,543259500#1-AddedOnRampEdge_1,0.00
509.0,bike_003,77.676348,12.929782,339.13,motorcycle,10.47,15.05,:cluster_274569309_274570242_4_0,0.00
509.0,bike_004,77.676413,12.929611,349.10,motorcycle,5.83,3.99,:cluster_11563497460_7328379173_7_0,0.00
509.0,bike_005,77.676414,12.927000,10.46,motorcycle,16.31,14.64,543259514#3_0,0.00
509.0,bus_001,77.669346,12.922778,63.33,bus,13.49,76.62,240652650#0-AddedOffRampEdge_1,0.00
509.0,bus_002,77.655735,12.923473,108.70,bus,13.53,46.26,377105485_0,0.00
509.0,bus_003,77.641290,12.917701,43.92,bus,13.41,37.76,377125912#2_0,0.00
509.0,car_001,77.681307,12.930206,83.04,car,15.75,44.30,1214433052#4_0,0.00
509.0,car_002,77.677859,12.930955,139.27,car,4.72,14.46,-25187665#1_0,0.00
509.0,car_003,77.679104,12.929791,77.17,car,15.61,94.87,1214433053_0,0.00
509.0,car_004,77.678515,12.930361,84.12,car,8.03,11.88,:4824673767_7_0,0.00
509.0,car_005,77.678039,12.930854,99.34,car,5.38,37.63,-25187665#1_0,0.00
509.0,car_006,77.676547,12.927845,2.30,car,16.04,0.63,543259514#7_0,0.00
509.0,car_007,77.675232,12.925547,62.25,car,16.10,18.10,1146865108#11_1,0.00
509.0,car_008,77.678394,12.930682,346.07,car,13.27,29.90,-490290342_0,0.00
509.0,car_009,77.677641,12.930057,82.84,car,16.60,0.41,-367594184#1_0,0.00
509.0,car_010,77.676434,12.929471,351.34,car,9.63,4.19,:274569328_0_0,0.00
509.0,truck_001,77.661750,12.921575,103.79,truck,13.77,733.23,377105485_1,0.00
509.0,truck_002,77.646923,12.923771,57.77,truck,12.93,276.36,377125912#6_0,0.00
509.0,truck_003,77.634318,12.916363,94.22,truck,13.79,212.91,380707230#0_0,0.00
510.0,bike_001,77.678189,12.930831,101.84,motorcycle,5.18,54.09,-25187665#1_0,0.00
510.0,bike_002,77.669882,12.923040,62.34,motorcycle,15.09,25.19,543259500#1-AddedOnRampEdge_1,0.00
510.0,bike_003,77.676331,12.929882,352.86,motorcycle,11.31,26.35,:cluster_274569309_274570242_4_0,0.00
510.0,bike_004,77.676403,12.929640,337.93,motorcycle,3.43,7.43,:cluster_11563497460_7328379173_7_0,0.00
510.0,bike_005,77.676437,12.927131,9.28,motorcycle,14.71,13.09,:3141452122_9_0,0.00
510.0,bus_001,77.669458,12.922832,63.33,bus,13.46,90.08,240652650#0-AddedOffRampEdge_1,0.00
510.0,bus_002,77.655856,12.923434,107.63,bus,13.81,60.06,377105485_0,0.00
510.0,bus_003,77.641379,12.917789,43.92,bus,13.68,51.44,377125912#2_0,0.00
510.0,car_001,77.681451,12.930221,82.99,car,15.73,60.03,1214433052#4_0,0.00
510.0,car_002,77.677887,12.930923,139.27,car,4.64,19.10,-25187665#1_0,0.00
510.0,car_003,77.679244,12.929821,77.17,car,15.61,110.47,1214433053_0,0.00
510.0,car_004,77.678580,12.930385,67.32,car,7.55,3.63,:274570292_3_0,0.00
510.0,car_005,77.678081,12.930848,97.64,car,4.60,42.23,-25187665#1_0,0.00
510.0,car_006,77.676551,12.927990,0.93,car,16.07,0.19,:274569348_4_0,0.00
510.0,car_007,77.675365,12.925614,62.25,car,16.19,34.28,1146865108#11_1,0.00
510.0,car_008,77.678367,12.930774,340.20,car,10.61,5.92,:1387622103_4_0,0.00
510.0,car_009,77.677783,12.930078,80.76,car,15.54,15.94,-367594184#1_0,0.00
510.0,car_010,77.676423,12.929544,351.39,car,8.09,12.28,:274569328_0_0,0.00
510.0,truck_001,77.661872,12.921544,103.79,truck,13.60,746.83,377105485_1,0.00
510.0,truck_002,77.647022,12.923831,57.77,truck,12.69,289.05,377125912#6_0,0.00
510.0,truck_003,77.634442,12.916353,93.91,truck,13.50,226.41,380707230#0_0,0.00
511.0,bike_001,77.678224,12.930823,103.17,motorcycle,3.95,58.04,-25187665#1_0,0.00
511.0,bike_002,77.670011,12.923103,63.55,motorcycle,15.70,40.89,543259500#1-AddedOnRampEdge_1,0.00
511.0,bike_003,77.676354,12.929965,24.62,motorcycle,9.85,36.21,:cluster_274569309_274570242_4_0,0.00
511.0,bike_004,77.676387,12.929679,339.13,motorcycle,4.63,2.81,:cluster_274569309_274570242_4_0,0.00
511.0,bike_005,77.676461,12.927269,10.08,motorcycle,15.55,6.07,:cluster_3141452121_3141473146_9_0,0.00
511.0,bus_001,77.669552,12.922904,49.39,bus,13.77,0.72,240652650#2_1,0.00
511.0,bus_002,77.655973,12.923396,107.63,bus,13.45,73.51,377105485_0,0.00
511.0,bus_003,77.641466,12.917876,43.92,bus,13.46,64.91,377125912#2_0,0.00
511.0,car_001,77.681597,12.930238,82.99,car,15.99,76.01,1214433052#4_0,0.00
511.0,car_002,77.677919,12.930902,124.12,car,4.28,23.38,-25187665#1_0,0.00
511.0,car_003,77.679387,12.929851,77.17,car,15.90,126.38,1214433053_0,0.00
511.0,car_004,77.678663,12.930391,90.81,car,9.06,1.77,1214433053_0,0.00
511.0,car_005,77.678131,12.930841,97.64,car,5.49,47.72,-25187665#1_0,0.00
511.0,car_006,77.676552,12.928140,359.36,car,16.54,2.39,543259514#8_0,0.00
511.0,car_007,77.675498,12.925681,62.26,car,16.27,50.55,1146865108#11_1,0.00
511.0,car_008,77.678304,12.930833,300.17,car,9.75,15.67,:1387622103_4_0,0.00
511.0,car_009,77.677923,12.930099,80.76,car,15.42,31.37,-367594184#1_0,0.00
511.0,car_010,77.676418,12.929583,351.68,car,4.38,0.90,:cluster_11563497460_7328379173_7_0,0.00
511.0,truck_001,77.661995,12.921513,103.79,truck,13.77,760.60,377105485_1,0.00
511.0,truck_002,77.647121,12.923891,57.77,truck,12.64,301.69,377125912#6_0,0.00
511.0,truck_003,77.634567,12.916343,93.91,truck,13.63,240.04,380707230#0_0,0.00
512.0,bike_001,77.678277,12.930810,103.17,motorcycle,5.88,63.92,-25187665#1_0,0.00
512.0,bike_002,77.670129,12.923160,63.55,motorcycle,14.23,55.13,543259500#1-AddedOnRampEdge_1,0.00
512.0,bike_003,77.676444,12.929998,82.31,motorcycle,10.87,1.24,-367594184#3_0,0.00
512.0,bike_004,77.676369,12.929727,339.13,motorcycle,5.73,8.54,:cluster_274569309_274570242_4_0,0.00
512.0,bike_005,77.676489,12.927415,10.08,motorcycle,16.40,22.47,:cluster_3141452121_3141473146_9_0,0.00
512.0,bus_001,77.669677,12.922937,77.74,bus,13.89,0.18,543259500#1-AddedOnRampEdge_1,0.00
512.0,bus_002,77.656091,12.923358,107.63,bus,13.49,87.00,377105485_0,0.00
512.0,bus_003,77.641555,12.917965,43.92,bus,13.81,78.72,377125912#2_0,0.00
512.0,car_001,77.681748,12.930254,82.99,car,16.51,92.53,1214433052#4_0,0.00
512.0,car_002,77.677951,12.930886,117.05,car,3.86,27.24,-25187665#1_0,0.00
512.0,car_003,77.679535,12.929882,77.42,car,16.36,12.16,:7328379200_7_0,0.00
512.0,car_004,77.678747,12.930335,132.97,car,11.58,13.35,1214433053_0,0.00
512.0,car_005,77.678178,12.930834,97.96,car,5.12,52.84,-25187665#1_0,0.00
512.0,car_006,77.676549,12.928287,357.64,car,16.26,5.80,:3141473140_4_0,0.00
512.0,car_007,77.675629,12.925746,62.24,car,15.88,66.43,1146865108#11_1,0.00
512.0,car_008,77.678255,12.930845,283.19,car,5.50,5.10,25187665#1_0,0.00
512.0,car_009,77.678064,12.930144,69.73,car,16.16,47.53,-367594184#1_0,0.00
512.0,car_010,77.676410,12.929623,347.90,car,4.48,5.38,:cluster_11563497460_7328379173_7_0,0.00
512.0,truck_001,77.662118,12.921482,103.79,truck,13.80,774.40,377105485_1,0.00
512.0,truck_002,77.647222,12.923952,57.77,truck,12.94,314.63,377125912#6_0,0.00
512.0,truck_003,77.634694,12.916334,93.91,truck,13.84,253.87,380707230#0_0,0.00
513.0,bike_001,77.678314,12.930797,114.81,motorcycle,4.32,2.41,:1387622103_6_0,0.00
513.0,bike_002,77.670246,12.923214,64.63,motorcycle,14.03,69.16,543259500#1-AddedOnRampEdge_1,0.00
513.0,bike_003,77.676572,12.930000,88.52,motorcycle,13.91,15.15,-367594184#3_0,0.00
513.0,bike_004,77.676345,12.929790,339.13,motorcycle,7.45,16.00,:cluster_274569309_274570242_4_0,0.00
513.0,bike_005,77.676518,12.927563,10.82,motorcycle,16.64,4.83,543259514#6_0,0.00
513.0,bus_001,77.669790,12.922994,62.34,bus,13.82,14.00,543259500#1-AddedOnRampEdge_1,0.00
513.0,bus_002,77.656211,12.923319,107.63,bus,13.76,100.75,377105485_0,0.00
513.0,bus_003,77.641642,12.918055,42.93,bus,13.66,92.38,377125912#2_0,0.00
513.0,car_001,77.681895,12.930270,82.99,car,16.05,108.58,1214433052#4_0,0.00
513.0,car_002,77.677982,12.930869,117.05,car,3.90,31.15,-25187665#1_0,0.00
513.0,car_003,77.679685,12.929912,77.97,car,16.65,14.39,1214433052#1_0,0.00
513.0,car_004,77.678789,12.930221,159.81,car,13.41,26.77,1214433053_0,0.00
513.0,car_005,77.678226,12.930822,103.17,car,5.45,58.29,-25187665#1_0,0.00
513.0,car_006,77.676543,12.928436,356.38,car,16.55,8.01,543259514#9_0,0.00
513.0,car_007,77.675758,12.925808,63.60,car,15.61,82.04,1146865108#11_1,0.00
513.0,car_008,77.678208,12.930857,283.19,car,5.30,10.40,25187665#1_0,0.00
513.0,car_009,77.678200,12.930195,65.74,car,15.77,63.30,-367594184#1_0,0.00
513.0,car_010,77.676389,12.929673,337.40,car,6.05,2.19,:cluster_274569309_274570242_4_0,0.00
513.0,truck_001,77.662238,12.921452,103.79,truck,13.48,787.88,377105485_1,0.00
513.0,truck_002,77.647322,12.924012,57.77,truck,12.74,327.38,377125912#6_0,0.00
513.0,truck_003,77.634817,12.916324,93.95,truck,13.41,267.28,380707230#0_0,0.00
514.0,bike_001,77.678345,12.930752,152.39,motorcycle,6.08,8.49,:1387622103_6_0,0.00
514.0,bike_002,77.670376,12.923269,66.66,motorcycle,15.34,84.50,543259500#1-AddedOnRampEdge_1,0.00
514.0,bike_003,77.676725,12.930002,88.52,motorcycle,16.60,31.75,-367594184#3_0,0.00
514.0,bike_004,77.676332,12.929871,352.86,motorcycle,9.03,25.03,:cluster_274569309_274570242_4_0,0.00
514.0,bike_005,77.676539,12.927699,4.01,motorcycle,15.33,20.16,543259514#6_0,0.00
514.0,bus_001,77.669901,12.923050,62.34,bus,13.51,27.51,543259500#1-AddedOnRampEdge_1,0.00
514.0,bus_002,77.656328,12.923281,107.63,bus,13.44,114.19,377105485_0,0.00
514.0,bus_003,77.641729,12.918148,41.91,bus,13.88,106.26,377125912#2_0,0.00
514.0,car_001,77.682043,12.930287,82.99,car,16.17,124.75,1214433052#4_0,0.00
514.0,car_002,77.678017,12.930857,109.85,car,4.06,35.21,-25187665#1_0,0.00
514.0,car_003,77.679826,12.929940,77.97,car,15.66,30.05,1214433052#1_0,0.00
514.0,car_004,77.678837,12.930087,159.81,car,15.70,42.47,1214433053_0,0.00
514.0,car_005,77.678260,12.930814,103.17,car,3.79,62.07,-25187665#1_0,0.00
514.0,car_006,77.676536,12.928583,356.58,car,16.36,13.44,:3141473138_4_0,0.00
514.0,car_007,77.675889,12.925870,63.60,car,15.77,97.80,1146865108#11_1,0.00
514.0,car_008,77.678160,12.930866,280.29,car,5.35,15.75,25187665#1_0,0.00
514.0,car_009,77.678317,12.930246,65.74,car,13.97,77.27,-367594184#1_0,0.00
514.0,car_010,77.676366,12.929734,339.13,car,7.12,9.31,:cluster_274569309_274570242_4_0,0.00
514.0,truck_001,77.662361,12.921420,104.20,truck,13.77,801.65,377105485_1,0.00
514.0,truck_002,77.647421,12.924060,63.50,truck,13.03,8.51,:1645178560_2_0,0.00
514.0,truck_003,77.634938,12.916315,93.57,truck,13.65,4.66,:1653906436_1_0,0.00
515.0,bike_001,77.678365,12.930676,166.04,motorcycle,8.68,4.68,490290343_0,0.00
515.0,bike_002,77.670496,12.923318,66.74,motorcycle,14.18,4.50,:543259500#1-AddedOnRampNode_0_0,0.00
515.0,bike_003,77.676879,12.930004,88.52,motorcycle,16.67,48.42,-367594184#3_0,0.00
515.0,bike_004,77.676357,12.929973,24.62,motorcycle,12.11,37.13,:cluster_274569309_274570242_4_0,0.00
515.0,bike_005,77.676546,12.927828,2.52,motorcycle,14.30,13.08,:3141473150_7_0,0.00
515.0,bus_001,77.670012,12.923104,63.14,bus,13.50,41.01,543259500#1-AddedOnRampEdge_1,0.00
515.0,bus_002,77.656447,12.923243,107.63,bus,13.52,127.71,377105485_0,0.00
515.0,bus_003,77.641813,12.918237,41.87,bus,13.41,119.68,377125912#2_0,0.00
515.0,car_001,77.682190,12.930303,82.95,car,16.03,140.78,1214433052#4_0,0.00
515.0,car_002,77.678057,12.930851,97.64,car,4.41,39.62,-25187665#1_0,0.00
515.0,car_003,77.679974,12.929969,77.97,car,16.36,46.41,1214433052#1_0,0.00
515.0,car_004,77.678885,12.929955,159.81,car,15.55,58.02,1214433053_0,0.00
515.0,car_005,77.678302,12.930803,105.51,car,4.66,0.91,:1387622103_6_0,0.00
515.0,car_006,77.676525,12.928732,352.92,car,16.50,15.51,543259514#10_0,0.00
515.0,car_007,77.676019,12.925932,63.60,car,15.74,113.54,1146865108#11_1,0.00
515.0,car_008,77.678106,12.930874,277.61,car,5.84,21.59,25187665#1_0,0.00
515.0,car_009,77.678395,12.930290,58.30,car,9.77,87.04,-367594184#1_0,0.00
515.0,car_010,77.676340,12.929805,339.44,car,8.37,17.68,:cluster_274569309_274570242_4_0,0.00
515.0,truck_001,77.662480,12.921389,104.29,truck,13.42,815.07,377105485_1,0.00
515.0,truck_002,77.647534,12.924115,62.84,truck,13.05,9.60,:650141496_0_0,0.00
515.0,truck_003,77.635069,12.916310,91.90,truck,13.60,4.61,:11977577698_3_0,0.00
516.0,bike_001,77.678387,12.930585,166.04,motorcycle,10.33,15.01,490290343_0,0.00
516.0,bike_002,77.670625,12.923371,66.66,motorcycle,15.17,11.67,543259500#1_0,0.00
516.0,bike_003,77.677016,12.930008,86.89,motorcycle,14.87,6.99,:3170006930_7_0,0.00
516.0,bike_004,77.676466,12.929998,88.52,motorcycle,12.27,3.56,-367594184#3_0,0.00
516.0,bike_005,77.676550,12.927969,0.97,motorcycle,15.61,14.36,543259514#7_0,0.00
516.0,bus_001,77.670127,12.923159,63.55,bus,13.88,54.89,543259500#1-AddedOnRampEdge_1,0.00
516.0,bus_002,77.656567,12.923202,108.50,bus,13.81,141.52,377105485_0,0.00
516.0,bus_003,77.641897,12.918331,40.69,bus,13.81,133.48,377125912#2_0,0.00
516.0,car_001,77.682333,12.930319,82.99,car,15.65,156.43,1214433052#4_0,0.00
516.0,car_002,77.678102,12.930845,97.64,car,4.86,44.48,-25187665#1_0,0.00
516.0,car_003,77.680117,12.929998,77.97,car,15.81,62.22,1214433052#1_0,0.00
516.0,car_004,77.678934,12.929820,159.81,car,15.86,73.88,1214433053_0,0.00
516.0,car_005,77.678341,12.930760,144.52,car,6.60,7.50,:1387622103_6_0,0.00
516.0,car_006,77.676508,12.928881,352.92,car,16.60,32.12,543259514#10_0,0.00
516.0,car_007,77.676122,12.925980,63.60,car,12.37,125.91,1146865108#11_1,0.00
516.0,car_008,77.678050,12.930882,277.61,car,6.16,27.75,25187665#1_0,0.00
516.0,car_009,77.678436,12.930316,55.65,car,5.27,1.11,:4824673767_4_0,0.00
516.0,car_010,77.676330,12.929892,352.86,car,9.73,27.41,:cluster_274569309_274570242_4_0,0.00
516.0,truck_001,77.662601,12.921357,104.29,truck,13.62,828.69,377105485_1,0.00
516.0,truck_002,77.647642,12.924165,64.29,truck,13.07,8.96,379308034_0,0.00
516.0,truck_003,77.635197,12.916304,91.89,truck,13.83,9.02,380707230#2_0,0.00
517.0,bike_001,77.678412,12.930486,166.04,motorcycle,11.36,26.37,490290343_0,0.00
517.0,bike_002,77.670748,12.923424,63.61,motorcycle,14.53,26.20,543259500#1_0,0.00
517.0,bike_003,77.677158,12.930016,85.18,motorcycle,15.49,8.29,-367594184#2_0,0.00
517.0,bike_004,77.676596,12.930000,88.52,motorcycle,14.18,17.74,-367594184#3_0,0.00
517.0,bike_005,77.676552,12.928100,359.96,motorcycle,14.48,12.33,:274569348_4_0,0.00
517.0,bus_001,77.670241,12.923212,63.83,bus,13.71,68.60,543259500#1-AddedOnRampEdge_1,0.00
517.0,bus_002,77.656682,12.923162,109.04,bus,13.31,154.83,377105485_0,0.00
517.0,bus_003,77.641979,12.918423,40.69,bus,13.46,146.94,377125912#2_0,0.00
517.0,car_001,77.682481,12.930335,82.99,car,16.15,172.58,1214433052#4_0,0.00
517.0,car_002,77.678145,12.930839,97.64,car,4.78,49.25,-25187665#1_0,0.00
517.0,car_003,77.680256,12.930025,77.97,car,15.44,77.67,1214433052#1_0,0.00
517.0,car_004,77.679056,12.929780,77.17,car,15.66,89.54,1214433053_0,0.00
517.0,car_005,77.678363,12.930686,165.59,car,8.50,3.51,490290343_0,0.00
517.0,car_006,77.676491,12.929026,352.86,car,16.15,12.12,:3141473135_4_0,0.00
517.0,car_007,77.676196,12.926017,62.57,car,8.95,7.88,:9830778271_9_0,0.00
517.0,car_008,77.678005,12.930890,280.84,car,5.07,32.82,25187665#1_0,0.00
517.0,car_009,77.678462,12.930370,15.43,car,6.95,4.94,:4824673767_10_0,0.00
517.0,car_010,77.676377,12.929981,46.40,car,12.03,39.45,:cluster_274569309_274570242_4_0,0.00
517.0,truck_001,77.662723,12.921326,104.29,truck,13.68,842.37,377105485_1,0.00
517.0,truck_002,77.647751,12.924214,64.78,truck,12.97,21.93,379308034_0,0.00
517.0,truck_003,77.635324,12.916299,91.90,truck,13.75,22.77,380707230#2_0,0.00
518.0,bike_001,77.678425,12.930430,166.04,motorcycle,6.36,32.73,490290343_0,0.00
518.0,bike_002,77.670868,12.923481,63.62,motorcycle,14.54,40.74,543259500#1_0,0.00
518.0,bike_003,77.677303,12.930027,85.18,motorcycle,15.81,24.10,-367594184#2_0,0.00
518.0,bike_004,77.676734,12.930002,88.52,motorcycle,14.92,32.66,-367594184#3_0,0.00
518.0,bike_005,77.676551,12.928228,358.84,motorcycle,14.22,12.21,543259514#8_0,0.00
518.0,bus_001,77.670358,12.923262,66.34,bus,13.84,82.44,543259500#1-AddedOnRampEdge_1,0.00
518.0,bus_002,77.656801,12.923120,109.04,bus,13.80,168.63,377105485_0,0.00
518.0,bus_003,77.642057,12.918516,38.80,bus,13.36,160.30,377125912#2_0,0.00
518.0,car_001,77.682622,12.930351,82.99,car,15.40,187.98,1214433052#4_0,0.00
518.0,car_002,77.678180,12.930833,98.34,car,3.89,53.14,-25187665#1_0,0.00
518.0,car_003,77.680402,12.930054,77.97,car,16.21,93.88,1214433052#1_0,0.00
518.0,car_004,77.679200,12.929811,77.17,car,16.06,105.60,1214433053_0,0.00
518.0,car_005,77.678384,12.930600,166.04,car,9.87,13.39,490290343_0,0.00
518.0,car_006,77.676475,12.929168,352.80,car,15.84,13.55,543259514#11_0,0.00
518.0,car_007,77.676254,12.926059,45.86,car,8.23,0.60,:7097308434_3_0,0.00
518.0,car_008,77.677959,12.930914,297.06,car,5.66,38.48,25187665#1_0,0.00
518.0,car_009,77.678451,12.930446,347.74,car,8.48,2.99,-490290342_0,0.00
518.0,car_010,77.676499,12.929999,88.52,car,13.56,7.17,-367594184#3_0,0.00
518.0,truck_001,77.662861,12.921319,104.29,truck,13.76,856.12,377105485_2,0.00
518.0,truck_002,77.647863,12.924255,69.57,truck,13.07,35.00,379308034_0,0.00
518.0,truck_003,77.635448,12.916293,91.90,truck,13.45,36.22,380707230#2_0,0.00
519.0,bike_001,77.678444,12.930376,155.31,motorcycle,6.30,3.35,:4824673767_7_0,0.00
519.0,bike_002,77.670982,12.923535,63.62,motorcycle,13.76,54.50,543259500#1_0,0.00
519.0,bike_003,77.677436,12.930037,85.18,motorcycle,14.50,38.60,-367594184#2_0,0.00
519.0,bike_004,77.676871,12.930004,88.52,motorcycle,14.93,47.58,-367594184#3_0,0.00
519.0,bike_005,77.676547,12.928362,357.64,motorcycle,14.78,14.14,:3141473140_4_0,0.00
519.0,bus_001,77.670473,12.923309,66.67,bus,13.50,1.75,:543259500#1-AddedOnRampNode_0_0,0.00
519.0,bus_002,77.656918,12.923079,109.04,bus,13.41,182.04,377105485_0,0.00
519.0,bus_003,77.642135,12.918615,36.74,bus,13.79,174.09,377125912#2_0,0.00
519.0,car_001,77.682772,12.930367,82.99,car,16.42,204.41,1214433052#4_0,0.00
519.0,car_002,77.678218,12.930824,103.17,car,4.23,57.37,-25187665#1_0,0.00
519.0,car_003,77.680542,12.930082,77.98,car,15.43,6.12,:12956054087_3_0,0.00
519.0,car_004,77.679346,12.929842,77.17,car,16.22,121.82,1214433053_0,0.00
519.0,car_005,77.678403,12.930519,166.04,car,9.16,22.55,490290343_0,0.00
519.0,car_006,77.676457,12.929308,351.79,car,15.65,6.13,:3141473132_4_0,0.00
519.0,car_007,77.676269,12.926146,8.61,car,9.74,2.02,543259514#1_0,0.00
519.0,car_008,77.677915,12.930936,297.06,car,5.31,43.79,25187665#1_0,0.00
519.0,car_009,77.678429,12.930538,346.07,car,10.49,13.47,-490290342_0,0.00
519.0,car_010,77.676641,12.930001,88.52,car,15.39,22.55,-367594184#3_0,0.00
519.0,truck_001,77.662973,12.921292,103.27,truck,13.55,2.51,1303669679_2,0.00
519.0,truck_002,77.647978,12.924288,73.07,truck,13.02,48.02,379308034_0,0.00
519.0,truck_003,77.635575,12.916286,92.71,truck,13.86,50.08,380707230#2_0,0.00
520.0,bike_001,77.678508,12.930359,84.16,motorcycle,7.69,11.03,:4824673767_7_0,0.00
520.0,bike_002,77.671095,12.923588,63.62,motorcycle,13.55,68.05,543259500#1_0,0.00
520.0,bike_003,77.677585,12.930050,83.05,motorcycle,16.24,8.57,:4447421339_7_0,0.00
520.0,bike_004,77.677015,12.930008,86.89,motorcycle,15.69,6.98,:3170006930_7_0,0.00
520.0,bike_005,77.676540,12.928503,356.58,motorcycle,15.67,4.54,:3141473138_4_0,0.00
520.0,bus_001,77.670589,12.923356,66.69,bus,13.63,7.38,543259500#1_0,0.00
520.0,bus_002,77.657036,12.923038,109.04,bus,13.68,195.72,377105485_0,0.00
520.0,bus_003,77.642211,12.918714,36.33,bus,13.69,187.79,377125912#2_0,0.00
520.0,car_001,77.682920,12.930383,82.99,car,16.22,220.62,1214433052#4_0,0.00
520.0,car_002,77.678253,12.930816,103.17,car,3.86,61.23,-25187665#1_0,0.00
520.0,car_003,77.680684,12.930110,77.92,car,15.75,9.33,1214433052#3_0,0.00
520.0,car_004,77.679491,12.929873,77.42,car,16.09,7.33,:7328379200_7_0,0.00
520.0,car_005,77.678421,12.930447,166.04,car,8.17,30.72,490290343_0,0.00
520.0,car_006,77.676436,12.929452,351.01,car,16.05,2.01,:274569328_0_0,0.00
520.0,car_007,77.676285,12.926249,8.41,car,11.50,13.53,543259514#1_0,0.00
520.0,car_008,77.677878,12.930979,319.28,car,6.25,50.04,25187665#1_0,0.00
520.0,car_009,77.678402,12.930649,346.07,car,12.65,26.12,-490290342_0,0.00
520.0,car_010,77.676775,12.930003,88.52,car,14.63,37.18,-367594184#3_0,0.00
520.0,truck_001,77.663095,12.921264,102.61,truck,13.56,16.07,1303669679_2,0.00
520.0,truck_002,77.648090,12.924319,73.63,truck,12.72,60.75,379308034_0,0.00
520.0,truck_003,77.635700,12.916273,95.79,truck,13.52,63.60,380707230#2_0,0.00
521.0,bike_001,77.678573,12.930383,66.32,motorcycle,7.55,2.79,:274570292_3_0,0.00
521.0,bike_002,77.671226,12.923650,63.62,motorcycle,15.77,83.82,543259500#1_0,0.00
521.0,bike_003,77.677723,12.930069,80.76,motorcycle,15.07,9.34,-367594184#1_0,0.00
521.0,bike_004,77.677154,12.930016,85.18,motorcycle,15.13,7.92,-367594184#2_0,0.00
521.0,bike_005,77.676533,12.928650,356.84,motorcycle,16.25,6.36,543259514#10_0,0.00
521.0,bus_001,77.670705,12.923404,66.66,bus,13.71,21.08,543259500#1_0,0.00
521.0,bus_002,77.657152,12.922997,109.04,bus,13.38,209.10,377105485_0,0.00
521.0,bus_003,77.642284,12.918814,35.32,bus,13.55,201.34,377125912#2_0,0.00
521.0,car_001,77.683023,12.930452,23.80,car,15.51,236.14,1214433052#4_0,0.00
521.0,car_002,77.678291,12.930807,103.17,car,4.26,65.50,-25187665#1_0,0.00
521.0,car_003,77.680823,12.930138,78.16,car,15.44,6.01,:13787553887_2_0,0.00
521.0,car_004,77.679630,12.929901,77.92,car,15.43,8.35,1214433052#1_0,0.00
521.0,car_005,77.678429,12.930415,166.04,car,3.67,34.39,490290343_0,0.00
521.0,car_006,77.676421,12.929556,351.39,car,11.58,13.59,:274569328_0_0,0.00
521.0,car_007,77.676305,12.926371,8.41,car,13.68,27.20,543259514#1_0,0.00
521.0,car_008,77.677841,12.931021,319.28,car,6.11,56.15,25187665#1_0,0.00
521.0,car_009,77.678380,12.930739,344.89,car,10.26,1.79,:1387622103_4_0,0.00
521.0,car_010,77.676917,12.930005,88.52,car,15.36,52.54,-367594184#3_0,0.00
521.0,truck_001,77.663218,12.921235,102.80,truck,13.74,29.81,1303669679_2,0.00
521.0,truck_002,77.648204,12.924342,78.09,truck,12.64,73.39,379308034_0,0.00
521.0,truck_003,77.635826,12.916259,95.79,truck,13.71,77.31,380707230#2_0,0.00
522.0,bike_001,77.678664,12.930391,91.44,motorcycle,10.01,1.88,1214433053_0,0.00
522.0,bike_002,77.671348,12.923708,64.75,motorcycle,14.75,98.57,543259500#1_0,0.00
522.0,bike_003,77.677874,12.930091,80.76,motorcycle,16.60,25.94,-367594184#1_0,0.00
522.0,bike_004,77.677293,12.930026,85.18,motorcycle,15.07,22.99,-367594184#2_0,0.00
522.0,bike_005,77.676519,12.928791,352.92,motorcycle,15.68,22.04,543259514#10_0,0.00
522.0,bus_001,77.670818,12.923457,63.61,bus,13.58,34.66,543259500#1_0,0.00
522.0,bus_002,77.657269,12.922956,109.04,bus,13.51,222.61,377105485_0,0.00
522.0,bus_003,77.642358,12.918914,35.32,bus,13.70,215.03,377125912#2_0,0.00
522.0,car_001,77.683037,12.930599,1.37,car,16.44,252.58,1214433052#4_0,0.00
522.0,car_002,77.678328,12.930782,125.02,car,4.95,4.62,:1387622103_6_0,0.00
522.0,car_003,77.680974,12.930164,80.56,car,16.65,7.90,1214433052#4_0,0.00
522.0,car_004,77.679772,12.929929,77.97,car,15.67,24.02,1214433052#1_0,0.00
522.0,car_005,77.678453,12.930368,147.88,car,6.05,4.76,:4824673767_7_0,0.00
522.0,car_006,77.676411,12.929619,349.07,car,7.08,4.92,:cluster_11563497460_7328379173_7_0,0.00
522.0,car_007,77.676327,12.926507,8.41,car,15.25,42.45,543259514#1_0,0.00
522.0,car_008,77.677808,12.931060,319.28,car,5.61,61.76,25187665#1_0,0.00
522.0,car_009,77.678336,12.930815,321.08,car,9.87,11.66,:1387622103_4_0,0.00
522.0,car_010,77.677053,12.930010,86.89,car,14.81,11.07,:3170006930_7_0,0.00
522.0,truck_001,77.663341,12.921207,102.80,truck,13.76,43.57,1303669679_2,0.00
522.0,truck_002,77.648321,12.924363,78.93,truck,12.94,86.32,379308034_0,0.00
522.0,truck_003,77.635953,12.916245,95.79,truck,13.89,91.20,380707230#2_0,0.00
523.0,bike_001,77.678749,12.930330,145.31,motorcycle,12.00,13.89,1214433053_0,0.00
523.0,bike_002,77.671467,12.923761,64.75,motorcycle,14.15,112.72,543259500#1_0,0.00
523.0,bike_003,77.678020,12.930128,69.73,motorcycle,16.51,42.45,-367594184#1_0,0.00
523.0,bike_004,77.677440,12.930037,85.18,motorcycle,16.06,39.05,-367594184#2_0,0.00
523.0,bike_005,77.676503,12.928925,352.89,motorcycle,14.99,0.90,:3141473135_4_0,0.00
523.0,bus_001,77.670928,12.923510,63.62,bus,13.30,47.96,543259500#1_0,0.00
523.0,bus_002,77.657387,12.922915,109.04,bus,13.61,236.22,377105485_0,0.00
523.0,bus_003,77.642433,12.919015,35.32,bus,13.75,228.78,377125912#2_0,0.00
523.0,car_001,77.683042,12.930747,1.37,car,16.41,268.98,1214433052#4_0,0.00
523.0,car_002,77.678353,12.930726,159.85,car,6.90,11.52,:1387622103_6_0,0.00
523.0,car_003,77.681124,12.930186,82.73,car,16.42,24.32,1214433052#4_0,0.00
523.0,car_004,77.679911,12.929957,77.97,car,15.41,39.43,1214433052#1_0,0.00
523.0,car_005,77.678519,12.930363,82.06,car,7.59,12.34,:4824673767_7_0,0.00
523.0,car_006,77.676387,12.929678,337.80,car,7.05,2.71,:cluster_274569309_274570242_4_0,0.00
523.0,car_007,77.676350,12.926650,8.41,car,16.00,58.45,543259514#1_0,0.00
523.0,car_008,77.677782,12.931077,307.35,car,3.57,0.10,:3141475567_9_0,0.00
523.0,car_009,77.678292,12.930836,291.91,car,5.37,0.95,25187665#1_0,0.00
523.0,car_010,77.677197,12.930019,85.18,car,15.68,12.56,-367594184#2_0,0.00
523.0,truck_001,77.663465,12.921178,102.80,truck,13.79,57.36,1303669679_2,0.00
523.0,truck_002,77.648439,12.924383,79.52,truck,13.09,99.41,379308034_0,0.00
523.0,truck_003,77.636080,12.916231,95.79,truck,13.82,105.01,380707230#2_0,0.00
524.0,bike_001,77.678794,12.930207,159.81,motorcycle,14.49,28.38,1214433053_0,0.00
524.0,bike_002,77.671599,12.923821,64.75,motorcycle,15.81,128.53,543259500#1_0,0.00
524.0,bike_003,77.678154,12.930176,68.41,motorcycle,15.42,57.88,-367594184#1_0,0.00
524.0,bike_004,77.677589,12.930051,83.05,motorcycle,16.21,8.99,:4447421339_7_0,0.00
524.0,bike_005,77.676486,12.929074,352.80,motorcycle,16.57,3.06,543259514#11_0,0.00
524.0,bus_001,77.671042,12.923564,63.62,bus,13.74,61.71,543259500#1_0,0.00
524.0,bus_002,77.657504,12.922874,109.04,bus,13.48,249.70,377105485_0,0.00
524.0,bus_003,77.642505,12.919114,35.32,bus,13.43,242.21,377125912#2_0,0.00
524.0,car_001,77.683047,12.930887,1.38,car,15.50,9.34,:3778310159_7_0,0.00
524.0,car_002,77.678369,12.930662,166.04,car,7.22,6.25,490290343_0,0.00
524.0,car_003,77.681273,12.930202,83.04,car,16.30,40.62,1214433052#4_0,0.00
524.0,car_004,77.680055,12.929985,77.97,car,15.91,55.34,1214433052#1_0,0.00
524.0,car_005,77.678581,12.930385,67.34,car,7.13,3.68,:274570292_3_0,0.00
524.0,car_006,77.676358,12.929755,339.13,car,9.08,11.80,:cluster_274569309_274570242_4_0,0.00
524.0,car_007,77.676375,12.926796,9.00,car,16.47,12.76,:cluster_12145839287_3868740751_9_0,0.00
524.0,car_008,77.677773,12.931055,227.01,car,3.12,3.22,:3141475567_9_0,0.00
524.0,car_009,77.678250,12.930847,283.19,car,4.79,5.75,25187665#1_0,0.00
524.0,car_010,77.677341,12.930030,85.18,car,15.64,28.21,-367594184#2_0,0.00
524.0,truck_001,77.663589,12.921148,103.20,truck,13.86,4.29,:1083500526_3_2,0.00
524.0,truck_002,77.648557,12.924399,81.94,truck,13.00,112.42,379308034_0,0.00
524.0,truck_003,77.636205,12.916217,95.79,truck,13.62,118.63,380707230#2_0,0.00
525.0,bike_001,77.678843,12.930072,159.81,motorcycle,15.91,44.29,1214433053_0,0.00
525.0,bike_002,77.671723,12.923877,64.75,motorcycle,14.80,143.34,543259500#1_0,0.00
525.0,bike_003,77.678275,12.930228,65.74,motorcycle,14.36,72.23,-367594184#1_0,0.00
525.0,bike_004,77.677727,12.930069,80.76,motorcycle,15.15,9.85,-367594184#1_0,0.00
525.0,bike_005,77.676469,12.929217,352.80,motorcycle,15.97,19.03,543259514#11_0,0.00
525.0,bus_001,77.671155,12.923617,63.62,bus,13.60,75.31,543259500#1_0,0.00
525.0,bus_002,77.657622,12.922833,109.04,bus,13.69,263.39,377105485_0,0.00
525.0,bus_003,77.642578,12.919212,35.32,bus,13.43,255.64,377125912#2_0,0.00
525.0,car_001,77.683052,12.931027,1.36,car,15.58,10.41,36962151#3_0,0.00
525.0,car_002,77.678388,12.930584,166.04,car,8.87,15.12,490290343_0,0.00
525.0,car_003,77.681420,12.930218,82.99,car,16.12,56.73,1214433052#4_0,0.00
525.0,car_004,77.680202,12.930015,77.97,car,16.35,71.69,1214433052#1_0,0.00
525.0,car_005,77.678665,12.930390,90.87,car,9.25,2.01,1214433053_0,0.00
525.0,car_006,77.676337,12.929832,348.88,car,8.97,20.77,:cluster_274569309_274570242_4_0,0.00
525.0,car_007,77.676401,12.926936,10.46,car,15.70,7.42,543259514#3_0,0.00
525.0,car_008,77.677793,12.931032,147.74,car,3.36,3.35,-25187665#1_0,0.00
525.0,car_009,77.678196,12.930859,283.19,car,5.95,11.69,25187665#1_0,0.00
525.0,car_010,77.677490,12.930041,85.18,car,16.29,44.49,-367594184#2_0,0.00
525.0,truck_001,77.663711,12.921115,104.83,truck,13.59,8.65,377105483#0_2,0.00
525.0,truck_002,77.648673,12.924414,81.94,truck,12.71,125.12,379308034_0,0.00
525.0,truck_003,77.636331,12.916204,95.79,truck,13.74,132.37,380707230#2_0,0.00
526.0,bike_001,77.678888,12.929946,159.81,motorcycle,14.71,59.00,1214433053_0,0.00
526.0,bike_002,77.671852,12.923935,64.41,motorcycle,15.43,4.75,:307401420_0_0,0.00
526.0,bike_003,77.678367,12.930273,58.30,motorcycle,11.24,83.47,-367594184#1_0,0.00
526.0,bike_004,77.677865,12.930090,80.76,motorcycle,15.07,24.93,-367594184#1_0,0.00
526.0,bike_005,77.676450,12.929361,351.79,motorcycle,16.03,11.98,:3141473132_4_0,0.00
526.0,bus_001,77.671268,12.923670,63.62,bus,13.58,88.89,543259500#1_0,0.00
526.0,bus_002,77.657741,12.922791,109.04,bus,13.71,277.10,377105485_0,0.00
526.0,bus_003,77.642653,12.919314,35.32,bus,13.84,269.48,377125912#2_0,0.00
526.0,car_001,77.683057,12.931170,1.36,car,15.79,26.20,36962151#3_0,0.00
526.0,car_002,77.678411,12.930486,166.04,car,11.16,26.28,490290343_0,0.00
526.0,car_003,77.681567,12.930234,82.99,car,16.04,72.77,1214433052#4_0,0.00
526.0,car_004,77.680345,12.930043,77.97,car,15.86,87.55,1214433052#1_0,0.00
526.0,car_005,77.678747,12.930335,132.55,car,11.28,13.29,1214433053_0,0.00
526.0,car_006,77.676332,12.929919,0.33,car,9.79,30.56,:cluster_274569309_274570242_4_0,0.00
526.0,car_007,77.676428,12.927077,9.28,car,15.88,7.04,:3141452122_9_0,0.00
526.0,car_008,77.677823,12.930997,139.27,car,5.08,8.43,-25187665#1_0,0.00
526.0,car_009,77.678150,12.930867,278.95,car,5.13,16.83,25187665#1_0,0.00
526.0,car_010,77.677635,12.930056,83.05,car,15.79,14.02,:4447421339_7_0,0.00
526.0,truck_001,77.663832,12.921082,105.20,truck,13.70,22.35,377105483#0_2,0.00
526.0,truck_002,77.648791,12.924424,84.24,truck,12.85,137.97,379308034_0,0.00
526.0,truck_003,77.636457,12.916190,95.79,truck,13.71,146.08,380707230#2_0,0.00
527.0,bike_001,77.678937,12.929812,159.81,motorcycle,15.79,74.79,1214433053_0,0.00
527.0,bike_002,77.671979,12.923994,64.11,motorcycle,15.18,10.47,1146865108#0_0,0.00
527.0,bike_003,77.678419,12.930303,58.30,motorcycle,6.55,90.02,-367594184#1_0,0.00
527.0,bike_004,77.678002,12.930122,69.73,motorcycle,15.44,40.36,-367594184#1_0,0.00
527.0,bike_005,77.676431,12.929492,351.39,motorcycle,14.62,6.44,:274569328_0_0,0.00
527.0,bus_001,77.671382,12.923723,64.25,bus,13.76,102.65,543259500#1_0,0.00
527.0,bus_002,77.657860,12.922749,109.04,bus,13.79,290.89,377105485_0,0.00
527.0,bus_003,77.642726,12.919413,35.32,bus,13.48,282.96,377125912#2_0,0.00
527.0,car_001,77.683062,12.931314,1.36,car,15.95,42.15,36962151#3_0,0.00
527.0,car_002,77.678426,12.930428,166.04,car,6.66,32.94,490290343_0,0.00
527.0,car_003,77.681719,12.930251,82.99,car,16.56,89.33,1214433052#4_0,0.00
527.0,car_004,77.680493,12.930072,77.97,car,16.33,0.68,:12956054087_3_0,0.00
527.0,car_005,77.678789,12.930219,159.81,car,13.64,26.93,1214433053_0,0.00
527.0,car_006,77.676381,12.929982,52.02,car,9.39,39.95,:cluster_274569309_274570242_4_0,0.00
527.0,car_007,77.676451,12.927215,8.19,car,15.55,0.02,:cluster_3141452121_3141473146_9_0,0.00
527.0,car_008,77.677856,12.930959,139.27,car,5.52,13.95,-25187665#1_0,0.00
527.0,car_009,77.678097,12.930875,277.61,car,5.83,22.65,25187665#1_0,0.00
527.0,car_010,77.677775,12.930077,80.76,car,15.38,15.11,-367594184#1_0,0.00
527.0,truck_001,77.663950,12.921049,105.22,truck,13.62,3.05,:377105483#0-AddedOffRampNode_0_4,0.00
527.0,truck_002,77.648910,12.924433,85.39,truck,13.09,151.06,379308034_0,0.00
527.0,truck_003,77.636581,12.916176,95.79,truck,13.46,159.54,380707230#2_0,0.00
528.0,bike_001,77.679052,12.929780,77.17,motorcycle,14.36,89.15,1214433053_0,0.00
528.0,bike_002,77.672093,12.924047,64.11,motorcycle,13.73,24.20,1146865108#0_0,0.00
528.0,bike_003,77.678456,12.930342,27.09,motorcycle,5.95,1.66,:4824673767_10_0,0.00
528.0,bike_004,77.678139,12.930170,69.73,motorcycle,15.77,56.14,-367594184#1_0,0.00
528.0,bike_005,77.676418,12.929578,351.98,motorcycle,9.62,0.31,:cluster_11563497460_7328379173_7_0,0.00
528.0,bus_001,77.671498,12.923775,64.75,bus,13.80,116.45,543259500#1_0,0.00
528.0,bus_002,77.657977,12.922709,109.04,bus,13.47,304.36,377105485_0,0.00
528.0,bus_003,77.642798,12.919510,35.32,bus,13.33,296.29,377125912#2_0,0.00
528.0,car_001,77.683067,12.931454,1.37,car,15.49,57.65,36962151#3_0,0.00
528.0,car_002,77.678430,12.930409,166.04,car,2.16,35.09,490290343_0,0.00
528.0,car_003,77.681870,12.930268,82.99,car,16.57,105.90,1214433052#4_0,0.00
528.0,car_004,77.680638,12.930101,77.86,car,16.17,4.31,1214433052#3_0,0.00
528.0,car_005,77.678837,12.930087,159.81,car,15.56,42.49,1214433053_0,0.00
528.0,car_006,77.676471,12.929998,87.14,car,10.01,4.11,-367594184#3_0,0.00
528.0,car_007,77.676478,12.927359,10.08,car,16.14,16.16,:cluster_3141452121_3141473146_9_0,0.00
528.0,car_008,77.677887,12.930923,139.27,car,5.14,19.09,-25187665#1_0,0.00
528.0,car_009,77.678050,12.930882,277.61,car,5.13,27.78,25187665#1_0,0.00
528.0,car_010,77.677920,12.930098,80.76,car,15.94,31.05,-367594184#1_0,0.00
528.0,truck_001,77.664064,12.921017,105.26,truck,13.51,7.83,377105483#0-AddedOffRampEdge_4,0.00
528.0,truck_002,77.649027,12.924441,85.39,truck,12.76,163.82,379308034_0,0.00
528.0,truck_003,77.636704,12.916161,96.75,truck,13.50,173.03,380707230#2_0,0.00
529.0,bike_001,77.679196,12.929810,77.17,motorcycle,15.92,105.07,1214433053_0,0.00
529.0,bike_002,77.672220,12.924105,64.11,motorcycle,15.25,39.45,1146865108#0_0,0.00
529.0,bike_003,77.678459,12.930409,351.06,motorcycle,7.58,9.24,:4824673767_10_0,0.00
529.0,bike_004,77.678264,12.930223,65.74,motorcycle,14.76,70.90,-367594184#1_0,0.00
529.0,bike_005,77.676408,12.929626,342.93,motorcycle,5.53,5.84,:cluster_11563497460_7328379173_7_0,0.00
529.0,bus_001,77.671610,12.923826,64.75,bus,13.37,129.82,543259500#1_0,0.00
529.0,bus_002,77.658096,12.922667,109.04,bus,13.73,318.09,377105485_0,0.00
529.0,bus_003,77.642873,12.919611,35.32,bus,13.73,310.02,377125912#2_0,0.00
529.0,car_001,77.683178,12.931550,60.19,car,16.57,0.96,:429783956_3_0,0.00
529.0,car_002,77.678431,12.930406,166.04,car,0.31,35.40,490290343_0,0.00
529.0,car_003,77.682014,12.930284,82.99,car,15.71,121.61,1214433052#4_0,0.00
529.0,car_004,77.680780,12.930129,78.07,car,15.70,1.25,:13787553887_2_0,0.00
529.0,car_005,77.678888,12.929949,159.81,car,16.25,58.73,1214433053_0,0.00
529.0,car_006,77.676579,12.930000,88.52,car,11.80,15.92,-367594184#3_0,0.00
529.0,car_007,77.676505,12.927497,10.08,car,15.54,31.70,:cluster_3141452121_3141473146_9_0,0.00
529.0,car_008,77.677935,12.930894,117.05,car,6.25,25.34,-25187665#1_0,0.00
529.0,car_009,77.678004,12.930891,281.38,car,5.17,32.95,25187665#1_0,0.00
529.0,car_010,77.678054,12.930140,69.73,car,15.30,46.34,-367594184#1_0,0.00
529.0,truck_001,77.664181,12.920985,105.25,truck,13.43,21.25,377105483#0-AddedOffRampEdge_4,0.00
529.0,truck_002,77.649146,12.924449,85.39,truck,12.91,176.73,379308034_0,0.00
529.0,truck_003,77.636830,12.916145,96.76,truck,13.70,186.73,380707230#2_0,0.00
530.0,bike_001,77.679344,12.929842,77.17,motorcycle,16.53,121.60,1214433053_0,0.00
530.0,bike_002,77.672344,12.924163,64.85,motorcycle,14.95,54.40,1146865108#0_0,0.00
530.0,bike_003,77.678446,12.930469,346.07,motorcycle,6.87,5.67,-490290342_0,0.00
530.0,bike_004,77.678354,12.930265,58.30,motorcycle,10.94,81.83,-367594184#1_0,0.00
530.0,bike_005,77.676379,12.929700,339.13,motorcycle,8.72,5.30,:cluster_274569309_274570242_4_0,0.00
530.0,bus_001,77.671722,12.923876,64.75,bus,13.40,143.22,543259500#1_0,0.00
530.0,bus_002,77.658216,12.922625,109.04,bus,13.82,331.91,377105485_0,0.00
530.0,bus_003,77.642946,12.919710,35.32,bus,13.50,323.52,377125912#2_0,0.00
530.0,car_001,77.683313,12.931601,71.47,car,15.80,4.27,36962151#7_0,0.00
530.0,car_002,77.678431,12.930405,166.04,car,0.11,35.51,490290343_0,0.00
530.0,car_003,77.682157,12.930299,82.98,car,15.63,137.24,1214433052#4_0,0.00
530.0,car_004,77.680923,12.930157,79.02,car,15.76,2.26,1214433052#4_0,0.00
530.0,car_005,77.678937,12.929811,159.81,car,16.13,74.87,1214433053_0,0.00
530.0,car_006,77.676708,12.930002,88.52,car,13.96,29.88,-367594184#3_0,0.00
530.0,car_007,77.676533,12.927633,10.82,car,15.42,12.84,543259514#6_0,0.00
530.0,car_008,77.677980,12.930870,117.05,car,5.53,30.87,-25187665#1_0,0.00
530.0,car_009,77.677964,12.930911,297.06,car,4.87,37.82,25187665#1_0,0.00
530.0,car_010,77.678179,12.930186,66.51,car,14.50,60.85,-367594184#1_0,0.00
530.0,truck_001,77.664298,12.920952,105.25,truck,13.54,34.80,377105483#0-AddedOffRampEdge_4,0.00
530.0,truck_002,77.649264,12.924457,85.39,truck,12.96,189.69,379308034_0,0.00
530.0,truck_003,77.636953,12.916129,96.76,truck,13.48,200.21,380707230#2_0,0.00
531.0,bike_001,77.679479,12.929870,77.42,motorcycle,14.97,5.99,:7328379200_7_0,0.00
531.0,bike_002,77.672461,12.924215,64.85,motorcycle,13.89,68.29,1146865108#0_0,0.00
531.0,bike_003,77.678428,12.930544,346.07,motorcycle,8.56,14.24,-490290342_0,0.00
531.0,bike_004,77.678421,12.930305,58.30,motorcycle,8.48,90.31,-367594184#1_0,0.00
531.0,bike_005,77.676345,12.929789,339.13,motorcycle,10.60,15.90,:cluster_274569309_274570242_4_0,0.00
531.0,bus_001,77.671834,12.923927,64.67,bus,13.44,2.65,:307401420_0_0,0.00
531.0,bus_002,77.658336,12.922583,109.04,bus,13.87,345.78,377105485_0,0.00
531.0,bus_003,77.643018,12.919809,35.30,bus,13.41,336.93,377125912#2_0,0.00
531.0,car_001,77.683454,12.931646,71.48,car,16.03,20.30,36962151#7_0,0.00
531.0,car_002,77.678431,12.930405,166.04,car,0.08,35.58,490290343_0,0.00
531.0,car_003,77.682301,12.930315,82.99,car,15.70,152.94,1214433052#4_0,0.00
531.0,car_004,77.681069,12.930179,80.56,car,16.03,18.29,1214433052#4_0,0.00
531.0,car_005,77.679072,12.929784,77.17,car,16.46,91.32,1214433053_0,0.00
531.0,car_006,77.676852,12.930004,88.52,car,15.66,45.54,-367594184#3_0,0.00
531.0,car_007,77.676543,12.927776,2.52,car,15.83,7.29,:3141473150_7_0,0.00
531.0,car_008,77.678026,12.930856,105.83,car,5.27,36.13,-25187665#1_0,0.00
531.0,car_009,77.677919,12.930934,297.06,car,5.54,43.36,25187665#1_0,0.00
531.0,car_010,77.678276,12.930228,65.74,car,11.54,72.38,-367594184#1_0,0.00
531.0,truck_001,77.664416,12.920922,103.87,truck,13.54,48.34,377105483#0-AddedOffRampEdge_4,0.00
531.0,truck_002,77.649383,12.924465,85.39,truck,12.95,202.63,379308034_0,0.00
531.0,truck_003,77.637079,12.916113,96.76,truck,13.71,213.92,380707230#2_0,0.00
532.0,bike_001,77.679623,12.929900,77.97,motorcycle,15.91,7.49,1214433052#1_0,0.00
532.0,bike_002,77.672580,12.924268,64.92,motorcycle,14.23,82.52,1146865108#0_0,0.00
532.0,bike_003,77.678405,12.930637,346.07,motorcycle,10.49,24.73,-490290342_0,0.00
532.0,bike_004,77.678463,12.930375,5.01,motorcycle,9.51,5.51,:4824673767_10_0,0.00
532.0,bike_005,77.676330,12.929888,352.86,motorcycle,11.06,26.96,:cluster_274569309_274570242_4_0,0.00
532.0,bus_001,77.671948,12.923979,64.24,bus,13.61,6.79,1146865108#0_0,0.00
532.0,bus_002,77.658453,12.922542,109.04,bus,13.54,359.32,377105485_0,0.00
532.0,bus_003,77.643093,12.919904,37.01,bus,13.47,13.26,:650141428_3_0,0.00
532.0,car_001,77.683593,12.931681,76.74,car,15.64,35.94,36962151#7_0,0.00
532.0,car_002,77.678431,12.930405,166.04,car,0.00,35.59,490290343_0,0.00
532.0,car_003,77.682447,12.930331,82.99,car,16.00,168.94,1214433052#4_0,0.00
532.0,car_004,77.681217,12.930196,83.04,car,16.19,34.48,1214433052#4_0,0.00
532.0,car_005,77.679219,12.929815,77.17,car,16.29,107.62,1214433053_0,0.00
532.0,car_006,77.677000,12.930007,86.89,car,16.06,5.32,:3170006930_7_0,0.00
532.0,car_007,77.676549,12.927925,0.97,car,16.49,9.45,543259514#7_0,0.00
532.0,car_008,77.678076,12.930849,97.64,car,5.56,41.69,-25187665#1_0,0.00
532.0,car_009,77.677882,12.930973,319.28,car,5.93,49.29,25187665#1_0,0.00
532.0,car_010,77.678356,12.930266,60.63,car,9.71,82.09,-367594184#1_0,0.00
532.0,truck_001,77.664536,12.920892,103.85,truck,13.65,61.99,377105483#0-AddedOffRampEdge_4,0.00
532.0,truck_002,77.649499,12.924473,85.39,truck,12.72,215.35,379308034_0,0.00
532.0,truck_003,77.637203,12.916097,96.95,truck,13.54,227.47,380707230#2_0,0.00
533.0,bike_001,77.679766,12.929928,77.97,motorcycle,15.90,23.39,1214433052#1_0,0.00
533.0,bike_002,77.672707,12.924325,64.85,motorcycle,15.19,97.71,1146865108#0_0,0.00
533.0,bike_003,77.678389,12.930706,346.07,motorcycle,7.88,32.61,-490290342_0,0.00
533.0,bike_004,77.678452,12.930445,346.07,motorcycle,7.86,2.93,-490290342_0,0.00
533.0,bike_005,77.676366,12.929977,44.13,motorcycle,11.25,38.21,:cluster_274569309_274570242_4_0,0.00
533.0,bus_001,77.672060,12.924031,64.11,bus,13.44,20.24,1146865108#0_0,0.00
533.0,bus_002,77.658571,12.922501,109.04,bus,13.63,372.95,377105485_0,0.00
533.0,bus_003,77.643173,12.920001,38.57,bus,13.88,12.46,377125912#3_0,0.00
533.0,car_001,77.683743,12.931713,76.74,car,16.65,52.58,36962151#7_0,0.00
533.0,car_002,77.678431,12.930405,166.04,car,0.00,35.59,490290343_0,0.00
533.0,car_003,77.682593,12.930347,82.99,car,15.90,184.84,1214433052#4_0,0.00
533.0,car_004,77.681361,12.930212,83.04,car,15.82,50.30,1214433052#4_0,0.00
533.0,car_005,77.679361,12.929845,77.17,car,15.84,123.46,1214433053_0,0.00
533.0,car_006,77.677148,12.930016,85.18,car,16.04,7.17,-367594184#2_0,0.00
533.0,car_007,77.676552,12.928075,359.96,car,16.64,9.58,:274569348_4_0,0.00
533.0,car_008,77.678130,12.930841,97.64,car,5.91,47.60,-25187665#1_0,0.00
533.0,car_009,77.677852,12.931009,319.28,car,5.15,54.43,25187665#1_0,0.00
533.0,car_010,77.678413,12.930300,58.30,car,7.13,89.21,-367594184#1_0,0.00
533.0,truck_001,77.664654,12.920862,103.70,truck,13.51,75.50,377105483#0-AddedOffRampEdge_4,0.00
533.0,truck_002,77.649616,12.924481,85.39,truck,12.73,228.08,379308034_0,0.00
533.0,truck_003,77.637330,12.916081,96.98,truck,13.85,241.32,380707230#2_0,0.00
534.0,bike_001,77.679914,12.929957,77.97,motorcycle,16.34,39.73,1214433052#1_0,0.00
534.0,bike_002,77.672822,12.924377,64.85,motorcycle,13.73,111.44,1146865108#0_0,0.00
534.0,bike_003,77.678365,12.930777,334.29,motorcycle,8.33,6.36,:1387622103_4_0,0.00
534.0,bike_004,77.678430,12.930534,346.07,motorcycle,10.13,13.06,-490290342_0,0.00
534.0,bike_005,77.676469,12.929998,88.52,motorcycle,11.59,3.95,-367594184#3_0,0.00
534.0,bus_001,77.672172,12.924083,64.11,bus,13.44,33.67,1146865108#0_0,0.00
534.0,bus_002,77.658689,12.922459,109.04,bus,13.57,386.52,377105485_0,0.00
534.0,bus_003,77.643251,12.920094,38.57,bus,13.29,25.75,377125912#3_0,0.00
534.0,car_001,77.683890,12.931744,79.83,car,16.28,68.86,36962151#7_0,0.00
534.0,car_002,77.678431,12.930405,166.04,car,0.00,35.59,490290343_0,0.00
534.0,car_003,77.682737,12.930363,82.99,car,15.76,200.60,1214433052#4_0,0.00
534.0,car_004,77.681503,12.930227,82.99,car,15.48,65.78,1214433052#4_0,0.00
534.0,car_005,77.679505,12.929876,77.42,car,16.02,8.90,:7328379200_7_0,0.00
534.0,car_006,77.677290,12.930026,85.18,car,15.55,22.72,-367594184#2_0,0.00
534.0,car_007,77.676551,12.928215,358.84,car,15.47,10.71,543259514#8_0,0.00
534.0,car_008,77.678187,12.930832,99.25,car,6.28,53.89,-25187665#1_0,0.00
534.0,car_009,77.677823,12.931042,319.28,car,4.82,59.25,25187665#1_0,0.00
534.0,car_010,77.678445,12.930323,52.57,car,4.37,2.38,:4824673767_4_0,0.00
534.0,truck_001,77.664775,12.920835,101.89,truck,13.82,4.88,:2387123504_3_2,0.00
534.0,truck_002,77.649736,12.924489,85.39,truck,13.07,241.15,379308034_0,0.00
534.0,truck_003,77.637456,12.916064,96.98,truck,13.81,255.12,380707230#2_0,0.00
535.0,bike_001,77.680048,12.929984,77.97,motorcycle,14.87,54.60,1214433052#1_0,0.00
535.0,bike_002,77.672946,12.924432,64.85,motorcycle,14.78,126.22,1146865108#0_0,0.00
535.0,bike_003,77.678306,12.930832,293.49,motorcycle,9.14,15.50,:1387622103_4_0,0.00
535.0,bike_004,77.678402,12.930649,346.07,motorcycle,13.10,26.17,-490290342_0,0.00
535.0,bike_005,77.676590,12.930000,88.52,motorcycle,13.07,17.02,-367594184#3_0,0.00
535.0,bus_001,77.672283,12.924135,64.11,bus,13.35,47.02,1146865108#0_0,0.00
535.0,bus_002,77.658809,12.922417,109.04,bus,13.87,400.39,377105485_0,0.00
535.0,bus_003,77.643331,12.920191,38.57,bus,13.79,39.54,377125912#3_0,0.00
535.0,car_001,77.684034,12.931755,84.89,car,15.71,84.57,36962151#7_0,0.00
535.0,car_002,77.678431,12.930405,166.04,car,0.00,35.59,490290343_0,0.00
535.0,car_003,77.682882,12.930379,82.99,car,15.80,216.40,1214433052#4_0,0.00
535.0,car_004,77.681649,12.930243,82.99,car,15.92,81.70,1214433052#4_0,0.00
535.0,car_005,77.679653,12.929906,77.97,car,16.34,10.83,1214433052#1_0,0.00
535.0,car_006,77.677433,12.930036,85.18,car,15.55,38.27,-367594184#2_0,0.00
535.0,car_007,77.676547,12.928356,357.64,car,15.69,13.55,:3141473140_4_0,0.00
535.0,car_008,77.678240,12.930819,103.17,car,5.86,59.75,-25187665#1_0,0.00
535.0,car_009,77.677798,12.931071,319.28,car,4.15,63.40,25187665#1_0,0.00
535.0,car_010,77.678462,12.930371,15.22,car,5.72,4.99,:4824673767_10_0,0.00
535.0,truck_001,77.664879,12.920846,84.02,truck,11.75,16.64,:2387123504_3_2,0.00
535.0,truck_002,77.649855,12.924498,85.39,truck,12.98,254.12,379308034_0,0.00
535.0,truck_003,77.637580,12.916048,96.98,truck,13.48,268.60,380707230#2_0,0.00
536.0,bike_001,77.680189,12.930012,77.97,motorcycle,15.59,70.20,1214433052#1_0,0.00
536.0,bike_002,77.673061,12.924484,64.85,motorcycle,13.72,139.94,1146865108#0_0,0.00
536.0,bike_003,77.678263,12.930843,283.19,motorcycle,4.84,4.26,25187665#1_0,0.00
536.0,bike_004,77.678379,12.930742,342.81,motorcycle,10.52,2.10,:1387622103_4_0,0.00
536.0,bike_005,77.676738,12.930002,88.52,motorcycle,16.15,33.17,-367594184#3_0,0.00
536.0,bus_001,77.672395,12.924185,64.63,bus,13.42,60.45,1146865108#0_0,0.00
536.0,bus_002,77.658926,12.922376,109.04,bus,13.50,413.89,377105485_0,0.00
536.0,bus_003,77.643409,12.920285,38.57,bus,13.51,53.06,377125912#3_0,0.00
536.0,car_001,77.684180,12.931766,85.40,car,15.90,100.47,36962151#7_0,0.00
536.0,car_002,77.678431,12.930405,166.04,car,0.00,35.59,490290343_0,0.00
536.0,car_003,77.683011,12.930426,27.30,car,16.57,232.98,1214433052#4_0,0.00
536.0,car_004,77.681795,12.930259,82.99,car,16.00,97.69,1214433052#4_0,0.00
536.0,car_005,77.679803,12.929936,77.97,car,16.66,27.49,1214433052#1_0,0.00
536.0,car_006,77.677586,12.930050,83.05,car,16.63,8.63,:4447421339_7_0,0.00
536.0,car_007,77.676540,12.928499,356.57,car,15.84,4.12,:3141473138_4_0,0.00
536.0,car_008,77.678296,12.930805,103.76,car,6.31,0.23,:1387622103_6_0,0.00
536.0,car_009,77.677775,12.931075,295.91,car,2.74,0.91,:3141475567_9_0,0.00
536.0,car_010,77.678454,12.930436,348.97,car,7.33,1.88,-490290342_0,0.00
536.0,truck_001,77.664985,12.920861,80.84,truck,11.71,11.41,1240374873#0_2,0.00
536.0,truck_002,77.649974,12.924504,86.37,truck,12.99,267.12,379308034_0,0.00
536.0,truck_003,77.637706,12.916031,97.19,truck,13.81,282.41,380707230#2_0,0.00
537.0,bike_001,77.680325,12.930039,77.97,motorcycle,15.07,85.26,1214433052#1_0,0.00
537.0,bike_002,77.673184,12.924539,64.85,motorcycle,14.72,154.66,1146865108#0_0,0.00
537.0,bike_003,77.678237,12.930850,283.19,motorcycle,2.88,7.14,25187665#1_0,0.00
537.0,bike_004,77.678345,12.930807,320.53,motorcycle,8.19,10.29,:1387622103_4_0,0.00
537.0,bike_005,77.676887,12.930004,88.52,motorcycle,16.14,49.32,-367594184#3_0,0.00
537.0,bus_001,77.672508,12.924236,64.85,bus,13.43,73.87,1146865108#0_0,0.00
537.0,bus_002,77.659041,12.922336,109.04,bus,13.35,427.24,377105485_0,0.00
537.0,bus_003,77.643488,12.920380,38.57,bus,13.45,66.51,377125912#3_0,0.00
537.0,car_001,77.684332,12.931772,86.77,car,16.49,116.96,36962151#7_0,0.00
537.0,car_002,77.678437,12.930392,162.61,car,1.54,1.44,:4824673767_7_0,0.00
537.0,car_003,77.683036,12.930563,1.37,car,15.66,248.64,1214433052#4_0,0.00
537.0,car_004,77.681939,12.930275,82.99,car,15.72,113.41,1214433052#4_0,0.00
537.0,car_005,77.679948,12.929964,77.97,car,16.05,43.54,1214433052#1_0,0.00
537.0,car_006,77.677735,12.930071,80.76,car,16.38,10.72,-367594184#1_0,0.00
537.0,car_007,77.676533,12.928643,356.84,car,15.95,5.64,543259514#10_0,0.00
537.0,car_008,77.678347,12.930747,151.47,car,8.83,9.06,:1387622103_6_0,0.00
537.0,car_009,77.677782,12.931045,179.31,car,3.74,1.43,-25187665#1_0,0.00
537.0,car_010,77.678435,12.930512,346.07,car,8.67,10.56,-490290342_0,0.00
537.0,truck_001,77.665091,12.920874,82.38,truck,11.66,23.07,1240374873#0_2,0.00
537.0,truck_002,77.650092,12.924510,86.37,truck,12.94,280.06,379308034_0,0.00
537.0,truck_003,77.637831,12.916014,97.53,truck,13.60,296.01,380707230#2_0,0.00
538.0,bike_001,77.680466,12.930067,77.97,motorcycle,15.64,100.90,1214433052#1_0,0.00
538.0,bike_002,77.673303,12.924592,64.85,motorcycle,14.13,168.79,1146865108#0_0,0.00
538.0,bike_003,77.678208,12.930857,283.19,motorcycle,3.27,10.41,25187665#1_0,0.00
538.0,bike_004,77.678305,12.930832,293.49,motorcycle,5.25,15.54,:1387622103_4_0,0.00
538.0,bike_005,77.677030,12.930009,86.89,motorcycle,15.53,8.56,:3170006930_7_0,0.00
538.0,bus_001,77.672622,12.924287,64.89,bus,13.66,87.53,1146865108#0_0,0.00
538.0,bus_002,77.659158,12.922295,109.04,bus,13.47,440.70,377105485_0,0.00
538.0,bus_003,77.643567,12.920475,38.57,bus,13.58,80.09,377125912#3_0,0.00
538.0,car_001,77.684475,12.931777,87.92,car,15.56,132.53,36962151#7_0,0.00
538.0,car_002,77.678456,12.930366,145.59,car,3.63,5.08,:4824673767_7_0,0.00
538.0,car_003,77.683041,12.930703,1.37,car,15.53,264.17,1214433052#4_0,0.00
538.0,car_004,77.682091,12.930292,82.99,car,16.55,129.96,1214433052#4_0,0.00
538.0,car_005,77.680092,12.929993,77.97,car,15.95,59.49,1214433052#1_0,0.00
538.0,car_006,77.677879,12.930092,80.76,car,15.82,26.54,-367594184#1_0,0.00
538.0,car_007,77.676519,12.928791,352.92,car,16.40,22.03,543259514#10_0,0.00
538.0,car_008,77.678370,12.930657,166.04,car,10.33,6.89,490290343_0,0.00
538.0,car_009,77.677810,12.931013,139.27,car,4.66,6.09,-25187665#1_0,0.00
538.0,car_010,77.678414,12.930601,346.07,car,10.15,20.70,-490290342_0,0.00
538.0,truck_001,77.665197,12.920888,81.98,truck,11.69,34.75,1240374873#0_2,0.00
538.0,truck_002,77.650211,12.924514,87.59,truck,12.94,293.00,379308034_0,0.00
538.0,truck_003,77.637955,12.916009,90.96,truck,13.46,309.47,380707230#2_0,0.00
539.0,bike_001,77.680597,12.930093,77.98,motorcycle,14.50,12.20,:12956054087_3_0,0.00
539.0,bike_002,77.673418,12.924677,63.94,motorcycle,15.35,184.14,1146865108#0_1,0.00
539.0,bike_003,77.678167,12.930865,278.95,motorcycle,4.52,14.93,25187665#1_0,0.00
539.0,bike_004,77.678272,12.930841,283.19,motorcycle,3.78,3.24,25187665#1_0,0.00
539.0,bike_005,77.677178,12.930018,85.18,motorcycle,16.08,10.44,-367594184#2_0,0.00
539.0,bus_001,77.672735,12.924337,64.85,bus,13.42,100.95,1146865108#0_0,0.00
539.0,bus_002,77.659276,12.922254,109.04,bus,13.58,454.28,377105485_0,0.00
539.0,bus_003,77.643645,12.920569,38.57,bus,13.42,93.51,377125912#3_0,0.00
539.0,car_001,77.684626,12.931780,88.10,car,16.41,0.71,:429783966_9_0,0.00
539.0,car_002,77.678508,12.930359,88.88,car,6.01,11.09,:4824673767_7_0,0.00
539.0,car_003,77.683046,12.930851,1.38,car,16.42,5.44,:3778310159_7_0,0.00
539.0,car_004,77.682237,12.930308,82.95,car,16.00,145.96,1214433052#4_0,0.00
539.0,car_005,77.680242,12.930023,77.97,car,16.60,76.09,1214433052#1_0,0.00
539.0,car_006,77.678016,12.930127,69.73,car,15.39,41.92,-367594184#1_0,0.00
539.0,car_007,77.676502,12.928931,352.90,car,15.65,1.54,:3141473135_4_0,0.00
539.0,car_008,77.678395,12.930554,166.04,car,11.66,18.56,490290343_0,0.00
539.0,car_009,77.677845,12.930972,139.27,car,5.94,12.03,-25187665#1_0,0.00
539.0,car_010,77.678388,12.930710,346.07,car,12.35,33.05,-490290342_0,0.00
539.0,truck_001,77.665302,12.920913,75.48,truck,11.71,46.47,1240374873#0_2,0.00
539.0,truck_002,77.650327,12.924511,91.11,truck,12.64,305.64,379308034_0,0.00
539.0,truck_003,77.638081,12.916010,89.01,truck,13.60,323.08,380707230#2_0,0.00
540.0,bike_001,77.680732,12.930120,77.97,motorcycle,14.97,14.63,1214433052#3_0,0.00
540.0,bike_002,77.673531,12.924729,64.03,motorcycle,13.56,0.07,:3254817343_0_1,0.00
540.0,bike_003,77.678138,12.930869,277.61,motorcycle,3.17,18.11,25187665#1_0,0.00
540.0,bike_004,77.678224,12.930853,283.19,motorcycle,5.40,8.64,25187665#1_0,0.00
540.0,bike_005,77.677328,12.930029,85.18,motorcycle,16.31,26.76,-367594184#2_0,0.00
540.0,bus_001,77.672848,12.924388,64.85,bus,13.50,114.46,1146865108#0_0,0.00
540.0,bus_002,77.659393,12.922213,109.04,bus,13.56,467.84,377105485_0,0.00
540.0,bus_003,77.643722,12.920662,38.57,bus,13.35,106.85,377125912#3_0,0.00
540.0,car_001,77.684773,12.931781,89.67,car,16.01,2.53,760109415#0_0,0.00
540.0,car_002,77.678564,12.930379,68.36,car,6.49,1.79,:274570292_3_0,0.00
540.0,car_003,77.683051,12.930995,1.36,car,15.95,6.87,36962151#3_0,0.00
540.0,car_004,77.682389,12.930325,82.99,car,16.57,162.53,1214433052#4_0,0.00
540.0,car_005,77.680382,12.930050,77.97,car,15.57,91.66,1214433052#1_0,0.00
540.0,car_006,77.678159,12.930178,68.61,car,16.56,58.48,-367594184#1_0,0.00
540.0,car_007,77.676485,12.929078,352.82,car,16.37,3.51,543259514#11_0,0.00
540.0,car_008,77.678415,12.930473,166.04,car,9.20,27.76,490290343_0,0.00
540.0,car_009,77.677874,12.930937,139.27,car,4.98,17.01,-25187665#1_0,0.00
540.0,car_010,77.678362,12.930784,336.84,car,8.71,7.17,:1387622103_4_0,0.00
540.0,truck_001,77.665408,12.920936,76.84,truck,11.98,0.31,:6494970747_0_3,0.00
540.0,truck_002,77.650446,12.924507,91.11,truck,12.96,318.59,379308034_0,0.00
540.0,truck_003,77.638207,12.916016,86.39,truck,13.70,336.77,380707230#2_0,0.00
541.0,bike_001,77.680870,12.930147,78.16,motorcycle,15.30,11.17,:13787553887_2_0,0.00
541.0,bike_002,77.673667,12.924783,68.64,motorcycle,15.80,6.55,1146865108#3_1,0.00
541.0,bike_003,77.678112,12.930873,277.61,motorcycle,2.83,20.94,25187665#1_0,0.00
541.0,bike_004,77.678177,12.930864,281.85,motorcycle,5.25,13.89,25187665#1_0,0.00
541.0,bike_005,77.677473,12.930039,85.18,motorcycle,15.84,42.60,-367594184#2_0,0.00
541.0,bus_001,77.672962,12.924440,64.85,bus,13.69,128.15,1146865108#0_0,0.00
541.0,bus_002,77.659511,12.922172,109.04,bus,13.65,481.49,377105485_0,0.00
541.0,bus_003,77.643800,12.920756,38.57,bus,13.39,120.25,377125912#3_0,0.00
541.0,car_001,77.684918,12.931779,90.18,car,15.72,18.24,760109415#0_0,0.00
541.0,car_002,77.678635,12.930391,86.06,car,7.88,9.66,:274570292_3_0,0.00
541.0,car_003,77.683056,12.931134,1.36,car,15.39,22.26,36962151#3_0,0.00
541.0,car_004,77.682540,12.930341,82.99,car,16.50,179.03,1214433052#4_0,0.00
541.0,car_005,77.680522,12.930078,77.98,car,15.42,3.89,:12956054087_3_0,0.00
541.0,car_006,77.678281,12.930230,65.74,car,14.48,72.96,-367594184#1_0,0.00
541.0,car_007,77.676469,12.929219,352.80,car,15.76,19.27,543259514#11_0,0.00
541.0,car_008,77.678425,12.930430,166.04,car,4.92,32.68,490290343_0,0.00
541.0,car_009,77.677912,12.930906,128.62,car,5.47,22.48,-25187665#1_0,0.00
541.0,car_010,77.678307,12.930832,301.48,car,8.22,15.39,:1387622103_4_0,0.00
541.0,truck_001,77.665501,12.920954,78.27,truck,11.73,8.41,:262268684_9_3,0.00
541.0,truck_002,77.650562,12.924501,92.66,truck,12.61,331.20,379308034_0,0.00
541.0,truck_003,77.638331,12.916023,86.37,truck,13.43,350.20,380707230#2_0,0.00
542.0,bike_001,77.681004,12.930169,80.56,motorcycle,14.74,11.15,1214433052#4_0,0.00
542.0,bike_002,77.673796,12.924834,63.73,motorcycle,15.09,21.63,1146865108#3_1,0.00
542.0,bike_003,77.678075,12.930878,277.61,motorcycle,4.16,25.09,25187665#1_0,0.00
542.0,bike_004,77.678160,12.930866,277.61,motorcycle,1.87,15.76,25187665#1_0,0.00
542.0,bike_005,77.677608,12.930053,83.05,motorcycle,14.77,11.10,:4447421339_7_0,0.00
542.0,bus_001,77.673075,12.924490,64.85,bus,13.49,141.64,1146865108#0_0,0.00
542.0,bus_002,77.659629,12.922130,109.04,bus,13.55,495.04,377105485_0,0.00
542.0,bus_003,77.643879,12.920850,38.57,bus,13.50,133.75,377125912#3_0,0.00
542.0,car_001,77.685066,12.931777,90.18,car,16.10,34.35,760109415#0_0,0.00
542.0,car_002,77.678716,12.930364,129.52,car,9.92,8.66,1214433053_0,0.00
542.0,car_003,77.683061,12.931283,1.36,car,16.50,38.76,36962151#3_0,0.00
542.0,car_004,77.682686,12.930358,82.99,car,15.98,195.01,1214433052#4_0,0.00
542.0,car_005,77.680668,12.930107,77.92,car,16.27,7.62,1214433052#3_0,0.00
542.0,car_006,77.678366,12.930272,58.53,car,10.40,83.36,-367594184#1_0,0.00
542.0,car_007,77.676450,12.929358,351.79,car,15.50,11.70,:3141473132_4_0,0.00
542.0,car_008,77.678430,12.930410,166.04,car,2.25,34.93,490290343_0,0.00
542.0,car_009,77.677956,12.930883,117.05,car,5.47,27.95,-25187665#1_0,0.00
542.0,car_010,77.678260,12.930844,283.19,car,5.29,4.61,25187665#1_0,0.00
542.0,truck_001,77.665601,12.920988,70.47,truck,11.93,20.34,:262268684_9_3,0.00
542.0,truck_002,77.650679,12.924490,94.50,truck,12.88,344.08,379308034_0,0.00
542.0,truck_003,77.638456,12.916045,79.22,truck,13.82,364.02,380707230#2_0,0.00
543.0,bike_001,77.681140,12.930187,83.04,motorcycle,14.95,26.10,1214433052#4_0,0.00
543.0,bike_002,77.673921,12.924892,63.76,motorcycle,15.02,36.65,1146865108#3_1,0.00
543.0,bike_003,77.678035,12.930884,277.61,motorcycle,4.32,29.42,25187665#1_0,0.00
543.0,bike_004,77.678129,12.930870,277.61,motorcycle,3.32,19.08,25187665#1_0,0.00
543.0,bike_005,77.677743,12.930072,80.76,motorcycle,14.76,11.57,-367594184#1_0,0.00
543.0,bus_001,77.673191,12.924542,64.85,bus,13.81,155.45,1146865108#0_0,0.00
543.0,bus_002,77.659746,12.922089,109.15,bus,13.59,508.63,377105485_0,0.00
543.0,bus_003,77.643956,12.920944,38.57,bus,13.35,147.11,377125912#3_0,0.00
543.0,car_001,77.685210,12.931775,90.18,car,15.58,49.93,760109415#0_0,0.00
543.0,car_002,77.678769,12.930275,159.84,car,11.72,20.38,1214433053_0,0.00
543.0,car_003,77.683066,12.931427,1.41,car,15.96,54.72,36962151#3_0,0.00
543.0,car_004,77.682832,12.930374,82.99,car,15.99,211.00,1214433052#4_0,0.00
543.0,car_005,77.680812,12.930136,78.16,car,15.94,4.80,:13787553887_2_0,0.00
543.0,car_006,77.678424,12.930307,58.30,car,7.32,90.68,-367594184#1_0,0.00
543.0,car_007,77.676432,12.929485,351.39,car,14.12,5.65,:274569328_0_0,0.00
543.0,car_008,77.678431,12.930405,166.04,car,0.65,35.58,490290343_0,0.00
543.0,car_009,77.677996,12.930862,117.05,car,4.87,32.82,-25187665#1_0,0.00
543.0,car_010,77.678213,12.930855,283.19,car,5.27,9.88,25187665#1_0,0.00
543.0,truck_001,77.665696,12.921034,63.30,truck,11.73,6.60,1109938622_3,0.00
543.0,truck_002,77.650798,12.924480,94.50,truck,13.02,357.10,379308034_0,0.00
543.0,truck_003,77.638579,12.916066,79.22,truck,13.50,377.52,380707230#2_0,0.00
544.0,bike_001,77.681274,12.930202,83.04,motorcycle,14.69,40.79,1214433052#4_0,0.00
544.0,bike_002,77.674047,12.924942,69.81,motorcycle,14.76,4.58,:11070754936_3_1,0.00
544.0,bike_003,77.678008,12.930889,281.16,motorcycle,3.02,32.44,25187665#1_0,0.00
544.0,bike_004,77.678089,12.930876,277.61,motorcycle,4.46,23.54,25187665#1_0,0.00
544.0,bike_005,77.677874,12.930091,80.76,motorcycle,14.39,25.96,-367594184#1_0,0.00
544.0,bus_001,77.673304,12.924592,64.85,bus,13.44,168.89,1146865108#0_0,0.00
544.0,bus_002,77.659866,12.922046,109.60,bus,13.85,522.47,377105485_0,0.00
544.0,bus_003,77.644036,12.921040,38.57,bus,13.74,160.84,377125912#3_0,0.00
544.0,car_001,77.685353,12.931766,97.44,car,15.63,65.55,760109415#0_0,0.00
544.0,car_002,77.678812,12.930156,159.81,car,14.04,34.42,1214433053_0,0.00
544.0,car_003,77.683150,12.931535,54.19,car,16.02,9.18,:12059211981_3_0,0.00
544.0,car_004,77.682978,12.930390,82.99,car,15.90,226.90,1214433052#4_0,0.00
544.0,car_005,77.680954,12.930161,80.49,car,15.65,5.69,1214433052#4_0,0.00
544.0,car_006,77.678461,12.930354,29.74,car,6.75,3.12,:4824673767_10_0,0.00
544.0,car_007,77.676419,12.929575,351.64,car,10.15,0.05,:cluster_11563497460_7328379173_7_0,0.00
544.0,car_008,77.678431,12.930405,166.04,car,0.01,35.59,490290343_0,0.00
544.0,car_009,77.678041,12.930854,98.40,car,5.04,37.85,-25187665#1_0,0.00
544.0,car_010,77.678180,12.930863,283.06,car,3.64,13.52,25187665#1_0,0.00
544.0,truck_001,77.665794,12.921082,62.92,truck,11.91,18.51,1109938622_3,0.00
544.0,truck_002,77.650913,12.924462,98.47,truck,12.67,369.77,379308034_0,0.00
544.0,truck_003,77.638701,12.916097,74.64,truck,13.61,391.13,380707230#2_0,0.00
545.0,bike_001,77.681421,12.930218,82.99,motorcycle,15.99,56.78,1214433052#4_0,0.00
545.0,bike_002,77.674164,12.925000,58.54,motorcycle,14.40,4.67,1146865108#5_1,0.00
545.0,bike_003,77.677983,12.930902,297.06,motorcycle,3.09,35.53,25187665#1_0,0.00
545.0,bike_004,77.678044,12.930882,277.61,motorcycle,4.87,28.41,25187665#1_0,0.00
545.0,bike_005,77.678021,12.930128,69.73,motorcycle,16.56,42.52,-367594184#1_0,0.00
545.0,bus_001,77.673403,12.924670,64.37,bus,13.38,182.27,1146865108#0_1,0.00
545.0,bus_002,77.659983,12.922004,109.60,bus,13.54,536.01,377105485_0,0.00
545.0,bus_003,77.644114,12.921133,38.57,bus,13.32,174.16,377125912#3_0,0.00
545.0,car_001,77.685502,12.931743,98.82,car,16.32,81.88,760109415#0_0,0.00
545.0,car_002,77.678863,12.930017,159.81,car,16.25,50.67,1214433053_0,0.00
545.0,car_003,77.683279,12.931590,70.79,car,15.39,0.39,36962151#7_0,0.00
545.0,car_004,77.683034,12.930515,1.37,car,16.47,243.37,1214433052#4_0,0.00
545.0,car_005,77.681097,12.930183,81.12,car,15.71,21.40,1214433052#4_0,0.00
545.0,car_006,77.678459,12.930411,354.77,car,6.44,9.56,:4824673767_10_0,0.00
545.0,car_007,77.676406,12.929631,345.24,car,6.37,6.43,:cluster_11563497460_7328379173_7_0,0.00
545.0,car_008,77.678431,12.930405,166.04,car,0.00,35.59,490290343_0,0.00
545.0,car_009,77.678091,12.930847,97.64,car,5.46,43.31,-25187665#1_0,0.00
545.0,car_010,77.678143,12.930868,278.07,car,4.02,17.54,25187665#1_0,0.00
545.0,truck_001,77.665898,12.921120,68.85,truck,12.13,6.09,:266371138_3_3,0.00
545.0,truck_002,77.651029,12.924444,98.47,truck,12.75,382.52,379308034_0,0.00
545.0,truck_003,77.638819,12.916133,71.90,truck,13.43,404.56,380707230#2_0,0.00
546.0,bike_001,77.681571,12.930235,82.99,motorcycle,16.46,73.23,1214433052#4_0,0.00
546.0,bike_002,77.674281,12.925069,58.54,motorcycle,14.83,19.50,1146865108#5_1,0.00
546.0,bike_003,77.677959,12.930914,297.06,motorcycle,2.86,38.39,25187665#1_0,0.00
546.0,bike_004,77.678026,12.930885,277.61,motorcycle,1.97,30.38,25187665#1_0,0.00
546.0,bike_005,77.678146,12.930172,69.73,motorcycle,14.39,56.91,-367594184#1_0,0.00
546.0,bus_001,77.673515,12.924722,63.94,bus,13.55,195.82,1146865108#0_1,0.00
546.0,bus_002,77.660114,12.921993,106.75,bus,13.53,549.54,377105485_1,0.00
546.0,bus_003,77.644192,12.921227,38.57,bus,13.43,187.59,377125912#3_0,0.00
546.0,car_001,77.685643,12.931720,98.82,car,15.57,97.44,760109415#0_0,0.00
546.0,car_002,77.678913,12.929879,159.81,car,16.22,66.89,1214433053_0,0.00
546.0,car_003,77.683418,12.931634,71.48,car,15.82,16.21,36962151#7_0,0.00
546.0,car_004,77.683039,12.930662,1.37,car,16.29,259.66,1214433052#4_0,0.00
546.0,car_005,77.681245,12.930199,83.04,car,16.21,37.61,1214433052#4_0,0.00
546.0,car_006,77.678446,12.930469,346.07,car,6.53,5.64,-490290342_0,0.00
546.0,car_007,77.676382,12.929691,338.98,car,7.11,4.29,:cluster_274569309_274570242_4_0,0.00
546.0,car_008,77.678431,12.930405,166.04,car,0.00,35.59,490290343_0,0.00
546.0,car_009,77.678143,12.930839,97.64,car,5.71,49.03,-25187665#1_0,0.00
546.0,car_010,77.678099,12.930875,277.61,car,4.92,22.46,25187665#1_0,0.00
546.0,truck_001,77.666006,12.921136,80.55,truck,11.99,0.84,1289252169_3,0.00
546.0,truck_002,77.651145,12.924426,98.47,truck,12.84,395.36,379308034_0,0.00
546.0,truck_003,77.638939,12.916176,69.28,truck,13.84,418.39,380707230#2_0,0.00
547.0,bike_001,77.681717,12.930251,82.99,motorcycle,15.96,89.20,1214433052#4_0,0.00
547.0,bike_002,77.674403,12.925130,62.26,motorcycle,14.92,34.42,1146865108#5_1,0.00
547.0,bike_003,77.677933,12.930927,297.06,motorcycle,3.21,41.60,25187665#1_0,0.00
547.0,bike_004,77.678002,12.930892,287.92,motorcycle,2.75,33.13,25187665#1_0,0.00
547.0,bike_005,77.678279,12.930229,65.74,motorcycle,15.85,72.75,-367594184#1_0,0.00
547.0,bus_001,77.673629,12.924769,66.92,bus,13.30,2.16,1146865108#3_1,0.00
547.0,bus_002,77.660236,12.921956,106.75,bus,13.89,563.42,377105485_1,0.00
547.0,bus_003,77.644270,12.921321,38.57,bus,13.46,201.05,377125912#3_0,0.00
547.0,car_001,77.685789,12.931695,100.25,car,16.12,113.56,760109415#0_0,0.00
547.0,car_002,77.678992,12.929776,115.15,car,15.49,82.38,1214433053_0,0.00
547.0,car_003,77.683562,12.931674,76.74,car,16.21,32.42,36962151#7_0,0.00
547.0,car_004,77.683044,12.930803,1.37,car,15.56,0.07,:3778310159_7_0,0.00
547.0,car_005,77.681388,12.930214,83.03,car,15.59,53.20,1214433052#4_0,0.00
547.0,car_006,77.678428,12.930543,346.07,car,8.46,14.11,-490290342_0,0.00
547.0,car_007,77.676355,12.929765,339.13,car,8.71,13.00,:cluster_274569309_274570242_4_0,0.00
547.0,car_008,77.678431,12.930405,166.04,car,0.00,35.59,490290343_0,0.00
547.0,car_009,77.678197,12.930829,100.56,car,5.93,54.95,-25187665#1_0,0.00
547.0,car_010,77.678076,12.930878,277.61,car,2.50,24.96,25187665#1_0,0.00
547.0,truck_001,77.666105,12.921184,63.59,truck,11.98,12.81,1289252169_3,0.00
547.0,truck_002,77.651260,12.924407,99.10,truck,12.65,408.01,379308034_0,0.00
547.0,truck_003,77.639056,12.916218,69.28,truck,13.44,431.84,380707230#2_0,0.00
548.0,bike_001,77.681859,12.930266,82.99,motorcycle,15.42,104.62,1214433052#4_0,0.00
548.0,bike_002,77.674517,12.925187,62.26,motorcycle,13.81,48.23,1146865108#5_1,0.00
548.0,bike_003,77.677899,12.930954,319.28,motorcycle,4.81,46.41,25187665#1_0,0.00
548.0,bike_004,77.677965,12.930911,297.06,motorcycle,4.63,37.76,25187665#1_0,0.00
548.0,bike_005,77.678376,12.930278,58.30,motorcycle,11.87,84.62,-367594184#1_0,0.00
548.0,bus_001,77.673748,12.924813,68.64,bus,13.84,16.00,1146865108#3_1,0.00
548.0,bus_002,77.660357,12.921925,103.79,bus,13.59,577.01,377105485_1,0.00
548.0,bus_003,77.644348,12.921416,38.57,bus,13.47,214.51,377125912#3_0,0.00
548.0,car_001,77.685933,12.931668,100.25,car,15.91,129.47,760109415#0_0,0.00
548.0,car_002,77.679137,12.929798,77.17,car,16.22,98.60,1214433053_0,0.00
548.0,car_003,77.683703,12.931705,76.74,car,15.77,48.19,36962151#7_0,0.00
548.0,car_004,77.683049,12.930949,1.37,car,16.16,1.72,36962151#3_0,0.00
548.0,car_005,77.681535,12.930231,82.99,car,16.01,69.20,1214433052#4_0,0.00
548.0,car_006,77.678406,12.930634,346.07,car,10.27,24.38,-490290342_0,0.00
548.0,car_007,77.676336,12.929838,350.80,car,8.40,21.40,:cluster_274569309_274570242_4_0,0.00
548.0,car_008,77.678431,12.930405,166.04,car,0.00,35.59,490290343_0,0.00
548.0,car_009,77.678244,12.930818,103.17,car,5.27,60.22,-25187665#1_0,0.00
548.0,car_010,77.678052,12.930881,277.61,car,2.56,27.53,25187665#1_0,0.00
548.0,truck_001,77.666202,12.921230,63.59,truck,11.71,24.52,1289252169_3,0.00
548.0,truck_002,77.651377,12.924384,100.54,truck,13.01,421.02,379308034_0,0.00
548.0,truck_003,77.639173,12.916260,69.28,truck,13.45,445.28,380707230#2_0,0.00
549.0,bike_001,77.682002,12.930282,82.99,motorcycle,15.66,120.28,1214433052#4_0,0.00
549.0,bike_002,77.674633,12.925246,62.26,motorcycle,14.25,62.48,1146865108#5_1,0.00
549.0,bike_003,77.677874,12.930983,319.28,motorcycle,4.31,50.72,25187665#1_0,0.00
549.0,bike_004,77.677923,12.930932,297.06,motorcycle,5.07,42.83,25187665#1_0,0.00
549.0,bike_005,77.678430,12.930311,56.70,motorcycle,6.87,0.30,:4824673767_4_0,0.00
549.0,bus_001,77.673861,12.924864,64.17,bus,13.46,29.46,1146865108#3_1,0.00
549.0,bus_002,77.660480,12.921894,103.79,bus,13.80,590.81,377105485_1,0.00
549.0,bus_003,77.644426,12.921510,38.57,bus,13.43,227.94,377125912#3_0,0.00
549.0,car_001,77.686077,12.931641,100.25,car,15.86,145.33,760109415#0_0,0.00
549.0,car_002,77.679287,12.929830,77.17,car,16.61,115.21,1214433053_0,0.00
549.0,car_003,77.683850,12.931737,76.74,car,16.36,64.54,36962151#7_0,0.00
549.0,car_004,77.683054,12.931093,1.36,car,15.92,17.64,36962151#3_0,0.00
549.0,car_005,77.681687,12.930247,82.99,car,16.61,85.81,1214433052#4_0,0.00
549.0,car_006,77.678386,12.930717,346.07,car,9.45,33.83,-490290342_0,0.00
549.0,car_007,77.676330,12.929915,356.73,car,8.65,30.05,:cluster_274569309_274570242_4_0,0.00
549.0,car_008,77.678431,12.930405,166.04,car,0.00,35.59,490290343_0,0.00
549.0,car_009,77.678294,12.930806,103.17,car,5.57,65.79,-25187665#1_0,0.00
549.0,car_010,77.678017,12.930886,277.61,car,3.88,31.41,25187665#1_0,0.00
549.0,truck_001,77.666297,12.921281,60.69,truck,11.74,1.78,230182006#0_0,0.00
549.0,truck_002,77.651493,12.924362,100.54,truck,12.91,433.93,379308034_0,0.00
549.0,truck_003,77.639290,12.916302,69.28,truck,13.50,458.79,380707230#2_0,0.00
550.0,bike_001,77.682145,12.930298,82.99,motorcycle,15.59,135.87,1214433052#4_0,0.00
550.0,bike_002,77.674757,12.925308,62.26,motorcycle,15.13,77.61,1146865108#5_1,0.00
550.0,bike_003,77.677855,12.931004,319.28,motorcycle,3.05,53.77,25187665#1_0,0.00
550.0,bike_004,77.677900,12.930953,319.28,motorcycle,3.47,46.30,25187665#1_0,0.00
550.0,bike_005,77.678463,12.930377,5.01,motorcycle,8.51,5.70,:4824673767_10_0,0.00
550.0,bus_001,77.673974,12.924916,64.69,bus,13.55,43.01,1146865108#3_1,0.00
550.0,bus_002,77.660601,12.921864,103.79,bus,13.54,604.35,377105485_1,0.00
550.0,bus_003,77.644507,12.921607,38.57,bus,13.85,241.79,377125912#3_0,0.00
550.0,car_001,77.686224,12.931612,101.78,car,16.29,6.11,:961816867_6_0,0.00
550.0,car_002,77.679429,12.929860,77.19,car,15.79,0.42,:7328379200_7_0,0.00
550.0,car_003,77.684000,12.931752,84.89,car,16.35,80.90,36962151#7_0,0.00
550.0,car_004,77.683059,12.931233,1.36,car,15.52,33.16,36962151#3_0,0.00
550.0,car_005,77.681828,12.930263,82.99,car,15.49,101.30,1214433052#4_0,0.00
550.0,car_006,77.678364,12.930779,338.45,car,7.33,6.57,:1387622103_4_0,0.00
550.0,car_007,77.676372,12.929979,40.00,car,8.83,38.87,:cluster_274569309_274570242_4_0,0.00
550.0,car_008,77.678431,12.930405,166.04,car,0.00,35.59,490290343_0,0.00
550.0,car_009,77.678332,12.930778,128.40,car,5.31,5.27,:1387622103_6_0,0.00
550.0,car_010,77.677979,12.930903,294.39,car,4.54,35.94,25187665#1_0,0.00
550.0,truck_001,77.666391,12.921346,54.14,truck,12.56,14.34,230182006#0_0,0.00
550.0,truck_002,77.651611,12.924339,100.54,truck,13.05,446.99,379308034_0,0.00
550.0,truck_003,77.639410,12.916346,68.83,truck,13.84,472.62,380707230#2_0,0.00
551.0,bike_001,77.682289,12.930314,82.99,motorcycle,15.79,151.66,1214433052#4_0,0.00
551.0,bike_002,77.674872,12.925366,62.26,motorcycle,13.98,91.59,1146865108#5_1,0.00
551.0,bike_003,77.677832,12.931032,319.28,motorcycle,3.97,57.73,25187665#1_0,0.00
551.0,bike_004,77.677877,12.930979,319.28,motorcycle,3.78,50.08,25187665#1_0,0.00
551.0,bike_005,77.678451,12.930448,346.07,motorcycle,7.97,3.23,-490290342_0,0.00
551.0,bus_001,77.674092,12.924959,68.85,bus,13.76,9.93,:11070754936_3_1,0.00
551.0,bus_002,77.660722,12.921833,103.79,bus,13.58,617.93,377105485_1,0.00
551.0,bus_003,77.644586,12.921702,38.57,bus,13.65,255.44,377125912#3_0,0.00
551.0,car_001,77.686337,12.931586,103.51,car,12.60,4.51,760109415#5_0,0.00
551.0,car_002,77.679572,12.929889,77.49,car,15.86,1.86,1214433052#1_0,0.00
551.0,car_003,77.684150,12.931764,84.89,car,16.29,97.19,36962151#7_0,0.00
551.0,car_004,77.683065,12.931379,1.41,car,16.23,49.39,36962151#3_0,0.00
551.0,car_005,77.681970,12.930279,82.99,car,15.49,116.79,1214433052#4_0,0.00
551.0,car_006,77.678314,12.930829,305.20,car,8.00,14.57,:1387622103_4_0,0.00
551.0,car_007,77.676456,12.929998,81.32,car,9.47,2.50,-367594184#3_0,0.00
551.0,car_008,77.678434,12.930397,164.22,car,0.87,0.77,:4824673767_7_0,0.00
551.0,car_009,77.678356,12.930716,162.89,car,7.41,0.19,490290343_0,0.00
551.0,car_010,77.677945,12.930921,297.06,car,4.19,40.14,25187665#1_0,0.00
551.0,truck_001,77.666491,12.921415,54.19,truck,13.27,27.60,230182006#0_0,0.00
551.0,truck_002,77.651729,12.924316,100.54,truck,13.07,460.05,379308034_0,0.00
551.0,truck_003,77.639528,12.916390,68.69,truck,13.65,486.28,380707230#2_0,0.00
552.0,bike_001,77.682432,12.930330,82.99,motorcycle,15.61,167.27,1214433052#4_0,0.00
552.0,bike_002,77.674991,12.925426,62.26,motorcycle,14.59,106.18,1146865108#5_1,0.00
552.0,bike_003,77.677815,12.931052,319.28,motorcycle,2.88,60.61,25187665#1_0,0.00
552.0,bike_004,77.677859,12.931001,319.28,motorcycle,3.15,53.23,25187665#1_0,0.00
552.0,bike_005,77.678430,12.930536,346.07,motorcycle,10.02,13.25,-490290342_0,0.00
552.0,bus_001,77.674201,12.925022,58.90,bus,13.72,9.34,1146865108#5_1,0.00
552.0,bus_002,77.660830,12.921776,103.79,bus,13.67,631.60,377105485_0,0.00
552.0,bus_003,77.644665,12.921798,38.57,bus,13.62,269.07,377125912#3_0,0.00
552.0,car_001,77.686416,12.931567,103.51,car,8.87,13.38,760109415#5_0,0.00
552.0,car_002,77.679722,12.929919,77.97,car,16.60,18.46,1214433052#1_0,0.00
552.0,car_003,77.684293,12.931771,86.77,car,15.56,112.75,36962151#7_0,0.00
552.0,car_004,77.683113,12.931509,44.50,car,16.40,4.22,:12059211981_3_0,0.00
552.0,car_005,77.682120,12.930295,82.99,car,16.39,133.17,1214433052#4_0,0.00
552.0,car_006,77.678280,12.930839,287.99,car,3.90,2.40,25187665#1_0,0.00
552.0,car_007,77.676556,12.929999,88.52,car,10.86,13.36,-367594184#3_0,0.00
552.0,car_008,77.678448,12.930371,153.48,car,3.33,4.10,:4824673767_7_0,0.00
552.0,car_009,77.678376,12.930634,166.04,car,9.29,9.48,490290343_0,0.00
552.0,car_010,77.677911,12.930940,298.77,car,4.31,44.45,25187665#1_0,0.00
552.0,truck_001,77.666595,12.921484,55.36,truck,13.78,41.38,230182006#0_0,0.00
552.0,truck_002,77.651847,12.924293,100.54,truck,13.07,473.12,379308034_0,0.00
552.0,truck_003,77.639643,12.916444,63.45,truck,13.85,500.13,380707230#2_0,0.00
553.0,bike_001,77.682573,12.930345,82.99,motorcycle,15.42,182.70,1214433052#4_0,0.00
553.0,bike_002,77.675109,12.925485,61.62,motorcycle,14.46,3.11,1146865108#11_1,0.00
553.0,bike_003,77.677805,12.931063,319.28,motorcycle,1.70,62.31,25187665#1_0,0.00
553.0,bike_004,77.677834,12.931030,319.28,motorcycle,4.23,57.46,25187665#1_0,0.00
553.0,bike_005,77.678402,12.930648,346.07,motorcycle,12.81,26.06,-490290342_0,0.00
553.0,bus_001,77.674309,12.925083,59.46,bus,13.51,22.85,1146865108#5_1,0.00
553.0,bus_002,77.660966,12.921772,103.79,bus,13.71,645.31,377105485_1,0.00
553.0,bus_003,77.644751,12.921885,44.10,bus,13.41,282.47,377125912#3_0,0.00
553.0,car_001,77.686463,12.931555,103.51,car,5.23,18.61,760109415#5_0,0.00
553.0,car_002,77.679871,12.929949,77.97,car,16.56,35.02,1214433052#1_0,0.00
553.0,car_003,77.684440,12.931776,87.92,car,16.03,128.78,36962151#7_0,0.00
553.0,car_004,77.683242,12.931578,67.44,car,16.03,8.56,:429783956_3_0,0.00
553.0,car_005,77.682271,12.930312,82.97,car,16.49,149.66,1214433052#4_0,0.00
553.0,car_006,77.678246,12.930847,283.19,car,3.70,6.10,25187665#1_0,0.00
553.0,car_007,77.676671,12.930001,88.52,car,12.53,25.89,-367594184#3_0,0.00
553.0,car_008,77.678494,12.930357,103.76,car,5.38,9.47,:4824673767_7_0,0.00
553.0,car_009,77.678398,12.930541,166.04,car,10.63,20.11,490290343_0,0.00
553.0,car_010,77.677889,12.930965,317.08,car,3.69,48.14,25187665#1_0,0.00
553.0,truck_001,77.666709,12.921537,64.36,truck,13.63,55.01,230182006#0_0,0.00
553.0,truck_002,77.651963,12.924271,100.54,truck,12.95,486.07,379308034_0,0.00
553.0,truck_003,77.639755,12.916498,63.45,truck,13.50,513.63,380707230#2_0,0.00
554.0,bike_001,77.682707,12.930360,82.99,motorcycle,14.57,197.27,1214433052#4_0,0.00
554.0,bike_002,77.675233,12.925548,62.25,motorcycle,15.13,18.24,1146865108#11_1,0.00
554.0,bike_003,77.677782,12.931077,290.54,motorcycle,3.06,0.14,:3141475567_9_0,0.00
554.0,bike_004,77.677830,12.931034,319.28,motorcycle,0.56,58.02,25187665#1_0,0.00
554.0,bike_005,77.678380,12.930738,343.49,motorcycle,10.23,1.70,:1387622103_4_0,0.00
554.0,bus_001,77.674419,12.925138,62.25,bus,13.44,36.28,1146865108#5_1,0.00
554.0,bus_002,77.661088,12.921741,103.79,bus,13.66,658.96,377105485_1,0.00
554.0,bus_003,77.644841,12.921972,44.60,bus,13.70,296.18,377125912#3_0,0.00
554.0,car_001,77.686531,12.931560,75.00,car,7.70,6.14,:1694231590_3_0,0.00
554.0,car_002,77.680013,12.929977,77.97,car,15.75,50.77,1214433052#1_0,0.00
554.0,car_003,77.684587,12.931780,87.92,car,15.96,144.74,36962151#7_0,0.00
554.0,car_004,77.683387,12.931625,71.48,car,16.64,12.70,36962151#7_0,0.00
554.0,car_005,77.682414,12.930328,82.99,car,15.62,165.28,1214433052#4_0,0.00
554.0,car_006,77.678216,12.930855,283.19,car,3.37,9.47,25187665#1_0,0.00
554.0,car_007,77.676802,12.930003,88.52,car,14.21,40.10,-367594184#3_0,0.00
554.0,car_008,77.678561,12.930378,68.79,car,7.67,1.35,:274570292_3_0,0.00
554.0,car_009,77.678417,12.930463,166.04,car,8.78,28.89,490290343_0,0.00
554.0,car_010,77.677866,12.930992,319.28,car,3.84,51.98,25187665#1_0,0.00
554.0,truck_001,77.666823,12.921590,64.36,truck,13.72,68.73,230182006#0_0,0.00
554.0,truck_002,77.652081,12.924247,101.06,truck,13.04,499.11,379308034_0,0.00
554.0,truck_003,77.639864,12.916558,59.32,truck,13.55,527.18,380707230#2_0,0.00
555.0,bike_001,77.682839,12.930375,82.99,motorcycle,14.48,211.75,1214433052#4_0,0.00
555.0,bike_002,77.675345,12.925604,62.25,motorcycle,13.60,31.83,1146865108#11_1,0.00
555.0,bike_003,77.677774,12.931055,180.44,motorcycle,3.12,0.03,-25187665#1_0,0.00
555.0,bike_004,77.677812,12.931054,319.28,motorcycle,3.00,61.02,25187665#1_0,0.00
555.0,bike_005,77.678338,12.930814,313.87,motorcycle,9.72,11.42,:1387622103_4_0,0.00
555.0,bus_001,77.674529,12.925193,62.26,bus,13.49,49.77,1146865108#5_1,0.00
555.0,bus_002,77.661211,12.921710,103.79,bus,13.84,672.80,377105485_1,0.00
555.0,bus_003,77.644931,12.922055,46.44,bus,13.65,8.70,:cluster_2385141385_650141020_10_0,0.00
555.0,car_001,77.686598,12.931607,51.56,car,8.97,5.30,693004202_1,0.00
555.0,car_002,77.680154,12.930005,77.97,car,15.63,66.40,1214433052#1_0,0.00
555.0,car_003,77.684731,12.931781,89.03,car,15.61,12.13,:429783966_9_0,0.00
555.0,car_004,77.683526,12.931666,75.49,car,15.73,28.44,36962151#7_0,0.00
555.0,car_005,77.682559,12.930344,82.99,car,15.86,181.15,1214433052#4_0,0.00
555.0,car_006,77.678185,12.930862,283.19,car,3.54,13.01,25187665#1_0,0.00
555.0,car_007,77.676945,12.930005,88.52,car,15.55,55.66,-367594184#3_0,0.00
555.0,car_008,77.678650,12.930391,89.02,car,9.90,0.34,1214433053_0,0.00
555.0,car_009,77.678427,12.930423,166.04,car,4.59,33.48,490290343_0,0.00
555.0,car_010,77.677858,12.931001,319.28,car,1.36,53.33,25187665#1_0,0.00
555.0,truck_001,77.666935,12.921641,64.36,truck,13.51,82.24,230182006#0_0,0.00
555.0,truck_002,77.652196,12.924224,101.06,truck,12.82,511.93,379308034_0,0.00
555.0,truck_003,77.639974,12.916621,59.30,truck,13.83,541.01,380707230#2_0,0.00
556.0,bike_001,77.682970,12.930389,82.99,motorcycle,14.28,226.03,1214433052#4_0,0.00
556.0,bike_002,77.675468,12.925666,62.25,motorcycle,15.03,46.87,1146865108#11_1,0.00
556.0,bike_003,77.677799,12.931025,139.27,motorcycle,4.30,4.33,-25187665#1_0,0.00
556.0,bike_004,77.677785,12.931077,298.07,motorcycle,4.02,1.25,:3141475567_2_0,0.00
556.0,bike_005,77.678300,12.930834,293.12,motorcycle,4.72,0.07,25187665#1_0,0.00
556.0,bus_001,77.674639,12.925249,62.26,bus,13.44,63.21,1146865108#5_1,0.00
556.0,bus_002,77.661332,12.921680,103.79,bus,13.57,686.37,377105485_1,0.00
556.0,bus_003,77.645023,12.922137,47.13,bus,13.65,0.94,377125912#6_0,0.00
556.0,car_001,77.686682,12.931670,51.56,car,11.43,16.73,693004202_1,0.00
556.0,car_002,77.680304,12.930035,77.97,car,16.58,82.98,1214433052#1_0,0.00
556.0,car_003,77.684875,12.931780,90.18,car,15.65,13.58,760109415#0_0,0.00
556.0,car_004,77.683670,12.931697,76.74,car,15.99,44.43,36962151#7_0,0.00
556.0,car_005,77.682707,12.930360,82.99,car,16.22,197.36,1214433052#4_0,0.00
556.0,car_006,77.678153,12.930867,279.41,car,3.45,16.46,25187665#1_0,0.00
556.0,car_007,77.677097,12.930012,86.28,car,16.43,1.61,-367594184#2_0,0.00
556.0,car_008,77.678744,12.930341,129.75,car,12.18,12.52,1214433053_0,0.00
556.0,car_009,77.678452,12.930368,148.81,car,6.84,4.62,:4824673767_7_0,0.00
556.0,car_010,77.677843,12.931019,319.28,car,2.54,55.87,25187665#1_0,0.00
556.0,truck_001,77.667049,12.921693,64.36,truck,13.62,95.86,230182006#0_0,0.00
556.0,truck_002,77.652312,12.924201,101.06,truck,12.87,524.80,379308034_0,0.00
556.0,truck_003,77.640077,12.916692,53.64,truck,13.62,554.64,380707230#2_0,0.00
557.0,bike_001,77.683033,12.930490,3.12,motorcycle,14.53,240.56,1214433052#4_0,0.00
557.0,bike_002,77.675593,12.925728,62.29,motorcycle,15.20,62.07,1146865108#11_1,0.00
557.0,bike_003,77.677816,12.931005,139.27,motorcycle,2.86,7.19,-25187665#1_0,0.00
557.0,bike_004,77.677775,12.931053,170.48,motorcycle,3.77,0.35,-25187665#1_0,0.00
557.0,bike_005,77.678249,12.930847,283.19,motorcycle,5.74,5.81,25187665#1_0,0.00
557.0,bus_001,77.674751,12.925305,62.26,bus,13.63,76.85,1146865108#5_1,0.00
557.0,bus_002,77.661456,12.921649,103.79,bus,13.88,700.26,377105485_1,0.00
557.0,bus_003,77.645113,12.922220,46.27,bus,13.37,14.31,377125912#6_0,0.00
557.0,car_001,77.686776,12.931753,46.61,car,13.75,30.47,693004202_1,0.00
557.0,car_002,77.680451,12.930064,77.97,car,16.26,99.24,1214433052#1_0,0.00
557.0,car_003,77.685018,12.931778,90.18,car,15.52,29.10,760109415#0_0,0.00
557.0,car_004,77.683816,12.931730,76.74,car,16.26,60.69,36962151#7_0,0.00
557.0,car_005,77.682851,12.930376,82.99,car,15.70,213.06,1214433052#4_0,0.00
557.0,car_006,77.678123,12.930871,277.61,car,3.32,19.78,25187665#1_0,0.00
557.0,car_007,77.677245,12.930023,85.18,car,16.19,17.80,-367594184#2_0,0.00
557.0,car_008,77.678787,12.930225,159.81,car,13.74,26.27,1214433053_0,0.00
557.0,car_009,77.678522,12.930363,80.55,car,8.06,12.68,:4824673767_7_0,0.00
557.0,car_010,77.677817,12.931049,319.28,car,4.34,60.21,25187665#1_0,0.00
557.0,truck_001,77.667162,12.921745,64.36,truck,13.52,109.38,230182006#0_0,0.00
557.0,truck_002,77.652427,12.924177,101.06,truck,12.84,537.64,379308034_0,0.00
557.0,truck_003,77.640178,12.916768,52.03,truck,13.73,568.37,380707230#2_0,0.00
558.0,bike_001,77.683039,12.930638,1.37,motorcycle,16.40,256.97,1214433052#4_0,0.00
558.0,bike_002,77.675704,12.925782,63.60,motorcycle,13.42,75.48,1146865108#11_1,0.00
558.0,bike_003,77.677840,12.930977,139.27,motorcycle,4.07,11.25,-25187665#1_0,0.00
558.0,bike_004,77.677786,12.931040,139.27,motorcycle,1.81,2.16,-25187665#1_0,0.00
558.0,bike_005,77.678219,12.930854,283.19,motorcycle,3.33,9.13,25187665#1_0,0.00
558.0,bus_001,77.674864,12.925362,62.26,bus,13.74,90.59,1146865108#5_1,0.00
558.0,bus_002,77.661580,12.921617,103.79,bus,13.85,714.11,377105485_1,0.00
558.0,bus_003,77.645203,12.922302,46.27,bus,13.38,27.69,377125912#6_0,0.00
558.0,car_001,77.686878,12.931845,46.61,car,15.08,45.55,693004202_1,0.00
558.0,car_002,77.680592,12.930092,77.98,car,15.65,11.71,:12956054087_3_0,0.00
558.0,car_003,77.685168,12.931776,90.18,car,16.31,45.41,760109415#0_0,0.00
558.0,car_004,77.683962,12.931749,84.89,car,16.07,76.76,36962151#7_0,0.00
558.0,car_005,77.682987,12.930391,82.99,car,14.90,227.97,1214433052#4_0,0.00
558.0,car_006,77.678083,12.930877,277.61,car,4.36,24.13,25187665#1_0,0.00
558.0,car_007,77.677397,12.930034,85.18,car,16.57,34.36,-367594184#2_0,0.00
558.0,car_008,77.678836,12.930090,159.81,car,15.82,42.09,1214433053_0,0.00
558.0,car_009,77.678592,12.930388,69.27,car,8.05,4.94,:274570292_3_0,0.00
558.0,car_010,77.677800,12.931068,319.28,car,2.82,63.03,25187665#1_0,0.00
558.0,truck_001,77.667276,12.921797,64.36,truck,13.73,123.12,230182006#0_0,0.00
558.0,truck_002,77.652542,12.924154,101.06,truck,12.79,550.43,379308034_0,0.00
558.0,truck_003,77.640275,12.916849,48.45,truck,13.74,582.11,380707230#2_0,0.00
559.0,bike_001,77.683043,12.930777,1.37,motorcycle,15.37,272.34,1214433052#4_0,0.00
559.0,bike_002,77.675823,12.925839,63.60,motorcycle,14.34,89.82,1146865108#11_1,0.00
559.0,bike_003,77.677857,12.930958,139.27,motorcycle,2.78,14.03,-25187665#1_0,0.00
559.0,bike_004,77.677816,12.931006,139.27,motorcycle,4.98,7.14,-25187665#1_0,0.00
559.0,bike_005,77.678185,12.930862,283.19,motorcycle,3.85,12.99,25187665#1_0,0.00
559.0,bus_001,77.674977,12.925419,62.28,bus,13.86,104.45,1146865108#5_1,0.00
559.0,bus_002,77.661701,12.921587,103.79,bus,13.62,727.73,377105485_1,0.00
559.0,bus_003,77.645295,12.922387,46.27,bus,13.72,41.41,377125912#6_0,0.00
559.0,car_001,77.686983,12.931940,46.61,car,15.53,61.07,693004202_1,0.00
559.0,car_002,77.680739,12.930121,77.96,car,16.27,15.44,1214433052#3_0,0.00
559.0,car_003,77.685318,12.931770,94.86,car,16.33,61.74,760109415#0_0,0.00
559.0,car_004,77.684115,12.931761,84.89,car,16.63,93.39,36962151#7_0,0.00
559.0,car_005,77.683034,12.930516,1.37,car,15.44,243.41,1214433052#4_0,0.00
559.0,car_006,77.678045,12.930882,277.61,car,4.23,28.36,25187665#1_0,0.00
559.0,car_007,77.677545,12.930046,83.21,car,16.07,4.16,:4447421339_7_0,0.00
559.0,car_008,77.678884,12.929958,159.81,car,15.54,57.63,1214433053_0,0.00
559.0,car_009,77.678678,12.930390,91.24,car,9.41,3.44,1214433053_0,0.00
559.0,car_010,77.677782,12.931077,307.35,car,2.30,0.10,:3141475567_9_0,0.00
559.0,truck_001,77.667390,12.921850,64.36,truck,13.71,136.82,230182006#0_0,0.00
559.0,truck_002,77.652656,12.924131,101.06,truck,12.68,563.11,379308034_0,0.00
559.0,truck_003,77.640368,12.916928,48.29,truck,13.40,595.51,380707230#2_0,0.00
560.0,bike_001,77.683048,12.930917,1.38,motorcycle,15.54,12.73,:3778310159_7_0,0.00
560.0,bike_002,77.675949,12.925898,63.60,motorcycle,15.23,105.05,1146865108#11_1,0.00
560.0,bike_003,77.677873,12.930939,139.27,motorcycle,2.79,16.83,-25187665#1_0,0.00
560.0,bike_004,77.677829,12.930990,139.27,motorcycle,2.21,9.35,-25187665#1_0,0.00
560.0,bike_005,77.678143,12.930868,277.61,motorcycle,4.65,17.64,25187665#1_0,0.00
560.0,bus_001,77.675086,12.925473,62.43,bus,13.32,0.23,1146865108#11_1,0.00
560.0,bus_002,77.661823,12.921556,103.79,bus,13.68,741.41,377105485_1,0.00
560.0,bus_003,77.645387,12.922471,46.27,bus,13.75,55.16,377125912#6_0,0.00
560.0,car_001,77.687095,12.932043,46.61,car,16.64,77.72,693004202_1,0.00
560.0,car_002,77.680887,12.930150,78.16,car,16.45,13.13,:13787553887_2_0,0.00
560.0,car_003,77.685466,12.931749,98.36,car,16.25,78.00,760109415#0_0,0.00
560.0,car_004,77.684259,12.931769,86.77,car,15.70,109.09,36962151#7_0,0.00
560.0,car_005,77.683039,12.930664,1.37,car,16.40,259.81,1214433052#4_0,0.00
560.0,car_006,77.678005,12.930890,280.89,car,4.48,32.83,25187665#1_0,0.00
560.0,car_007,77.677694,12.930064,80.76,car,16.29,6.16,-367594184#1_0,0.00
560.0,car_008,77.678934,12.929821,159.81,car,16.14,73.77,1214433053_0,0.00
560.0,car_009,77.678751,12.930326,139.66,car,10.92,14.35,1214433053_0,0.00
560.0,car_010,77.677776,12.931052,213.96,car,3.49,0.36,-25187665#1_0,0.00
560.0,truck_001,77.667504,12.921902,64.36,truck,13.64,150.46,230182006#0_0,0.00
560.0,truck_002,77.652774,12.924107,101.06,truck,13.08,576.19,379308034_0,0.00
560.0,truck_003,77.640462,12.917012,47.05,truck,13.74,609.25,380707230#2_0,0.00
561.0,bike_001,77.683054,12.931067,1.36,motorcycle,16.57,14.79,36962151#3_0,0.00
561.0,bike_002,77.676047,12.925945,63.60,motorcycle,11.81,116.86,1146865108#11_1,0.00
561.0,bike_003,77.677905,12.930909,123.91,motorcycle,4.87,21.70,-25187665#1_0,0.00
561.0,bike_004,77.677851,12.930964,139.27,motorcycle,3.79,13.13,-25187665#1_0,0.00
561.0,bike_005,77.678093,12.930875,277.61,motorcycle,5.38,23.02,25187665#1_0,0.00
561.0,bus_001,77.675199,12.925530,62.21,bus,13.76,13.98,1146865108#11_1,0.00
561.0,bus_002,77.661943,12.921526,103.79,bus,13.42,754.83,377105485_1,0.00
561.0,bus_003,77.645480,12.922557,46.27,bus,13.86,69.02,377125912#6_0,0.00
561.0,car_001,77.687222,12.932118,46.71,car,15.93,93.65,693004202_0,0.00
561.0,car_002,77.681029,12.930173,80.56,car,15.53,13.90,1214433052#4_0,0.00
561.0,car_003,77.685614,12.931725,98.82,car,16.26,94.26,760109415#0_0,0.00
561.0,car_004,77.684405,12.931775,87.92,car,15.83,124.92,36962151#7_0,0.00
561.0,car_005,77.683045,12.930810,1.37,car,16.15,0.81,:3778310159_7_0,0.00
561.0,car_006,77.677971,12.930908,297.06,car,4.12,36.95,25187665#1_0,0.00
561.0,car_007,77.677834,12.930085,80.76,car,15.37,21.53,-367594184#1_0,0.00
561.0,car_008,77.679062,12.929782,77.17,car,16.44,90.21,1214433053_0,0.00
561.0,car_009,77.678792,12.930212,159.81,car,13.40,27.76,1214433053_0,0.00
561.0,car_010,77.677798,12.931027,142.44,car,3.70,4.06,-25187665#1_0,0.00
561.0,truck_001,77.667616,12.921953,64.36,truck,13.46,163.92,230182006#0_0,0.00
561.0,truck_002,77.652888,12.924084,101.06,truck,12.67,588.86,379308034_0,0.00
561.0,truck_003,77.640557,12.917095,47.74,truck,13.76,623.01,380707230#2_0,0.00
562.0,bike_001,77.683058,12.931206,1.36,motorcycle,15.42,30.21,36962151#3_0,0.00
562.0,bike_002,77.676116,12.925978,63.60,motorcycle,8.37,125.23,1146865108#11_1,0.00
562.0,bike_003,77.677946,12.930888,117.05,motorcycle,5.01,26.71,-25187665#1_0,0.00
562.0,bike_004,77.677876,12.930935,139.27,motorcycle,4.22,17.35,-25187665#1_0,0.00
562.0,bike_005,77.678059,12.930880,277.61,motorcycle,3.82,26.84,25187665#1_0,0.00
562.0,bus_001,77.675312,12.925587,62.25,bus,13.80,27.79,1146865108#11_1,0.00
562.0,bus_002,77.662065,12.921495,103.79,bus,13.67,768.50,377105485_1,0.00
562.0,bus_003,77.645571,12.922641,46.27,bus,13.60,82.62,377125912#6_0,0.00
562.0,car_001,77.687332,12.932213,47.94,car,15.94,109.58,693004202_0,0.00
562.0,car_002,77.681179,12.930192,83.04,car,16.51,30.40,1214433052#4_0,0.00
562.0,car_003,77.685764,12.931700,100.12,car,16.45,110.71,760109415#0_0,0.00
562.0,car_004,77.684550,12.931779,87.92,car,15.76,140.68,36962151#7_0,0.00
562.0,car_005,77.683049,12.930949,1.37,car,15.44,1.74,36962151#3_0,0.00
562.0,car_006,77.677939,12.930924,297.06,car,3.90,40.85,25187665#1_0,0.00
562.0,car_007,77.677974,12.930112,72.54,car,15.62,37.15,-367594184#1_0,0.00
562.0,car_008,77.679201,12.929811,77.17,car,15.41,105.62,1214433053_0,0.00
562.0,car_009,77.678841,12.930078,159.81,car,15.77,43.53,1214433053_0,0.00
562.0,car_010,77.677823,12.930998,139.27,car,4.23,8.30,-25187665#1_0,0.00
562.0,truck_001,77.667730,12.922005,64.36,truck,13.71,177.63,230182006#0_0,0.00
562.0,truck_002,77.653005,12.924060,101.06,truck,13.04,601.90,379308034_0,0.00
562.0,truck_003,77.640655,12.917170,51.54,truck,13.44,636.46,380707230#2_0,0.00
563.0,bike_001,77.683064,12.931353,1.41,motorcycle,16.31,46.52,36962151#3_0,0.00
563.0,bike_002,77.676165,12.926001,63.11,motorcycle,5.86,4.11,:9830778271_9_0,0.00
563.0,bike_003,77.677978,12.930871,117.05,motorcycle,3.94,30.65,-25187665#1_0,0.00
563.0,bike_004,77.677897,12.930913,135.94,motorcycle,3.27,20.62,-25187665#1_0,0.00
563.0,bike_005,77.678019,12.930886,277.61,motorcycle,4.30,31.14,25187665#1_0,0.00
563.0,bus_001,77.675422,12.925642,62.25,bus,13.45,41.24,1146865108#11_1,0.00
563.0,bus_002,77.662189,12.921464,103.79,bus,13.86,782.36,377105485_1,0.00
563.0,bus_003,77.645664,12.922726,46.27,bus,13.83,96.45,377125912#6_0,0.00
563.0,car_001,77.687440,12.932307,47.94,car,15.70,125.28,693004202_0,0.00
563.0,car_002,77.681332,12.930208,83.04,car,16.63,47.04,1214433052#4_0,0.00
563.0,car_003,77.685904,12.931673,100.25,car,15.56,126.27,760109415#0_0,0.00
563.0,car_004,77.684693,12.931781,89.03,car,15.58,8.05,:429783966_9_0,0.00
563.0,car_005,77.683055,12.931093,1.36,car,16.00,17.74,36962151#3_0,0.00
563.0,car_006,77.677911,12.930939,298.40,car,3.52,44.37,25187665#1_0,0.00
563.0,car_007,77.678115,12.930162,69.73,car,16.26,53.41,-367594184#1_0,0.00
563.0,car_008,77.679342,12.929841,77.17,car,15.77,121.39,1214433053_0,0.00
563.0,car_009,77.678892,12.929937,159.81,car,16.63,60.16,1214433053_0,0.00
563.0,car_010,77.677844,12.930973,139.27,car,3.63,11.93,-25187665#1_0,0.00
563.0,truck_001,77.667844,12.922058,64.28,truck,13.68,1.95,:11527430411_0_0,0.00
563.0,truck_002,77.653121,12.924037,101.12,truck,12.90,614.80,379308034_0,0.00
563.0,truck_003,77.640753,12.917245,51.54,truck,13.54,650.00,380707230#2_0,0.00
564.0,bike_001,77.683084,12.931481,42.55,motorcycle,14.86,61.38,36962151#3_0,0.00
564.0,bike_002,77.676227,12.926033,60.23,motorcycle,7.61,11.72,:9830778271_9_0,0.00
564.0,bike_003,77.678016,12.930857,101.88,motorcycle,4.45,35.09,-25187665#1_0,0.00
564.0,bike_004,77.677931,12.930896,117.05,motorcycle,4.20,24.82,-25187665#1_0,0.00
564.0,bike_005,77.677986,12.930900,297.06,motorcycle,4.01,35.15,25187665#1_0,0.00
564.0,bus_001,77.675535,12.925699,62.27,bus,13.81,55.05,1146865108#11_1,0.00
564.0,bus_002,77.662312,12.921433,103.97,bus,13.84,796.20,377105485_1,0.00
564.0,bus_003,77.645754,12.922809,46.27,bus,13.47,109.92,377125912#6_0,0.00
564.0,car_001,77.687552,12.932404,47.94,car,16.17,141.46,693004202_0,0.00
564.0,car_002,77.681483,12.930225,82.99,car,16.49,63.53,1214433052#4_0,0.00
564.0,car_003,77.686045,12.931647,100.25,car,15.61,141.88,760109415#0_0,0.00
564.0,car_004,77.684841,12.931780,90.18,car,16.04,9.89,760109415#0_0,0.00
564.0,car_005,77.683059,12.931234,1.36,car,15.60,33.33,36962151#3_0,0.00
564.0,car_006,77.677889,12.930965,316.87,car,3.72,48.10,25187665#1_0,0.00
564.0,car_007,77.678256,12.930219,65.74,car,16.60,70.01,-367594184#1_0,0.00
564.0,car_008,77.679487,12.929872,77.42,car,16.06,6.86,:7328379200_7_0,0.00
564.0,car_009,77.678942,12.929800,159.81,car,16.06,76.22,1214433053_0,0.00
564.0,car_010,77.677862,12.930952,139.27,car,3.05,14.98,-25187665#1_0,0.00
564.0,truck_001,77.667955,12.922111,63.59,truck,13.39,5.88,240652650#0_0,0.00
564.0,truck_002,77.653237,12.924013,101.23,truck,12.89,627.69,379308034_0,0.00
564.0,truck_003,77.640854,12.917322,51.44,truck,13.73,663.73,380707230#2_0,0.00
565.0,bike_001,77.683197,12.931560,62.29,motorcycle,15.18,3.29,:429783956_3_0,0.00
565.0,bike_002,77.676260,12.926090,8.78,motorcycle,7.83,4.04,:7097308434_3_0,0.00
565.0,bike_003,77.678057,12.930851,97.64,motorcycle,4.48,39.57,-25187665#1_0,0.00
565.0,bike_004,77.677969,12.930876,117.05,motorcycle,4.74,29.56,-25187665#1_0,0.00
565.0,bike_005,77.677952,12.930917,297.06,motorcycle,4.10,39.25,25187665#1_0,0.00
565.0,bus_001,77.675646,12.925755,62.33,bus,13.51,68.56,1146865108#11_1,0.00
565.0,bus_002,77.662430,12.921402,104.29,bus,13.30,809.50,377105485_1,0.00
565.0,bus_003,77.645847,12.922895,46.27,bus,13.87,123.79,377125912#6_0,0.00
565.0,car_001,77.687665,12.932492,52.11,car,15.70,157.15,693004202_0,0.00
565.0,car_002,77.681629,12.930241,82.99,car,15.99,79.52,1214433052#4_0,0.00
565.0,car_003,77.686185,12.931620,100.86,car,15.41,1.79,:961816867_6_0,0.00
565.0,car_004,77.684987,12.931778,90.18,car,15.88,25.77,760109415#0_0,0.00
565.0,car_005,77.683064,12.931374,1.41,car,15.45,48.78,36962151#3_0,0.00
565.0,car_006,77.677863,12.930996,319.28,car,4.45,52.55,25187665#1_0,0.00
565.0,car_007,77.678357,12.930267,60.61,car,12.10,82.10,-367594184#1_0,0.00
565.0,car_008,77.679632,12.929902,77.93,car,16.09,8.55,1214433052#1_0,0.00
565.0,car_009,77.679081,12.929786,77.17,car,16.13,92.35,1214433053_0,0.00
565.0,car_010,77.677891,12.930919,139.27,car,4.77,19.75,-25187665#1_0,0.00
565.0,truck_001,77.668067,12.922164,63.34,truck,13.49,19.37,240652650#0_0,0.00
565.0,truck_002,77.653353,12.923989,101.23,truck,12.97,640.66,379308034_0,0.00
565.0,truck_003,77.640953,12.917398,51.41,truck,13.69,4.07,:11892824102_0_0,0.00
566.0,bike_001,77.683338,12.931609,71.50,motorcycle,16.21,7.01,36962151#7_0,0.00
566.0,bike_002,77.676275,12.926186,8.41,motorcycle,10.75,6.47,543259514#1_0,0.00
566.0,bike_003,77.678082,12.930848,97.64,motorcycle,2.80,42.37,-25187665#1_0,0.00
566.0,bike_004,77.678002,12.930859,116.44,motorcycle,4.04,33.60,-25187665#1_0,0.00
566.0,bike_005,77.677914,12.930937,297.06,motorcycle,4.69,43.93,25187665#1_0,0.00
566.0,bus_001,77.675758,12.925808,63.60,bus,13.49,82.06,1146865108#11_1,0.00
566.0,bus_002,77.662551,12.921370,104.29,bus,13.58,823.08,377105485_1,0.00
566.0,bus_003,77.645939,12.922979,46.27,bus,13.76,137.55,377125912#6_0,0.00
566.0,car_001,77.687782,12.932584,46.58,car,16.30,173.45,693004202_0,0.00
566.0,car_002,77.681779,12.930258,82.99,car,16.42,95.94,1214433052#4_0,0.00
566.0,car_003,77.686307,12.931594,102.24,car,13.61,1.19,760109415#5_0,0.00
566.0,car_004,77.685137,12.931776,90.18,car,16.21,41.99,760109415#0_0,0.00
566.0,car_005,77.683106,12.931504,43.39,car,16.06,3.28,:12059211981_3_0,0.00
566.0,car_006,77.677842,12.931020,319.28,car,3.48,56.03,25187665#1_0,0.00
566.0,car_007,77.678416,12.930302,58.30,car,7.60,89.70,-367594184#1_0,0.00
566.0,car_008,77.679779,12.929931,77.97,car,16.29,24.84,1214433052#1_0,0.00
566.0,car_009,77.679229,12.929817,77.17,car,16.42,108.76,1214433053_0,0.00
566.0,car_010,77.677928,12.930897,118.97,car,4.67,24.42,-25187665#1_0,0.00
566.0,truck_001,77.668182,12.922219,63.34,truck,13.87,33.24,240652650#0_0,0.00
566.0,truck_002,77.653467,12.923966,101.23,truck,12.66,653.32,379308034_0,0.00
566.0,truck_003,77.641052,12.917474,51.42,truck,13.63,1.77,377125912#2_0,0.00
567.0,bike_001,77.683479,12.931654,71.48,motorcycle,16.16,23.17,36962151#7_0,0.00
567.0,bike_002,77.676295,12.926310,8.41,motorcycle,13.92,20.39,543259514#1_0,0.00
567.0,bike_003,77.678126,12.930842,97.64,motorcycle,4.80,47.17,-25187665#1_0,0.00
567.0,bike_004,77.678036,12.930854,97.64,motorcycle,3.68,37.28,-25187665#1_0,0.00
567.0,bike_005,77.677894,12.930960,319.28,motorcycle,3.41,47.34,25187665#1_0,0.00
567.0,bus_001,77.675870,12.925861,63.60,bus,13.55,95.60,1146865108#11_1,0.00
567.0,bus_002,77.662671,12.921339,104.29,bus,13.42,836.49,377105485_1,0.00
567.0,bus_003,77.646030,12.923062,46.27,bus,13.45,151.00,377125912#6_0,0.00
567.0,car_001,77.687892,12.932685,46.38,car,16.37,189.83,693004202_0,0.00
567.0,car_002,77.681928,12.930274,82.99,car,16.24,112.18,1214433052#4_0,0.00
567.0,car_003,77.686393,12.931572,103.51,car,9.65,10.84,760109415#5_0,0.00
567.0,car_004,77.685288,12.931774,90.18,car,16.47,58.45,760109415#0_0,0.00
567.0,car_005,77.683232,12.931574,66.22,car,15.82,7.41,:429783956_3_0,0.00
567.0,car_006,77.677819,12.931047,319.28,car,3.86,59.89,25187665#1_0,0.00
567.0,car_007,77.678441,12.930320,53.89,car,3.34,1.84,:4824673767_4_0,0.00
567.0,car_008,77.679919,12.929958,77.97,car,15.43,40.27,1214433052#1_0,0.00
567.0,car_009,77.679373,12.929848,77.17,car,16.08,124.84,1214433053_0,0.00
567.0,car_010,77.677961,12.930880,117.05,car,4.11,28.53,-25187665#1_0,0.00
567.0,truck_001,77.668293,12.922273,63.33,truck,13.45,46.69,240652650#0_0,0.00
567.0,truck_002,77.653583,12.923942,101.23,truck,12.86,666.18,379308034_0,0.00
567.0,truck_003,77.641145,12.917556,46.98,truck,13.61,15.38,377125912#2_0,0.00
568.0,bike_001,77.683607,12.931683,76.74,motorcycle,14.22,37.40,36962151#7_0,0.00
568.0,bike_002,77.676318,12.926449,8.41,motorcycle,15.62,36.01,543259514#1_0,0.00
568.0,bike_003,77.678168,12.930836,97.64,motorcycle,4.56,51.73,-25187665#1_0,0.00
568.0,bike_004,77.678072,12.930849,97.64,motorcycle,3.98,41.26,-25187665#1_0,0.00
568.0,bike_005,77.677869,12.930988,319.28,motorcycle,4.10,51.44,25187665#1_0,0.00
568.0,bus_001,77.675981,12.925914,63.60,bus,13.35,108.96,1146865108#11_1,0.00
568.0,bus_002,77.662791,12.921308,104.29,bus,13.55,850.04,377105485_1,0.00
568.0,bus_003,77.646121,12.923147,46.27,bus,13.65,164.66,377125912#6_0,0.00
568.0,car_001,77.687996,12.932781,46.36,car,15.50,205.32,693004202_0,0.00
568.0,car_002,77.682073,12.930290,82.99,car,15.89,128.06,1214433052#4_0,0.00
568.0,car_003,77.686443,12.931560,103.51,car,5.58,16.42,760109415#5_0,0.00
568.0,car_004,77.685438,12.931754,97.49,car,16.42,74.87,760109415#0_0,0.00
568.0,car_005,77.683368,12.931618,71.49,car,15.52,10.44,36962151#7_0,0.00
568.0,car_006,77.677802,12.931067,319.28,car,2.89,62.78,25187665#1_0,0.00
568.0,car_007,77.678461,12.930360,23.22,car,5.08,3.81,:4824673767_10_0,0.00
568.0,car_008,77.680060,12.929986,77.97,car,15.65,55.93,1214433052#1_0,0.00
568.0,car_009,77.679519,12.929879,77.42,car,16.20,10.46,:7328379200_7_0,0.00
568.0,car_010,77.677993,12.930864,117.05,car,3.90,32.43,-25187665#1_0,0.00
568.0,truck_001,77.668405,12.922326,63.32,truck,13.53,60.22,240652650#0_0,0.00
568.0,truck_002,77.653699,12.923918,101.23,truck,12.91,679.09,379308034_0,0.00
568.0,truck_003,77.641233,12.917644,43.92,truck,13.53,28.92,377125912#2_0,0.00
569.0,bike_001,77.683748,12.931715,76.74,motorcycle,15.74,53.14,36962151#7_0,0.00
569.0,bike_002,77.676340,12.926583,8.41,motorcycle,15.00,51.01,543259514#1_0,0.00
569.0,bike_003,77.678207,12.930827,103.17,motorcycle,4.39,56.12,-25187665#1_0,0.00
569.0,bike_004,77.678109,12.930844,97.64,motorcycle,4.01,45.27,-25187665#1_0,0.00
569.0,bike_005,77.677838,12.931024,319.28,motorcycle,5.22,56.66,25187665#1_0,0.00
569.0,bus_001,77.676084,12.925963,63.60,bus,12.43,121.38,1146865108#11_1,0.00
569.0,bus_002,77.662923,12.921304,103.84,bus,13.64,6.82,:1083500529_2_2,0.00
569.0,bus_003,77.646212,12.923228,46.73,bus,13.40,178.05,377125912#6_0,0.00
569.0,car_001,77.688101,12.932877,46.35,car,15.58,220.91,693004202_0,0.00
569.0,car_002,77.682224,12.930307,82.95,car,16.45,144.51,1214433052#4_0,0.00
569.0,car_003,77.686506,12.931552,93.56,car,6.93,3.18,:1694231590_3_0,0.00
569.0,car_004,77.685585,12.931730,98.82,car,16.15,91.02,760109415#0_0,0.00
569.0,car_005,77.683504,12.931661,72.57,car,15.50,25.94,36962151#7_0,0.00
569.0,car_006,77.677782,12.931077,306.36,car,2.63,0.17,:3141475567_9_0,0.00
569.0,car_007,77.678458,12.930419,352.07,car,6.62,10.43,:4824673767_10_0,0.00
569.0,car_008,77.680201,12.930014,77.97,car,15.68,71.60,1214433052#1_0,0.00
569.0,car_009,77.679667,12.929908,77.97,car,16.33,12.39,1214433052#1_0,0.00
569.0,car_010,77.678026,12.930856,105.84,car,3.70,36.13,-25187665#1_0,0.00
569.0,truck_001,77.668516,12.922380,63.32,truck,13.47,73.69,240652650#0_0,0.00
569.0,truck_002,77.653815,12.923894,101.23,truck,12.96,692.06,379308034_0,0.00
569.0,truck_003,77.641321,12.917731,43.92,truck,13.59,42.50,377125912#2_0,0.00
570.0,bike_001,77.683894,12.931744,84.89,motorcycle,16.16,69.29,36962151#7_0,0.00
570.0,bike_002,77.676361,12.926712,9.00,motorcycle,14.44,3.29,:cluster_12145839287_3868740751_9_0,0.00
570.0,bike_003,77.678231,12.930821,103.17,motorcycle,2.70,58.82,-25187665#1_0,0.00
570.0,bike_004,77.678147,12.930839,97.64,motorcycle,4.21,49.49,-25187665#1_0,0.00
570.0,bike_005,77.677824,12.931041,319.28,motorcycle,2.44,59.09,25187665#1_0,0.00
570.0,bus_001,77.676162,12.926000,63.44,bus,9.43,3.83,:9830778271_9_0,0.00
570.0,bus_002,77.663042,12.921276,102.71,bus,13.70,10.23,1303669679_2,0.00
570.0,bus_003,77.646305,12.923312,47.19,bus,13.75,191.80,377125912#6_0,0.00
570.0,car_001,77.688213,12.932979,46.35,car,16.54,237.44,693004202_0,0.00
570.0,car_002,77.682368,12.930323,82.99,car,15.81,160.32,1214433052#4_0,0.00
570.0,car_003,77.686579,12.931593,53.21,car,9.32,2.69,693004202_1,0.00
570.0,car_004,77.685725,12.931707,98.82,car,15.48,106.51,760109415#0_0,0.00
570.0,car_005,77.683649,12.931693,76.74,car,16.13,42.07,36962151#7_0,0.00
570.0,car_006,77.677773,12.931058,237.01,car,2.74,2.91,:3141475567_9_0,0.00
570.0,car_007,77.678445,12.930473,346.07,car,6.06,6.06,-490290342_0,0.00
570.0,car_008,77.680343,12.930043,77.97,car,15.70,87.30,1214433052#1_0,0.00
570.0,car_009,77.679810,12.929937,77.97,car,15.89,28.28,1214433052#1_0,0.00
570.0,car_010,77.678060,12.930851,97.64,car,3.79,39.92,-25187665#1_0,0.00
570.0,truck_001,77.668630,12.922435,63.32,truck,13.79,87.48,240652650#0_0,0.00
570.0,truck_002,77.653933,12.923870,101.23,truck,13.05,705.11,379308034_0,0.00
570.0,truck_003,77.641408,12.917818,43.92,truck,13.46,55.96,377125912#2_0,0.00
571.0,bike_001,77.684032,12.931755,84.89,motorcycle,15.04,84.34,36962151#7_0,0.00
571.0,bike_002,77.676382,12.926835,9.00,motorcycle,13.83,17.11,:cluster_12145839287_3868740751_9_0,0.00
571.0,bike_003,77.678277,12.930810,103.17,motorcycle,5.12,63.94,-25187665#1_0,0.00
571.0,bike_004,77.678184,12.930832,100.41,motorcycle,4.09,53.58,-25187665#1_0,0.00
571.0,bike_005,77.677804,12.931064,319.28,motorcycle,3.31,62.40,25187665#1_0,0.00
571.0,bus_001,77.676238,12.926040,61.53,bus,9.32,13.15,:9830778271_9_0,0.00
571.0,bus_002,77.663163,12.921248,102.74,bus,13.47,23.70,1303669679_2,0.00
571.0,bus_003,77.646397,12.923394,47.19,bus,13.52,205.32,377125912#6_0,0.00
571.0,car_001,77.688318,12.933075,46.35,car,15.65,253.09,693004202_0,0.00
571.0,car_002,77.682514,12.930339,82.99,car,15.86,176.18,1214433052#4_0,0.00
571.0,car_003,77.686662,12.931656,51.56,car,11.41,14.10,693004202_1,0.00
571.0,car_004,77.685869,12.931680,100.25,car,15.90,122.41,760109415#0_0,0.00
571.0,car_005,77.683795,12.931725,76.74,car,16.26,58.33,36962151#7_0,0.00
571.0,car_006,77.677788,12.931038,157.83,car,2.80,2.48,-25187665#1_0,0.00
571.0,car_007,77.678428,12.930541,346.07,car,7.77,13.82,-490290342_0,0.00
571.0,car_008,77.680487,12.930071,77.97,car,16.00,0.11,:12956054087_3_0,0.00
571.0,car_009,77.679954,12.929966,77.97,car,15.97,44.24,1214433052#1_0,0.00
571.0,car_010,77.678102,12.930845,97.64,car,4.59,44.51,-25187665#1_0,0.00
571.0,truck_001,77.668742,12.922488,63.31,truck,13.77,3.57,240652650#0-AddedOffRampEdge_1,0.00
571.0,truck_002,77.654047,12.923847,101.23,truck,12.73,717.84,379308034_0,0.00
571.0,truck_003,77.641495,12.917905,43.92,truck,13.40,69.37,377125912#2_0,0.00
572.0,bike_001,77.684185,12.931766,86.53,motorcycle,16.66,100.99,36962151#7_0,0.00
572.0,bike_002,77.676408,12.926970,10.46,motorcycle,15.18,11.26,543259514#3_0,0.00
572.0,bike_003,77.678305,12.930801,110.55,motorcycle,3.16,1.27,:1387622103_6_0,0.00
572.0,bike_004,77.678230,12.930821,103.17,motorcycle,5.08,58.66,-25187665#1_0,0.00
572.0,bike_005,77.677782,12.931077,291.78,motorcycle,2.93,0.10,:3141475567_9_0,0.00
572.0,bus_001,77.676264,12.926116,27.26,bus,9.28,6.92,:7097308434_3_0,0.00
572.0,bus_002,77.663286,12.921220,102.80,bus,13.72,37.42,1303669679_2,0.00
572.0,bus_003,77.646494,12.923473,49.74,bus,13.69,219.01,377125912#6_0,0.00
572.0,car_001,77.688426,12.933174,46.35,car,16.04,269.14,693004202_0,0.00
572.0,car_002,77.682656,12.930354,82.99,car,15.56,191.74,1214433052#4_0,0.00
572.0,car_003,77.686758,12.931737,46.61,car,13.74,27.85,693004202_1,0.00
572.0,car_004,77.686015,12.931653,100.25,car,16.12,138.53,760109415#0_0,0.00
572.0,car_005,77.683931,12.931747,84.89,car,15.02,73.35,36962151#7_0,0.00
572.0,car_006,77.677809,12.931014,139.27,car,3.46,5.94,-25187665#1_0,0.00
572.0,car_007,77.678409,12.930622,346.07,car,9.24,23.06,-490290342_0,0.00
572.0,car_008,77.680636,12.930101,77.86,car,16.43,4.00,1214433052#3_0,0.00
572.0,car_009,77.680096,12.929994,77.97,car,15.65,59.89,1214433052#1_0,0.00
572.0,car_010,77.678141,12.930839,97.64,car,4.30,48.81,-25187665#1_0,0.00
572.0,truck_001,77.668855,12.922543,63.33,truck,13.70,17.27,240652650#0-AddedOffRampEdge_1,0.00
572.0,truck_002,77.654160,12.923821,102.41,truck,12.65,730.48,379308034_0,0.00
572.0,truck_003,77.641583,12.917993,43.92,truck,13.63,83.00,377125912#2_0,0.00
573.0,bike_001,77.684328,12.931772,86.77,motorcycle,15.57,116.56,36962151#7_0,0.00
573.0,bike_002,77.676432,12.927102,9.28,motorcycle,14.86,9.86,:3141452122_9_0,0.00
573.0,bike_003,77.678335,12.930771,143.50,motorcycle,4.83,6.10,:1387622103_6_0,0.00
573.0,bike_004,77.678257,12.930815,103.17,motorcycle,2.98,61.64,-25187665#1_0,0.00
573.0,bike_005,77.677773,12.931061,200.44,motorcycle,2.42,2.52,:3141475567_9_0,0.00
573.0,bus_001,77.676279,12.926208,8.50,bus,10.36,8.96,543259514#1_0,0.00
573.0,bus_002,77.663406,12.921192,102.80,bus,13.37,50.79,1303669679_2,0.00
573.0,bus_003,77.646590,12.923551,49.74,bus,13.63,232.64,377125912#6_0,0.00
573.0,car_001,77.688531,12.933271,46.35,car,15.61,284.75,693004202_0,0.00
573.0,car_002,77.682804,12.930371,82.99,car,16.19,207.93,1214433052#4_0,0.00
573.0,car_003,77.686868,12.931836,46.61,car,16.22,44.06,693004202_1,0.00
573.0,car_004,77.686162,12.931625,100.25,car,16.25,154.78,760109415#0_0,0.00
573.0,car_005,77.684077,12.931758,84.89,car,15.92,89.27,36962151#7_0,0.00
573.0,car_006,77.677833,12.930986,139.27,car,4.04,9.98,-25187665#1_0,0.00
573.0,car_007,77.678387,12.930712,346.07,car,10.24,33.30,-490290342_0,0.00
573.0,car_008,77.680784,12.930130,78.08,car,16.42,1.66,:13787553887_2_0,0.00
573.0,car_009,77.680241,12.930022,77.97,car,16.12,76.02,1214433052#1_0,0.00
573.0,car_010,77.678182,12.930833,98.54,car,4.50,53.31,-25187665#1_0,0.00
573.0,truck_001,77.668969,12.922597,63.33,truck,13.77,31.04,240652650#0-AddedOffRampEdge_1,0.00
573.0,truck_002,77.654275,12.923793,103.31,truck,12.85,743.33,379308034_0,0.00
573.0,truck_003,77.641669,12.918083,42.23,truck,13.57,96.57,377125912#2_0,0.00
574.0,bike_001,77.684478,12.931777,87.92,motorcycle,16.29,132.85,36962151#7_0,0.00
574.0,bike_002,77.676455,12.927238,10.08,motorcycle,15.21,2.50,:cluster_3141452121_3141473146_9_0,0.00
574.0,bike_003,77.678357,12.930709,164.94,motorcycle,7.33,0.94,490290343_0,0.00
574.0,bike_004,77.678308,12.930800,112.69,motorcycle,5.82,1.64,:1387622103_6_0,0.00
574.0,bike_005,77.677781,12.931046,151.52,motorcycle,1.98,1.27,-25187665#1_0,0.00
574.0,bus_001,77.676295,12.926309,8.41,bus,11.34,20.30,543259514#1_0,0.00
574.0,bus_002,77.663527,12.921163,102.80,bus,13.47,64.27,1303669679_2,0.00
574.0,bus_003,77.646688,12.923629,50.64,bus,13.71,246.35,377125912#6_0,0.00
574.0,car_001,77.688638,12.933368,46.35,car,15.85,300.61,693004202_0,0.00
574.0,car_002,77.682954,12.930387,82.99,car,16.41,224.34,1214433052#4_0,0.00
574.0,car_003,77.686977,12.931935,46.61,car,16.10,60.16,693004202_1,0.00
574.0,car_004,77.686301,12.931595,101.98,car,15.46,0.52,760109415#5_0,0.00
574.0,car_005,77.684223,12.931768,86.77,car,15.93,105.19,36962151#7_0,0.00
574.0,car_006,77.677860,12.930955,139.27,car,4.53,14.51,-25187665#1_0,0.00
574.0,car_007,77.678367,12.930773,340.37,car,7.14,5.86,:1387622103_4_0,0.00
574.0,car_008,77.680932,12.930158,79.55,car,16.36,3.25,1214433052#4_0,0.00
574.0,car_009,77.680380,12.930050,77.97,car,15.38,91.40,1214433052#1_0,0.00
574.0,car_010,77.678215,12.930825,103.10,car,3.71,57.02,-25187665#1_0,0.00
574.0,truck_001,77.669081,12.922651,63.33,truck,13.55,44.59,240652650#0-AddedOffRampEdge_1,0.00
574.0,truck_002,77.654388,12.923766,103.11,truck,12.61,1.66,:1645178612_2_0,0.00
574.0,truck_003,77.641755,12.918176,41.91,truck,13.87,110.44,377125912#2_0,0.00
575.0,bike_001,77.684609,12.931780,87.92,motorcycle,14.24,147.09,36962151#7_0,0.00
575.0,bike_002,77.676479,12.927360,10.08,motorcycle,13.78,16.28,:cluster_3141452121_3141473146_9_0,0.00
575.0,bike_003,77.678377,12.930629,166.04,motorcycle,9.10,10.04,490290343_0,0.00
575.0,bike_004,77.678346,12.930749,154.48,motorcycle,7.23,8.87,:1387622103_6_0,0.00
575.0,bike_005,77.677807,12.931016,139.27,motorcycle,4.36,5.63,-25187665#1_0,0.00
575.0,bus_001,77.676313,12.926418,8.41,bus,12.16,32.46,543259514#1_0,0.00
575.0,bus_002,77.663650,12.921132,104.01,bus,13.72,1.83,377105483#0_2,0.00
575.0,bus_003,77.646792,12.923692,57.77,bus,13.34,259.68,377125912#6_0,0.00
575.0,car_001,77.688748,12.933469,46.35,car,16.34,316.95,693004202_0,0.00
575.0,car_002,77.683033,12.930492,13.39,car,16.47,240.81,1214433052#4_0,0.00
575.0,car_003,77.687087,12.932035,46.61,car,16.34,76.50,693004202_1,0.00
575.0,car_004,77.686399,12.931571,103.51,car,10.96,11.48,760109415#5_0,0.00
575.0,car_005,77.684365,12.931774,86.83,car,15.42,120.61,36962151#7_0,0.00
575.0,car_006,77.677880,12.930931,139.27,car,3.48,18.00,-25187665#1_0,0.00
575.0,car_007,77.678321,12.930826,308.99,car,7.89,13.74,:1387622103_4_0,0.00
575.0,car_008,77.681075,12.930180,80.56,car,15.74,18.99,1214433052#4_0,0.00
575.0,car_009,77.680520,12.930078,77.98,car,15.55,3.76,:12956054087_3_0,0.00
575.0,car_010,77.678261,12.930814,103.17,car,5.14,62.16,-25187665#1_0,0.00
575.0,truck_001,77.669195,12.922706,63.33,truck,13.81,58.40,240652650#0-AddedOffRampEdge_1,0.00
575.0,truck_002,77.654511,12.923742,100.56,truck,13.58,12.49,377105485-AddedOnRampEdge_2,0.00
575.0,truck_003,77.641839,12.918266,41.44,truck,13.49,123.94,377125912#2_0,0.00
576.0,bike_001,77.684751,12.931781,89.06,motorcycle,15.39,0.06,760109415#0_0,0.00
576.0,bike_002,77.676502,12.927481,10.08,motorcycle,13.64,29.92,:cluster_3141452121_3141473146_9_0,0.00
576.0,bike_003,77.678399,12.930538,166.04,motorcycle,10.42,20.46,490290343_0,0.00
576.0,bike_004,77.678366,12.930673,166.04,motorcycle,8.62,5.00,490290343_0,0.00
576.0,bike_005,77.677835,12.930983,139.27,motorcycle,4.74,10.36,-25187665#1_0,0.00
576.0,bus_001,77.676332,12.926536,8.41,bus,13.24,45.71,543259514#1_0,0.00
576.0,bus_002,77.663771,12.921099,105.20,bus,13.62,15.45,377105483#0_2,0.00
576.0,bus_003,77.646897,12.923755,57.77,bus,13.32,273.00,377125912#6_0,0.00
576.0,car_001,77.688853,12.933565,46.35,car,15.57,332.52,693004202_0,0.00
576.0,car_002,77.683039,12.930641,1.37,car,16.49,257.30,1214433052#4_0,0.00
576.0,car_003,77.687212,12.932109,46.62,car,15.69,92.19,693004202_0,0.00
576.0,car_004,77.686457,12.931557,103.51,car,6.46,17.94,760109415#5_0,0.00
576.0,car_005,77.684506,12.931778,87.92,car,15.29,135.90,36962151#7_0,0.00
576.0,car_006,77.677909,12.930907,129.97,car,4.21,22.21,-25187665#1_0,0.00
576.0,car_007,77.678285,12.930838,289.52,car,4.06,1.73,25187665#1_0,0.00
576.0,car_008,77.681216,12.930196,83.04,car,15.42,34.41,1214433052#4_0,0.00
576.0,car_009,77.680666,12.930107,77.92,car,16.09,7.32,1214433052#3_0,0.00
576.0,car_010,77.678310,12.930799,108.11,car,5.58,1.91,:1387622103_6_0,0.00
576.0,truck_001,77.669307,12.922759,63.33,truck,13.50,71.89,240652650#0-AddedOffRampEdge_1,0.00
576.0,truck_002,77.654636,12.923718,100.56,truck,13.75,26.25,377105485-AddedOnRampEdge_2,0.00
576.0,truck_003,77.641923,12.918361,40.69,truck,13.85,137.79,377125912#2_0,0.00
577.0,bike_001,77.684891,12.931779,90.18,motorcycle,15.21,15.27,760109415#0_0,0.00
577.0,bike_002,77.676530,12.927621,10.82,motorcycle,15.74,11.39,543259514#6_0,0.00
577.0,bike_003,77.678418,12.930457,166.04,motorcycle,9.11,29.57,490290343_0,0.00
577.0,bike_004,77.678388,12.930583,166.04,motorcycle,10.24,15.23,490290343_0,0.00
577.0,bike_005,77.677854,12.930961,139.27,motorcycle,3.27,13.63,-25187665#1_0,0.00
577.0,bus_001,77.676352,12.926659,8.41,bus,13.80,59.50,543259514#1_0,0.00
577.0,bus_002,77.663890,12.921066,105.20,bus,13.40,28.85,377105483#0_2,0.00
577.0,bus_003,77.647005,12.923820,57.77,bus,13.84,286.85,377125912#6_0,0.00
577.0,car_001,77.688957,12.933661,46.35,car,15.50,348.02,693004202_0,0.00
577.0,car_002,77.683044,12.930787,1.37,car,16.19,273.49,1214433052#4_0,0.00
577.0,car_003,77.687320,12.932203,47.94,car,15.63,107.83,693004202_0,0.00
577.0,car_004,77.686528,12.931559,77.40,car,8.01,5.77,:1694231590_3_0,0.00
577.0,car_005,77.684656,12.931781,88.90,car,16.31,3.98,:429783966_9_0,0.00
577.0,car_006,77.677938,12.930892,117.05,car,3.47,25.68,-25187665#1_0,0.00
577.0,car_007,77.678252,12.930846,283.19,car,3.70,5.43,25187665#1_0,0.00
577.0,car_008,77.681360,12.930211,83.04,car,15.76,50.17,1214433052#4_0,0.00
577.0,car_009,77.680805,12.930134,78.14,car,15.43,3.99,:13787553887_2_0,0.00
577.0,car_010,77.678346,12.930749,150.46,car,6.98,8.89,:1387622103_6_0,0.00
577.0,truck_001,77.669420,12.922814,63.33,truck,13.64,85.53,240652650#0-AddedOffRampEdge_1,0.00
577.0,truck_002,77.654759,12.923694,100.56,truck,13.62,39.87,377105485-AddedOnRampEdge_2,0.00
577.0,truck_003,77.642006,12.918453,40.69,truck,13.61,151.39,377125912#2_0,0.00
578.0,bike_001,77.685043,12.931777,90.18,motorcycle,16.52,31.79,760109415#0_0,0.00
578.0,bike_002,77.676542,12.927746,2.52,motorcycle,13.92,3.93,:3141473150_7_0,0.00
578.0,bike_003,77.678427,12.930421,166.04,motorcycle,4.11,33.69,490290343_0,0.00
578.0,bike_004,77.678406,12.930510,166.04,motorcycle,8.31,23.54,490290343_0,0.00
578.0,bike_005,77.677887,12.930923,139.27,motorcycle,5.51,19.14,-25187665#1_0,0.00
578.0,bus_001,77.676372,12.926779,8.94,bus,13.47,10.80,:cluster_12145839287_3868740751_9_0,0.00
578.0,bus_002,77.664002,12.921034,105.26,bus,13.41,0.61,377105483#0-AddedOffRampEdge_4,0.00
578.0,bus_003,77.647112,12.923885,57.77,bus,13.73,300.58,377125912#6_0,0.00
578.0,car_001,77.689067,12.933761,46.35,car,16.28,364.30,693004202_0,0.00
578.0,car_002,77.683049,12.930928,1.38,car,15.59,13.93,:3778310159_7_0,0.00
578.0,car_003,77.687431,12.932299,47.94,car,16.15,123.98,693004202_0,0.00
578.0,car_004,77.686599,12.931607,51.56,car,9.39,5.36,693004202_1,0.00
578.0,car_005,77.684793,12.931781,90.18,car,14.85,4.64,760109415#0_0,0.00
578.0,car_006,77.677966,12.930878,117.05,car,3.48,29.16,-25187665#1_0,0.00
578.0,car_007,77.678215,12.930855,283.19,car,4.15,9.59,25187665#1_0,0.00
578.0,car_008,77.681508,12.930228,82.99,car,16.12,66.29,1214433052#4_0,0.00
578.0,car_009,77.680952,12.930161,80.46,car,16.30,5.52,1214433052#4_0,0.00
578.0,car_010,77.678368,12.930666,166.04,car,9.41,5.81,490290343_0,0.00
578.0,truck_001,77.669527,12.922874,59.04,truck,13.77,4.41,:11233009357_0_1,0.00
578.0,truck_002,77.654883,12.923670,100.56,truck,13.75,53.61,377105485-AddedOnRampEdge_2,0.00
578.0,truck_003,77.642083,12.918550,37.27,truck,13.57,164.96,377125912#2_0,0.00
579.0,bike_001,77.685182,12.931775,90.18,motorcycle,15.09,46.89,760109415#0_0,0.00
579.0,bike_002,77.676548,12.927874,0.97,motorcycle,14.23,3.83,543259514#7_0,0.00
579.0,bike_003,77.678445,12.930373,155.31,motorcycle,5.67,3.67,:4824673767_7_0,0.00
579.0,bike_004,77.678418,12.930461,166.04,motorcycle,5.62,29.16,490290343_0,0.00
579.0,bike_005,77.677914,12.930904,117.05,motorcycle,3.65,22.79,-25187665#1_0,0.00
579.0,bus_001,77.676394,12.926903,9.44,bus,13.88,3.65,543259514#3_0,0.00
579.0,bus_002,77.664119,12.921002,105.25,bus,13.50,14.11,377105483#0-AddedOffRampEdge_4,0.00
579.0,bus_003,77.647220,12.923950,57.77,bus,13.76,314.34,377125912#6_0,0.00
579.0,car_001,77.689171,12.933858,45.88,car,15.51,379.81,693004202_0,0.00
579.0,car_002,77.683054,12.931071,1.36,car,15.83,15.25,36962151#3_0,0.00
579.0,car_003,77.687540,12.932393,47.94,car,15.71,139.69,693004202_0,0.00
579.0,car_004,77.686685,12.931673,51.56,car,11.81,17.17,693004202_1,0.00
579.0,car_005,77.684934,12.931779,90.18,car,15.37,20.01,760109415#0_0,0.00
579.0,car_006,77.677995,12.930863,117.05,car,3.50,32.66,-25187665#1_0,0.00
579.0,car_007,77.678181,12.930863,283.15,car,3.86,13.44,25187665#1_0,0.00
579.0,car_008,77.681650,12.930243,82.99,car,15.51,81.80,1214433052#4_0,0.00
579.0,car_009,77.681104,12.930183,81.55,car,16.66,22.18,1214433052#4_0,0.00
579.0,car_010,77.678387,12.930586,166.04,car,9.14,14.95,490290343_0,0.00
579.0,truck_001,77.669637,12.922925,66.91,truck,13.51,2.90,:11233009356_0_1,0.00
579.0,truck_002,77.655008,12.923646,100.56,truck,13.85,67.47,377105485-AddedOnRampEdge_2,0.00
579.0,truck_003,77.642160,12.918648,36.74,truck,13.65,178.61,377125912#2_0,0.00
580.0,bike_001,77.685322,12.931770,97.44,motorcycle,15.27,62.15,760109415#0_0,0.00
580.0,bike_002,77.676551,12.928006,359.97,motorcycle,14.67,1.99,:274569348_4_0,0.00
580.0,bike_003,77.678505,12.930358,87.58,motorcycle,7.02,10.69,:4824673767_7_0,0.00
580.0,bike_004,77.678427,12.930424,166.04,motorcycle,4.26,33.42,490290343_0,0.00
580.0,bike_005,77.677942,12.930890,117.05,motorcycle,3.44,26.22,-25187665#1_0,0.00
580.0,bus_001,77.676418,12.927024,10.35,bus,13.68,1.07,:3141452122_9_0,0.00
580.0,bus_002,77.664235,12.920969,105.25,bus,13.39,27.50,377105483#0-AddedOffRampEdge_4,0.00
580.0,bus_003,77.647325,12.924013,57.77,bus,13.34,327.68,377125912#6_0,0.00
580.0,car_001,77.689278,12.933958,45.88,car,16.12,395.93,693004202_0,0.00
580.0,car_002,77.683059,12.931211,1.36,car,15.51,30.76,36962151#3_0,0.00
580.0,car_003,77.687655,12.932485,52.11,car,16.15,155.84,693004202_0,0.00
580.0,car_004,77.686778,12.931755,46.61,car,13.60,30.78,693004202_1,0.00
580.0,car_005,77.685074,12.931777,90.18,car,15.20,35.21,760109415#0_0,0.00
580.0,car_006,77.678035,12.930854,101.26,car,4.52,37.19,-25187665#1_0,0.00
580.0,car_007,77.678141,12.930869,277.79,car,4.32,17.77,25187665#1_0,0.00
580.0,car_008,77.681795,12.930259,82.99,car,15.90,97.70,1214433052#4_0,0.00
580.0,car_009,77.681246,12.930199,83.04,car,15.48,37.66,1214433052#4_0,0.00
580.0,car_010,77.678402,12.930524,166.04,car,7.03,21.98,490290343_0,0.00
580.0,truck_001,77.669747,12.922973,64.00,truck,13.51,8.78,543259500#1-AddedOnRampEdge_1,0.00
580.0,truck_002,77.655133,12.923622,100.44,truck,13.79,81.26,377105485-AddedOnRampEdge_2,0.00
580.0,truck_003,77.642236,12.918749,35.77,truck,13.88,192.49,377125912#2_0,0.00
581.0,bike_001,77.685470,12.931748,98.82,motorcycle,16.26,78.42,760109415#0_0,0.00
581.0,bike_002,77.676552,12.928136,358.84,motorcycle,14.37,2.01,543259514#8_0,0.00
581.0,bike_003,77.678556,12.930376,67.35,motorcycle,5.94,0.84,:274570292_3_0,0.00
581.0,bike_004,77.678446,12.930373,153.46,motorcycle,6.08,3.81,:4824673767_7_0,0.00
581.0,bike_005,77.677969,12.930876,117.05,motorcycle,3.32,29.55,-25187665#1_0,0.00
581.0,bus_001,77.676440,12.927145,9.28,bus,13.62,0.07,543259514#4_0,0.00
581.0,bus_002,77.664351,12.920938,104.75,bus,13.37,40.88,377105483#0-AddedOffRampEdge_4,0.00
581.0,bus_003,77.647425,12.924062,63.91,bus,13.32,9.10,:1645178560_2_0,0.00
581.0,car_001,77.689384,12.934056,45.96,car,15.77,9.32,:11428038816_1_0,0.00
581.0,car_002,77.683064,12.931361,1.40,car,16.58,47.34,36962151#3_0,0.00
581.0,car_003,77.687775,12.932578,47.90,car,16.58,172.42,693004202_0,0.00
581.0,car_004,77.686880,12.931847,46.61,car,15.13,45.91,693004202_1,0.00
581.0,car_005,77.685222,12.931775,90.18,car,16.07,51.28,760109415#0_0,0.00
581.0,car_006,77.678075,12.930849,97.64,car,4.38,41.57,-25187665#1_0,0.00
581.0,car_007,77.678106,12.930874,277.61,car,3.84,21.61,25187665#1_0,0.00
581.0,car_008,77.681942,12.930276,82.99,car,15.98,113.69,1214433052#4_0,0.00
581.0,car_009,77.681389,12.930215,83.03,car,15.63,53.28,1214433052#4_0,0.00
581.0,car_010,77.678413,12.930479,166.04,car,5.09,27.07,490290343_0,0.00
581.0,truck_001,77.669858,12.923028,62.34,truck,13.47,22.25,543259500#1-AddedOnRampEdge_1,0.00
581.0,truck_002,77.655254,12.923599,100.44,truck,13.41,0.03,:377105485-AddedOnRampNode_0_0,0.00
581.0,truck_003,77.642310,12.918849,35.32,truck,13.69,206.18,377125912#2_0,0.00
582.0,bike_001,77.685613,12.931725,98.82,motorcycle,15.68,94.10,760109415#0_0,0.00
582.0,bike_002,77.676550,12.928264,357.64,motorcycle,14.14,3.30,:3141473140_4_0,0.00
582.0,bike_003,77.678639,12.930391,90.37,motorcycle,9.21,10.05,:274570292_3_0,0.00
582.0,bike_004,77.678511,12.930360,80.47,motorcycle,7.59,11.40,:4824673767_7_0,0.00
582.0,bike_005,77.677998,12.930861,117.05,motorcycle,3.53,33.07,-25187665#1_0,0.00
582.0,bus_001,77.676461,12.927266,9.08,bus,13.55,5.68,:cluster_3141452121_3141473146_9_0,0.00
582.0,bus_002,77.664468,12.920909,103.85,bus,13.40,54.28,377105483#0-AddedOffRampEdge_4,0.00
582.0,bus_003,77.647546,12.924121,62.82,bus,13.88,11.02,:650141496_0_0,0.00
582.0,car_001,77.689491,12.934155,46.07,car,15.98,15.12,1204193915#4_0,0.00
582.0,car_002,77.683097,12.931494,42.98,car,16.07,1.84,:12059211981_3_0,0.00
582.0,car_003,77.687881,12.932675,46.38,car,15.76,188.18,693004202_0,0.00
582.0,car_004,77.686985,12.931943,46.61,car,15.56,61.47,693004202_1,0.00
582.0,car_005,77.685373,12.931763,97.44,car,16.48,67.77,760109415#0_0,0.00
582.0,car_006,77.678106,12.930844,97.64,car,3.44,45.01,-25187665#1_0,0.00
582.0,car_007,77.678069,12.930879,277.61,car,4.13,25.75,25187665#1_0,0.00
582.0,car_008,77.682094,12.930292,82.99,car,16.61,130.30,1214433052#4_0,0.00
582.0,car_009,77.681538,12.930231,82.99,car,16.36,69.64,1214433052#4_0,0.00
582.0,car_010,77.678425,12.930431,166.04,car,5.53,32.60,490290343_0,0.00
582.0,truck_001,77.669972,12.923085,62.64,truck,13.87,36.12,543259500#1-AddedOnRampEdge_1,0.00
582.0,truck_002,77.655378,12.923575,100.44,truck,13.72,5.76,377105485_0,0.00
582.0,truck_003,77.642385,12.918951,35.32,truck,13.85,220.04,377125912#2_0,0.00
583.0,bike_001,77.685755,12.931701,100.25,motorcycle,15.72,109.82,760109415#0_0,0.00
583.0,bike_002,77.676545,12.928398,356.38,motorcycle,14.86,3.83,543259514#9_0,0.00
583.0,bike_003,77.678733,12.930350,129.75,motorcycle,11.92,11.05,1214433053_0,0.00
583.0,bike_004,77.678575,12.930384,66.32,motorcycle,7.41,3.02,:274570292_3_0,0.00
583.0,bike_005,77.678045,12.930853,97.64,motorcycle,5.24,38.31,-25187665#1_0,0.00
583.0,bus_001,77.676483,12.927384,10.08,bus,13.30,18.97,:cluster_3141452121_3141473146_9_0,0.00
583.0,bus_002,77.664586,12.920879,103.85,bus,13.52,67.80,377105483#0-AddedOffRampEdge_4,0.00
583.0,bus_003,77.647656,12.924171,64.56,bus,13.32,10.64,379308034_0,0.00
583.0,car_001,77.689598,12.934254,46.07,car,15.95,31.07,1204193915#4_0,0.00
583.0,car_002,77.683221,12.931570,64.35,car,15.96,6.11,:429783956_3_0,0.00
583.0,car_003,77.687992,12.932776,46.36,car,16.41,204.59,693004202_0,0.00
583.0,car_004,77.687091,12.932039,46.61,car,15.63,77.10,693004202_1,0.00
583.0,car_005,77.685519,12.931741,98.82,car,15.97,83.73,760109415#0_0,0.00
583.0,car_006,77.678142,12.930839,97.64,car,3.91,48.91,-25187665#1_0,0.00
583.0,car_007,77.678032,12.930884,277.61,car,4.03,29.77,25187665#1_0,0.00
583.0,car_008,77.682241,12.930309,82.95,car,16.14,146.44,1214433052#4_0,0.00
583.0,car_009,77.681688,12.930248,82.99,car,16.32,85.96,1214433052#4_0,0.00
583.0,car_010,77.678447,12.930372,155.68,car,6.95,3.86,:4824673767_7_0,0.00
583.0,truck_001,77.670086,12.923139,63.55,truck,13.76,49.88,543259500#1-AddedOnRampEdge_1,0.00
583.0,truck_002,77.655500,12.923543,104.45,truck,13.77,19.52,377105485_0,0.00
583.0,truck_003,77.642458,12.919050,35.32,truck,13.43,233.47,377125912#2_0,0.00
584.0,bike_001,77.685889,12.931676,100.25,motorcycle,14.72,124.54,760109415#0_0,0.00
584.0,bike_002,77.676539,12.928524,356.58,motorcycle,13.92,6.81,:3141473138_4_0,0.00
584.0,bike_003,77.678784,12.930233,159.81,motorcycle,14.25,25.30,1214433053_0,0.00
584.0,bike_004,77.678671,12.930390,91.50,motorcycle,10.57,2.67,1214433053_0,0.00
584.0,bike_005,77.678071,12.930849,97.64,motorcycle,2.82,41.13,-25187665#1_0,0.00
584.0,bus_001,77.676507,12.927507,10.08,bus,13.86,32.84,:cluster_3141452121_3141473146_9_0,0.00
584.0,bus_002,77.664703,12.920850,103.23,bus,13.36,81.15,377105483#0-AddedOffRampEdge_4,0.00
584.0,bus_003,77.647770,12.924223,64.78,bus,13.64,24.28,379308034_0,0.00
584.0,car_001,77.689709,12.934357,46.07,car,16.64,47.71,1204193915#4_0,0.00
584.0,car_002,77.683363,12.931617,71.49,car,16.31,9.94,36962151#7_0,0.00
584.0,car_003,77.688098,12.932874,46.35,car,15.84,220.43,693004202_0,0.00
584.0,car_004,77.687215,12.932112,46.62,car,15.53,92.63,693004202_0,0.00
584.0,car_005,77.685657,12.931718,98.82,car,15.22,98.96,760109415#0_0,0.00
584.0,car_006,77.678180,12.930833,98.32,car,4.22,53.13,-25187665#1_0,0.00
584.0,car_007,77.678002,12.930892,282.48,car,3.43,33.20,25187665#1_0,0.00
584.0,car_008,77.682387,12.930325,82.99,car,15.86,162.30,1214433052#4_0,0.00
584.0,car_009,77.681837,12.930264,82.99,car,16.31,102.26,1214433052#4_0,0.00
584.0,car_010,77.678515,12.930361,84.18,car,8.01,11.87,:4824673767_7_0,0.00
584.0,truck_001,77.670197,12.923192,63.55,truck,13.41,63.28,543259500#1-AddedOnRampEdge_1,0.00
584.0,truck_002,77.655619,12.923512,104.45,truck,13.40,32.92,377105485_0,0.00
584.0,truck_003,77.642532,12.919149,35.32,truck,13.60,247.07,377125912#2_0,0.00
585.0,bike_001,77.686017,12.931652,100.25,motorcycle,14.23,138.77,760109415#0_0,0.00
585.0,bike_002,77.676532,12.928655,356.84,motorcycle,14.58,6.96,543259514#10_0,0.00
585.0,bike_003,77.678831,12.930106,159.81,motorcycle,15.00,40.30,1214433053_0,0.00
585.0,bike_004,77.678757,12.930307,159.85,motorcycle,13.90,16.57,1214433053_0,0.00
585.0,bike_005,77.678117,12.930843,97.64,motorcycle,5.08,46.21,-25187665#1_0,0.00
585.0,bus_001,77.676531,12.927627,10.82,bus,13.54,12.10,543259514#6_0,0.00
585.0,bus_002,77.664824,12.920837,95.10,bus,13.66,10.37,:2387123504_3_2,0.00
585.0,bus_003,77.647886,12.924262,70.30,bus,13.38,37.66,379308034_0,0.00
585.0,car_001,77.689815,12.934455,46.01,car,15.77,63.48,1204193915#4_0,0.00
585.0,car_002,77.683500,12.931660,72.09,car,15.59,25.52,36962151#7_0,0.00
585.0,car_003,77.688202,12.932969,46.35,car,15.45,235.87,693004202_0,0.00
585.0,car_004,77.687324,12.932207,47.94,car,15.90,108.53,693004202_0,0.00
585.0,car_005,77.685788,12.931695,100.25,car,14.49,113.45,760109415#0_0,0.00
585.0,car_006,77.678216,12.930825,103.17,car,4.03,57.16,-25187665#1_0,0.00
585.0,car_007,77.677973,12.930907,297.06,car,3.57,36.78,25187665#1_0,0.00
585.0,car_008,77.682531,12.930341,82.99,car,15.76,178.07,1214433052#4_0,0.00
585.0,car_009,77.681978,12.930280,82.99,car,15.39,117.66,1214433052#4_0,0.00
585.0,car_010,77.678585,12.930387,67.93,car,8.10,4.18,:274570292_3_0,0.00
585.0,truck_001,77.670311,12.923242,65.33,truck,13.56,76.84,543259500#1-AddedOnRampEdge_1,0.00
585.0,truck_002,77.655740,12.923471,108.91,truck,13.87,46.78,377105485_0,0.00
585.0,truck_003,77.642606,12.919250,35.32,truck,13.78,260.85,377125912#2_0,0.00
586.0,bike_001,77.686150,12.931627,100.25,motorcycle,14.63,153.40,760109415#0_0,0.00
586.0,bike_002,77.676519,12.928787,352.92,motorcycle,14.69,21.65,543259514#10_0,0.00
586.0,bike_003,77.678879,12.929973,159.81,motorcycle,15.63,55.93,1214433053_0,0.00
586.0,bike_004,77.678807,12.930171,159.81,motorcycle,16.04,32.61,1214433053_0,0.00
586.0,bike_005,77.678153,12.930838,97.64,motorcycle,3.89,50.11,-25187665#1_0,0.00
586.0,bus_001,77.676542,12.927747,3.50,bus,13.38,4.10,:3141473150_7_0,0.00
586.0,bus_002,77.664946,12.920856,80.17,bus,13.66,7.09,1240374873#0_2,0.00
586.0,bus_003,77.648008,12.924296,73.63,bus,13.82,51.48,379308034_0,0.00
586.0,car_001,77.689926,12.934558,46.01,car,16.51,79.99,1204193915#4_0,0.00
586.0,car_002,77.683645,12.931692,76.74,car,16.18,41.70,36962151#7_0,0.00
586.0,car_003,77.688308,12.933066,46.35,car,15.71,251.58,693004202_0,0.00
586.0,car_004,77.687434,12.932301,47.94,car,15.82,124.35,693004202_0,0.00
586.0,car_005,77.685919,12.931671,100.25,car,14.47,127.91,760109415#0_0,0.00
586.0,car_006,77.678246,12.930818,103.17,car,3.34,60.50,-25187665#1_0,0.00
586.0,car_007,77.677943,12.930922,297.06,car,3.63,40.41,25187665#1_0,0.00
586.0,car_008,77.682674,12.930356,82.99,car,15.67,193.74,1214433052#4_0,0.00
586.0,car_009,77.682121,12.930295,82.99,car,15.59,133.25,1214433052#4_0,0.00
586.0,car_010,77.678678,12.930390,91.22,car,10.12,3.38,1214433053_0,0.00
586.0,truck_001,77.670426,12.923290,66.66,truck,13.61,90.45,543259500#1-AddedOnRampEdge_1,0.00
586.0,truck_002,77.655861,12.923432,107.63,truck,13.88,60.66,377105485_0,0.00
586.0,truck_003,77.642680,12.919350,35.32,truck,13.57,274.41,377125912#2_0,0.00
587.0,bike_001,77.686283,12.931599,101.78,motorcycle,14.79,12.68,:961816867_6_0,0.00
587.0,bike_002,77.676505,12.928910,352.92,motorcycle,13.70,35.35,543259514#10_0,0.00
587.0,bike_003,77.678929,12.929833,159.81,motorcycle,16.38,72.31,1214433053_0,0.00
587.0,bike_004,77.678854,12.930041,159.81,motorcycle,15.30,47.91,1214433053_0,0.00
587.0,bike_005,77.678187,12.930832,101.35,motorcycle,3.81,53.92,-25187665#1_0,0.00
587.0,bus_001,77.676548,12.927872,2.06,bus,13.81,3.57,543259514#7_0,0.00
587.0,bus_002,77.665068,12.920872,81.84,bus,13.40,20.49,1240374873#0_2,0.00
587.0,bus_003,77.648127,12.924328,74.33,bus,13.38,64.86,379308034_0,0.00
587.0,car_001,77.690032,12.934656,46.03,car,15.90,95.89,1204193915#4_0,0.00
587.0,car_002,77.683790,12.931724,76.74,car,16.16,57.87,36962151#7_0,0.00
587.0,car_003,77.688412,12.933161,46.35,car,15.41,266.99,693004202_0,0.00
587.0,car_004,77.687540,12.932394,47.94,car,15.41,139.76,693004202_0,0.00
587.0,car_005,77.686057,12.931645,100.25,car,15.23,143.14,760109415#0_0,0.00
587.0,car_006,77.678283,12.930809,103.17,car,4.07,64.57,-25187665#1_0,0.00
587.0,car_007,77.677910,12.930941,299.46,car,4.18,44.59,25187665#1_0,0.00
587.0,car_008,77.682825,12.930373,82.99,car,16.51,210.25,1214433052#4_0,0.00
587.0,car_009,77.682272,12.930312,82.97,car,16.50,149.75,1214433052#4_0,0.00
587.0,car_010,77.678754,12.930318,146.33,car,11.95,15.33,1214433053_0,0.00
587.0,truck_001,77.670542,12.923337,66.71,truck,13.65,1.92,543259500#1_0,0.00
587.0,truck_002,77.655979,12.923394,107.63,truck,13.50,74.16,377105485_0,0.00
587.0,truck_003,77.642754,12.919450,35.32,truck,13.66,288.07,377125912#2_0,0.00
588.0,bike_001,77.686374,12.931577,103.51,motorcycle,10.26,8.74,760109415#5_0,0.00
588.0,bike_002,77.676489,12.929049,352.85,motorcycle,15.45,0.26,543259514#11_0,0.00
588.0,bike_003,77.679040,12.929777,77.17,motorcycle,15.44,87.75,1214433053_0,0.00
588.0,bike_004,77.678902,12.929909,159.81,motorcycle,15.43,63.34,1214433053_0,0.00
588.0,bike_005,77.678214,12.930825,103.17,motorcycle,2.94,56.86,-25187665#1_0,0.00
588.0,bus_001,77.676551,12.927994,0.92,bus,13.60,0.66,:274569348_4_0,0.00
588.0,bus_002,77.665192,12.920886,82.34,bus,13.66,34.15,1240374873#0_2,0.00
588.0,bus_003,77.648252,12.924351,78.93,bus,13.87,78.73,379308034_0,0.00
588.0,car_001,77.690134,12.934760,42.44,car,15.92,111.81,1204193915#4_0,0.00
588.0,car_002,77.683934,12.931747,84.89,car,15.83,73.70,36962151#7_0,0.00
588.0,car_003,77.688516,12.933257,46.35,car,15.51,282.50,693004202_0,0.00
588.0,car_004,77.687650,12.932481,52.11,car,15.39,155.14,693004202_0,0.00
588.0,car_005,77.686191,12.931619,101.09,car,14.83,2.47,:961816867_6_0,0.00
588.0,car_006,77.678313,12.930797,109.04,car,3.54,2.27,:1387622103_6_0,0.00
588.0,car_007,77.677885,12.930970,319.28,car,4.24,48.83,25187665#1_0,0.00
588.0,car_008,77.682967,12.930389,82.99,car,15.49,225.75,1214433052#4_0,0.00
588.0,car_009,77.682414,12.930328,82.99,car,15.61,165.36,1214433052#4_0,0.00
588.0,car_010,77.678796,12.930201,159.81,car,13.71,29.04,1214433053_0,0.00
588.0,truck_001,77.670659,12.923385,66.66,truck,13.71,15.63,543259500#1_0,0.00
588.0,truck_002,77.656098,12.923355,107.63,truck,13.61,87.78,377105485_0,0.00
588.0,truck_003,77.642829,12.919552,35.32,truck,13.84,301.92,377125912#2_0,0.00
589.0,bike_001,77.686433,12.931563,103.51,motorcycle,6.52,15.26,760109415#5_0,0.00
589.0,bike_002,77.676474,12.929172,352.80,motorcycle,13.68,13.94,543259514#11_0,0.00
589.0,bike_003,77.679176,12.929806,77.17,motorcycle,15.15,102.90,1214433053_0,0.00
589.0,bike_004,77.678972,12.929785,115.15,motorcycle,16.62,79.97,1214433053_0,0.00
589.0,bike_005,77.678244,12.930818,103.17,motorcycle,3.41,60.27,-25187665#1_0,0.00
589.0,bus_001,77.676552,12.928119,359.95,bus,13.80,0.12,543259514#8_0,0.00
589.0,bus_002,77.665313,12.920916,75.25,bus,13.58,47.73,1240374873#0_2,0.00
589.0,bus_003,77.648375,12.924373,78.93,bus,13.60,92.33,379308034_0,0.00
589.0,car_001,77.690231,12.934862,42.44,car,15.49,127.30,1204193915#4_0,0.00
589.0,car_002,77.684082,12.931758,84.89,car,16.06,89.76,36962151#7_0,0.00
589.0,car_003,77.688625,12.933357,46.35,car,16.20,298.70,693004202_0,0.00
589.0,car_004,77.687771,12.932574,48.69,car,16.66,171.80,693004202_0,0.00
589.0,car_005,77.686288,12.931598,101.78,car,10.80,13.27,:961816867_6_0,0.00
589.0,car_006,77.678343,12.930758,145.62,car,5.54,7.81,:1387622103_6_0,0.00
589.0,car_007,77.677859,12.931000,319.28,car,4.31,53.13,25187665#1_0,0.00
589.0,car_008,77.683034,12.930505,6.18,car,16.50,242.24,1214433052#4_0,0.00
589.0,car_009,77.682565,12.930344,82.99,car,16.45,181.80,1214433052#4_0,0.00
589.0,car_010,77.678846,12.930064,159.81,car,16.12,45.16,1214433053_0,0.00
589.0,truck_001,77.670774,12.923437,64.68,truck,13.79,29.42,543259500#1_0,0.00
589.0,truck_002,77.656216,12.923317,107.63,truck,13.55,101.32,377105485_0,0.00
589.0,truck_003,77.642903,12.919653,35.32,truck,13.75,315.66,377125912#2_0,0.00
590.0,bike_001,77.686471,12.931553,103.51,motorcycle,4.32,19.58,760109415#5_0,0.00
590.0,bike_002,77.676457,12.929306,351.79,motorcycle,14.99,5.86,:3141473132_4_0,0.00
590.0,bike_003,77.679321,12.929837,77.17,motorcycle,16.13,119.03,1214433053_0,0.00
590.0,bike_004,77.679103,12.929791,77.17,motorcycle,14.84,94.80,1214433053_0,0.00
590.0,bike_005,77.678289,12.930807,103.17,motorcycle,5.02,65.29,-25187665#1_0,0.00
590.0,bus_001,77.676551,12.928243,358.74,bus,13.73,1.00,:3141473140_4_0,0.00
590.0,bus_002,77.665423,12.920940,76.83,bus,13.30,2.89,:6494970747_0_3,0.00
590.0,bus_003,77.648500,12.924391,81.20,bus,13.77,106.10,379308034_0,0.00
590.0,car_001,77.690331,12.934967,42.44,car,15.85,143.15,1204193915#4_0,0.00
590.0,car_002,77.684233,12.931768,86.77,car,16.52,106.28,36962151#7_0,0.00
590.0,car_003,77.688737,12.933459,46.35,car,16.64,315.34,693004202_0,0.00
590.0,car_004,77.687876,12.932670,46.38,car,15.57,187.38,693004202_0,0.00
590.0,car_005,77.686364,12.931579,103.51,car,8.50,7.57,760109415#5_0,0.00
590.0,car_006,77.678359,12.930701,164.65,car,6.54,1.87,490290343_0,0.00
590.0,car_007,77.677835,12.931028,319.28,car,4.06,57.20,25187665#1_0,0.00
590.0,car_008,77.683039,12.930646,1.37,car,15.59,257.84,1214433052#4_0,0.00
590.0,car_009,77.682707,12.930360,82.99,car,15.52,197.32,1214433052#4_0,0.00
590.0,car_010,77.678897,12.929922,159.81,car,16.66,61.83,1214433053_0,0.00
590.0,truck_001,77.670888,12.923490,63.62,truck,13.65,43.07,543259500#1_0,0.00
590.0,truck_002,77.656335,12.923279,107.63,truck,13.64,114.96,377105485_0,0.00
590.0,truck_003,77.642976,12.919752,35.31,truck,13.51,329.18,377125912#2_0,0.00
591.0,bike_001,77.686524,12.931557,72.29,motorcycle,5.89,5.30,:1694231590_3_0,0.00
591.0,bike_002,77.676437,12.929447,351.19,motorcycle,15.74,1.43,:274569328_0_0,0.00
591.0,bike_003,77.679453,12.929865,77.42,motorcycle,14.67,3.12,:7328379200_7_0,0.00
591.0,bike_004,77.679237,12.929819,77.17,motorcycle,14.82,109.63,1214433053_0,0.00
591.0,bike_005,77.678318,12.930792,121.37,motorcycle,3.63,3.09,:1387622103_6_0,0.00
591.0,bus_001,77.676547,12.928364,357.64,bus,13.36,0.02,543259514#9_0,0.00
591.0,bus_002,77.665540,12.920963,77.80,bus,13.70,12.96,:262268684_9_3,0.00
591.0,bus_003,77.648623,12.924407,81.94,bus,13.51,119.61,379308034_0,0.00
591.0,car_001,77.690432,12.935077,41.51,car,16.34,15.17,:2156205416_4_0,0.00
591.0,car_002,77.684377,12.931774,87.16,car,15.61,121.89,36962151#7_0,0.00
591.0,car_003,77.688849,12.933562,46.35,car,16.65,331.99,693004202_0,0.00
591.0,car_004,77.687982,12.932768,46.36,car,15.83,203.21,693004202_0,0.00
591.0,car_005,77.686411,12.931568,103.51,car,5.26,12.84,760109415#5_0,0.00
591.0,car_006,77.678377,12.930630,166.04,car,8.07,9.94,490290343_0,0.00
591.0,car_007,77.677811,12.931056,319.28,car,4.07,61.27,25187665#1_0,0.00
591.0,car_008,77.683044,12.930792,1.37,car,16.20,274.04,1214433052#4_0,0.00
591.0,car_009,77.682855,12.930376,82.99,car,16.17,213.49,1214433052#4_0,0.00
591.0,car_010,77.678955,12.929793,144.70,car,15.98,77.81,1214433053_0,0.00
591.0,truck_001,77.671002,12.923545,63.62,truck,13.83,56.90,543259500#1_0,0.00
591.0,truck_002,77.656455,12.923240,107.63,truck,13.74,128.70,377105485_0,0.00
591.0,truck_003,77.643051,12.919850,36.10,truck,13.64,5.68,:650141428_3_0,0.00
592.0,bike_001,77.686590,12.931600,51.56,motorcycle,8.61,4.10,693004202_1,0.00
592.0,bike_002,77.676423,12.929543,351.39,motorcycle,10.74,12.17,:274569328_0_0,0.00
592.0,bike_003,77.679603,12.929896,77.76,motorcycle,16.66,5.37,1214433052#1_0,0.00
592.0,bike_004,77.679373,12.929848,77.17,motorcycle,15.20,124.83,1214433053_0,0.00
592.0,bike_005,77.678348,12.930744,157.38,motorcycle,6.29,9.39,:1387622103_6_0,0.00
592.0,bus_001,77.676540,12.928487,356.43,bus,13.69,2.78,:3141473138_4_0,0.00
592.0,bus_002,77.665649,12.921011,65.19,bus,13.39,0.88,1109938622_3,0.00
592.0,bus_003,77.648745,12.924421,82.81,bus,13.39,132.99,379308034_0,0.00
592.0,car_001,77.690535,12.935182,46.80,car,16.17,14.53,224460780#0_0,0.00
592.0,car_002,77.684529,12.931778,87.92,car,16.55,138.44,36962151#7_0,0.00
592.0,car_003,77.688959,12.933663,46.35,car,16.36,348.35,693004202_0,0.00
592.0,car_004,77.688091,12.932868,46.35,car,16.22,219.43,693004202_0,0.00
592.0,car_005,77.686454,12.931557,103.51,car,4.81,17.64,760109415#5_0,0.00
592.0,car_006,77.678398,12.930540,166.04,car,10.23,20.17,490290343_0,0.00
592.0,car_007,77.677793,12.931074,316.82,car,2.87,0.34,:3141475567_2_0,0.00
592.0,car_008,77.683049,12.930936,1.38,car,15.87,0.25,36962151#3_0,0.00
592.0,car_009,77.682999,12.930400,70.02,car,16.36,229.85,1214433052#4_0,0.00
592.0,car_010,77.679095,12.929789,77.17,car,16.11,93.92,1214433053_0,0.00
592.0,truck_001,77.671117,12.923599,63.62,truck,13.85,70.75,543259500#1_0,0.00
592.0,truck_002,77.656572,12.923200,108.57,truck,13.48,142.17,377105485_0,0.00
592.0,truck_003,77.643127,12.919945,37.60,truck,13.48,4.47,377125912#3_0,0.00
593.0,bike_001,77.686674,12.931665,51.56,motorcycle,11.65,15.76,693004202_1,0.00
593.0,bike_002,77.676412,12.929617,347.17,motorcycle,8.27,4.69,:cluster_11563497460_7328379173_7_0,0.00
593.0,bike_003,77.679744,12.929924,77.97,motorcycle,15.53,20.90,1214433052#1_0,0.00
593.0,bike_004,77.679520,12.929879,77.42,motorcycle,16.23,10.48,:7328379200_7_0,0.00
593.0,bike_005,77.678364,12.930682,166.04,motorcycle,7.14,4.04,490290343_0,0.00
593.0,bus_001,77.676534,12.928608,356.62,bus,13.34,1.70,543259514#10_0,0.00
593.0,bus_002,77.665759,12.921064,62.92,bus,13.29,14.18,1109938622_3,0.00
593.0,bus_003,77.648869,12.924430,85.39,bus,13.58,146.57,379308034_0,0.00
593.0,car_001,77.690624,12.935304,48.79,car,16.66,31.19,224460780#0_1,0.00
593.0,car_002,77.684677,12.931781,89.03,car,16.06,6.27,:429783966_9_0,0.00
593.0,car_003,77.689068,12.933762,46.35,car,16.12,364.47,693004202_0,0.00
593.0,car_004,77.688196,12.932964,46.35,car,15.54,234.97,693004202_0,0.00
593.0,car_005,77.686511,12.931553,90.18,car,6.31,3.79,:1694231590_3_0,0.00
593.0,car_006,77.678418,12.930460,166.04,car,9.15,29.32,490290343_0,0.00
593.0,car_007,77.677772,12.931069,278.45,car,2.76,1.67,:3141475567_9_0,0.00
593.0,car_008,77.683054,12.931081,1.36,car,16.07,16.32,36962151#3_0,0.00
593.0,car_009,77.683035,12.930534,1.37,car,15.53,245.38,1214433052#4_0,0.00
593.0,car_010,77.679236,12.929819,77.17,car,15.69,109.61,1214433053_0,0.00
593.0,truck_001,77.671232,12.923653,63.62,truck,13.81,84.56,543259500#1_0,0.00
593.0,truck_002,77.656690,12.923159,109.04,truck,13.64,155.81,377105485_0,0.00
593.0,truck_003,77.643205,12.920040,38.57,truck,13.49,17.96,377125912#3_0,0.00
594.0,bike_001,77.686765,12.931743,46.61,motorcycle,13.13,28.89,693004202_1,0.00
594.0,bike_002,77.676397,12.929652,335.73,motorcycle,4.27,8.96,:cluster_11563497460_7328379173_7_0,0.00
594.0,bike_003,77.679891,12.929953,77.97,motorcycle,16.37,37.27,1214433052#1_0,0.00
594.0,bike_004,77.679670,12.929909,77.97,motorcycle,16.63,12.70,1214433052#1_0,0.00
594.0,bike_005,77.678386,12.930592,166.04,motorcycle,10.20,14.23,490290343_0,0.00
594.0,bus_001,77.676526,12.928729,355.25,bus,13.49,15.19,543259514#10_0,0.00
594.0,bus_002,77.665870,12.921114,65.04,bus,13.38,3.00,:266371138_3_3,0.00
594.0,bus_003,77.648995,12.924438,85.39,bus,13.74,160.31,379308034_0,0.00
594.0,car_001,77.690745,12.935395,53.56,car,16.52,47.71,224460780#0_1,0.00
594.0,car_002,77.684827,12.931780,90.18,car,16.33,8.40,760109415#0_0,0.00
594.0,car_003,77.689176,12.933862,45.88,car,16.08,380.54,693004202_0,0.00
594.0,car_004,77.688307,12.933065,46.35,car,16.43,251.40,693004202_0,0.00
594.0,car_005,77.686578,12.931592,53.38,car,8.54,2.51,693004202_1,0.00
594.0,car_006,77.678429,12.930412,166.04,car,5.37,34.69,490290343_0,0.00
594.0,car_007,77.677776,12.931052,211.41,car,1.99,0.43,-25187665#1_0,0.00
594.0,car_008,77.683059,12.931230,1.36,car,16.56,32.88,36962151#3_0,0.00
594.0,car_009,77.683040,12.930674,1.37,car,15.57,260.95,1214433052#4_0,0.00
594.0,car_010,77.679386,12.929851,77.17,car,16.57,126.18,1214433053_0,0.00
594.0,truck_001,77.671347,12.923707,63.85,truck,13.86,98.42,543259500#1_0,0.00
594.0,truck_002,77.656810,12.923117,109.04,truck,13.85,169.66,377105485_0,0.00
594.0,truck_003,77.643285,12.920136,38.57,truck,13.75,31.72,377125912#3_0,0.00
595.0,bike_001,77.686861,12.931830,46.61,motorcycle,14.21,43.10,693004202_1,0.00
595.0,bike_002,77.676376,12.929707,339.13,motorcycle,6.47,6.17,:cluster_274569309_274570242_4_0,0.00
595.0,bike_003,77.680031,12.929981,77.97,motorcycle,15.50,52.77,1214433052#1_0,0.00
595.0,bike_004,77.679818,12.929939,77.97,motorcycle,16.49,29.19,1214433052#1_0,0.00
595.0,bike_005,77.678406,12.930508,166.04,motorcycle,9.54,23.78,490290343_0,0.00
595.0,bus_001,77.676512,12.928850,352.92,bus,13.50,28.69,543259514#10_0,0.00
595.0,bus_002,77.665994,12.921132,82.71,bus,13.66,16.66,:266371138_3_3,0.00
595.0,bus_003,77.649120,12.924447,85.39,bus,13.61,173.92,379308034_0,0.00
595.0,car_001,77.690864,12.935479,53.56,car,15.90,63.61,224460780#0_1,0.00
595.0,car_002,77.684978,12.931778,90.18,car,16.32,24.72,760109415#0_0,0.00
595.0,car_003,77.689279,12.933958,45.88,car,15.47,396.01,693004202_0,0.00
595.0,car_004,77.688418,12.933167,46.35,car,16.52,267.92,693004202_0,0.00
595.0,car_005,77.686651,12.931647,51.56,car,10.09,12.60,693004202_1,0.00
595.0,car_006,77.678452,12.930369,149.49,car,5.53,4.53,:4824673767_7_0,0.00
595.0,car_007,77.677801,12.931022,139.27,car,4.28,4.71,-25187665#1_0,0.00
595.0,car_008,77.683064,12.931377,1.41,car,16.22,49.10,36962151#3_0,0.00
595.0,car_009,77.683045,12.930814,1.37,car,15.45,1.26,:3778310159_7_0,0.00
595.0,car_010,77.679527,12.929880,77.42,car,15.75,11.35,:7328379200_7_0,0.00
595.0,truck_001,77.671460,12.923758,64.75,truck,13.54,111.95,543259500#1_0,0.00
595.0,truck_002,77.656929,12.923076,109.04,truck,13.64,183.30,377105485_0,0.00
595.0,truck_003,77.643365,12.920231,38.57,truck,13.62,45.33,377125912#3_0,0.00
596.0,bike_001,77.686972,12.931931,46.61,motorcycle,16.35,59.45,693004202_1,0.00
596.0,bike_002,77.676348,12.929781,339.13,motorcycle,8.75,14.93,:cluster_274569309_274570242_4_0,0.00
596.0,bike_003,77.680173,12.930009,77.97,motorcycle,15.75,68.52,1214433052#1_0,0.00
596.0,bike_004,77.679964,12.929968,77.97,motorcycle,16.17,45.36,1214433052#1_0,0.00
596.0,bike_005,77.678422,12.930442,166.04,motorcycle,7.54,31.31,490290343_0,0.00
596.0,bus_001,77.676498,12.928972,352.89,bus,13.51,6.06,:3141473135_4_0,0.00
596.0,bus_002,77.666107,12.921185,63.59,bus,13.67,13.09,1289252169_3,0.00
596.0,bus_003,77.649247,12.924456,85.39,bus,13.88,187.80,379308034_0,0.00
596.0,car_001,77.690985,12.935571,48.78,car,16.58,80.19,224460780#0_1,0.00
596.0,car_002,77.685127,12.931776,90.18,car,16.25,40.97,760109415#0_0,0.00
596.0,car_003,77.689386,12.934058,45.96,car,16.05,9.68,:11428038816_1_0,0.00
596.0,car_004,77.688527,12.933267,46.35,car,16.23,284.15,693004202_0,0.00
596.0,car_005,77.686740,12.931721,46.61,car,12.61,25.21,693004202_1,0.00
596.0,car_006,77.678505,12.930358,93.50,car,6.16,10.69,:4824673767_7_0,0.00
596.0,car_007,77.677823,12.930997,139.27,car,3.61,8.32,-25187665#1_0,0.00
596.0,car_008,77.683104,12.931501,43.23,car,15.38,2.91,:12059211981_3_0,0.00
596.0,car_009,77.683050,12.930955,1.37,car,15.61,2.35,36962151#3_0,0.00
596.0,car_010,77.679667,12.929908,77.97,car,15.43,12.37,1214433052#1_0,0.00
596.0,truck_001,77.671574,12.923810,64.75,truck,13.63,125.59,543259500#1_0,0.00
596.0,truck_002,77.657049,12.923033,109.04,truck,13.88,197.18,377105485_0,0.00
596.0,truck_003,77.643444,12.920327,38.57,truck,13.61,58.94,377125912#3_0,0.00
597.0,bike_001,77.687080,12.932028,46.61,motorcycle,15.97,75.42,693004202_1,0.00
597.0,bike_002,77.676335,12.929849,352.86,motorcycle,7.66,22.59,:cluster_274569309_274570242_4_0,0.00
597.0,bike_003,77.680318,12.930038,77.97,motorcycle,15.96,84.48,1214433052#1_0,0.00
597.0,bike_004,77.680107,12.929996,77.97,motorcycle,15.77,61.13,1214433052#1_0,0.00
597.0,bike_005,77.678441,12.930382,155.31,motorcycle,6.95,2.57,:4824673767_7_0,0.00
597.0,bus_001,77.676483,12.929094,352.84,bus,13.63,5.28,543259514#11_0,0.00
597.0,bus_002,77.666222,12.921239,63.59,bus,13.78,26.88,1289252169_3,0.00
597.0,bus_003,77.649374,12.924464,85.39,bus,13.82,201.63,379308034_0,0.00
597.0,car_001,77.691093,12.935666,47.63,car,15.81,96.00,224460780#0_1,0.00
597.0,car_002,77.685275,12.931774,90.18,car,16.09,57.06,760109415#0_0,0.00
597.0,car_003,77.689496,12.934160,46.07,car,16.37,15.88,1204193915#4_0,0.00
597.0,car_004,77.688638,12.933368,46.35,car,16.43,300.58,693004202_0,0.00
597.0,car_005,77.686836,12.931807,46.61,car,14.15,39.36,693004202_1,0.00
597.0,car_006,77.678558,12.930376,69.16,car,6.10,1.00,:274570292_3_0,0.00
597.0,car_007,77.677848,12.930968,139.27,car,4.29,12.61,-25187665#1_0,0.00
597.0,car_008,77.683226,12.931572,65.26,car,15.55,6.77,:429783956_3_0,0.00
597.0,car_009,77.683055,12.931094,1.36,car,15.39,17.74,36962151#3_0,0.00
597.0,car_010,77.679813,12.929937,77.97,car,16.21,28.58,1214433052#1_0,0.00
597.0,truck_001,77.671687,12.923860,64.75,truck,13.42,139.01,543259500#1_0,0.00
597.0,truck_002,77.657165,12.922993,109.04,truck,13.40,210.58,377105485_0,0.00
597.0,truck_003,77.643523,12.920422,38.57,truck,13.59,72.53,377125912#3_0,0.00
598.0,bike_001,77.687207,12.932105,46.62,motorcycle,16.13,91.55,693004202_0,0.00
598.0,bike_002,77.676329,12.929915,0.95,motorcycle,7.41,30.00,:cluster_274569309_274570242_4_0,0.00
598.0,bike_003,77.680452,12.930064,77.97,motorcycle,14.90,99.38,1214433052#1_0,0.00
598.0,bike_004,77.680249,12.930024,77.97,motorcycle,15.80,76.93,1214433052#1_0,0.00
598.0,bike_005,77.678487,12.930357,91.91,motorcycle,6.13,8.70,:4824673767_7_0,0.00
598.0,bus_001,77.676469,12.929214,352.80,bus,13.38,18.66,543259514#11_0,0.00
598.0,bus_002,77.666329,12.921303,57.31,bus,13.66,6.06,230182006#0_0,0.00
598.0,bus_003,77.649496,12.924473,85.39,bus,13.32,214.95,379308034_0,0.00
598.0,car_001,77.691199,12.935759,46.96,car,15.40,111.40,224460780#0_1,0.00
598.0,car_002,77.685426,12.931755,97.48,car,16.54,73.60,760109415#0_0,0.00
598.0,car_003,77.689602,12.934258,46.07,car,15.79,31.67,1204193915#4_0,0.00
598.0,car_004,77.688747,12.933469,46.35,car,16.28,316.85,693004202_0,0.00
598.0,car_005,77.686943,12.931905,46.61,car,15.85,55.21,693004202_1,0.00
598.0,car_006,77.678630,12.930391,83.97,car,8.11,9.10,:274570292_3_0,0.00
598.0,car_007,77.677870,12.930943,139.27,car,3.62,16.23,-25187665#1_0,0.00
598.0,car_008,77.683366,12.931618,71.49,car,15.93,10.21,36962151#7_0,0.00
598.0,car_009,77.683060,12.931242,1.36,car,16.46,34.20,36962151#3_0,0.00
598.0,car_010,77.679960,12.929967,77.97,car,16.33,44.91,1214433052#1_0,0.00
598.0,truck_001,77.671799,12.923911,64.75,truck,13.40,152.41,543259500#1_0,0.00
598.0,truck_002,77.657283,12.922951,109.04,truck,13.69,224.26,377105485_0,0.00
598.0,truck_003,77.643603,12.920518,38.57,truck,13.76,86.29,377125912#3_0,0.00
599.0,bike_001,77.687315,12.932198,47.94,motorcycle,15.56,107.11,693004202_0,0.00
599.0,bike_002,77.676361,12.929976,31.92,motorcycle,7.71,37.70,:cluster_274569309_274570242_4_0,0.00
599.0,bike_003,77.680582,12.930090,77.98,motorcycle,14.38,10.57,:12956054087_3_0,0.00
599.0,bike_004,77.680375,12.930049,77.97,motorcycle,13.90,90.83,1214433052#1_0,0.00
599.0,bike_005,77.678540,12.930369,70.90,motorcycle,6.07,14.77,:4824673767_7_0,0.00
599.0,bus_001,77.676454,12.929334,352.04,bus,13.41,9.00,:3141473132_4_0,0.00
599.0,bus_002,77.666429,12.921372,54.14,bus,13.34,19.40,230182006#0_0,0.00
599.0,bus_003,77.649621,12.924481,85.39,bus,13.68,228.63,379308034_0,0.00
599.0,car_001,77.691308,12.935861,45.86,car,16.36,127.77,224460780#0_1,0.00
599.0,car_002,77.685571,12.931732,98.82,car,15.95,89.54,760109415#0_0,0.00
599.0,car_003,77.689712,12.934359,46.07,car,16.38,48.04,1204193915#4_0,0.00
599.0,car_004,77.688852,12.933565,46.35,car,15.57,332.43,693004202_0,0.00
599.0,car_005,77.687051,12.932002,46.61,car,15.89,71.10,693004202_1,0.00
599.0,car_006,77.678710,12.930369,121.42,car,9.49,7.68,1214433053_0,0.00
599.0,car_007,77.677890,12.930919,139.27,car,3.49,19.72,-25187665#1_0,0.00
599.0,car_008,77.683509,12.931662,73.25,car,16.30,26.52,36962151#7_0,0.00
599.0,car_009,77.683065,12.931390,1.41,car,16.44,50.64,36962151#3_0,0.00
599.0,car_010,77.680103,12.929995,77.97,car,15.85,60.75,1214433052#1_0,0.00
599.0,truck_001,77.671913,12.923963,64.35,truck,13.65,2.58,1146865108#0_0,0.00
599.0,truck_002,77.657402,12.922910,109.04,truck,13.66,237.92,377105485_0,0.00
599.0,truck_003,77.643682,12.920614,38.57,truck,13.70,99.99,377125912#3_0,0.00
