time,vehicle_id,vehicle_type,latitude,longitude,speed_mps
2.0,veh_046,motorcycle,12.946701,77.694347,9.844
2.0,veh_049,bus,12.940132,77.665061,3.251
3.0,veh_046,motorcycle,12.946798,77.694321,8.696
3.0,veh_049,bus,12.940078,77.665046,2.241
4.0,veh_046,motorcycle,12.94677,77.694371,8.831
4.0,veh_049,bus,12.940167,77.665083,2.771
5.0,veh_046,motorcycle,12.946922,77.694583,14.197
5.0,veh_049,bus,12.940123,77.665058,5.832
6.0,veh_000,car,12.940211,77.665087,11.431
6.0,veh_046,motorcycle,12.946885,77.694618,6.161
6.0,veh_049,bus,12.940133,77.665194,3.29
7.0,veh_000,car,12.940277,77.665104,7.225
7.0,veh_046,motorcycle,12.946881,77.69467,10.887
7.0,veh_049,bus,12.94012,77.665223,2.827
8.0,veh_000,car,12.940092,77.665257,11.563
8.0,veh_029,car,12.944203,77.677035,0.576
8.0,veh_046,motorcycle,12.946864,77.694746,8.506
8.0,veh_049,bus,12.940251,77.665175,5.025
9.0,veh_000,car,12.940237,77.665282,3.234
9.0,veh_029,car,12.944246,77.677112,4.579
9.0,veh_046,motorcycle,12.946924,77.694801,7.178
9.0,veh_049,bus,12.940228,77.665233,4.744
10.0,veh_000,car,12.940132,77.665373,8.807
10.0,veh_029,car,12.94418,77.677163,10.321
10.0,veh_046,motorcycle,12.946988,77.694909,12.947
10.0,veh_049,bus,12.940163,77.665218,5.831
11.0,veh_000,car,12.940252,77.665441,6.222
11.0,veh_029,car,12.944091,77.677115,5.106
11.0,veh_046,motorcycle,12.947003,77.694998,12.097
11.0,veh_049,bus,12.94009,77.665416,6.457
12.0,veh_000,car,12.940344,77.66551,10.683
12.0,veh_029,car,12.944166,77.677273,7.241
12.0,veh_046,motorcycle,12.946943,77.695205,9.538
12.0,veh_049,bus,12.940251,77.665443,3.777
13.0,veh_000,car,12.940272,77.665554,12.052
13.0,veh_029,car,12.944301,77.67736,3.818
13.0,veh_046,motorcycle,12.94702,77.695119,2.985
13.0,veh_049,bus,12.940222,77.665436,6.332
14.0,veh_000,car,12.940281,77.665651,5.195
14.0,veh_029,car,12.944183,77.677306,4.882
14.0,veh_046,motorcycle,12.947013,77.695255,9.169
14.0,veh_049,bus,12.940238,77.665477,6.746
15.0,veh_000,car,12.940358,77.665587,2.845
15.0,veh_029,car,12.944313,77.677363,6.15
15.0,veh_046,motorcycle,12.947033,77.695251,6.335
15.0,veh_049,bus,12.940384,77.665598,2.989
16.0,veh_000,car,12.940393,77.665742,6.672
16.0,veh_029,car,12.944376,77.67747,5.093
16.0,veh_046,motorcycle,12.947023,77.695217,3.523
16.0,veh_049,bus,12.940226,77.665538,5.267
17.0,veh_000,car,12.940397,77.665817,4.505
17.0,veh_029,car,12.944323,77.677453,9.596
17.0,veh_046,motorcycle,12.947055,77.695437,11.948
17.0,veh_049,bus,12.940297,77.66558,6.798
18.0,veh_000,car,12.940327,77.665799,1.056
18.0,veh_010,bus,12.931262,77.645552,4.981
18.0,veh_029,car,12.944233,77.677555,4.339
18.0,veh_046,motorcycle,12.947166,77.695358,4.246
18.0,veh_049,bus,12.94037,77.665622,1.993
19.0,veh_000,car,12.940422,77.665797,6.928
19.0,veh_010,bus,12.931247,77.645559,4.524
19.0,veh_029,car,12.944221,77.677654,10.815
19.0,veh_046,motorcycle,12.947162,77.695485,2.988
19.0,veh_049,bus,12.940354,77.665685,5.654
20.0,veh_000,car,12.94045,77.665926,7.883
20.0,veh_008,car,12.936185,77.65409,7.87
20.0,veh_010,bus,12.931365,77.64563,4.039
20.0,veh_029,car,12.944276,77.677569,4.202
20.0,veh_046,motorcycle,12.947187,77.695552,14.255
20.0,veh_049,bus,12.940389,77.665715,3.82
21.0,veh_000,car,12.940483,77.665957,2.242
21.0,veh_008,car,12.936226,77.654009,3.668
21.0,veh_010,bus,12.931352,77.645642,5.666
21.0,veh_024,motorcycle,12.946676,77.694344,11.331
21.0,veh_029,car,12.944191,77.677817,7.624
21.0,veh_046,motorcycle,12.94724,77.695609,1.627
21.0,veh_049,bus,12.94033,77.66577,5.909
22.0,veh_000,car,12.940342,77.666016,5.474
22.0,veh_008,car,12.936292,77.654133,7.213
22.0,veh_010,bus,12.931358,77.645782,5.716
22.0,veh_024,motorcycle,12.946872,77.694267,6.279
22.0,veh_029,car,12.944193,77.67785,8.682
22.0,veh_046,motorcycle,12.947262,77.695748,15.117
22.0,veh_049,bus,12.940395,77.665819,4.947
23.0,veh_000,car,12.940463,77.666079,8.262
23.0,veh_008,car,12.936271,77.654244,3.366
23.0,veh_010,bus,12.931523,77.64571,6.795
23.0,veh_024,motorcycle,12.946728,77.69447,8.186
23.0,veh_029,car,12.944264,77.677933,10.331
23.0,veh_036,motorcycle,12.936193,77.65411,5.773
23.0,veh_046,motorcycle,12.947227,77.695883,11.416
23.0,veh_049,bus,12.940423,77.665843,3.787
24.0,veh_000,car,12.940411,77.666066,2.348
24.0,veh_008,car,12.936273,77.654347,10.295
24.0,veh_010,bus,12.931382,77.645775,5.231
24.0,veh_024,motorcycle,12.946723,77.694467,7.266
24.0,veh_029,car,12.94432,77.678067,9.701
24.0,veh_036,motorcycle,12.936188,77.654119,7.901
24.0,veh_046,motorcycle,12.947345,77.695843,3.291
24.0,veh_049,bus,12.940433,77.665949,4.638
25.0,veh_000,car,12.940419,77.666175,4.294
25.0,veh_008,car,12.936219,77.654332,4.23
25.0,veh_010,bus,12.931458,77.645819,3.51
25.0,veh_024,motorcycle,12.946829,77.694664,15.038
25.0,veh_029,car,12.94423,77.678049,6.362
25.0,veh_036,motorcycle,12.936212,77.654161,5.118
25.0,veh_046,motorcycle,12.947282,77.695908,4.658
25.0,veh_049,bus,12.940337,77.665883,5.474
26.0,veh_000,car,12.940465,77.666142,3.468
26.0,veh_008,car,12.936282,77.654415,8.098
26.0,veh_010,bus,12.931559,77.645838,4.526
26.0,veh_024,motorcycle,12.946893,77.694651,4.251
26.0,veh_029,car,12.94432,77.67809,4.778
26.0,veh_036,motorcycle,12.936228,77.654187,5.0
26.0,veh_046,motorcycle,12.947311,77.695977,11.616
26.0,veh_049,bus,12.940425,77.666023,5.557
27.0,veh_000,car,12.94046,77.666174,5.933
27.0,veh_008,car,12.936323,77.654351,0.12
27.0,veh_010,bus,12.931482,77.645814,4.357
27.0,veh_024,motorcycle,12.94675,77.694607,4.741
27.0,veh_029,car,12.944269,77.678154,7.382
27.0,veh_036,motorcycle,12.936294,77.654259,9.654
27.0,veh_046,motorcycle,12.947342,77.696052,8.612
27.0,veh_049,bus,12.940405,77.665988,7.364
28.0,veh_000,car,12.940527,77.666224,6.635
28.0,veh_008,car,12.936293,77.654568,9.135
28.0,veh_010,bus,12.931641,77.645933,4.383
28.0,veh_024,motorcycle,12.946823,77.694762,8.344
28.0,veh_029,car,12.944283,77.678278,5.754
28.0,veh_036,motorcycle,12.936334,77.654307,0.434
28.0,veh_046,motorcycle,12.947331,77.696065,4.52
28.0,veh_049,bus,12.940477,77.666032,3.426
29.0,veh_000,car,12.940523,77.66626,8.085
29.0,veh_008,car,12.936361,77.654493,4.897
29.0,veh_010,bus,12.931558,77.645964,4.973
29.0,veh_024,motorcycle,12.946896,77.694806,3.162
29.0,veh_029,car,12.944378,77.678319,6.509
29.0,veh_036,motorcycle,12.936312,77.654322,10.257
29.0,veh_046,motorcycle,12.947388,77.696188,10.112
29.0,veh_049,bus,12.940522,77.666155,6.861
30.0,veh_000,car,12.940651,77.666279,5.888
30.0,veh_008,car,12.936397,77.654556,3.864
30.0,veh_010,bus,12.931612,77.645991,4.519
30.0,veh_024,motorcycle,12.947007,77.694897,9.289
30.0,veh_029,car,12.944264,77.67836,2.412
30.0,veh_036,motorcycle,12.936309,77.654434,5.945
30.0,veh_046,motorcycle,12.947418,77.696203,5.501
30.0,veh_049,bus,12.940415,77.666113,4.07
31.0,veh_000,car,12.940513,77.666441,5.952
31.0,veh_008,car,12.936363,77.6545,6.577
31.0,veh_010,bus,12.931598,77.646035,4.179
31.0,veh_024,motorcycle,12.946855,77.69484,1.734
31.0,veh_029,car,12.944377,77.678343,7.66
31.0,veh_036,motorcycle,12.93643,77.654496,8.441
31.0,veh_046,motorcycle,12.947305,77.696297,10.793
31.0,veh_049,bus,12.940504,77.666235,4.639
32.0,veh_000,car,12.940646,77.666397,7.645
32.0,veh_008,car,12.936359,77.654692,6.377
32.0,veh_010,bus,12.93163,77.646064,4.915
32.0,veh_024,motorcycle,12.94697,77.694858,9.083
32.0,veh_029,car,12.944326,77.678476,6.327
32.0,veh_036,motorcycle,12.936448,77.654559,4.972
32.0,veh_046,motorcycle,12.947399,77.696374,4.883
32.0,veh_049,bus,12.940525,77.666278,4.536
33.0,veh_000,car,12.940717,77.666502,5.038
33.0,veh_008,car,12.936386,77.654631,6.319
33.0,veh_010,bus,12.931602,77.646148,4.113
33.0,veh_024,motorcycle,12.946994,77.695118,7.788
33.0,veh_029,car,12.944416,77.678518,10.854
33.0,veh_036,motorcycle,12.936447,77.654574,6.064
33.0,veh_046,motorcycle,12.94741,77.696389,6.616
33.0,veh_047,car,12.944178,77.677066,6.572
33.0,veh_049,bus,12.940605,77.666294,5.0
34.0,veh_000,car,12.940709,77.666592,4.896
34.0,veh_008,car,12.936434,77.654771,7.64
34.0,veh_010,bus,12.93174,77.646124,3.417
34.0,veh_024,motorcycle,12.94695,77.695052,9.65
34.0,veh_029,car,12.944284,77.678572,2.025
34.0,veh_036,motorcycle,12.936498,77.654549,4.875
34.0,veh_046,motorcycle,12.947592,77.69645,12.564
34.0,veh_047,car,12.944259,77.677148,6.422
34.0,veh_049,bus,12.940529,77.666375,3.364
35.0,veh_000,car,12.94063,77.666715,8.331
35.0,veh_008,car,12.936471,77.654788,5.917
35.0,veh_010,bus,12.931676,77.646206,5.0
35.0,veh_024,motorcycle,12.947104,77.695221,6.881
35.0,veh_029,car,12.944411,77.678677,10.68
35.0,veh_036,motorcycle,12.936538,77.654601,7.654
35.0,veh_046,motorcycle,12.947571,77.696651,12.337
35.0,veh_047,car,12.944202,77.677216,9.71
35.0,veh_049,bus,12.940628,77.666232,3.482
36.0,veh_000,car,12.940597,77.666594,4.931
36.0,veh_008,car,12.936502,77.654811,3.128
36.0,veh_010,bus,12.931682,77.646154,3.746
36.0,veh_024,motorcycle,12.94707,77.695314,7.665
36.0,veh_029,car,12.944345,77.678678,5.657
36.0,veh_036,motorcycle,12.93651,77.654815,8.791
36.0,veh_046,motorcycle,12.947599,77.696742,7.972
36.0,veh_047,car,12.944238,77.67718,4.538
36.0,veh_049,bus,12.940591,77.666427,5.349
37.0,veh_000,car,12.940652,77.666682,4.33
37.0,veh_008,car,12.936476,77.65485,3.553
37.0,veh_010,bus,12.931672,77.646165,3.459
37.0,veh_024,motorcycle,12.947013,77.695253,1.693
37.0,veh_029,car,12.94435,77.678887,5.284
37.0,veh_036,motorcycle,12.936448,77.65493,4.352
37.0,veh_046,motorcycle,12.947521,77.696717,6.202
37.0,veh_047,car,12.944248,77.677362,15.261
37.0,veh_049,bus,12.94062,77.666406,3.49
38.0,veh_000,car,12.940805,77.666803,9.896
38.0,veh_008,car,12.93653,77.654976,5.955
38.0,veh_010,bus,12.931835,77.646222,2.729
38.0,veh_024,motorcycle,12.94698,77.695377,7.269
38.0,veh_029,car,12.94437,77.67887,3.748
38.0,veh_036,motorcycle,12.936542,77.654875,7.838
38.0,veh_046,motorcycle,12.947617,77.696812,12.656
38.0,veh_047,car,12.944257,77.677434,6.939
38.0,veh_049,bus,12.940603,77.666451,4.092
39.0,veh_000,car,12.940747,77.666873,5.326
39.0,veh_008,car,12.936512,77.654978,5.01
39.0,veh_010,bus,12.931649,77.646239,4.913
39.0,veh_024,motorcycle,12.947099,77.695423,10.165
39.0,veh_029,car,12.944306,77.678924,11.302
39.0,veh_036,motorcycle,12.936593,77.654868,6.907
39.0,veh_039,bus,12.936216,77.654034,3.856
39.0,veh_046,motorcycle,12.94759,77.696864,5.22
39.0,veh_047,car,12.944299,77.677445,2.365
39.0,veh_049,bus,12.940581,77.666523,4.147
40.0,veh_000,car,12.940784,77.666902,7.877
40.0,veh_008,car,12.936501,77.655046,4.256
40.0,veh_010,bus,12.931816,77.646233,3.048
40.0,veh_024,motorcycle,12.947169,77.695447,8.188
40.0,veh_029,car,12.944324,77.678877,3.433
40.0,veh_036,motorcycle,12.936524,77.654906,4.824
40.0,veh_039,bus,12.936236,77.654233,4.61
40.0,veh_041,motorcycle,12.917479,77.625896,9.799
40.0,veh_046,motorcycle,12.947625,77.696885,4.439
40.0,veh_047,car,12.944229,77.677501,10.564
40.0,veh_048,car,12.946666,77.694279,2.786
40.0,veh_049,bus,12.940656,77.666466,3.14
41.0,veh_000,car,12.940758,77.666958,8.03
41.0,veh_008,car,12.936533,77.655049,4.566
41.0,veh_010,bus,12.931878,77.646246,2.062
41.0,veh_024,motorcycle,12.947152,77.695554,12.332
41.0,veh_029,car,12.944504,77.679048,5.124
41.0,veh_036,motorcycle,12.936591,77.655041,5.596
41.0,veh_039,bus,12.93613,77.654134,2.218
41.0,veh_041,motorcycle,12.917582,77.625926,8.278
41.0,veh_046,motorcycle,12.947753,77.696984,9.023
41.0,veh_047,car,12.944268,77.677572,5.078
41.0,veh_048,car,12.946641,77.694249,6.839
41.0,veh_049,bus,12.940779,77.666543,3.758
42.0,veh_000,car,12.940757,77.667064,1.891
42.0,veh_008,car,12.936627,77.65515,9.316
42.0,veh_010,bus,12.931728,77.646394,4.708
42.0,veh_024,motorcycle,12.947221,77.695671,7.636
42.0,veh_029,car,12.944391,77.678976,6.839
42.0,veh_036,motorcycle,12.936542,77.655063,8.33
42.0,veh_039,bus,12.936314,77.654114,4.618
42.0,veh_041,motorcycle,12.917475,77.625902,0.722
42.0,veh_046,motorcycle,12.947673,77.697202,6.915
42.0,veh_047,car,12.944237,77.677671,6.122
42.0,veh_048,car,12.946691,77.694365,5.539
42.0,veh_049,bus,12.940658,77.66661,3.672
43.0,veh_000,car,12.940743,77.667008,3.834
43.0,veh_008,car,12.936573,77.655124,3.811
43.0,veh_010,bus,12.931804,77.646385,3.003
43.0,veh_024,motorcycle,12.947144,77.695599,5.923
43.0,veh_029,car,12.944349,77.678939,1.477
43.0,veh_036,motorcycle,12.936538,77.655227,10.124
43.0,veh_039,bus,12.936302,77.654136,2.707
43.0,veh_041,motorcycle,12.917546,77.626134,9.845
43.0,veh_046,motorcycle,12.947648,77.697174,6.035
43.0,veh_047,car,12.944189,77.677755,6.718
43.0,veh_048,car,12.946778,77.694491,5.248
43.0,veh_049,bus,12.94059,77.666607,5.442
44.0,veh_000,car,12.94085,77.667085,1.91
44.0,veh_008,car,12.936637,77.655184,5.212
44.0,veh_010,bus,12.931867,77.646457,4.051
44.0,veh_024,motorcycle,12.947262,77.695813,9.587
44.0,veh_029,car,12.944349,77.679078,7.452
44.0,veh_036,motorcycle,12.936632,77.655272,6.847
44.0,veh_039,bus,12.936291,77.654185,2.878
44.0,veh_041,motorcycle,12.917537,77.625976,3.115
44.0,veh_046,motorcycle,12.947665,77.697186,3.888
44.0,veh_047,car,12.944256,77.677854,5.585
44.0,veh_048,car,12.94676,77.694455,8.156
44.0,veh_049,bus,12.940663,77.666661,4.921
45.0,veh_000,car,12.940679,77.667137,5.761
45.0,veh_008,car,12.936607,77.655297,7.778
45.0,veh_010,bus,12.931882,77.646394,4.876
45.0,veh_024,motorcycle,12.947184,77.695825,13.881
45.0,veh_029,car,12.944463,77.679196,8.432
45.0,veh_036,motorcycle,12.936613,77.655321,7.749
45.0,veh_039,bus,12.936241,77.654218,3.301
45.0,veh_041,motorcycle,12.91761,77.626133,10.949
45.0,veh_046,motorcycle,12.947667,77.697195,5.567
45.0,veh_047,car,12.9443,77.677964,5.778
45.0,veh_048,car,12.946816,77.69459,7.695
45.0,veh_049,bus,12.940687,77.666666,3.588
46.0,veh_000,car,12.940876,77.667131,8.217
46.0,veh_008,car,12.936631,77.655307,6.667
46.0,veh_010,bus,12.931831,77.646437,2.59
46.0,veh_024,motorcycle,12.947295,77.695914,9.791
46.0,veh_029,car,12.944403,77.679202,5.168
46.0,veh_036,motorcycle,12.936634,77.655431,10.339
46.0,veh_039,bus,12.936334,77.654269,3.979
46.0,veh_041,motorcycle,12.917713,77.626146,6.951
46.0,veh_046,motorcycle,12.947701,77.697269,6.273
46.0,veh_047,car,12.944232,77.677901,6.572
46.0,veh_048,car,12.946883,77.694598,10.483
46.0,veh_049,bus,12.940697,77.666717,3.42
47.0,veh_000,car,12.940803,77.66722,4.099
47.0,veh_008,car,12.936622,77.655502,10.084
47.0,veh_010,bus,12.931853,77.646529,3.857
47.0,veh_024,motorcycle,12.947337,77.696068,8.75
47.0,veh_029,car,12.944383,77.679345,6.169
47.0,veh_036,motorcycle,12.936648,77.655456,6.041
47.0,veh_039,bus,12.936257,77.654315,2.656
47.0,veh_041,motorcycle,12.917727,77.626192,4.374
47.0,veh_046,motorcycle,12.947766,77.697324,9.956
47.0,veh_047,car,12.944224,77.67788,7.129
47.0,veh_048,car,12.946822,77.694684,4.201
47.0,veh_049,bus,12.940754,77.66679,4.891
48.0,veh_000,car,12.940934,77.667257,5.292
48.0,veh_008,car,12.936674,77.655423,5.953
48.0,veh_010,bus,12.931823,77.64651,1.619
48.0,veh_024,motorcycle,12.947397,77.696062,6.443
48.0,veh_029,car,12.944471,77.679219,7.362
48.0,veh_036,motorcycle,12.936646,77.655532,7.258
48.0,veh_039,bus,12.93619,77.654376,6.082
48.0,veh_041,motorcycle,12.917809,77.626285,9.547
48.0,veh_046,motorcycle,12.947803,77.697433,11.036
48.0,veh_047,car,12.944331,77.677962,4.625
48.0,veh_048,car,12.946792,77.694758,6.666
48.0,veh_049,bus,12.940699,77.666858,4.829
49.0,veh_000,car,12.940857,77.667267,3.842
49.0,veh_008,car,12.936813,77.655528,10.853
49.0,veh_010,bus,12.93192,77.646489,4.56
49.0,veh_024,motorcycle,12.947319,77.696178,1.495
49.0,veh_029,car,12.94439,77.679388,5.421
49.0,veh_036,motorcycle,12.936684,77.655529,6.073
49.0,veh_039,bus,12.936346,77.654312,3.964
49.0,veh_041,motorcycle,12.917845,77.626266,0.247
49.0,veh_046,motorcycle,12.947879,77.697555,11.091
49.0,veh_047,car,12.944248,77.678156,6.068
49.0,veh_048,car,12.946949,77.694807,3.829
49.0,veh_049,bus,12.940773,77.666935,9.524
50.0,veh_000,car,12.940837,77.667246,6.771
50.0,veh_008,car,12.93669,77.655574,5.098
50.0,veh_010,bus,12.931879,77.646565,5.462
50.0,veh_024,motorcycle,12.947397,77.696234,6.29
50.0,veh_029,car,12.944338,77.679411,2.363
50.0,veh_036,motorcycle,12.936718,77.65567,6.406
50.0,veh_039,bus,12.936328,77.654398,5.899
50.0,veh_041,motorcycle,12.917748,77.626319,1.977
50.0,veh_046,motorcycle,12.947855,77.697698,12.504
50.0,veh_047,car,12.944268,77.678029,5.177
50.0,veh_048,car,12.946915,77.694754,2.202
50.0,veh_049,bus,12.940732,77.66694,2.842
51.0,veh_000,car,12.94098,77.667398,7.102
51.0,veh_008,car,12.936731,77.655639,5.504
51.0,veh_010,bus,12.931923,77.64661,6.006
51.0,veh_024,motorcycle,12.94741,77.69624,7.132
51.0,veh_029,car,12.944436,77.679455,3.304
51.0,veh_036,motorcycle,12.936867,77.655612,6.125
51.0,veh_039,bus,12.936283,77.654408,6.351
51.0,veh_041,motorcycle,12.917756,77.626382,8.844
51.0,veh_046,motorcycle,12.947918,77.69774,9.176
51.0,veh_047,car,12.944292,77.678107,7.082
51.0,veh_048,car,12.946914,77.694848,6.486
51.0,veh_049,bus,12.940809,77.666882,3.57
52.0,veh_000,car,12.940937,77.667418,2.774
52.0,veh_008,car,12.936803,77.65571,5.799
52.0,veh_010,bus,12.931956,77.646604,5.791
52.0,veh_024,motorcycle,12.947415,77.696333,9.71
52.0,veh_029,car,12.944493,77.679488,6.315
52.0,veh_036,motorcycle,12.936839,77.655667,6.515
52.0,veh_039,bus,12.936352,77.654402,2.574
52.0,veh_041,motorcycle,12.917817,77.626387,5.084
52.0,veh_046,motorcycle,12.947967,77.69782,4.903
52.0,veh_047,car,12.944263,77.678229,9.391
52.0,veh_048,car,12.94691,77.694889,8.975
52.0,veh_049,bus,12.940877,77.666993,2.839
53.0,veh_000,car,12.940961,77.667423,8.361
53.0,veh_008,car,12.936812,77.655773,8.925
53.0,veh_010,bus,12.932073,77.646767,4.337
53.0,veh_024,motorcycle,12.947442,77.696364,9.689
53.0,veh_029,car,12.944462,77.679484,4.735
53.0,veh_036,motorcycle,12.936761,77.655612,2.808
53.0,veh_039,bus,12.936382,77.654555,3.477
53.0,veh_041,motorcycle,12.917887,77.626459,10.866
53.0,veh_046,motorcycle,12.948025,77.6979,8.87
53.0,veh_047,car,12.944295,77.678324,4.668
53.0,veh_048,car,12.946897,77.695006,7.15
53.0,veh_049,bus,12.940767,77.667116,4.637
54.0,veh_000,car,12.940997,77.667548,9.418
54.0,veh_008,car,12.936808,77.655865,10.333
54.0,veh_010,bus,12.932053,77.646709,1.419
54.0,veh_024,motorcycle,12.94745,77.696422,8.902
54.0,veh_026,car,12.936182,77.654102,6.603
54.0,veh_029,car,12.944284,77.679677,7.306
54.0,veh_030,bus,12.931359,77.645572,4.658
54.0,veh_036,motorcycle,12.936829,77.655868,8.873
54.0,veh_039,bus,12.936361,77.654486,4.084
54.0,veh_041,motorcycle,12.917902,77.626417,8.39
54.0,veh_046,motorcycle,12.947919,77.697852,4.83
54.0,veh_047,car,12.944386,77.678329,2.755
54.0,veh_048,car,12.946993,77.694967,3.633
54.0,veh_049,bus,12.940895,77.667068,3.518
55.0,veh_000,car,12.940941,77.667629,4.904
55.0,veh_008,car,12.936847,77.65587,7.298
55.0,veh_010,bus,12.932023,77.646792,4.519
55.0,veh_024,motorcycle,12.947458,77.696591,9.954
55.0,veh_026,car,12.936254,77.654088,7.199
55.0,veh_029,car,12.944415,77.679802,7.592
55.0,veh_030,bus,12.931349,77.645465,4.989
55.0,veh_036,motorcycle,12.936927,77.65593,6.5
55.0,veh_039,bus,12.936369,77.654512,3.986
55.0,veh_041,motorcycle,12.917974,77.626556,4.241
55.0,veh_046,motorcycle,12.947992,77.698014,8.022
55.0,veh_047,car,12.944414,77.678385,9.41
55.0,veh_048,car,12.946967,77.695039,12.978
55.0,veh_049,bus,12.940768,77.667058,2.574
56.0,veh_000,car,12.941034,77.667631,5.591
56.0,veh_008,car,12.936905,77.65597,2.405
56.0,veh_010,bus,12.932192,77.646808,4.782
56.0,veh_024,motorcycle,12.947463,77.696597,5.094
56.0,veh_026,car,12.936228,77.654174,3.595
56.0,veh_029,car,12.944456,77.679717,5.891
56.0,veh_030,bus,12.931403,77.645545,2.682
56.0,veh_036,motorcycle,12.936831,77.655971,7.646
56.0,veh_039,bus,12.936448,77.654663,4.961
56.0,veh_041,motorcycle,12.91796,77.626618,8.748
56.0,veh_046,motorcycle,12.947948,77.697981,9.05
56.0,veh_047,car,12.944367,77.678464,3.868
56.0,veh_048,car,12.946954,77.695113,9.103
56.0,veh_049,bus,12.940881,77.667205,4.102
57.0,veh_000,car,12.941146,77.667669,6.914
57.0,veh_008,car,12.93693,77.655993,5.784
57.0,veh_010,bus,12.932061,77.64679,5.14
57.0,veh_024,motorcycle,12.947582,77.696671,4.283
57.0,veh_026,car,12.936227,77.654209,3.358
57.0,veh_029,car,12.944487,77.679784,8.981
57.0,veh_030,bus,12.931369,77.645645,4.522
57.0,veh_036,motorcycle,12.936987,77.655962,6.286
57.0,veh_039,bus,12.936464,77.654586,4.136
57.0,veh_041,motorcycle,12.918118,77.62668,5.393
57.0,veh_046,motorcycle,12.947992,77.698068,3.084
57.0,veh_047,car,12.944351,77.678443,7.725
57.0,veh_048,car,12.947052,77.695205,2.496
57.0,veh_049,bus,12.94079,77.667161,5.257
58.0,veh_000,car,12.94113,77.667724,8.968
58.0,veh_008,car,12.93691,77.656125,12.49
58.0,veh_010,bus,12.932031,77.646902,4.302
58.0,veh_012,motorcycle,12.917484,77.625901,8.593
58.0,veh_024,motorcycle,12.947557,77.696792,7.823
58.0,veh_026,car,12.936164,77.654277,4.392
58.0,veh_029,car,12.944405,77.679969,9.608
58.0,veh_030,bus,12.931402,77.645686,3.429
58.0,veh_036,motorcycle,12.936936,77.656122,10.578
58.0,veh_039,bus,12.936482,77.654702,3.235
58.0,veh_041,motorcycle,12.918051,77.626684,5.06
58.0,veh_046,motorcycle,12.948019,77.698204,6.735
58.0,veh_047,car,12.944277,77.678561,7.986
58.0,veh_048,car,12.94707,77.695247,6.308
58.0,veh_049,bus,12.940894,77.667173,4.102
59.0,veh_000,car,12.941132,77.667861,6.416
59.0,veh_008,car,12.936984,77.656082,4.713
59.0,veh_010,bus,12.932025,77.646883,5.059
59.0,veh_012,motorcycle,12.917419,77.62591,4.252
59.0,veh_024,motorcycle,12.947466,77.696873,8.177
59.0,veh_026,car,12.93627,77.654288,3.859
59.0,veh_029,car,12.944453,77.679982,8.565
59.0,veh_030,bus,12.931438,77.645726,6.04
59.0,veh_036,motorcycle,12.937011,77.656197,3.775
59.0,veh_039,bus,12.936547,77.654706,5.973
59.0,veh_041,motorcycle,12.918022,77.626706,9.922
59.0,veh_046,motorcycle,12.948011,77.698116,4.231
59.0,veh_047,car,12.944291,77.678593,5.829
59.0,veh_048,car,12.947077,77.69534,8.14
59.0,veh_049,bus,12.940823,77.667328,4.991
60.0,veh_000,car,12.941044,77.66788,8.333
60.0,veh_008,car,12.936893,77.656054,4.914
60.0,veh_010,bus,12.932112,77.646993,3.435
60.0,veh_012,motorcycle,12.917432,77.625943,8.275
60.0,veh_024,motorcycle,12.947542,77.696849,7.639
60.0,veh_026,car,12.936231,77.654249,4.384
60.0,veh_029,car,12.94452,77.67999,6.93
60.0,veh_030,bus,12.931457,77.645799,4.797
60.0,veh_036,motorcycle,12.936926,77.656197,4.602
60.0,veh_039,bus,12.936449,77.65469,2.619
60.0,veh_041,motorcycle,12.918027,77.626723,0.1
60.0,veh_046,motorcycle,12.948119,77.698224,7.583
60.0,veh_047,car,12.944333,77.678597,3.043
60.0,veh_048,car,12.947039,77.695233,1.685
60.0,veh_049,bus,12.940931,77.667302,4.069
61.0,veh_000,car,12.941075,77.668072,5.469
61.0,veh_008,car,12.936988,77.656229,10.065
61.0,veh_010,bus,12.932083,77.646961,2.429
61.0,veh_012,motorcycle,12.917471,77.625953,0.693
61.0,veh_024,motorcycle,12.947548,77.696846,4.753
61.0,veh_026,car,12.936294,77.654302,7.882
61.0,veh_029,car,12.944486,77.680131,9.387
61.0,veh_030,bus,12.931455,77.645844,4.653
61.0,veh_036,motorcycle,12.936977,77.65616,5.17
61.0,veh_039,bus,12.936444,77.654751,4.635
61.0,veh_041,motorcycle,12.91819,77.626869,6.273
61.0,veh_046,motorcycle,12.948103,77.69833,7.243
61.0,veh_047,car,12.944352,77.67871,5.021
61.0,veh_048,car,12.94714,77.695343,4.674
61.0,veh_049,bus,12.941018,77.667263,3.596
62.0,veh_000,car,12.941195,77.668067,7.873
62.0,veh_008,car,12.936961,77.656217,4.122
62.0,veh_010,bus,12.932198,77.647068,3.954
62.0,veh_012,motorcycle,12.917541,77.625996,9.023
62.0,veh_024,motorcycle,12.947527,77.697041,6.754
62.0,veh_026,car,12.936263,77.654459,7.224
62.0,veh_029,car,12.944477,77.680224,6.567
62.0,veh_030,bus,12.931504,77.645874,2.378
62.0,veh_036,motorcycle,12.936975,77.656311,8.883
62.0,veh_039,bus,12.936401,77.654756,4.415
62.0,veh_041,motorcycle,12.918203,77.626819,5.493
62.0,veh_046,motorcycle,12.94812,77.69832,4.343
62.0,veh_047,car,12.944352,77.67874,4.066
62.0,veh_048,car,12.947093,77.695317,3.976
62.0,veh_049,bus,12.940888,77.667307,4.141
63.0,veh_000,car,12.941141,77.668062,7.667
63.0,veh_008,car,12.936975,77.65627,3.354
63.0,veh_010,bus,12.932156,77.647071,4.88
63.0,veh_012,motorcycle,12.917715,77.626014,14.121
63.0,veh_024,motorcycle,12.947696,77.697003,8.143
63.0,veh_026,car,12.936372,77.654416,4.188
63.0,veh_029,car,12.944455,77.68024,8.73
63.0,veh_030,bus,12.931516,77.645798,3.618
63.0,veh_036,motorcycle,12.937058,77.65637,4.255
63.0,veh_039,bus,12.936463,77.654889,6.384
63.0,veh_041,motorcycle,12.918092,77.626786,2.626
63.0,veh_046,motorcycle,12.948142,77.698442,5.738
63.0,veh_047,car,12.944213,77.678812,5.244
63.0,veh_048,car,12.947167,77.695489,3.362
63.0,veh_049,bus,12.940935,77.667267,3.129
64.0,veh_000,car,12.941099,77.668072,6.223
64.0,veh_008,car,12.936971,77.656335,3.582
64.0,veh_010,bus,12.932276,77.647117,2.451
64.0,veh_012,motorcycle,12.917719,77.626189,10.772
64.0,veh_018,car,12.917417,77.625866,4.565
64.0,veh_024,motorcycle,12.947627,77.696968,4.599
64.0,veh_026,car,12.936369,77.654439,0.868
64.0,veh_029,car,12.944529,77.680351,6.226
64.0,veh_030,bus,12.931475,77.645828,2.766
64.0,veh_036,motorcycle,12.93707,77.656353,4.886
64.0,veh_039,bus,12.936528,77.654969,5.004
64.0,veh_041,motorcycle,12.918194,77.62688,8.531
64.0,veh_046,motorcycle,12.948193,77.698554,13.011
64.0,veh_047,car,12.944355,77.678853,5.721
64.0,veh_048,car,12.947189,77.69547,8.205
64.0,veh_049,bus,12.940834,77.66744,1.126
65.0,veh_000,car,12.941212,77.668137,0.913
65.0,veh_008,car,12.93715,77.656378,6.624
65.0,veh_010,bus,12.93229,77.647206,5.746
65.0,veh_012,motorcycle,12.917742,77.626324,13.476
65.0,veh_018,car,12.917466,77.625915,10.421
65.0,veh_024,motorcycle,12.947583,77.697059,0.1
65.0,veh_026,car,12.936395,77.654495,3.883
65.0,veh_029,car,12.944519,77.680416,8.569
65.0,veh_030,bus,12.931465,77.645963,5.597
65.0,veh_036,motorcycle,12.936968,77.656338,8.015
65.0,veh_039,bus,12.936518,77.655024,4.839
65.0,veh_041,motorcycle,12.918189,77.627028,8.774
65.0,veh_046,motorcycle,12.948152,77.698623,8.684
65.0,veh_047,car,12.944286,77.678861,6.649
65.0,veh_048,car,12.947126,77.695576,6.16
65.0,veh_049,bus,12.940977,77.667368,4.127
66.0,veh_000,car,12.941143,77.668187,2.325
66.0,veh_008,car,12.937168,77.656335,4.35
66.0,veh_010,bus,12.932223,77.647103,2.941
66.0,veh_012,motorcycle,12.917751,77.626343,10.866
66.0,veh_018,car,12.917585,77.625951,7.561
66.0,veh_024,motorcycle,12.94764,77.697158,6.81
66.0,veh_026,car,12.936426,77.654503,3.813
66.0,veh_029,car,12.944494,77.680453,3.642
66.0,veh_030,bus,12.931532,77.645932,3.3
66.0,veh_036,motorcycle,12.93713,77.656569,12.918
66.0,veh_039,bus,12.936576,77.654955,5.303
66.0,veh_041,motorcycle,12.918277,77.627094,8.954
66.0,veh_046,motorcycle,12.948215,77.698582,6.544
66.0,veh_047,car,12.944281,77.67892,6.648
66.0,veh_048,car,12.947192,77.695598,8.13
66.0,veh_049,bus,12.941013,77.667474,3.95
67.0,veh_000,car,12.941153,77.668204,2.913
67.0,veh_008,car,12.937122,77.656478,7.519
67.0,veh_010,bus,12.932233,77.647181,4.839
67.0,veh_012,motorcycle,12.917879,77.626389,11.651
67.0,veh_018,car,12.917526,77.626017,9.073
67.0,veh_024,motorcycle,12.947696,77.697179,4.261
67.0,veh_026,car,12.936455,77.65454,5.382
67.0,veh_029,car,12.944442,77.680541,4.292
67.0,veh_030,bus,12.931569,77.645919,2.062
67.0,veh_036,motorcycle,12.937087,77.656574,2.17
67.0,veh_039,bus,12.936584,77.655096,4.011
67.0,veh_041,motorcycle,12.918388,77.627101,3.441
67.0,veh_046,motorcycle,12.948166,77.698644,3.029
67.0,veh_047,car,12.944387,77.679072,7.435
67.0,veh_048,car,12.947257,77.695703,6.011
67.0,veh_049,bus,12.940948,77.667409,3.777
68.0,veh_000,car,12.941127,77.668163,5.279
68.0,veh_008,car,12.937091,77.656582,6.86
68.0,veh_010,bus,12.932258,77.647295,3.422
68.0,veh_012,motorcycle,12.917946,77.626466,1.33
68.0,veh_018,car,12.917583,77.626085,6.416
68.0,veh_024,motorcycle,12.947738,77.69719,6.256
68.0,veh_026,car,12.936403,77.654631,5.316
68.0,veh_029,car,12.944496,77.680531,7.275
68.0,veh_030,bus,12.931472,77.646014,2.355
68.0,veh_036,motorcycle,12.937178,77.656591,4.842
68.0,veh_039,bus,12.936586,77.655065,3.961
68.0,veh_041,motorcycle,12.918329,77.627177,3.494
68.0,veh_046,motorcycle,12.948174,77.698735,6.095
68.0,veh_047,car,12.944436,77.679026,5.371
68.0,veh_048,car,12.947281,77.695712,6.109
68.0,veh_049,bus,12.940964,77.667492,5.253
69.0,veh_000,car,12.941218,77.668317,8.451
69.0,veh_008,car,12.937107,77.65673,9.567
69.0,veh_010,bus,12.932375,77.647228,7.34
69.0,veh_012,motorcycle,12.917881,77.626557,6.49
69.0,veh_018,car,12.917623,77.626092,2.586
69.0,veh_024,motorcycle,12.947769,77.69718,5.922
69.0,veh_026,car,12.936545,77.654739,2.732
69.0,veh_029,car,12.944549,77.680554,5.092
69.0,veh_030,bus,12.931541,77.645959,5.617
69.0,veh_036,motorcycle,12.937202,77.656602,6.139
69.0,veh_039,bus,12.936655,77.655092,3.859
69.0,veh_041,motorcycle,12.918377,77.627153,5.539
69.0,veh_046,motorcycle,12.948273,77.69881,7.535
69.0,veh_047,car,12.944422,77.679055,1.952
69.0,veh_048,car,12.947195,77.695783,3.098
69.0,veh_049,bus,12.940918,77.667522,2.697
70.0,veh_000,car,12.94116,77.668354,5.637
70.0,veh_008,car,12.93715,77.656638,5.02
70.0,veh_010,bus,12.932343,77.647333,4.836
70.0,veh_012,motorcycle,12.917917,77.626551,8.937
70.0,veh_018,car,12.917646,77.626098,7.966
70.0,veh_024,motorcycle,12.947703,77.697278,3.231
70.0,veh_026,car,12.93642,77.654692,3.74
70.0,veh_029,car,12.944462,77.68071,8.79
70.0,veh_030,bus,12.931639,77.646061,3.884
70.0,veh_036,motorcycle,12.937096,77.656766,8.126
70.0,veh_039,bus,12.936649,77.655135,4.798
70.0,veh_041,motorcycle,12.918465,77.627201,8.08
70.0,veh_046,motorcycle,12.948243,77.698876,7.185
70.0,veh_047,car,12.944334,77.679117,7.214
70.0,veh_048,car,12.947253,77.695733,6.721
70.0,veh_049,bus,12.940998,77.667467,3.602
71.0,veh_000,car,12.941277,77.668447,8.329
71.0,veh_003,car,12.917265,77.625759,2.171
71.0,veh_004,car,12.931388,77.645535,6.028
71.0,veh_008,car,12.937161,77.656762,4.577
71.0,veh_010,bus,12.932367,77.647302,4.562
71.0,veh_012,motorcycle,12.918028,77.626619,9.534
71.0,veh_018,car,12.917676,77.626156,9.438
71.0,veh_024,motorcycle,12.947732,77.697335,7.185
71.0,veh_026,car,12.936463,77.654763,8.263
71.0,veh_029,car,12.944563,77.680645,3.963
71.0,veh_030,bus,12.931652,77.646003,2.137
71.0,veh_036,motorcycle,12.93715,77.656803,3.857
71.0,veh_039,bus,12.936565,77.655203,3.675
71.0,veh_041,motorcycle,12.918431,77.627365,9.747
71.0,veh_046,motorcycle,12.948175,77.698856,1.89
71.0,veh_047,car,12.944377,77.679259,3.845
71.0,veh_048,car,12.947333,77.695869,2.279
71.0,veh_049,bus,12.941036,77.66771,7.981
72.0,veh_000,car,12.941314,77.668547,9.633
72.0,veh_003,car,12.917467,77.625765,5.323
72.0,veh_004,car,12.931413,77.645646,10.036
72.0,veh_008,car,12.9372,77.656776,2.508
72.0,veh_010,bus,12.93239,77.647298,4.111
72.0,veh_012,motorcycle,12.917998,77.626748,8.398
72.0,veh_018,car,12.917691,77.626339,3.357
72.0,veh_024,motorcycle,12.947759,77.697372,4.319
72.0,veh_026,car,12.936474,77.654842,9.482
72.0,veh_029,car,12.944551,77.680701,2.967
72.0,veh_030,bus,12.931705,77.646109,4.142
72.0,veh_036,motorcycle,12.937136,77.656801,10.576
72.0,veh_039,bus,12.936521,77.655156,2.265
72.0,veh_041,motorcycle,12.918544,77.627391,11.645
72.0,veh_046,motorcycle,12.948376,77.698844,7.922
72.0,veh_047,car,12.944406,77.679262,4.609
72.0,veh_048,car,12.947271,77.695826,2.431
72.0,veh_049,bus,12.941067,77.667662,3.496
73.0,veh_000,car,12.941422,77.668633,4.391
73.0,veh_003,car,12.917476,77.625869,8.162
73.0,veh_004,car,12.931462,77.645608,3.607
73.0,veh_008,car,12.937255,77.656837,5.594
73.0,veh_010,bus,12.932383,77.647445,3.698
73.0,veh_012,motorcycle,12.918151,77.626794,8.342
73.0,veh_018,car,12.917826,77.626391,9.146
73.0,veh_024,motorcycle,12.947722,77.697401,5.0
73.0,veh_026,car,12.93655,77.654769,4.674
73.0,veh_029,car,12.944514,77.680751,6.876
73.0,veh_030,bus,12.931605,77.646094,3.468
73.0,veh_036,motorcycle,12.937155,77.656853,0.984
73.0,veh_039,bus,12.936641,77.655228,4.935
73.0,veh_041,motorcycle,12.918605,77.627398,11.574
73.0,veh_046,motorcycle,12.948259,77.698963,8.175
73.0,veh_047,car,12.944459,77.679326,7.046
73.0,veh_048,car,12.947262,77.695818,0.1
73.0,veh_049,bus,12.941006,77.667722,5.193
74.0,veh_000,car,12.941371,77.668624,4.32
74.0,veh_003,car,12.917564,77.625874,8.982
74.0,veh_004,car,12.931362,77.645662,2.914
74.0,veh_008,car,12.937248,77.656887,7.474
74.0,veh_010,bus,12.932438,77.647354,4.847
74.0,veh_012,motorcycle,12.91808,77.62685,4.862
74.0,veh_018,car,12.917747,77.62635,0.749
74.0,veh_024,motorcycle,12.947824,77.697497,6.285
74.0,veh_026,car,12.936615,77.654848,7.612
74.0,veh_029,car,12.944593,77.680781,2.665
74.0,veh_030,bus,12.931713,77.64607,4.503
74.0,veh_036,motorcycle,12.937173,77.656914,5.437
74.0,veh_039,bus,12.936599,77.655306,3.797
74.0,veh_041,motorcycle,12.918651,77.627503,10.34
74.0,veh_046,motorcycle,12.948352,77.699041,9.102
74.0,veh_047,car,12.944331,77.679331,9.848
74.0,veh_048,car,12.947264,77.695828,3.066
74.0,veh_049,bus,12.940888,77.667698,3.703
75.0,veh_000,car,12.94131,77.66861,2.058
75.0,veh_003,car,12.917557,77.626057,3.339
75.0,veh_004,car,12.931354,77.645721,5.566
75.0,veh_008,car,12.937282,77.656953,10.65
75.0,veh_010,bus,12.932403,77.647458,4.431
75.0,veh_012,motorcycle,12.918175,77.626835,5.942
75.0,veh_018,car,12.917726,77.626408,5.588
75.0,veh_024,motorcycle,12.947752,77.697525,3.954
75.0,veh_026,car,12.936458,77.655001,6.801
75.0,veh_029,car,12.944474,77.680812,3.001
75.0,veh_030,bus,12.931814,77.646164,5.707
75.0,veh_036,motorcycle,12.937312,77.656956,10.729
75.0,veh_039,bus,12.936615,77.655379,5.852
75.0,veh_041,motorcycle,12.918682,77.627625,10.717
75.0,veh_046,motorcycle,12.948435,77.699108,6.308
75.0,veh_047,car,12.944441,77.679443,4.673
75.0,veh_048,car,12.947376,77.695892,5.936
75.0,veh_049,bus,12.941001,77.667725,4.512
76.0,veh_000,car,12.941361,77.668675,5.202
76.0,veh_003,car,12.917489,77.626068,2.004
76.0,veh_004,car,12.931349,77.645697,4.225
76.0,veh_008,car,12.937176,77.656952,6.621
76.0,veh_010,bus,12.932421,77.647546,4.399
76.0,veh_012,motorcycle,12.918164,77.626821,6.307
76.0,veh_018,car,12.917788,77.626503,6.527
76.0,veh_024,motorcycle,12.947788,77.697547,5.943
76.0,veh_026,car,12.936624,77.65509,5.241
76.0,veh_029,car,12.944573,77.680805,9.213
76.0,veh_030,bus,12.931696,77.646147,4.129
76.0,veh_036,motorcycle,12.937378,77.657012,3.058
76.0,veh_039,bus,12.93673,77.655417,4.809
76.0,veh_041,motorcycle,12.918842,77.627663,6.873
76.0,veh_046,motorcycle,12.94836,77.699264,8.864
76.0,veh_047,car,12.944455,77.679456,2.457
76.0,veh_048,car,12.947342,77.69598,8.869
76.0,veh_049,bus,12.941003,77.667752,3.794
77.0,veh_000,car,12.941312,77.66872,5.933
77.0,veh_003,car,12.917595,77.626086,6.42
77.0,veh_004,car,12.931428,77.645774,3.495
77.0,veh_008,car,12.937268,77.657073,5.953
77.0,veh_010,bus,12.932404,77.647481,5.247
77.0,veh_012,motorcycle,12.91831,77.627015,7.317
77.0,veh_018,car,12.917906,77.626452,7.638
77.0,veh_024,motorcycle,12.947899,77.697535,9.76
77.0,veh_026,car,12.936515,77.655112,3.635
77.0,veh_029,car,12.94453,77.680953,7.108
77.0,veh_030,bus,12.931756,77.646241,3.615
77.0,veh_036,motorcycle,12.937225,77.656968,0.448
77.0,veh_039,bus,12.936802,77.65542,4.606
77.0,veh_041,motorcycle,12.91877,77.62768,8.178
77.0,veh_046,motorcycle,12.948433,77.699213,2.346
77.0,veh_047,car,12.944424,77.67958,9.219
77.0,veh_048,car,12.947281,77.696048,5.507
77.0,veh_049,bus,12.94113,77.66776,3.998
78.0,veh_000,car,12.94145,77.668778,6.727
78.0,veh_003,car,12.917579,77.626056,8.005
78.0,veh_004,car,12.931454,77.645801,6.314
78.0,veh_008,car,12.937291,77.657097,6.986
78.0,veh_010,bus,12.932477,77.647522,4.231
78.0,veh_012,motorcycle,12.918208,77.627095,8.966
78.0,veh_018,car,12.917924,77.626518,3.261
78.0,veh_023,truck,12.936233,77.654036,4.382
78.0,veh_024,motorcycle,12.947875,77.69771,6.598
78.0,veh_026,car,12.936655,77.655132,11.011
78.0,veh_029,car,12.944634,77.681022,5.006
78.0,veh_030,bus,12.931682,77.646306,2.871
78.0,veh_036,motorcycle,12.937274,77.657067,5.378
78.0,veh_039,bus,12.93683,77.655376,4.329
78.0,veh_041,motorcycle,12.918857,77.627715,8.47
78.0,veh_046,motorcycle,12.948366,77.699192,4.45
78.0,veh_047,car,12.944477,77.679592,4.919
78.0,veh_048,car,12.947341,77.696196,5.347
78.0,veh_049,bus,12.941133,77.667958,5.292
79.0,veh_000,car,12.941388,77.668793,7.009
79.0,veh_003,car,12.917672,77.626236,7.102
79.0,veh_004,car,12.931483,77.645926,6.032
79.0,veh_008,car,12.937288,77.65711,6.633
79.0,veh_010,bus,12.932563,77.647535,5.487
79.0,veh_012,motorcycle,12.918414,77.627091,11.622
79.0,veh_018,car,12.917897,77.626544,7.966
79.0,veh_023,truck,12.936216,77.654017,4.718
79.0,veh_024,motorcycle,12.947992,77.69778,7.089
79.0,veh_026,car,12.936652,77.655218,6.519
79.0,veh_029,car,12.944546,77.681003,0.941
79.0,veh_030,bus,12.931755,77.646301,4.081
79.0,veh_036,motorcycle,12.937347,77.65712,6.649
79.0,veh_039,bus,12.93671,77.655494,4.729
79.0,veh_041,motorcycle,12.918882,77.627763,6.812
79.0,veh_046,motorcycle,12.948395,77.699301,5.843
79.0,veh_047,car,12.944396,77.67974,11.032
79.0,veh_048,car,12.94734,77.696116,4.777
79.0,veh_049,bus,12.941108,77.66798,3.746
80.0,veh_000,car,12.941443,77.668959,8.093
80.0,veh_003,car,12.91769,77.626154,2.565
80.0,veh_004,car,12.931582,77.645911,8.036
80.0,veh_008,car,12.937363,77.657149,7.251
80.0,veh_010,bus,12.932573,77.647797,4.133
80.0,veh_012,motorcycle,12.918382,77.627076,5.203
80.0,veh_018,car,12.917919,77.626631,1.849
80.0,veh_023,truck,12.936305,77.65413,5.145
80.0,veh_024,motorcycle,12.947853,77.697826,4.052
80.0,veh_026,car,12.936647,77.655205,5.957
80.0,veh_029,car,12.94452,77.681116,5.681
80.0,veh_030,bus,12.93168,77.646415,7.281
80.0,veh_036,motorcycle,12.937322,77.657176,8.588
80.0,veh_039,bus,12.936749,77.655614,4.424
80.0,veh_041,motorcycle,12.91892,77.62777,1.701
80.0,veh_046,motorcycle,12.948397,77.699341,8.245
80.0,veh_047,car,12.944401,77.679679,4.31
80.0,veh_048,car,12.947352,77.696146,5.374
80.0,veh_049,bus,12.941202,77.667995,3.492
81.0,veh_000,car,12.941464,77.66889,4.78
81.0,veh_003,car,12.917716,77.626253,4.198
81.0,veh_004,car,12.93158,77.645957,5.386
81.0,veh_008,car,12.937402,77.657286,7.828
81.0,veh_010,bus,12.932492,77.647728,4.62
81.0,veh_012,motorcycle,12.918406,77.627198,3.886
81.0,veh_018,car,12.917986,77.62656,5.012
81.0,veh_023,truck,12.936187,77.654169,3.16
81.0,veh_024,motorcycle,12.947994,77.697951,12.588
81.0,veh_026,car,12.936659,77.655362,8.117
81.0,veh_029,car,12.944581,77.681106,6.417
81.0,veh_030,bus,12.931791,77.646343,6.26
81.0,veh_036,motorcycle,12.937363,77.65724,5.72
81.0,veh_039,bus,12.936727,77.655635,4.237
81.0,veh_041,motorcycle,12.918917,77.627949,8.905
81.0,veh_046,motorcycle,12.948503,77.699418,3.392
81.0,veh_047,car,12.944348,77.679686,5.45
81.0,veh_048,car,12.947481,77.696303,12.931
81.0,veh_049,bus,12.941133,77.667978,5.665
82.0,veh_000,car,12.941392,77.669084,8.245
82.0,veh_003,car,12.917864,77.626334,9.684
82.0,veh_004,car,12.931621,77.645951,2.406
82.0,veh_008,car,12.937344,77.657366,5.872
82.0,veh_010,bus,12.932546,77.647672,4.854
82.0,veh_012,motorcycle,12.918376,77.627194,7.528
82.0,veh_018,car,12.917946,77.626673,4.171
82.0,veh_023,truck,12.936303,77.654197,2.82
82.0,veh_024,motorcycle,12.947992,77.697927,3.333
82.0,veh_026,car,12.936744,77.655355,4.132
82.0,veh_029,car,12.94458,77.681193,8.083
82.0,veh_030,bus,12.931841,77.646378,2.777
82.0,veh_036,motorcycle,12.937341,77.657265,4.632
82.0,veh_039,bus,12.936754,77.655584,4.336
82.0,veh_041,motorcycle,12.918915,77.627994,7.858
82.0,veh_046,motorcycle,12.948428,77.699484,3.915
82.0,veh_047,car,12.944478,77.679797,5.964
82.0,veh_048,car,12.947339,77.696325,7.544
82.0,veh_049,bus,12.941051,77.668094,3.911
83.0,veh_000,car,12.94153,77.669035,4.829
83.0,veh_003,car,12.91776,77.626406,12.402
83.0,veh_004,car,12.931587,77.646132,7.324
83.0,veh_008,car,12.93745,77.657365,3.846
83.0,veh_010,bus,12.932556,77.647711,3.031
83.0,veh_012,motorcycle,12.918462,77.627378,12.212
83.0,veh_018,car,12.917964,77.626623,0.1
83.0,veh_023,truck,12.936276,77.654196,3.773
83.0,veh_024,motorcycle,12.947932,77.697979,6.624
83.0,veh_026,car,12.93663,77.655363,2.635
83.0,veh_029,car,12.944612,77.681174,7.032
83.0,veh_030,bus,12.931864,77.646452,4.678
83.0,veh_036,motorcycle,12.937421,77.657352,5.43
83.0,veh_039,bus,12.93679,77.655602,3.769
83.0,veh_041,motorcycle,12.918929,77.627971,2.865
83.0,veh_046,motorcycle,12.948602,77.699456,3.479
83.0,veh_047,car,12.944414,77.679782,3.334
83.0,veh_048,car,12.947509,77.696284,4.315
83.0,veh_049,bus,12.94111,77.668028,3.14
84.0,veh_000,car,12.941412,77.669012,3.646
84.0,veh_003,car,12.917856,77.626481,8.416
84.0,veh_004,car,12.931664,77.646043,9.414
84.0,veh_008,car,12.937418,77.657346,3.802
84.0,veh_010,bus,12.932641,77.647783,4.482
84.0,veh_012,motorcycle,12.918494,77.627335,3.243
84.0,veh_018,car,12.918014,77.626699,3.721
84.0,veh_023,truck,12.936254,77.654301,3.859
84.0,veh_024,motorcycle,12.94799,77.698038,12.206
84.0,veh_026,car,12.936693,77.655408,2.514
84.0,veh_029,car,12.944659,77.681278,6.697
84.0,veh_030,bus,12.931876,77.646489,5.709
84.0,veh_036,motorcycle,12.937407,77.657374,4.162
84.0,veh_039,bus,12.936825,77.655635,5.1
84.0,veh_041,motorcycle,12.91905,77.628033,3.1
84.0,veh_046,motorcycle,12.948491,77.699454,3.264
84.0,veh_047,car,12.94448,77.679853,1.837
84.0,veh_048,car,12.947453,77.696454,5.9
84.0,veh_049,bus,12.941241,77.668093,2.738
85.0,veh_000,car,12.941639,77.669078,6.572
85.0,veh_003,car,12.918,77.626529,2.261
85.0,veh_004,car,12.931613,77.646189,3.545
85.0,veh_008,car,12.937387,77.657486,3.863
85.0,veh_010,bus,12.932672,77.647784,4.4
85.0,veh_012,motorcycle,12.918475,77.627287,0.727
85.0,veh_018,car,12.918033,77.626716,4.946
85.0,veh_023,truck,12.936331,77.654242,2.619
85.0,veh_024,motorcycle,12.948053,77.698137,7.01
85.0,veh_026,car,12.936656,77.65544,7.25
85.0,veh_029,car,12.944609,77.681451,5.925
85.0,veh_030,bus,12.931895,77.646612,5.357
85.0,veh_036,motorcycle,12.937314,77.657455,10.327
85.0,veh_039,bus,12.936874,77.655663,3.901
85.0,veh_041,motorcycle,12.919006,77.628103,8.767
85.0,veh_046,motorcycle,12.948533,77.699567,9.953
85.0,veh_047,car,12.944435,77.679924,10.197
85.0,veh_048,car,12.947449,77.696433,5.451
85.0,veh_049,bus,12.941087,77.668144,2.223
86.0,veh_000,car,12.941545,77.669131,5.905
86.0,veh_003,car,12.917991,77.626507,7.623
86.0,veh_004,car,12.931693,77.646229,8.571
86.0,veh_008,car,12.937367,77.657569,7.733
86.0,veh_010,bus,12.93266,77.647771,5.524
86.0,veh_012,motorcycle,12.918575,77.627403,6.55
86.0,veh_018,car,12.918065,77.626784,8.19
86.0,veh_023,truck,12.936309,77.654319,3.308
86.0,veh_024,motorcycle,12.94806,77.698192,8.075
86.0,veh_026,car,12.936744,77.655474,4.369
86.0,veh_029,car,12.944568,77.681407,4.108
86.0,veh_030,bus,12.931967,77.646595,1.973
86.0,veh_036,motorcycle,12.937391,77.657338,1.544
86.0,veh_039,bus,12.936891,77.655737,3.734
86.0,veh_041,motorcycle,12.918998,77.628122,2.643
86.0,veh_046,motorcycle,12.948481,77.699616,8.018
86.0,veh_047,car,12.944461,77.680065,6.827
86.0,veh_048,car,12.947517,77.69645,8.27
86.0,veh_049,bus,12.941106,77.668144,5.785
87.0,veh_000,car,12.941503,77.669231,9.143
87.0,veh_003,car,12.917998,77.626518,6.886
87.0,veh_004,car,12.931692,77.646281,3.418
87.0,veh_008,car,12.937416,77.657634,8.349
87.0,veh_010,bus,12.932661,77.647918,4.448
87.0,veh_012,motorcycle,12.918645,77.627402,4.245
87.0,veh_018,car,12.918182,77.626768,9.91
87.0,veh_019,bus,12.925419,77.63701,4.867
87.0,veh_023,truck,12.936323,77.654284,4.83
87.0,veh_024,motorcycle,12.948006,77.698306,6.416
87.0,veh_026,car,12.936797,77.655534,7.111
87.0,veh_029,car,12.944601,77.681435,3.007
87.0,veh_030,bus,12.931936,77.646578,4.328
87.0,veh_036,motorcycle,12.937392,77.657513,6.201
87.0,veh_039,bus,12.936794,77.655741,2.664
87.0,veh_041,motorcycle,12.919063,77.628174,8.309
87.0,veh_046,motorcycle,12.948607,77.69972,7.205
87.0,veh_047,car,12.944517,77.680005,6.48
87.0,veh_048,car,12.947579,77.696567,6.301
87.0,veh_049,bus,12.941246,77.668065,4.116
88.0,veh_000,car,12.941514,77.669331,7.728
88.0,veh_003,car,12.918049,77.626593,3.317
88.0,veh_004,car,12.931789,77.646337,10.126
88.0,veh_005,car,12.940159,77.665092,10.089
88.0,veh_008,car,12.937488,77.657651,4.2
88.0,veh_010,bus,12.932756,77.647805,4.494
88.0,veh_012,motorcycle,12.918678,77.627469,6.45
88.0,veh_018,car,12.918162,77.626903,4.562
88.0,veh_019,bus,12.925466,77.637147,5.882
88.0,veh_023,truck,12.936303,77.654358,4.747
88.0,veh_024,motorcycle,12.948164,77.698241,4.689
88.0,veh_026,car,12.936775,77.655576,4.209
88.0,veh_029,car,12.944555,77.681476,8.429
88.0,veh_030,bus,12.931979,77.646755,8.504
88.0,veh_036,motorcycle,12.937397,77.657525,5.777
88.0,veh_039,bus,12.936907,77.65574,3.686
88.0,veh_041,motorcycle,12.919117,77.628258,7.231
88.0,veh_046,motorcycle,12.948652,77.699827,6.222
88.0,veh_047,car,12.944498,77.680153,4.784
88.0,veh_048,car,12.947546,77.696708,5.824
88.0,veh_049,bus,12.941159,77.668231,2.399
89.0,veh_000,car,12.941603,77.669331,6.104
89.0,veh_003,car,12.918043,77.626612,5.802
89.0,veh_004,car,12.931738,77.646466,5.516
89.0,veh_005,car,12.940102,77.6652,5.63
89.0,veh_008,car,12.93743,77.657536,4.488
89.0,veh_010,bus,12.93268,77.647973,4.456
89.0,veh_012,motorcycle,12.918714,77.627512,8.959
89.0,veh_018,car,12.918104,77.626913,5.081
89.0,veh_019,bus,12.925412,77.637211,3.81
89.0,veh_023,truck,12.936397,77.654345,2.368
89.0,veh_024,motorcycle,12.948143,77.698399,7.28
89.0,veh_026,car,12.936814,77.655599,4.027
89.0,veh_029,car,12.944576,77.681566,3.557
89.0,veh_030,bus,12.931945,77.646646,4.297
89.0,veh_036,motorcycle,12.937434,77.657598,4.556
89.0,veh_039,bus,12.936821,77.655768,4.587
89.0,veh_041,motorcycle,12.919187,77.62832,1.935
89.0,veh_046,motorcycle,12.94854,77.700003,14.236
89.0,veh_047,car,12.944393,77.680258,11.071
89.0,veh_048,car,12.947565,77.69675,9.37
89.0,veh_049,bus,12.94133,77.668219,2.357
90.0,veh_000,car,12.94158,77.669439,6.498
90.0,veh_003,car,12.917968,77.626734,6.209
90.0,veh_004,car,12.93185,77.646419,9.156
90.0,veh_005,car,12.940177,77.665113,3.53
90.0,veh_008,car,12.937578,77.657714,6.897
90.0,veh_009,car,12.936094,77.654109,5.079
90.0,veh_010,bus,12.93271,77.64796,2.818
90.0,veh_012,motorcycle,12.918713,77.627651,11.602
90.0,veh_018,car,12.91823,77.626996,10.431
90.0,veh_019,bus,12.92549,77.637144,3.049
90.0,veh_023,truck,12.936401,77.654401,3.564
90.0,veh_024,motorcycle,12.94811,77.698322,3.433
90.0,veh_026,car,12.936911,77.655815,7.186
90.0,veh_029,car,12.944611,77.681627,1.931
90.0,veh_030,bus,12.932021,77.646735,6.196
90.0,veh_036,motorcycle,12.93764,77.657662,8.257
90.0,veh_039,bus,12.936834,77.655859,4.27
90.0,veh_041,motorcycle,12.919079,77.62822,5.681
90.0,veh_046,motorcycle,12.948659,77.699894,9.827
90.0,veh_047,car,12.94448,77.680317,5.163
90.0,veh_048,car,12.947605,77.696812,8.518
90.0,veh_049,bus,12.941221,77.668254,3.478
91.0,veh_000,car,12.941661,77.669581,9.34
91.0,veh_003,car,12.918079,77.626795,8.161
91.0,veh_004,car,12.931823,77.646449,7.412
91.0,veh_005,car,12.940213,77.665107,1.457
91.0,veh_008,car,12.937515,77.657845,5.525
91.0,veh_009,car,12.936224,77.654082,2.602
91.0,veh_010,bus,12.932774,77.647969,1.891
91.0,veh_012,motorcycle,12.918756,77.627571,5.473
91.0,veh_018,car,12.91824,77.626953,4.251
91.0,veh_019,bus,12.925519,77.637181,4.048
91.0,veh_023,truck,12.936307,77.654424,3.676
91.0,veh_024,motorcycle,12.948124,77.698563,11.665
91.0,veh_026,car,12.936881,77.655714,7.435
91.0,veh_029,car,12.944643,77.681571,0.1
91.0,veh_030,bus,12.932076,77.646684,4.398
91.0,veh_036,motorcycle,12.937485,77.657709,8.539
91.0,veh_039,bus,12.936941,77.65595,2.943
91.0,veh_041,motorcycle,12.919198,77.62837,7.219
91.0,veh_046,motorcycle,12.948628,77.700143,10.084
91.0,veh_047,car,12.944483,77.680305,7.506
91.0,veh_048,car,12.947578,77.696855,3.546
91.0,veh_049,bus,12.941253,77.66832,3.0
92.0,veh_000,car,12.941596,77.669539,2.729
92.0,veh_003,car,12.918091,77.62685,6.8
92.0,veh_004,car,12.932012,77.646558,8.491
92.0,veh_005,car,12.940256,77.665195,9.777
92.0,veh_008,car,12.937487,77.657837,6.076
92.0,veh_009,car,12.936175,77.654186,6.328
92.0,veh_010,bus,12.932723,77.64789,2.226
92.0,veh_012,motorcycle,12.918765,77.627743,3.592
92.0,veh_018,car,12.91835,77.627064,4.142
92.0,veh_019,bus,12.925552,77.637126,6.335
92.0,veh_023,truck,12.936363,77.654442,3.23
92.0,veh_024,motorcycle,12.94816,77.698523,12.521
92.0,veh_026,car,12.936799,77.655764,5.331
92.0,veh_029,car,12.944554,77.681584,5.366
92.0,veh_030,bus,12.932104,77.646874,2.615
92.0,veh_036,motorcycle,12.93751,77.657933,9.987
92.0,veh_039,bus,12.936825,77.655919,4.222
92.0,veh_041,motorcycle,12.91923,77.628362,5.173
92.0,veh_046,motorcycle,12.948671,77.700122,4.373
92.0,veh_047,car,12.944494,77.680269,2.845
92.0,veh_048,car,12.947664,77.696934,8.681
92.0,veh_049,bus,12.941222,77.668268,3.583
93.0,veh_000,car,12.941747,77.669571,5.765
93.0,veh_003,car,12.918159,77.626916,8.067
93.0,veh_004,car,12.931986,77.646541,6.393
93.0,veh_005,car,12.940198,77.665386,8.932
93.0,veh_008,car,12.937532,77.657798,3.864
93.0,veh_009,car,12.936331,77.654187,3.426
93.0,veh_010,bus,12.932705,77.648084,1.997
93.0,veh_012,motorcycle,12.918729,77.62769,3.203
93.0,veh_018,car,12.918383,77.627134,7.656
93.0,veh_019,bus,12.925571,77.637185,5.098
93.0,veh_023,truck,12.93633,77.654482,2.296
93.0,veh_024,motorcycle,12.948287,77.698605,11.702
93.0,veh_026,car,12.936854,77.655799,5.949
93.0,veh_029,car,12.944648,77.681743,5.705
93.0,veh_030,bus,12.932094,77.646933,5.568
93.0,veh_036,motorcycle,12.937619,77.657884,7.846
93.0,veh_039,bus,12.936842,77.655897,3.668
93.0,veh_041,motorcycle,12.919362,77.628379,11.226
93.0,veh_046,motorcycle,12.948585,77.700151,7.909
93.0,veh_047,car,12.944506,77.680371,9.496
93.0,veh_048,car,12.947533,77.696893,4.942
93.0,veh_049,bus,12.941137,77.668339,4.511
94.0,veh_000,car,12.941687,77.669597,4.415
94.0,veh_003,car,12.918118,77.626839,4.019
94.0,veh_004,car,12.931931,77.646731,10.006
94.0,veh_005,car,12.940194,77.665343,5.127
94.0,veh_008,car,12.937559,77.65799,6.999
94.0,veh_009,car,12.936328,77.654259,7.755
94.0,veh_010,bus,12.932796,77.647981,3.117
94.0,veh_012,motorcycle,12.918877,77.627729,5.055
94.0,veh_018,car,12.91837,77.627207,5.209
94.0,veh_019,bus,12.925482,77.63732,3.014
94.0,veh_023,truck,12.93642,77.65453,4.447
94.0,veh_024,motorcycle,12.948211,77.698703,2.947
94.0,veh_026,car,12.936801,77.655842,1.976
94.0,veh_029,car,12.944595,77.681705,9.121
94.0,veh_030,bus,12.931982,77.646835,1.857
94.0,veh_036,motorcycle,12.9376,77.657977,6.481
94.0,veh_039,bus,12.936922,77.655998,4.715
94.0,veh_041,motorcycle,12.919409,77.628566,6.351
94.0,veh_046,motorcycle,12.948743,77.700223,6.438
94.0,veh_047,car,12.944476,77.68043,6.072
94.0,veh_048,car,12.947579,77.697015,5.186
94.0,veh_049,bus,12.941197,77.66839,3.353
95.0,veh_000,car,12.941658,77.669733,9.001
95.0,veh_003,car,12.918136,77.626929,6.761
95.0,veh_004,car,12.931975,77.646772,5.068
95.0,veh_005,car,12.940175,77.665452,6.561
95.0,veh_008,car,12.937599,77.657916,5.571
95.0,veh_009,car,12.93623,77.654255,8.826
95.0,veh_010,bus,12.932728,77.648009,4.301
95.0,veh_012,motorcycle,12.918874,77.627792,4.305
95.0,veh_018,car,12.918367,77.627129,4.221
95.0,veh_019,bus,12.925635,77.637388,0.898
95.0,veh_023,truck,12.9364,77.654547,4.434
95.0,veh_024,motorcycle,12.948267,77.698799,9.125
95.0,veh_026,car,12.936886,77.655923,7.087
95.0,veh_029,car,12.944648,77.681869,0.453
95.0,veh_030,bus,12.932032,77.646844,4.668
95.0,veh_036,motorcycle,12.937537,77.657936,2.988
95.0,veh_039,bus,12.936906,77.656037,5.936
95.0,veh_041,motorcycle,12.919294,77.628592,5.961
95.0,veh_046,motorcycle,12.948756,77.700231,5.952
95.0,veh_047,car,12.944498,77.680446,3.488
95.0,veh_048,car,12.94765,77.697038,9.591
95.0,veh_049,bus,12.941382,77.668365,3.254
96.0,veh_000,car,12.941638,77.669697,3.969
96.0,veh_003,car,12.918217,77.62695,5.059
96.0,veh_004,car,12.931975,77.646705,7.127
96.0,veh_005,car,12.94028,77.665522,5.754
96.0,veh_006,car,12.925429,77.637008,4.25
96.0,veh_008,car,12.937697,77.658057,5.576
96.0,veh_009,car,12.936329,77.654282,6.155
96.0,veh_010,bus,12.932789,77.648068,2.688
96.0,veh_012,motorcycle,12.918872,77.627892,10.857
96.0,veh_018,car,12.918504,77.627249,10.766
96.0,veh_019,bus,12.925579,77.637269,2.611
96.0,veh_023,truck,12.936387,77.65456,3.028
96.0,veh_024,motorcycle,12.948288,77.698908,1.873
96.0,veh_026,car,12.936852,77.655914,8.453
96.0,veh_029,car,12.944697,77.681857,7.399
96.0,veh_030,bus,12.932141,77.646957,5.809
96.0,veh_036,motorcycle,12.937644,77.658059,7.137
96.0,veh_039,bus,12.936982,77.656136,5.932
96.0,veh_041,motorcycle,12.919332,77.628588,5.319
96.0,veh_046,motorcycle,12.948812,77.700313,5.721
96.0,veh_047,car,12.944513,77.680542,5.897
96.0,veh_048,car,12.947674,77.697153,5.71
96.0,veh_049,bus,12.941232,77.668432,3.131
97.0,veh_000,car,12.941666,77.669745,4.497
97.0,veh_003,car,12.918225,77.627114,10.853
97.0,veh_004,car,12.932082,77.646863,7.032
97.0,veh_005,car,12.940321,77.665472,9.448
97.0,veh_006,car,12.925515,77.637036,4.817
97.0,veh_008,car,12.937746,77.658063,10.286
97.0,veh_009,car,12.936227,77.654462,2.283
97.0,veh_010,bus,12.93282,77.648132,4.169
97.0,veh_012,motorcycle,12.918882,77.627885,4.297
97.0,veh_018,car,12.918478,77.62736,5.439
97.0,veh_019,bus,12.925589,77.637403,3.887
97.0,veh_023,truck,12.936439,77.654644,2.497
97.0,veh_024,motorcycle,12.948251,77.698918,5.246
97.0,veh_026,car,12.936917,77.65606,7.974
97.0,veh_029,car,12.944482,77.681807,5.768
97.0,veh_030,bus,12.932212,77.646999,3.508
97.0,veh_036,motorcycle,12.937681,77.657975,6.859
97.0,veh_037,car,12.917369,77.62588,2.991
97.0,veh_039,bus,12.936995,77.656157,4.097
97.0,veh_041,motorcycle,12.919376,77.628633,7.664
97.0,veh_046,motorcycle,12.948714,77.700384,4.496
97.0,veh_047,car,12.944568,77.680515,8.144
97.0,veh_048,car,12.947747,77.6972,6.693
97.0,veh_049,bus,12.941254,77.668421,2.245
98.0,veh_000,car,12.941797,77.669769,3.526
98.0,veh_003,car,12.918254,77.627138,7.996
98.0,veh_004,car,12.9321,77.646871,4.623
98.0,veh_005,car,12.94029,77.665699,4.968
98.0,veh_006,car,12.925461,77.637111,6.89
98.0,veh_008,car,12.937641,77.658002,2.524
98.0,veh_009,car,12.936293,77.65445,7.61
98.0,veh_010,bus,12.932827,77.648107,2.613
98.0,veh_012,motorcycle,12.91896,77.62802,9.023
98.0,veh_018,car,12.918462,77.627286,3.957
98.0,veh_019,bus,12.9257,77.637254,2.121
98.0,veh_023,truck,12.936466,77.654684,2.527
98.0,veh_024,motorcycle,12.948329,77.698977,9.151
98.0,veh_026,car,12.937088,77.656084,5.829
98.0,veh_029,car,12.94456,77.681932,4.17
98.0,veh_030,bus,12.932106,77.646975,4.522
98.0,veh_036,motorcycle,12.937651,77.658137,7.977
98.0,veh_037,car,12.917499,77.625846,0.34
98.0,veh_039,bus,12.937006,77.65617,4.104
98.0,veh_041,motorcycle,12.919391,77.628701,11.087
98.0,veh_046,motorcycle,12.948857,77.700374,1.985
98.0,veh_047,car,12.944513,77.680661,5.275
98.0,veh_048,car,12.947721,77.697246,8.894
98.0,veh_049,bus,12.941239,77.668471,5.863
99.0,veh_000,car,12.941785,77.669741,4.12
99.0,veh_003,car,12.918385,77.62715,3.155
99.0,veh_004,car,12.932124,77.646864,7.31
99.0,veh_005,car,12.940281,77.66575,8.061
99.0,veh_006,car,12.925509,77.637202,5.911
99.0,veh_008,car,12.937676,77.6582,4.051
99.0,veh_009,car,12.936395,77.654509,5.461
99.0,veh_010,bus,12.932877,77.648116,5.293
99.0,veh_012,motorcycle,12.918998,77.628062,4.656
99.0,veh_018,car,12.918453,77.627376,7.951
99.0,veh_019,bus,12.92561,77.637363,3.291
99.0,veh_023,truck,12.936416,77.654659,3.875
99.0,veh_024,motorcycle,12.948297,77.698966,0.863
99.0,veh_026,car,12.937024,77.656146,6.81
99.0,veh_029,car,12.944711,77.681853,0.716
99.0,veh_030,bus,12.932162,77.646926,2.213
99.0,veh_036,motorcycle,12.937686,77.65818,8.741
99.0,veh_037,car,12.917404,77.625859,4.111
99.0,veh_039,bus,12.936992,77.656118,3.461
99.0,veh_041,motorcycle,12.919459,77.628701,4.433
99.0,veh_046,motorcycle,12.948877,77.7005,9.001
99.0,veh_047,car,12.944575,77.680739,4.269
99.0,veh_048,car,12.947759,77.697201,5.993
99.0,veh_049,bus,12.94127,77.668448,3.642
100.0,veh_000,car,12.941745,77.669927,4.582
100.0,veh_003,car,12.918416,77.627118,3.916
100.0,veh_004,car,12.932134,77.646927,5.721
100.0,veh_005,car,12.940333,77.665689,1.563
100.0,veh_006,car,12.925529,77.63718,8.885
100.0,veh_008,car,12.937743,77.658143,6.701
100.0,veh_009,car,12.936421,77.654394,0.845
100.0,veh_010,bus,12.932812,77.648289,4.213
100.0,veh_012,motorcycle,12.918983,77.628042,11.398
100.0,veh_018,car,12.918541,77.627486,4.6
100.0,veh_019,bus,12.925663,77.637343,4.398
100.0,veh_023,truck,12.936447,77.654702,2.803
100.0,veh_024,motorcycle,12.94832,77.698946,6.834
100.0,veh_026,car,12.936963,77.656243,5.316
100.0,veh_029,car,12.944594,77.682019,6.489
100.0,veh_030,bus,12.932163,77.647035,4.741
100.0,veh_036,motorcycle,12.937693,77.658134,3.262
100.0,veh_037,car,12.917418,77.625883,1.133
100.0,veh_039,bus,12.936965,77.656242,2.614
100.0,veh_041,motorcycle,12.919407,77.628832,10.139
100.0,veh_046,motorcycle,12.948778,77.70044,2.5
100.0,veh_047,car,12.944552,77.680757,6.449
100.0,veh_048,car,12.947856,77.697385,6.212
100.0,veh_049,bus,12.941231,77.668561,3.83
101.0,veh_000,car,12.941718,77.669922,6.689
101.0,veh_003,car,12.918344,77.627243,5.018
101.0,veh_004,car,12.932101,77.646974,7.123
101.0,veh_005,car,12.940387,77.665763,6.248
101.0,veh_006,car,12.925626,77.637235,3.55
101.0,veh_008,car,12.93763,77.658245,0.5
101.0,veh_009,car,12.936508,77.654596,4.368
101.0,veh_010,bus,12.932913,77.648304,4.685
101.0,veh_012,motorcycle,12.919106,77.628235,12.387
101.0,veh_018,car,12.918597,77.627517,4.54
101.0,veh_019,bus,12.92568,77.637355,2.229
101.0,veh_023,truck,12.936409,77.654775,2.573
101.0,veh_024,motorcycle,12.948345,77.699066,8.042
101.0,veh_026,car,12.936986,77.656242,7.973
101.0,veh_029,car,12.944655,77.681998,5.824
101.0,veh_030,bus,12.932127,77.647043,1.541
101.0,veh_036,motorcycle,12.937694,77.658228,3.329
101.0,veh_037,car,12.917512,77.626057,9.132
101.0,veh_039,bus,12.937008,77.65627,2.877
101.0,veh_041,motorcycle,12.919527,77.628865,6.893
101.0,veh_046,motorcycle,12.948829,77.700543,4.243
101.0,veh_047,car,12.944539,77.680906,7.537
101.0,veh_048,car,12.947751,77.69737,6.167
101.0,veh_049,bus,12.941294,77.668607,4.381
102.0,veh_000,car,12.941867,77.669915,3.593
102.0,veh_003,car,12.918442,77.627164,1.284
102.0,veh_004,car,12.932262,77.647093,5.586
102.0,veh_005,car,12.940339,77.665693,4.135
102.0,veh_006,car,12.925621,77.637207,3.883
102.0,veh_008,car,12.937701,77.658285,4.91
102.0,veh_009,car,12.93644,77.654503,2.647
102.0,veh_010,bus,12.932929,77.648332,5.201
102.0,veh_012,motorcycle,12.919203,77.628269,7.565
102.0,veh_018,car,12.918645,77.627488,9.137
102.0,veh_019,bus,12.925669,77.637442,3.92
102.0,veh_023,truck,12.93648,77.654848,4.088
102.0,veh_024,motorcycle,12.948332,77.699149,8.215
102.0,veh_026,car,12.937134,77.656385,4.564
102.0,veh_029,car,12.944652,77.682157,5.434
102.0,veh_030,bus,12.932239,77.647042,1.744
102.0,veh_036,motorcycle,12.937829,77.658366,4.403
102.0,veh_037,car,12.917507,77.625988,3.67
102.0,veh_039,bus,12.936946,77.656207,4.109
102.0,veh_041,motorcycle,12.919684,77.628983,9.674
102.0,veh_046,motorcycle,12.948888,77.700551,0.857
102.0,veh_047,car,12.944602,77.680832,6.124
102.0,veh_048,car,12.947808,77.697411,4.584
102.0,veh_049,bus,12.941417,77.66864,3.874
103.0,veh_000,car,12.941825,77.669937,4.929
103.0,veh_003,car,12.918468,77.62731,9.151
103.0,veh_004,car,12.932361,77.647106,4.992
103.0,veh_005,car,12.94034,77.665861,6.901
103.0,veh_006,car,12.925578,77.637281,5.721
103.0,veh_008,car,12.937601,77.658244,7.148
103.0,veh_009,car,12.936319,77.654556,4.057
103.0,veh_010,bus,12.932826,77.648275,1.963
103.0,veh_012,motorcycle,12.919269,77.628294,8.526
103.0,veh_018,car,12.918684,77.627528,3.121
103.0,veh_019,bus,12.925813,77.637439,5.582
103.0,veh_023,truck,12.936452,77.654829,2.643
103.0,veh_024,motorcycle,12.948491,77.699224,6.795
103.0,veh_026,car,12.937061,77.656406,5.998
103.0,veh_029,car,12.944751,77.682197,5.574
103.0,veh_030,bus,12.932231,77.647168,5.053
103.0,veh_036,motorcycle,12.937705,77.658306,1.978
103.0,veh_037,car,12.917507,77.626073,7.638
103.0,veh_039,bus,12.936974,77.656261,2.807
103.0,veh_041,motorcycle,12.919703,77.628963,3.968
103.0,veh_046,motorcycle,12.948901,77.700559,5.283
103.0,veh_047,car,12.94461,77.68096,3.243
103.0,veh_048,car,12.947829,77.697504,0.136
103.0,veh_049,bus,12.941398,77.668637,2.785
104.0,veh_000,car,12.941787,77.670052,3.922
104.0,veh_003,car,12.918456,77.627348,5.177
104.0,veh_004,car,12.932188,77.647112,3.636
104.0,veh_005,car,12.940465,77.665817,4.283
104.0,veh_006,car,12.925642,77.637339,9.186
104.0,veh_008,car,12.937791,77.658435,5.36
104.0,veh_009,car,12.93645,77.65463,6.862
104.0,veh_010,bus,12.932945,77.648319,5.857
104.0,veh_012,motorcycle,12.919228,77.628393,5.806
104.0,veh_018,car,12.918737,77.627587,4.69
104.0,veh_019,bus,12.92571,77.637538,0.243
104.0,veh_023,truck,12.936588,77.65487,4.131
104.0,veh_024,motorcycle,12.94843,77.699243,5.243
104.0,veh_026,car,12.937095,77.656447,3.232
104.0,veh_029,car,12.944672,77.682113,5.977
104.0,veh_030,bus,12.932298,77.647125,5.959
104.0,veh_031,car,12.936143,77.654054,9.347
104.0,veh_036,motorcycle,12.937815,77.658369,6.363
104.0,veh_037,car,12.917541,77.626038,3.572
104.0,veh_039,bus,12.936954,77.65634,1.651
104.0,veh_041,motorcycle,12.919644,77.628938,0.739
104.0,veh_046,motorcycle,12.948905,77.700634,7.058
104.0,veh_047,car,12.944568,77.681029,4.559
104.0,veh_048,car,12.94782,77.697479,5.869
104.0,veh_049,bus,12.941421,77.668669,3.658
105.0,veh_000,car,12.941831,77.67002,3.236
105.0,veh_003,car,12.918423,77.627284,6.086
105.0,veh_004,car,12.932236,77.647168,3.359
105.0,veh_005,car,12.940384,77.665937,7.479
105.0,veh_006,car,12.925663,77.637387,9.281
105.0,veh_008,car,12.93778,77.658357,5.851
105.0,veh_009,car,12.936456,77.654597,3.74
105.0,veh_010,bus,12.932924,77.648346,3.664
105.0,veh_012,motorcycle,12.919232,77.628402,4.006
105.0,veh_018,car,12.918703,77.627651,6.801
105.0,veh_019,bus,12.925686,77.637541,4.777
105.0,veh_023,truck,12.936498,77.65491,2.66
105.0,veh_024,motorcycle,12.948577,77.699376,12.954
105.0,veh_026,car,12.937094,77.656444,5.446
105.0,veh_029,car,12.944673,77.682239,5.791
105.0,veh_030,bus,12.932331,77.647213,4.22
105.0,veh_031,car,12.936184,77.654161,3.079
105.0,veh_032,car,12.946723,77.694256,6.592
105.0,veh_036,motorcycle,12.937767,77.658483,5.221
105.0,veh_037,car,12.917585,77.6261,4.295
105.0,veh_039,bus,12.937024,77.656346,3.451
105.0,veh_041,motorcycle,12.919713,77.628954,11.259
105.0,veh_046,motorcycle,12.948906,77.700874,11.926
105.0,veh_047,car,12.944636,77.681092,6.844
105.0,veh_048,car,12.947853,77.697618,7.555
105.0,veh_049,bus,12.941352,77.668791,6.564
106.0,veh_000,car,12.941853,77.670074,8.754
106.0,veh_003,car,12.918591,77.627398,7.548
106.0,veh_004,car,12.932372,77.647262,7.723
106.0,veh_005,car,12.940435,77.665992,7.319
106.0,veh_006,car,12.925769,77.637441,5.835
106.0,veh_008,car,12.937796,77.658501,4.332
106.0,veh_009,car,12.936423,77.654635,5.094
106.0,veh_010,bus,12.933055,77.648422,5.069
106.0,veh_012,motorcycle,12.919271,77.628402,10.153
106.0,veh_018,car,12.918725,77.627721,9.44
106.0,veh_019,bus,12.925818,77.637602,4.365
106.0,veh_023,truck,12.936544,77.654843,4.175
106.0,veh_024,motorcycle,12.948445,77.699408,10.126
106.0,veh_026,car,12.937043,77.656571,8.547
106.0,veh_029,car,12.944664,77.682251,5.972
106.0,veh_030,bus,12.932325,77.647186,5.697
106.0,veh_031,car,12.936187,77.654149,4.647
106.0,veh_032,car,12.946718,77.69419,3.743
106.0,veh_036,motorcycle,12.937715,77.658443,7.938
106.0,veh_037,car,12.917683,77.626035,7.169
106.0,veh_039,bus,12.936991,77.656366,4.63
106.0,veh_041,motorcycle,12.919705,77.629099,7.358
106.0,veh_046,motorcycle,12.948871,77.700688,0.964
106.0,veh_047,car,12.944531,77.681189,4.222
106.0,veh_048,car,12.947877,77.697609,7.976
106.0,veh_049,bus,12.941312,77.668798,3.186
107.0,veh_000,car,12.941839,77.670222,7.197
107.0,veh_003,car,12.918637,77.627587,8.409
107.0,veh_004,car,12.93234,77.647305,7.124
107.0,veh_005,car,12.940482,77.666128,6.829
107.0,veh_006,car,12.925738,77.637589,6.317
107.0,veh_008,car,12.937736,77.6585,3.515
107.0,veh_009,car,12.936467,77.65475,6.158
107.0,veh_010,bus,12.932974,77.648549,5.427
107.0,veh_012,motorcycle,12.919242,77.628491,4.477
107.0,veh_018,car,12.918822,77.627774,3.269
107.0,veh_019,bus,12.925801,77.637554,2.631
107.0,veh_023,truck,12.936475,77.654882,2.628
107.0,veh_024,motorcycle,12.948509,77.699473,1.454
107.0,veh_026,car,12.937105,77.656568,4.631
107.0,veh_029,car,12.944702,77.682427,7.894
107.0,veh_030,bus,12.93226,77.647196,1.479
107.0,veh_031,car,12.936263,77.654099,4.631
107.0,veh_032,car,12.946703,77.694295,2.658
107.0,veh_036,motorcycle,12.937878,77.658588,3.945
107.0,veh_037,car,12.917629,77.626112,3.114
107.0,veh_039,bus,12.936958,77.656335,2.799
107.0,veh_041,motorcycle,12.919779,77.629278,9.738
107.0,veh_046,motorcycle,12.948865,77.700815,6.698
107.0,veh_047,car,12.944528,77.681131,6.595
107.0,veh_048,car,12.947843,77.697756,8.516
107.0,veh_049,bus,12.941354,77.668687,3.934
108.0,veh_000,car,12.941911,77.670261,7.36
108.0,veh_003,car,12.918634,77.627584,5.579
108.0,veh_004,car,12.93252,77.647372,9.244
108.0,veh_005,car,12.940522,77.666126,6.099
108.0,veh_006,car,12.925834,77.637453,0.285
108.0,veh_008,car,12.937787,77.658469,2.727
108.0,veh_009,car,12.936456,77.65481,5.228
108.0,veh_010,bus,12.93313,77.648494,3.743
108.0,veh_012,motorcycle,12.919339,77.628605,8.981
108.0,veh_018,car,12.918766,77.627772,4.227
108.0,veh_019,bus,12.925761,77.637609,4.435
108.0,veh_023,truck,12.936483,77.654939,4.467
108.0,veh_024,motorcycle,12.948486,77.699494,5.651
108.0,veh_026,car,12.937082,77.656638,6.464
108.0,veh_029,car,12.944625,77.682453,0.64
108.0,veh_030,bus,12.932366,77.64733,1.571
108.0,veh_031,car,12.936289,77.654158,8.339
108.0,veh_032,car,12.946732,77.694373,8.563
108.0,veh_036,motorcycle,12.937783,77.658579,6.103
108.0,veh_037,car,12.917649,77.626164,3.816
108.0,veh_039,bus,12.936983,77.656279,3.348
108.0,veh_041,motorcycle,12.91986,77.629246,11.46
108.0,veh_046,motorcycle,12.948863,77.700868,6.24
108.0,veh_047,car,12.944609,77.681107,6.894
108.0,veh_048,car,12.947868,77.697753,6.234
108.0,veh_049,bus,12.941442,77.668806,2.995
109.0,veh_000,car,12.94187,77.670282,2.029
109.0,veh_003,car,12.918682,77.627381,3.329
109.0,veh_004,car,12.932351,77.647382,2.761
109.0,veh_005,car,12.940548,77.66613,5.418
109.0,veh_006,car,12.925839,77.637609,2.941
109.0,veh_008,car,12.93783,77.658488,4.687
109.0,veh_009,car,12.936514,77.654844,8.403
109.0,veh_010,bus,12.933113,77.648538,2.731
109.0,veh_012,motorcycle,12.919269,77.628607,3.055
109.0,veh_015,bus,12.945083,77.686082,4.142
109.0,veh_018,car,12.918896,77.627839,8.7
109.0,veh_019,bus,12.925909,77.63769,4.033
109.0,veh_023,truck,12.936533,77.655014,4.683
109.0,veh_024,motorcycle,12.948476,77.699526,7.603
109.0,veh_026,car,12.937144,77.656634,6.029
109.0,veh_029,car,12.944655,77.682316,2.049
109.0,veh_030,bus,12.932412,77.647292,3.486
109.0,veh_031,car,12.936262,77.654345,4.581
109.0,veh_032,car,12.946774,77.694437,4.12
109.0,veh_036,motorcycle,12.937924,77.658647,8.128
109.0,veh_037,car,12.917727,77.626227,8.173
109.0,veh_039,bus,12.937009,77.656499,3.072
109.0,veh_041,motorcycle,12.919936,77.629331,5.402
109.0,veh_046,motorcycle,12.948936,77.700966,8.876
109.0,veh_047,car,12.944549,77.681132,5.321
109.0,veh_048,car,12.94792,77.697815,2.623
109.0,veh_049,bus,12.941485,77.668857,4.36
110.0,veh_000,car,12.941906,77.670363,5.508
110.0,veh_003,car,12.918585,77.627579,4.752
110.0,veh_004,car,12.932438,77.647432,9.072
110.0,veh_005,car,12.940654,77.666214,7.173
110.0,veh_006,car,12.925845,77.637614,5.527
110.0,veh_008,car,12.937982,77.658596,7.895
110.0,veh_009,car,12.936501,77.654973,10.845
110.0,veh_010,bus,12.933039,77.648571,4.984
110.0,veh_012,motorcycle,12.919348,77.628567,6.357
110.0,veh_015,bus,12.944991,77.686005,1.894
110.0,veh_018,car,12.918821,77.627796,3.518
110.0,veh_019,bus,12.925842,77.637681,5.387
110.0,veh_023,truck,12.936498,77.654979,2.751
110.0,veh_024,motorcycle,12.94858,77.699671,5.049
110.0,veh_026,car,12.93711,77.656651,9.647
110.0,veh_029,car,12.944694,77.68238,7.766
110.0,veh_030,bus,12.932338,77.647378,3.351
110.0,veh_031,car,12.936319,77.654321,6.812
110.0,veh_032,car,12.946769,77.694516,6.335
110.0,veh_036,motorcycle,12.937998,77.658695,7.246
110.0,veh_037,car,12.917811,77.626297,4.426
110.0,veh_039,bus,12.937077,77.656451,2.511
110.0,veh_041,motorcycle,12.919966,77.629503,7.361
110.0,veh_046,motorcycle,12.948941,77.700931,8.144
110.0,veh_047,car,12.944536,77.681268,3.338
110.0,veh_048,car,12.948007,77.697881,6.175
110.0,veh_049,bus,12.94151,77.668846,5.418
111.0,veh_000,car,12.941958,77.670424,6.293
111.0,veh_003,car,12.918695,77.627613,4.319
111.0,veh_004,car,12.932576,77.647498,7.946
111.0,veh_005,car,12.940526,77.666262,7.181
111.0,veh_006,car,12.925859,77.637678,4.313
111.0,veh_008,car,12.937838,77.658607,7.989
111.0,veh_009,car,12.936623,77.654917,3.338
111.0,veh_010,bus,12.933108,77.648498,2.2
111.0,veh_012,motorcycle,12.919417,77.628588,3.477
111.0,veh_015,bus,12.944996,77.68603,5.324
111.0,veh_018,car,12.918866,77.627845,4.924
111.0,veh_019,bus,12.925927,77.637783,4.924
111.0,veh_023,truck,12.93656,77.655073,2.184
111.0,veh_024,motorcycle,12.948551,77.699613,7.58
111.0,veh_026,car,12.937231,77.656812,8.156
111.0,veh_029,car,12.944724,77.68247,1.291
111.0,veh_030,bus,12.932385,77.647381,3.04
111.0,veh_031,car,12.936314,77.654471,8.677
111.0,veh_032,car,12.946791,77.694492,4.218
111.0,veh_036,motorcycle,12.937887,77.658668,5.005
111.0,veh_037,car,12.917702,77.626275,3.202
111.0,veh_039,bus,12.937101,77.65641,3.845
111.0,veh_041,motorcycle,12.920069,77.629358,8.513
111.0,veh_047,car,12.944623,77.681362,2.788
111.0,veh_048,car,12.947998,77.697899,8.628
111.0,veh_049,bus,12.941427,77.66887,3.601
112.0,veh_000,car,12.941952,77.670487,8.722
112.0,veh_003,car,12.918761,77.627673,8.061
112.0,veh_004,car,12.932567,77.647566,3.315
112.0,veh_005,car,12.940603,77.666385,4.628
112.0,veh_006,car,12.925902,77.637688,7.489
112.0,veh_008,car,12.937846,77.658695,0.1
112.0,veh_009,car,12.936508,77.655167,10.265
112.0,veh_010,bus,12.933147,77.648607,3.997
112.0,veh_012,motorcycle,12.919436,77.628604,1.652
112.0,veh_015,bus,12.945042,77.6862,3.128
112.0,veh_018,car,12.918903,77.627878,3.311
112.0,veh_019,bus,12.925942,77.637711,3.878
112.0,veh_023,truck,12.936498,77.655039,2.305
112.0,veh_024,motorcycle,12.948621,77.699766,8.522
112.0,veh_026,car,12.937228,77.65681,6.004
112.0,veh_029,car,12.944679,77.682521,4.202
112.0,veh_030,bus,12.932495,77.647419,6.744
112.0,veh_031,car,12.936331,77.654421,7.219
112.0,veh_032,car,12.946785,77.694616,3.04
112.0,veh_036,motorcycle,12.937896,77.658818,5.792
112.0,veh_037,car,12.917737,77.626407,5.881
112.0,veh_039,bus,12.937104,77.656439,2.698
112.0,veh_041,motorcycle,12.92006,77.629564,9.705
112.0,veh_047,car,12.944564,77.681416,8.755
112.0,veh_048,car,12.948006,77.698025,6.036
112.0,veh_049,bus,12.941523,77.668978,4.481
113.0,veh_000,car,12.942031,77.670458,8.733
113.0,veh_003,car,12.918735,77.627638,3.211
113.0,veh_004,car,12.932478,77.647536,6.655
113.0,veh_005,car,12.940624,77.666323,4.211
113.0,veh_006,car,12.925901,77.637628,1.996
113.0,veh_008,car,12.937898,77.658689,5.704
113.0,veh_009,car,12.936631,77.655168,5.273
113.0,veh_010,bus,12.933134,77.648561,4.806
113.0,veh_012,motorcycle,12.919543,77.628694,7.808
113.0,veh_015,bus,12.944981,77.686238,4.128
113.0,veh_018,car,12.918991,77.627916,6.403
113.0,veh_019,bus,12.925967,77.637779,3.147
113.0,veh_023,truck,12.936545,77.655082,2.013
113.0,veh_024,motorcycle,12.94855,77.699862,8.441
113.0,veh_026,car,12.937224,77.656986,9.778
113.0,veh_029,car,12.944747,77.682562,9.662
113.0,veh_030,bus,12.932413,77.647445,3.652
113.0,veh_031,car,12.936296,77.654568,6.634
113.0,veh_032,car,12.946802,77.694645,7.643
113.0,veh_036,motorcycle,12.937964,77.658836,0.822
113.0,veh_037,car,12.917764,77.626342,2.524
113.0,veh_039,bus,12.937071,77.656547,3.877
113.0,veh_041,motorcycle,12.920051,77.6296,11.124
113.0,veh_047,car,12.944618,77.681387,6.164
113.0,veh_048,car,12.948027,77.69803,3.668
113.0,veh_049,bus,12.941487,77.669054,5.282
114.0,veh_000,car,12.941964,77.670628,6.032
114.0,veh_003,car,12.918761,77.627731,2.876
114.0,veh_004,car,12.932508,77.647675,7.199
114.0,veh_005,car,12.940543,77.666383,3.959
114.0,veh_006,car,12.925935,77.637764,5.203
114.0,veh_008,car,12.937801,77.658766,6.592
114.0,veh_009,car,12.936603,77.655153,6.721
114.0,veh_010,bus,12.933163,77.648648,5.044
114.0,veh_012,motorcycle,12.919576,77.628856,4.513
114.0,veh_015,bus,12.944889,77.6862,5.804
114.0,veh_018,car,12.918965,77.627896,5.813
114.0,veh_019,bus,12.925988,77.63783,5.414
114.0,veh_023,truck,12.936613,77.655121,4.965
114.0,veh_024,motorcycle,12.948634,77.699849,4.939
114.0,veh_026,car,12.937183,77.657088,6.02
114.0,veh_029,car,12.94468,77.682618,6.177
114.0,veh_030,bus,12.932469,77.647375,4.232
114.0,veh_031,car,12.936388,77.654549,4.859
114.0,veh_032,car,12.946874,77.694716,6.252
114.0,veh_036,motorcycle,12.937975,77.658902,5.834
114.0,veh_037,car,12.917802,77.626465,3.933
114.0,veh_039,bus,12.937093,77.656582,3.238
114.0,veh_041,motorcycle,12.920217,77.629591,4.53
114.0,veh_047,car,12.944704,77.681494,5.458
114.0,veh_048,car,12.948022,77.698105,7.751
114.0,veh_049,bus,12.941461,77.668968,4.529
115.0,veh_000,car,12.94196,77.670563,3.266
115.0,veh_003,car,12.918781,77.627785,6.343
115.0,veh_004,car,12.932477,77.6478,5.854
115.0,veh_005,car,12.940603,77.666392,8.055
115.0,veh_006,car,12.926021,77.637817,9.026
115.0,veh_008,car,12.937878,77.658876,4.67
115.0,veh_009,car,12.936581,77.65526,5.901
115.0,veh_010,bus,12.93318,77.648685,3.743
115.0,veh_012,motorcycle,12.919553,77.62882,5.592
115.0,veh_015,bus,12.945079,77.686212,3.445
115.0,veh_018,car,12.918978,77.628051,4.811
115.0,veh_019,bus,12.926004,77.637803,4.784
115.0,veh_023,truck,12.936648,77.655062,2.74
115.0,veh_024,motorcycle,12.94863,77.699898,6.621
115.0,veh_026,car,12.937273,77.657027,4.826
115.0,veh_027,motorcycle,12.925419,77.637052,9.732
115.0,veh_029,car,12.944736,77.682677,5.69
115.0,veh_030,bus,12.932467,77.647565,3.992
115.0,veh_031,car,12.936466,77.654543,0.1
115.0,veh_032,car,12.946857,77.694666,4.792
115.0,veh_036,motorcycle,12.937867,77.65888,4.528
115.0,veh_037,car,12.917873,77.626435,1.467
115.0,veh_039,bus,12.937152,77.656587,3.713
115.0,veh_041,motorcycle,12.920103,77.6297,7.581
115.0,veh_047,car,12.944539,77.681533,4.44
115.0,veh_048,car,12.948006,77.69808,3.82
115.0,veh_049,bus,12.941529,77.669031,4.071
116.0,veh_000,car,12.942058,77.670561,3.797
116.0,veh_003,car,12.918773,77.62777,4.319
116.0,veh_004,car,12.932575,77.647779,8.644
116.0,veh_005,car,12.940589,77.666537,6.999
116.0,veh_006,car,12.926086,77.637784,2.365
116.0,veh_008,car,12.93781,77.658914,4.628
116.0,veh_009,car,12.936608,77.655241,5.452
116.0,veh_010,bus,12.933093,77.648848,5.213
116.0,veh_012,motorcycle,12.919579,77.628847,9.076
116.0,veh_015,bus,12.945002,77.686286,1.037
116.0,veh_018,car,12.919065,77.628068,6.801
116.0,veh_019,bus,12.925957,77.637844,2.612
116.0,veh_023,truck,12.936571,77.655149,2.542
116.0,veh_024,motorcycle,12.948681,77.699894,7.474
116.0,veh_026,car,12.937259,77.657121,4.153
116.0,veh_027,motorcycle,12.925576,77.637117,5.391
116.0,veh_029,car,12.944694,77.682726,5.878
116.0,veh_030,bus,12.932422,77.647558,5.181
116.0,veh_031,car,12.936483,77.6547,5.443
116.0,veh_032,car,12.946811,77.69473,8.678
116.0,veh_036,motorcycle,12.937901,77.65887,0.638
116.0,veh_037,car,12.917875,77.626378,1.925
116.0,veh_038,motorcycle,12.940118,77.665072,8.096
116.0,veh_039,bus,12.937139,77.656636,2.118
116.0,veh_041,motorcycle,12.920242,77.629667,4.592
116.0,veh_047,car,12.944609,77.681523,6.246
116.0,veh_048,car,12.947922,77.698083,5.86
116.0,veh_049,bus,12.941557,77.669054,5.541
117.0,veh_000,car,12.942041,77.67064,4.893
117.0,veh_003,car,12.918828,77.62778,2.904
117.0,veh_004,car,12.932577,77.647749,4.553
117.0,veh_005,car,12.940563,77.666486,3.959
117.0,veh_006,car,12.925927,77.637807,4.907
117.0,veh_008,car,12.937933,77.658789,5.306
117.0,veh_009,car,12.936635,77.655319,7.025
117.0,veh_010,bus,12.933292,77.648757,2.069
117.0,veh_012,motorcycle,12.919598,77.628845,8.394
117.0,veh_015,bus,12.945142,77.686279,3.283
117.0,veh_018,car,12.919001,77.628091,8.796
117.0,veh_019,bus,12.925977,77.63788,3.422
117.0,veh_023,truck,12.936586,77.655164,3.18
117.0,veh_024,motorcycle,12.948729,77.700079,11.119
117.0,veh_026,car,12.937312,77.657193,8.745
117.0,veh_027,motorcycle,12.925443,77.63723,6.55
117.0,veh_029,car,12.944688,77.68274,3.655
117.0,veh_030,bus,12.93257,77.647571,4.829
117.0,veh_031,car,12.936432,77.654689,7.047
117.0,veh_032,car,12.946912,77.69479,11.492
117.0,veh_036,motorcycle,12.937995,77.65887,3.803
117.0,veh_037,car,12.917877,77.626389,3.739
117.0,veh_038,motorcycle,12.940165,77.665151,2.921
117.0,veh_039,bus,12.937136,77.656672,4.146
117.0,veh_041,motorcycle,12.920298,77.629802,11.944
117.0,veh_047,car,12.944617,77.681706,3.097
117.0,veh_048,car,12.948053,77.698254,4.003
117.0,veh_049,bus,12.941553,77.669127,3.263
118.0,veh_000,car,12.942034,77.670812,5.169
118.0,veh_003,car,12.918886,77.627717,4.181
118.0,veh_004,car,12.932699,77.647874,4.564
118.0,veh_005,car,12.940715,77.666519,2.992
118.0,veh_006,car,12.926022,77.637943,3.534
118.0,veh_008,car,12.937917,77.658898,6.184
118.0,veh_009,car,12.936671,77.655343,4.364
118.0,veh_010,bus,12.93312,77.648714,3.028
118.0,veh_012,motorcycle,12.919696,77.628953,6.222
118.0,veh_015,bus,12.945067,77.686367,4.085
118.0,veh_018,car,12.919018,77.628158,6.586
118.0,veh_019,bus,12.926091,77.637902,2.861
118.0,veh_023,truck,12.93661,77.655181,3.598
118.0,veh_024,motorcycle,12.948635,77.700109,1.804
118.0,veh_026,car,12.937435,77.657315,8.604
118.0,veh_027,motorcycle,12.925598,77.637174,10.033
118.0,veh_029,car,12.944667,77.682783,8.314
118.0,veh_030,bus,12.932533,77.647618,4.156
118.0,veh_031,car,12.936457,77.654737,7.348
118.0,veh_032,car,12.946973,77.694877,0.1
118.0,veh_036,motorcycle,12.937917,77.658887,2.465
118.0,veh_037,car,12.917967,77.626469,5.446
118.0,veh_038,motorcycle,12.940028,77.665267,7.746
118.0,veh_039,bus,12.937253,77.656721,3.832
118.0,veh_041,motorcycle,12.920319,77.629836,7.711
118.0,veh_047,car,12.944656,77.681675,3.095
118.0,veh_048,car,12.948004,77.698271,7.394
118.0,veh_049,bus,12.941576,77.66922,4.892
119.0,veh_000,car,12.942147,77.670813,6.221
119.0,veh_003,car,12.918877,77.627809,5.697
119.0,veh_004,car,12.932688,77.647883,5.67
119.0,veh_005,car,12.94067,77.666591,4.626
119.0,veh_006,car,12.926145,77.637962,7.588
119.0,veh_008,car,12.937915,77.65893,5.96
119.0,veh_009,car,12.936718,77.655424,7.682
119.0,veh_010,bus,12.933263,77.648788,4.103
119.0,veh_012,motorcycle,12.91971,77.629013,2.208
119.0,veh_015,bus,12.945073,77.686358,4.947
119.0,veh_018,car,12.919198,77.628215,6.339
119.0,veh_019,bus,12.926113,77.637869,2.475
119.0,veh_023,truck,12.93664,77.655191,4.739
119.0,veh_024,motorcycle,12.948777,77.700233,7.785
119.0,veh_026,car,12.937344,77.657317,4.952
119.0,veh_027,motorcycle,12.925662,77.637206,10.112
119.0,veh_029,car,12.944695,77.682922,6.019
119.0,veh_030,bus,12.932533,77.647671,4.184
119.0,veh_031,car,12.936416,77.654858,5.585
119.0,veh_032,car,12.946891,77.694991,3.98
119.0,veh_036,motorcycle,12.937985,77.659008,5.625
119.0,veh_037,car,12.917942,77.626496,4.536
119.0,veh_038,motorcycle,12.940183,77.665264,3.927
119.0,veh_039,bus,12.937149,77.656766,1.296
119.0,veh_041,motorcycle,12.920306,77.629835,4.209
119.0,veh_047,car,12.944654,77.681696,8.921
119.0,veh_048,car,12.948141,77.698252,5.653
119.0,veh_049,bus,12.941626,77.669326,4.011
120.0,veh_000,car,12.942168,77.670776,5.906
120.0,veh_003,car,12.918969,77.62795,8.149
120.0,veh_004,car,12.932706,77.647899,4.917
120.0,veh_005,car,12.940622,77.666672,3.048
120.0,veh_006,car,12.926049,77.638087,6.203
120.0,veh_008,car,12.937937,77.659098,5.446
120.0,veh_009,car,12.936693,77.655497,7.968
120.0,veh_010,bus,12.933228,77.648887,4.693
120.0,veh_012,motorcycle,12.919739,77.629039,7.233
120.0,veh_015,bus,12.945052,77.686378,3.966
120.0,veh_018,car,12.919163,77.628331,6.604
120.0,veh_019,bus,12.926132,77.637927,5.264
120.0,veh_023,truck,12.936702,77.655342,2.767
120.0,veh_024,motorcycle,12.94874,77.700292,7.039
120.0,veh_026,car,12.937338,77.657282,4.043
120.0,veh_027,motorcycle,12.925557,77.637321,5.012
120.0,veh_029,car,12.944755,77.682993,5.795
120.0,veh_030,bus,12.932555,77.647693,3.142
120.0,veh_031,car,12.936445,77.65483,8.687
120.0,veh_032,car,12.946937,77.694963,4.884
120.0,veh_036,motorcycle,12.937934,77.65908,4.634
120.0,veh_037,car,12.918083,77.626633,7.976
120.0,veh_038,motorcycle,12.94028,77.665134,6.176
120.0,veh_039,bus,12.937171,77.656723,2.679
120.0,veh_041,motorcycle,12.920359,77.629919,5.373
120.0,veh_047,car,12.944703,77.681829,8.182
120.0,veh_048,car,12.948156,77.698421,4.227
120.0,veh_049,bus,12.941584,77.669307,4.942
121.0,veh_000,car,12.942035,77.67082,7.27
121.0,veh_003,car,12.91896,77.628034,4.606
121.0,veh_004,car,12.932732,77.647982,6.519
121.0,veh_005,car,12.940673,77.666686,4.758
121.0,veh_006,car,12.926094,77.63804,8.042
121.0,veh_008,car,12.937898,77.659092,5.528
121.0,veh_009,car,12.93676,77.655603,6.692
121.0,veh_010,bus,12.933268,77.648898,3.291
121.0,veh_012,motorcycle,12.91972,77.629059,6.047
121.0,veh_015,bus,12.945102,77.686403,3.21
121.0,veh_018,car,12.919147,77.628339,4.723
121.0,veh_019,bus,12.926133,77.637986,4.295
121.0,veh_023,truck,12.936721,77.655304,4.126
121.0,veh_024,motorcycle,12.948779,77.700226,6.479
121.0,veh_026,car,12.937392,77.657321,6.118
121.0,veh_027,motorcycle,12.925701,77.637427,6.28
121.0,veh_029,car,12.944785,77.682927,0.282
121.0,veh_030,bus,12.932547,77.647631,3.164
121.0,veh_031,car,12.936554,77.654908,7.053
121.0,veh_032,car,12.94697,77.695023,3.146
121.0,veh_036,motorcycle,12.938037,77.659081,7.009
121.0,veh_037,car,12.917982,77.626703,4.157
121.0,veh_038,motorcycle,12.940287,77.665223,3.751
121.0,veh_039,bus,12.937192,77.656859,3.637
121.0,veh_041,motorcycle,12.920317,77.629957,6.489
121.0,veh_047,car,12.944683,77.681794,2.393
121.0,veh_048,car,12.948088,77.698366,4.652
121.0,veh_049,bus,12.941503,77.669302,3.964
122.0,veh_000,car,12.942108,77.670974,6.484
122.0,veh_003,car,12.918985,77.628004,6.015
122.0,veh_004,car,12.932682,77.648023,4.448
122.0,veh_005,car,12.940607,77.666657,0.296
122.0,veh_006,car,12.92616,77.638078,5.889
122.0,veh_008,car,12.937977,77.659155,7.793
122.0,veh_009,car,12.936737,77.655578,5.5
122.0,veh_010,bus,12.933208,77.648886,3.426
122.0,veh_012,motorcycle,12.919771,77.629085,11.228
122.0,veh_015,bus,12.945079,77.686428,3.248
122.0,veh_018,car,12.91914,77.628419,2.747
122.0,veh_019,bus,12.926086,77.637992,1.476
122.0,veh_023,truck,12.936627,77.655359,3.574
122.0,veh_024,motorcycle,12.948794,77.70031,9.328
122.0,veh_026,car,12.937318,77.657348,2.799
122.0,veh_027,motorcycle,12.92575,77.637385,8.37
122.0,veh_029,car,12.944727,77.682924,4.812
122.0,veh_030,bus,12.932525,77.647725,5.135
122.0,veh_031,car,12.936491,77.655047,1.816
122.0,veh_032,car,12.946969,77.695043,3.259
122.0,veh_036,motorcycle,12.937978,77.659191,7.645
122.0,veh_037,car,12.917954,77.626553,6.825
122.0,veh_038,motorcycle,12.940256,77.665294,5.691
122.0,veh_039,bus,12.937248,77.656753,2.794
122.0,veh_041,motorcycle,12.920395,77.629937,0.1
122.0,veh_047,car,12.944618,77.681834,6.328
122.0,veh_048,car,12.948147,77.698416,6.506
122.0,veh_049,bus,12.941613,77.669384,4.208
123.0,veh_000,car,12.942186,77.67112,6.636
123.0,veh_003,car,12.919034,77.628029,7.915
123.0,veh_004,car,12.932698,77.648022,0.873
123.0,veh_005,car,12.940681,77.666735,5.573
123.0,veh_006,car,12.926231,77.638064,6.049
123.0,veh_008,car,12.938033,77.659122,3.595
123.0,veh_009,car,12.936797,77.655591,4.054
123.0,veh_010,bus,12.933227,77.648882,3.231
123.0,veh_012,motorcycle,12.919726,77.629149,5.8
123.0,veh_015,bus,12.945183,77.686491,3.238
123.0,veh_018,car,12.919217,77.62847,7.75
123.0,veh_019,bus,12.926152,77.638102,4.474
123.0,veh_023,truck,12.936711,77.6554,3.048
123.0,veh_024,motorcycle,12.948832,77.700392,7.45
123.0,veh_026,car,12.937409,77.657359,0.912
123.0,veh_027,motorcycle,12.925891,77.637506,13.365
123.0,veh_029,car,12.944714,77.683072,4.517
123.0,veh_030,bus,12.932526,77.647778,3.485
123.0,veh_031,car,12.936424,77.65504,5.435
123.0,veh_032,car,12.946978,77.69515,4.493
123.0,veh_036,motorcycle,12.938072,77.659118,7.743
123.0,veh_037,car,12.918026,77.626756,6.784
123.0,veh_038,motorcycle,12.940157,77.665375,6.074
123.0,veh_039,bus,12.937305,77.656911,3.253
123.0,veh_041,motorcycle,12.920475,77.629999,5.839
123.0,veh_047,car,12.94456,77.681958,6.72
123.0,veh_048,car,12.948185,77.698498,4.652
123.0,veh_049,bus,12.941627,77.669423,5.562
124.0,veh_000,car,12.942142,77.671029,5.943
124.0,veh_003,car,12.919084,77.628083,4.361
124.0,veh_004,car,12.932684,77.648036,4.678
124.0,veh_005,car,12.940675,77.666865,5.765
124.0,veh_006,car,12.926185,77.638099,7.794
124.0,veh_008,car,12.938055,77.659185,7.826
124.0,veh_009,car,12.936785,77.655695,5.789
124.0,veh_010,bus,12.933252,77.64895,3.361
124.0,veh_012,motorcycle,12.919838,77.629226,3.834
124.0,veh_015,bus,12.945142,77.686454,3.384
124.0,veh_018,car,12.919297,77.628527,6.571
124.0,veh_019,bus,12.926087,77.638036,3.863
124.0,veh_023,truck,12.936674,77.655272,3.542
124.0,veh_024,motorcycle,12.948771,77.700509,6.339
124.0,veh_026,car,12.937436,77.657447,3.006
124.0,veh_027,motorcycle,12.925832,77.637569,10.14
124.0,veh_029,car,12.944705,77.683112,10.089
124.0,veh_030,bus,12.932625,77.647789,5.523
124.0,veh_031,car,12.936511,77.655071,6.982
124.0,veh_032,car,12.946986,77.695115,6.892
124.0,veh_036,motorcycle,12.937979,77.659284,4.713
124.0,veh_037,car,12.918126,77.626646,4.652
124.0,veh_038,motorcycle,12.940263,77.665525,6.898
124.0,veh_039,bus,12.937251,77.656822,4.462
124.0,veh_041,motorcycle,12.920473,77.63008,3.646
124.0,veh_047,car,12.944672,77.682025,5.275
124.0,veh_048,car,12.948236,77.698509,3.823
124.0,veh_049,bus,12.941617,77.669384,0.949
125.0,veh_000,car,12.942128,77.671097,4.367
125.0,veh_003,car,12.919154,77.62824,5.434
125.0,veh_004,car,12.932736,77.648147,4.937
125.0,veh_005,car,12.940734,77.666818,7.33
125.0,veh_006,car,12.926192,77.638267,4.985
125.0,veh_008,car,12.938091,77.65925,5.142
125.0,veh_009,car,12.936841,77.65576,8.044
125.0,veh_010,bus,12.93338,77.649018,3.508
125.0,veh_012,motorcycle,12.919824,77.629215,7.577
125.0,veh_015,bus,12.945095,77.686524,3.371
125.0,veh_018,car,12.919364,77.628405,7.358
125.0,veh_019,bus,12.926234,77.638051,3.689
125.0,veh_023,truck,12.936684,77.655435,4.152
125.0,veh_024,motorcycle,12.948877,77.700553,8.209
125.0,veh_026,car,12.937446,77.657427,3.331
125.0,veh_027,motorcycle,12.925932,77.637727,7.388
125.0,veh_029,car,12.944676,77.68313,2.125
125.0,veh_030,bus,12.932621,77.647822,5.994
125.0,veh_031,car,12.936598,77.655025,2.211
125.0,veh_032,car,12.947009,77.695157,6.567
125.0,veh_036,motorcycle,12.938049,77.659402,7.109
125.0,veh_037,car,12.918142,77.626841,7.158
125.0,veh_038,motorcycle,12.940298,77.665486,6.458
125.0,veh_039,bus,12.937304,77.656914,3.299
125.0,veh_041,motorcycle,12.920435,77.630013,7.721
125.0,veh_047,car,12.944678,77.682063,5.06
125.0,veh_048,car,12.94817,77.698515,5.324
125.0,veh_049,bus,12.941633,77.669437,5.203
126.0,veh_000,car,12.942271,77.671158,6.22
126.0,veh_003,car,12.919065,77.628187,3.499
126.0,veh_004,car,12.932814,77.648137,5.238
126.0,veh_005,car,12.940763,77.666845,6.547
126.0,veh_006,car,12.926309,77.638347,3.821
126.0,veh_008,car,12.938103,77.659353,6.836
126.0,veh_009,car,12.936796,77.655775,3.795
126.0,veh_010,bus,12.933265,77.648984,5.118
126.0,veh_012,motorcycle,12.919991,77.629348,4.557
126.0,veh_015,bus,12.945059,77.686552,4.034
126.0,veh_016,car,12.92544,77.637075,0.1
126.0,veh_018,car,12.919364,77.628646,9.2
126.0,veh_019,bus,12.926206,77.638066,2.765
126.0,veh_023,truck,12.93668,77.655429,3.188
126.0,veh_024,motorcycle,12.948933,77.70047,5.537
126.0,veh_026,car,12.937457,77.657398,3.209
126.0,veh_027,motorcycle,12.9259,77.637804,9.321
126.0,veh_029,car,12.944742,77.683158,2.999
126.0,veh_030,bus,12.932666,77.647856,4.627
126.0,veh_031,car,12.936593,77.655025,3.394
126.0,veh_032,car,12.947004,77.695119,6.578
126.0,veh_036,motorcycle,12.938165,77.659453,7.153
126.0,veh_037,car,12.918195,77.626737,5.377
126.0,veh_038,motorcycle,12.940182,77.665562,8.864
126.0,veh_039,bus,12.937204,77.656863,4.053
126.0,veh_041,motorcycle,12.920519,77.630103,4.012
126.0,veh_047,car,12.944588,77.682099,4.59
126.0,veh_048,car,12.948183,77.698642,9.248
126.0,veh_049,bus,12.941614,77.669522,3.494
127.0,veh_000,car,12.942311,77.671172,6.924
127.0,veh_003,car,12.919078,77.628249,6.52
127.0,veh_004,car,12.932758,77.648106,5.952
127.0,veh_005,car,12.940797,77.666815,3.509
127.0,veh_006,car,12.926363,77.638444,3.545
127.0,veh_008,car,12.938081,77.659382,3.554
127.0,veh_009,car,12.936858,77.655799,4.5
127.0,veh_010,bus,12.933363,77.649055,3.972
127.0,veh_012,motorcycle,12.919846,77.629344,6.313
127.0,veh_015,bus,12.945157,77.686675,3.921
127.0,veh_016,car,12.925462,77.636975,4.713
127.0,veh_018,car,12.919345,77.628516,2.952
127.0,veh_019,bus,12.926188,77.638116,2.666
127.0,veh_023,truck,12.936661,77.655475,4.307
127.0,veh_024,motorcycle,12.948827,77.700744,7.991
127.0,veh_026,car,12.937551,77.657514,6.019
127.0,veh_027,motorcycle,12.926006,77.637851,8.96
127.0,veh_029,car,12.944783,77.683224,3.665
127.0,veh_030,bus,12.932609,77.647921,2.869
127.0,veh_031,car,12.936566,77.655161,4.709
127.0,veh_032,car,12.947103,77.695177,2.68
127.0,veh_036,motorcycle,12.938072,77.659425,5.354
127.0,veh_037,car,12.918155,77.62685,2.771
127.0,veh_038,motorcycle,12.94031,77.665698,7.505
127.0,veh_039,bus,12.937299,77.656956,2.708
127.0,veh_041,motorcycle,12.920567,77.630172,4.439
127.0,veh_047,car,12.944689,77.68214,7.079
127.0,veh_048,car,12.948209,77.698572,2.837
127.0,veh_049,bus,12.941681,77.669574,3.053
128.0,veh_000,car,12.94227,77.671262,5.478
128.0,veh_003,car,12.919203,77.62833,5.781
128.0,veh_004,car,12.932892,77.648215,7.332
128.0,veh_005,car,12.940834,77.667059,6.939
128.0,veh_006,car,12.926284,77.638378,6.357
128.0,veh_008,car,12.938129,77.659418,5.195
128.0,veh_009,car,12.936841,77.655943,5.685
128.0,veh_010,bus,12.933389,77.649012,3.693
128.0,veh_012,motorcycle,12.919993,77.629464,7.027
128.0,veh_015,bus,12.945067,77.686675,4.542
128.0,veh_016,car,12.925495,77.637083,7.23
128.0,veh_018,car,12.919284,77.628666,1.607
128.0,veh_019,bus,12.92622,77.638206,4.91
128.0,veh_023,truck,12.936795,77.655526,3.036
128.0,veh_024,motorcycle,12.94897,77.700665,3.026
128.0,veh_026,car,12.937425,77.657535,2.953
128.0,veh_027,motorcycle,12.92597,77.637885,10.291
128.0,veh_029,car,12.944773,77.683289,5.082
128.0,veh_030,bus,12.932672,77.64799,2.73
128.0,veh_031,car,12.936667,77.655183,4.697
128.0,veh_032,car,12.947043,77.695245,8.288
128.0,veh_036,motorcycle,12.938112,77.659495,9.596
128.0,veh_037,car,12.918098,77.626881,5.448
128.0,veh_038,motorcycle,12.940239,77.665706,9.669
128.0,veh_039,bus,12.937299,77.656908,5.501
128.0,veh_041,motorcycle,12.920504,77.630234,12.16
128.0,veh_047,car,12.944676,77.682212,4.817
128.0,veh_048,car,12.948302,77.698701,5.819
128.0,veh_049,bus,12.941567,77.669591,1.769
129.0,veh_000,car,12.942222,77.671342,8.282
129.0,veh_003,car,12.919175,77.628324,4.14
129.0,veh_004,car,12.932864,77.648274,4.958
129.0,veh_005,car,12.940887,77.667062,6.864
129.0,veh_006,car,12.926414,77.638436,4.635
129.0,veh_008,car,12.938169,77.659456,5.464
129.0,veh_009,car,12.936896,77.65594,5.515
129.0,veh_010,bus,12.933314,77.64909,3.04
129.0,veh_012,motorcycle,12.920056,77.629492,11.031
129.0,veh_015,bus,12.945177,77.686659,3.545
129.0,veh_016,car,12.925507,77.637231,5.351
129.0,veh_018,car,12.919359,77.628519,4.265
129.0,veh_019,bus,12.92628,77.638205,2.208
129.0,veh_023,truck,12.936688,77.655501,2.841
129.0,veh_024,motorcycle,12.948972,77.700693,9.71
129.0,veh_026,car,12.93741,77.657567,3.722
129.0,veh_027,motorcycle,12.926109,77.637975,9.902
129.0,veh_029,car,12.9448,77.683225,3.673
129.0,veh_030,bus,12.932638,77.647988,4.549
129.0,veh_031,car,12.936662,77.655247,4.974
129.0,veh_032,car,12.947138,77.695357,5.24
129.0,veh_036,motorcycle,12.938102,77.659562,5.991
129.0,veh_037,car,12.918253,77.6269,7.724
129.0,veh_038,motorcycle,12.940349,77.66586,7.041
129.0,veh_039,bus,12.937322,77.65701,4.693
129.0,veh_041,motorcycle,12.920547,77.630212,8.483
129.0,veh_047,car,12.944684,77.682246,9.173
129.0,veh_048,car,12.948298,77.698696,4.877
129.0,veh_049,bus,12.941711,77.669521,3.894
130.0,veh_000,car,12.94233,77.671301,2.929
130.0,veh_003,car,12.919195,77.628318,3.987
130.0,veh_004,car,12.933035,77.648289,5.689
130.0,veh_005,car,12.940799,77.667185,7.235
130.0,veh_006,car,12.926353,77.638509,4.125
130.0,veh_008,car,12.938207,77.659496,6.874
130.0,veh_009,car,12.936858,77.65594,9.32
130.0,veh_010,bus,12.93342,77.649153,3.844
130.0,veh_012,motorcycle,12.920044,77.6294,3.512
130.0,veh_015,bus,12.945194,77.686735,3.331
130.0,veh_016,car,12.925536,77.637199,5.086
130.0,veh_018,car,12.919469,77.628659,7.726
130.0,veh_019,bus,12.926199,77.638271,2.516
130.0,veh_023,truck,12.93668,77.655577,3.444
130.0,veh_024,motorcycle,12.948946,77.700846,9.474
130.0,veh_026,car,12.937527,77.657607,6.179
130.0,veh_027,motorcycle,12.926104,77.638092,6.086
130.0,veh_029,car,12.944692,77.683395,5.947
130.0,veh_030,bus,12.932638,77.648058,5.007
130.0,veh_031,car,12.936669,77.655257,1.253
130.0,veh_032,car,12.947069,77.695377,6.616
130.0,veh_036,motorcycle,12.938218,77.659599,6.474
130.0,veh_037,car,12.918182,77.627056,7.242
130.0,veh_038,motorcycle,12.940378,77.66589,6.19
130.0,veh_039,bus,12.937262,77.65705,4.118
130.0,veh_041,motorcycle,12.920692,77.63036,9.347
130.0,veh_047,car,12.94474,77.682352,9.947
130.0,veh_048,car,12.94823,77.698802,4.563
130.0,veh_049,bus,12.941665,77.669599,3.735
131.0,veh_000,car,12.942259,77.671444,1.787
131.0,veh_003,car,12.919187,77.628353,3.763
131.0,veh_004,car,12.933071,77.648388,7.154
131.0,veh_005,car,12.940831,77.667093,3.966
131.0,veh_006,car,12.926418,77.638466,4.206
131.0,veh_008,car,12.938186,77.659583,9.656
131.0,veh_009,car,12.937015,77.656206,7.266
131.0,veh_010,bus,12.933425,77.649231,4.46
131.0,veh_012,motorcycle,12.920154,77.629551,6.743
131.0,veh_015,bus,12.945055,77.686765,3.533
131.0,veh_016,car,12.925548,77.637236,7.808
131.0,veh_018,car,12.919429,77.628755,7.723
131.0,veh_019,bus,12.92629,77.638351,5.189
131.0,veh_023,truck,12.936717,77.655598,3.976
131.0,veh_024,motorcycle,12.948913,77.700904,3.436
131.0,veh_026,car,12.937495,77.657643,2.26
131.0,veh_027,motorcycle,12.926122,77.638117,3.97
131.0,veh_029,car,12.94484,77.683473,5.118
131.0,veh_030,bus,12.932767,77.648058,4.59
131.0,veh_031,car,12.936632,77.65535,7.868
131.0,veh_032,car,12.947173,77.69544,8.561
131.0,veh_036,motorcycle,12.938166,77.659825,7.592
131.0,veh_037,car,12.918251,77.626982,0.1
131.0,veh_038,motorcycle,12.940312,77.665952,9.296
131.0,veh_039,bus,12.937395,77.657159,3.737
131.0,veh_041,motorcycle,12.920662,77.630417,5.207
131.0,veh_047,car,12.94462,77.682439,5.373
131.0,veh_048,car,12.948323,77.698779,4.708
131.0,veh_049,bus,12.941694,77.66966,3.239
132.0,veh_000,car,12.942261,77.671417,6.062
132.0,veh_003,car,12.919251,77.628431,4.499
132.0,veh_004,car,12.932834,77.648457,3.987
132.0,veh_005,car,12.940821,77.66723,3.292
132.0,veh_006,car,12.926472,77.638541,7.899
132.0,veh_008,car,12.938248,77.65971,6.108
132.0,veh_009,car,12.93697,77.656034,2.383
132.0,veh_010,bus,12.933406,77.649209,3.509
132.0,veh_012,motorcycle,12.920127,77.629581,6.698
132.0,veh_015,bus,12.945145,77.686764,4.646
132.0,veh_016,car,12.925565,77.637302,5.596
132.0,veh_018,car,12.919521,77.628693,6.716
132.0,veh_019,bus,12.926326,77.638311,5.743
132.0,veh_023,truck,12.936786,77.655611,4.266
132.0,veh_024,motorcycle,12.948942,77.700881,3.621
132.0,veh_026,car,12.93747,77.657753,4.494
132.0,veh_027,motorcycle,12.926048,77.638135,7.762
132.0,veh_029,car,12.944777,77.683496,10.452
132.0,veh_030,bus,12.932832,77.647988,3.347
132.0,veh_031,car,12.936764,77.655341,4.763
132.0,veh_032,car,12.947122,77.695486,2.775
132.0,veh_036,motorcycle,12.938277,77.65976,6.634
132.0,veh_037,car,12.918302,77.62702,3.35
132.0,veh_038,motorcycle,12.940456,77.66587,4.535
132.0,veh_039,bus,12.93733,77.657154,1.693
132.0,veh_041,motorcycle,12.920654,77.63056,8.14
132.0,veh_047,car,12.944643,77.68238,3.302
132.0,veh_048,car,12.948309,77.698892,7.345
132.0,veh_049,bus,12.941667,77.669699,5.062
133.0,veh_000,car,12.942292,77.67141,4.798
133.0,veh_003,car,12.919308,77.628498,6.583
133.0,veh_004,car,12.933042,77.648539,7.818
133.0,veh_005,car,12.940809,77.667149,5.022
133.0,veh_006,car,12.92646,77.638551,8.061
133.0,veh_008,car,12.938204,77.659712,4.835
133.0,veh_009,car,12.93692,77.656219,6.183
133.0,veh_010,bus,12.93344,77.649269,3.739
133.0,veh_012,motorcycle,12.92017,77.629532,3.447
133.0,veh_015,bus,12.945109,77.686809,3.123
133.0,veh_016,car,12.925631,77.637274,3.45
133.0,veh_018,car,12.919491,77.628837,1.565
133.0,veh_019,bus,12.926302,77.63831,3.931
133.0,veh_023,truck,12.936805,77.655552,2.418
133.0,veh_024,motorcycle,12.949011,77.700978,9.479
133.0,veh_026,car,12.937505,77.657635,3.723
133.0,veh_027,motorcycle,12.926201,77.638053,1.878
133.0,veh_029,car,12.944797,77.683544,9.778
133.0,veh_030,bus,12.932871,77.648104,6.701
133.0,veh_031,car,12.936694,77.655423,8.917
133.0,veh_032,car,12.94716,77.695513,5.294
133.0,veh_036,motorcycle,12.938192,77.65983,4.127
133.0,veh_037,car,12.918216,77.627026,5.453
133.0,veh_038,motorcycle,12.9404,77.665992,11.532
133.0,veh_039,bus,12.937306,77.657174,5.537
133.0,veh_041,motorcycle,12.920783,77.63053,5.573
133.0,veh_044,car,12.944135,77.677067,6.97
133.0,veh_047,car,12.944658,77.682466,6.064
133.0,veh_048,car,12.948394,77.698964,5.804
133.0,veh_049,bus,12.941778,77.669742,2.828
134.0,veh_000,car,12.942367,77.671592,6.975
134.0,veh_003,car,12.919323,77.628443,8.798
134.0,veh_004,car,12.933033,77.648469,5.138
134.0,veh_005,car,12.940848,77.667355,6.099
134.0,veh_006,car,12.926535,77.638671,4.016
134.0,veh_008,car,12.938201,77.659799,8.183
134.0,veh_009,car,12.93697,77.656144,2.647
134.0,veh_010,bus,12.933502,77.649246,0.1
134.0,veh_012,motorcycle,12.920146,77.629754,2.231
134.0,veh_015,bus,12.945199,77.686813,2.948
134.0,veh_016,car,12.925636,77.637279,5.986
134.0,veh_018,car,12.919546,77.628888,4.272
134.0,veh_019,bus,12.926318,77.638293,4.333
134.0,veh_023,truck,12.93674,77.655684,2.507
134.0,veh_026,car,12.93747,77.657766,6.041
134.0,veh_027,motorcycle,12.926091,77.638193,4.194
134.0,veh_029,car,12.944685,77.683622,2.764
134.0,veh_030,bus,12.932772,77.648035,3.719
134.0,veh_031,car,12.936701,77.65545,8.231
134.0,veh_032,car,12.947178,77.695563,0.1
134.0,veh_036,motorcycle,12.93827,77.65984,8.314
134.0,veh_037,car,12.918322,77.627119,4.211
134.0,veh_038,motorcycle,12.940516,77.666008,9.398
134.0,veh_039,bus,12.937334,77.657015,3.09
134.0,veh_041,motorcycle,12.920752,77.630558,2.993
134.0,veh_044,car,12.944182,77.677145,4.967
134.0,veh_047,car,12.944704,77.682452,3.539
134.0,veh_048,car,12.948341,77.698929,6.788
134.0,veh_049,bus,12.941803,77.669723,3.417
135.0,veh_000,car,12.942257,77.671464,6.043
135.0,veh_003,car,12.919409,77.628445,3.912
135.0,veh_004,car,12.933039,77.648657,4.748
135.0,veh_005,car,12.940934,77.667204,7.259
135.0,veh_006,car,12.9264,77.63865,5.797
135.0,veh_008,car,12.938271,77.659782,2.578
135.0,veh_009,car,12.936955,77.656205,3.125
135.0,veh_010,bus,12.933486,77.649314,4.39
135.0,veh_012,motorcycle,12.920107,77.629704,6.1
135.0,veh_015,bus,12.945199,77.686842,2.598
135.0,veh_016,car,12.925717,77.637381,2.874
135.0,veh_018,car,12.919673,77.628848,6.624
135.0,veh_019,bus,12.926369,77.638349,6.02
135.0,veh_023,truck,12.93682,77.655731,3.46
135.0,veh_026,car,12.937501,77.657787,5.077
135.0,veh_027,motorcycle,12.926223,77.638122,5.173
135.0,veh_029,car,12.944765,77.683553,5.86
135.0,veh_030,bus,12.932942,77.648103,4.984
135.0,veh_031,car,12.936727,77.655558,2.217
135.0,veh_032,car,12.947179,77.695506,4.743
135.0,veh_036,motorcycle,12.938292,77.659881,5.641
135.0,veh_037,car,12.918366,77.627088,7.5
135.0,veh_038,motorcycle,12.94051,77.666201,6.093
135.0,veh_039,bus,12.93722,77.657161,3.606
135.0,veh_041,motorcycle,12.920827,77.630708,11.651
135.0,veh_044,car,12.94412,77.67717,1.367
135.0,veh_047,car,12.944595,77.682524,4.197
135.0,veh_048,car,12.948276,77.699092,3.673
135.0,veh_049,bus,12.94169,77.669801,5.145
136.0,veh_000,car,12.942299,77.671544,7.385
136.0,veh_003,car,12.919316,77.628508,3.379
136.0,veh_004,car,12.933109,77.648524,6.306
136.0,veh_005,car,12.940811,77.667434,6.307
136.0,veh_006,car,12.92651,77.638739,6.975
136.0,veh_008,car,12.938237,77.65983,7.546
136.0,veh_009,car,12.93695,77.656234,5.184
136.0,veh_010,bus,12.933546,77.649396,3.048
136.0,veh_012,motorcycle,12.920187,77.629745,7.551
136.0,veh_015,bus,12.94515,77.686849,4.372
136.0,veh_016,car,12.925672,77.637312,6.811
136.0,veh_018,car,12.919677,77.628964,5.413
136.0,veh_019,bus,12.926442,77.638409,5.219
136.0,veh_023,truck,12.936809,77.655705,3.269
136.0,veh_026,car,12.937571,77.657805,6.964
136.0,veh_027,motorcycle,12.926134,77.638173,5.245
136.0,veh_029,car,12.944797,77.683713,1.865
136.0,veh_030,bus,12.932776,77.648175,2.882
136.0,veh_031,car,12.936691,77.655607,5.035
136.0,veh_032,car,12.947228,77.695682,7.698
136.0,veh_036,motorcycle,12.938301,77.66001,11.221
136.0,veh_037,car,12.9184,77.627211,3.523
136.0,veh_038,motorcycle,12.94055,77.666271,8.298
136.0,veh_039,bus,12.937395,77.657217,5.382
136.0,veh_041,motorcycle,12.920902,77.630577,8.738
136.0,veh_044,car,12.944177,77.677221,2.838
136.0,veh_047,car,12.944773,77.682555,5.501
136.0,veh_048,car,12.948356,77.698994,4.423
136.0,veh_049,bus,12.941615,77.669838,3.857
137.0,veh_000,car,12.942367,77.671632,2.847
137.0,veh_003,car,12.919411,77.628581,3.264
137.0,veh_004,car,12.933045,77.64867,0.884
137.0,veh_005,car,12.940975,77.667484,8.535
137.0,veh_006,car,12.926656,77.638756,4.907
137.0,veh_008,car,12.93827,77.659951,6.856
137.0,veh_009,car,12.937018,77.656306,6.793
137.0,veh_010,bus,12.933538,77.649297,2.761
137.0,veh_012,motorcycle,12.920289,77.629801,6.319
137.0,veh_015,bus,12.945176,77.68693,3.83
137.0,veh_016,car,12.92574,77.637446,8.029
137.0,veh_018,car,12.919633,77.629003,7.851
137.0,veh_019,bus,12.926335,77.638483,4.971
137.0,veh_023,truck,12.936767,77.655692,3.683
137.0,veh_026,car,12.937563,77.65791,4.945
137.0,veh_027,motorcycle,12.926227,77.638214,5.495
137.0,veh_029,car,12.944864,77.68368,1.939
137.0,veh_030,bus,12.932849,77.648184,4.191
137.0,veh_031,car,12.936787,77.655602,5.41
137.0,veh_032,car,12.947149,77.69564,6.005
137.0,veh_034,car,12.94678,77.694225,4.414
137.0,veh_036,motorcycle,12.938406,77.660034,5.765
137.0,veh_037,car,12.918282,77.627127,5.842
137.0,veh_038,motorcycle,12.940534,77.666298,6.056
137.0,veh_039,bus,12.937317,77.657335,3.153
137.0,veh_041,motorcycle,12.920942,77.630813,6.166
137.0,veh_044,car,12.944163,77.677262,7.13
137.0,veh_047,car,12.944673,77.682704,6.971
137.0,veh_048,car,12.948348,77.699038,0.385
137.0,veh_049,bus,12.941815,77.669851,4.496
138.0,veh_000,car,12.942401,77.671754,4.854
138.0,veh_003,car,12.919402,77.628644,5.22
138.0,veh_004,car,12.933083,77.648714,5.72
138.0,veh_005,car,12.94107,77.667538,4.578
138.0,veh_006,car,12.926705,77.63877,7.043
138.0,veh_008,car,12.938385,77.66006,6.543
138.0,veh_009,car,12.937149,77.656353,5.308
138.0,veh_010,bus,12.93352,77.64941,3.686
138.0,veh_012,motorcycle,12.920354,77.62973,6.968
138.0,veh_015,bus,12.945196,77.687013,3.825
138.0,veh_016,car,12.925742,77.637572,4.797
138.0,veh_018,car,12.919699,77.629002,6.143
138.0,veh_019,bus,12.926408,77.638552,2.505
138.0,veh_023,truck,12.93682,77.65577,4.188
138.0,veh_026,car,12.937575,77.657976,3.369
138.0,veh_027,motorcycle,12.926303,77.638265,3.987
138.0,veh_029,car,12.94479,77.68373,4.263
138.0,veh_030,bus,12.932967,77.648268,6.652
138.0,veh_031,car,12.936818,77.655745,9.512
138.0,veh_032,car,12.947205,77.695719,4.822
138.0,veh_034,car,12.946784,77.69432,10.249
138.0,veh_036,motorcycle,12.938291,77.659955,8.782
138.0,veh_037,car,12.918412,77.627279,6.418
138.0,veh_038,motorcycle,12.94059,77.666391,4.78
138.0,veh_039,bus,12.937391,77.657303,4.338
138.0,veh_040,car,12.91738,77.62563,1.591
138.0,veh_041,motorcycle,12.920934,77.630691,8.07
138.0,veh_044,car,12.944313,77.677177,5.451
138.0,veh_047,car,12.944598,77.682647,1.464
138.0,veh_048,car,12.94833,77.69905,3.855
138.0,veh_049,bus,12.94189,77.669828,4.59
139.0,veh_000,car,12.942491,77.671861,9.919
139.0,veh_003,car,12.919435,77.628684,5.411
139.0,veh_004,car,12.933064,77.64866,5.653
139.0,veh_005,car,12.940965,77.66761,3.35
139.0,veh_006,car,12.926637,77.638784,7.796
139.0,veh_008,car,12.938288,77.660028,8.772
139.0,veh_009,car,12.937095,77.656382,5.957
139.0,veh_010,bus,12.933499,77.649415,3.013
139.0,veh_012,motorcycle,12.920332,77.629867,2.371
139.0,veh_015,bus,12.945231,77.687082,3.398
139.0,veh_016,car,12.925782,77.637469,5.787
139.0,veh_018,car,12.919686,77.629073,5.202
139.0,veh_019,bus,12.926455,77.638469,2.472
139.0,veh_023,truck,12.936835,77.655895,5.511
139.0,veh_026,car,12.937597,77.657929,6.166
139.0,veh_027,motorcycle,12.926379,77.638386,14.703
139.0,veh_029,car,12.944792,77.683827,4.745
139.0,veh_030,bus,12.932953,77.648312,4.25
139.0,veh_031,car,12.936777,77.655677,2.251
139.0,veh_032,car,12.947185,77.695845,2.433
139.0,veh_034,car,12.946833,77.694323,9.296
139.0,veh_036,motorcycle,12.938351,77.660186,6.39
139.0,veh_037,car,12.918542,77.627281,5.177
139.0,veh_038,motorcycle,12.940518,77.666371,3.518
139.0,veh_039,bus,12.937326,77.657399,3.853
139.0,veh_040,car,12.917345,77.625791,3.003
139.0,veh_041,motorcycle,12.920997,77.63088,11.502
139.0,veh_044,car,12.944219,77.67727,2.981
139.0,veh_047,car,12.944704,77.682691,5.499
139.0,veh_048,car,12.948346,77.699136,7.965
139.0,veh_049,bus,12.94173,77.670012,4.916
140.0,veh_000,car,12.942296,77.671856,7.973
140.0,veh_003,car,12.919592,77.628689,8.936
140.0,veh_004,car,12.933207,77.6488,6.221
140.0,veh_005,car,12.941033,77.667588,6.77
140.0,veh_006,car,12.926735,77.638993,9.503
140.0,veh_008,car,12.938358,77.660141,3.875
140.0,veh_009,car,12.937052,77.656498,9.64
140.0,veh_010,bus,12.933542,77.649407,2.684
140.0,veh_012,motorcycle,12.920297,77.629945,4.262
140.0,veh_015,bus,12.945311,77.687135,4.583
140.0,veh_016,car,12.925792,77.637659,7.447
140.0,veh_018,car,12.919739,77.629052,3.387
140.0,veh_019,bus,12.926447,77.638491,4.019
140.0,veh_023,truck,12.936874,77.655872,2.772
140.0,veh_025,bus,12.931358,77.64549,5.952
140.0,veh_026,car,12.937554,77.65811,7.357
140.0,veh_027,motorcycle,12.926344,77.638404,7.591
140.0,veh_029,car,12.944744,77.683856,6.287
140.0,veh_030,bus,12.93299,77.648352,5.198
140.0,veh_031,car,12.936751,77.655732,5.113
140.0,veh_032,car,12.947251,77.695799,5.842
140.0,veh_034,car,12.946835,77.694336,2.662
140.0,veh_035,car,12.925481,77.63702,7.436
140.0,veh_036,motorcycle,12.938396,77.660236,9.199
140.0,veh_037,car,12.918511,77.627385,6.003
140.0,veh_038,motorcycle,12.940522,77.666442,9.336
140.0,veh_039,bus,12.937454,77.657364,2.975
140.0,veh_040,car,12.917385,77.625885,5.25
140.0,veh_041,motorcycle,12.921172,77.630828,4.799
140.0,veh_044,car,12.944252,77.67736,5.207
140.0,veh_047,car,12.944655,77.682811,6.77
140.0,veh_048,car,12.948465,77.699199,6.257
140.0,veh_049,bus,12.941812,77.669978,4.025
141.0,veh_000,car,12.942442,77.671859,7.917
141.0,veh_003,car,12.919414,77.628706,4.027
141.0,veh_004,car,12.933173,77.648815,4.755
141.0,veh_005,car,12.94107,77.667706,9.166
141.0,veh_006,car,12.926806,77.638901,4.178
141.0,veh_008,car,12.938319,77.660138,4.696
141.0,veh_009,car,12.937111,77.656449,8.049
141.0,veh_010,bus,12.933515,77.649345,4.278
141.0,veh_012,motorcycle,12.920387,77.629972,9.733
141.0,veh_015,bus,12.945271,77.6871,3.009
141.0,veh_016,car,12.92578,77.637574,7.439
141.0,veh_018,car,12.919849,77.629095,1.708
141.0,veh_019,bus,12.926495,77.638605,4.762
141.0,veh_023,truck,12.936959,77.655897,4.082
141.0,veh_025,bus,12.931365,77.645617,4.633
141.0,veh_026,car,12.937721,77.65818,8.949
141.0,veh_027,motorcycle,12.926496,77.6385,9.764
141.0,veh_028,car,12.936272,77.654019,6.175
141.0,veh_029,car,12.944841,77.683943,7.138
141.0,veh_030,bus,12.9329,77.64832,4.369
141.0,veh_031,car,12.936914,77.655869,6.987
141.0,veh_032,car,12.947289,77.695795,6.551
141.0,veh_034,car,12.946769,77.694517,4.871
141.0,veh_035,car,12.925365,77.637077,2.276
141.0,veh_036,motorcycle,12.938453,77.660251,2.99
141.0,veh_037,car,12.918564,77.627359,6.566
141.0,veh_038,motorcycle,12.940651,77.666533,5.041
141.0,veh_039,bus,12.937381,77.657402,2.783
141.0,veh_040,car,12.917478,77.625818,1.704
141.0,veh_041,motorcycle,12.921129,77.631021,8.049
141.0,veh_044,car,12.944189,77.677402,3.066
141.0,veh_047,car,12.94479,77.682774,7.085
141.0,veh_048,car,12.948464,77.699238,5.16
141.0,veh_049,bus,12.941766,77.669997,2.512
142.0,veh_000,car,12.942497,77.672035,2.446
142.0,veh_003,car,12.919537,77.628788,4.012
142.0,veh_004,car,12.933201,77.648854,7.863
142.0,veh_005,car,12.940995,77.667784,6.502
142.0,veh_006,car,12.926765,77.639049,7.453
142.0,veh_008,car,12.938403,77.660127,5.646
142.0,veh_009,car,12.937066,77.656602,5.411
142.0,veh_010,bus,12.933617,77.649442,3.017
142.0,veh_012,motorcycle,12.920381,77.630039,7.295
142.0,veh_015,bus,12.945281,77.687103,6.026
142.0,veh_016,car,12.925877,77.637709,8.092
142.0,veh_018,car,12.919808,77.629156,5.302
142.0,veh_019,bus,12.926468,77.638588,4.61
142.0,veh_023,truck,12.936848,77.65592,3.053
142.0,veh_025,bus,12.931375,77.645571,1.993
142.0,veh_026,car,12.937663,77.658221,4.603
142.0,veh_027,motorcycle,12.926441,77.638543,3.189
142.0,veh_028,car,12.936196,77.654005,5.794
142.0,veh_029,car,12.944909,77.683964,11.771
142.0,veh_030,bus,12.932977,77.648337,3.905
142.0,veh_031,car,12.936934,77.65577,0.1
142.0,veh_032,car,12.947362,77.695931,6.067
142.0,veh_034,car,12.946757,77.694497,7.139
142.0,veh_035,car,12.925476,77.637072,1.558
142.0,veh_036,motorcycle,12.938481,77.660305,7.672
142.0,veh_037,car,12.918556,77.627353,7.729
142.0,veh_038,motorcycle,12.940662,77.666571,8.727
142.0,veh_039,bus,12.937394,77.657449,4.563
142.0,veh_040,car,12.917451,77.625867,2.953
142.0,veh_041,motorcycle,12.921175,77.631013,7.129
142.0,veh_044,car,12.944218,77.677336,1.789
142.0,veh_047,car,12.944687,77.682886,3.103
142.0,veh_048,car,12.948585,77.69928,5.811
142.0,veh_049,bus,12.94177,77.670052,2.082
143.0,veh_000,car,12.942443,77.671998,4.065
143.0,veh_003,car,12.919554,77.628781,6.331
143.0,veh_004,car,12.933193,77.649002,7.218
143.0,veh_005,car,12.941007,77.667784,4.346
143.0,veh_006,car,12.926867,77.639138,8.503
143.0,veh_008,car,12.938397,77.660251,5.151
143.0,veh_009,car,12.937122,77.656695,10.215
143.0,veh_010,bus,12.933649,77.649426,3.549
143.0,veh_012,motorcycle,12.920501,77.630083,7.428
143.0,veh_015,bus,12.945214,77.687188,4.831
143.0,veh_016,car,12.925853,77.637796,5.488
143.0,veh_018,car,12.919852,77.629162,1.875
143.0,veh_019,bus,12.926509,77.638732,6.062
143.0,veh_023,truck,12.936866,77.65591,3.088
143.0,veh_025,bus,12.931395,77.645701,3.459
143.0,veh_026,car,12.9377,77.658261,4.12
143.0,veh_027,motorcycle,12.926542,77.638541,6.508
143.0,veh_028,car,12.936298,77.654097,5.604
143.0,veh_029,car,12.944812,77.684038,4.475
143.0,veh_030,bus,12.933047,77.648503,5.244
143.0,veh_031,car,12.936901,77.655764,4.563
143.0,veh_032,car,12.947348,77.695972,2.353
143.0,veh_034,car,12.946852,77.694624,3.699
143.0,veh_035,car,12.925497,77.637068,3.568
143.0,veh_036,motorcycle,12.938524,77.660419,3.053
143.0,veh_037,car,12.918655,77.627574,10.026
143.0,veh_038,motorcycle,12.940596,77.666646,11.499
143.0,veh_039,bus,12.937474,77.65759,5.532
143.0,veh_040,car,12.917418,77.625971,2.757
143.0,veh_041,motorcycle,12.921201,77.631077,8.609
143.0,veh_044,car,12.944245,77.677351,2.929
143.0,veh_047,car,12.944755,77.682927,6.339
143.0,veh_048,car,12.948394,77.699294,5.708
143.0,veh_049,bus,12.941826,77.669994,2.903
144.0,veh_000,car,12.942536,77.672031,6.428
144.0,veh_003,car,12.919561,77.628835,5.257
144.0,veh_004,car,12.933249,77.648921,3.383
144.0,veh_005,car,12.940984,77.667728,3.623
144.0,veh_006,car,12.926854,77.639131,6.521
144.0,veh_008,car,12.938368,77.660289,7.169
144.0,veh_009,car,12.937166,77.656699,6.592
144.0,veh_010,bus,12.9336,77.649494,3.815
144.0,veh_012,motorcycle,12.920542,77.630222,9.643
144.0,veh_015,bus,12.945212,77.687191,4.966
144.0,veh_016,car,12.925914,77.637753,5.811
144.0,veh_018,car,12.91974,77.629224,3.856
144.0,veh_019,bus,12.926504,77.638706,4.92
144.0,veh_023,truck,12.936918,77.655995,4.113
144.0,veh_025,bus,12.931421,77.645644,4.699
144.0,veh_026,car,12.937711,77.658351,6.091
144.0,veh_027,motorcycle,12.926541,77.638638,7.147
144.0,veh_028,car,12.936267,77.654242,6.533
144.0,veh_029,car,12.944825,77.684045,2.738
144.0,veh_030,bus,12.933009,77.648447,1.855
144.0,veh_031,car,12.936794,77.655827,8.368
144.0,veh_032,car,12.947332,77.695976,3.705
144.0,veh_034,car,12.946837,77.694625,6.61
144.0,veh_035,car,12.925497,77.637158,5.367
144.0,veh_036,motorcycle,12.938464,77.660414,8.584
144.0,veh_037,car,12.918643,77.627593,5.089
144.0,veh_038,motorcycle,12.940689,77.666646,4.789
144.0,veh_039,bus,12.937453,77.657577,5.648
144.0,veh_040,car,12.917459,77.625916,0.702
144.0,veh_041,motorcycle,12.921238,77.631105,8.716
144.0,veh_044,car,12.944315,77.677397,3.946
144.0,veh_047,car,12.944754,77.682979,6.491
144.0,veh_048,car,12.948522,77.69936,2.178
144.0,veh_049,bus,12.941831,77.670102,4.086
145.0,veh_000,car,12.94243,77.672053,4.288
145.0,veh_003,car,12.919597,77.628888,2.088
145.0,veh_004,car,12.933296,77.648934,5.601
145.0,veh_005,car,12.941119,77.66783,5.763
145.0,veh_006,car,12.92693,77.639194,6.467
145.0,veh_008,car,12.938491,77.660307,6.204
145.0,veh_009,car,12.937157,77.656618,4.285
145.0,veh_010,bus,12.93365,77.649544,1.756
145.0,veh_012,motorcycle,12.920555,77.630199,8.491
145.0,veh_015,bus,12.945208,77.687275,4.193
145.0,veh_016,car,12.925976,77.637895,2.139
145.0,veh_018,car,12.919855,77.629303,4.731
145.0,veh_019,bus,12.926682,77.638711,4.722
145.0,veh_023,truck,12.936879,77.656052,3.141
145.0,veh_025,bus,12.931435,77.645749,2.925
145.0,veh_026,car,12.937757,77.658342,7.94
145.0,veh_027,motorcycle,12.926699,77.638696,6.414
145.0,veh_028,car,12.936314,77.654175,6.531
145.0,veh_029,car,12.944848,77.684156,4.365
145.0,veh_030,bus,12.933054,77.648516,2.777
145.0,veh_031,car,12.936837,77.655999,6.829
145.0,veh_032,car,12.947375,77.696046,4.607
145.0,veh_034,car,12.946894,77.694619,5.262
145.0,veh_035,car,12.925528,77.637165,7.564
145.0,veh_036,motorcycle,12.938452,77.660555,8.855
145.0,veh_037,car,12.918688,77.627642,4.379
145.0,veh_038,motorcycle,12.940703,77.666701,5.761
145.0,veh_039,bus,12.93753,77.65758,5.992
145.0,veh_040,car,12.917508,77.625982,8.188
145.0,veh_041,motorcycle,12.921269,77.631162,4.938
145.0,veh_044,car,12.944201,77.677517,8.36
145.0,veh_047,car,12.944703,77.683025,5.241
145.0,veh_048,car,12.948517,77.699355,5.46
145.0,veh_049,bus,12.941873,77.670039,3.096
146.0,veh_000,car,12.942529,77.672067,6.686
146.0,veh_003,car,12.919753,77.628995,3.221
146.0,veh_004,car,12.933354,77.649018,7.564
146.0,veh_005,car,12.941074,77.667897,6.767
146.0,veh_006,car,12.926904,77.639068,0.1
146.0,veh_008,car,12.938519,77.660328,3.532
146.0,veh_009,car,12.937239,77.656817,3.962
146.0,veh_010,bus,12.933646,77.649428,3.149
146.0,veh_012,motorcycle,12.920541,77.630328,7.548
146.0,veh_015,bus,12.945281,77.687332,5.513
146.0,veh_016,car,12.926033,77.637864,7.992
146.0,veh_018,car,12.919922,77.629224,5.609
146.0,veh_019,bus,12.926625,77.638757,3.33
146.0,veh_023,truck,12.936874,77.656,3.14
146.0,veh_025,bus,12.931507,77.645746,0.999
146.0,veh_026,car,12.937732,77.658313,6.514
146.0,veh_027,motorcycle,12.926564,77.638765,8.566
146.0,veh_028,car,12.936272,77.654318,7.798
146.0,veh_029,car,12.944922,77.684069,1.863
146.0,veh_030,bus,12.933093,77.648565,5.015
146.0,veh_031,car,12.936898,77.656016,1.66
146.0,veh_032,car,12.947252,77.69609,5.524
146.0,veh_034,car,12.94685,77.694712,5.616
146.0,veh_035,car,12.925522,77.637213,5.905
146.0,veh_036,motorcycle,12.938508,77.660602,7.818
146.0,veh_037,car,12.918732,77.627572,6.026
146.0,veh_038,motorcycle,12.940769,77.666854,6.952
146.0,veh_039,bus,12.937521,77.657634,4.066
146.0,veh_040,car,12.917596,77.626136,1.512
146.0,veh_041,motorcycle,12.921246,77.63126,8.748
146.0,veh_044,car,12.944236,77.677541,5.005
146.0,veh_047,car,12.944754,77.683091,6.547
146.0,veh_048,car,12.948487,77.699524,5.776
146.0,veh_049,bus,12.941841,77.670103,3.903
147.0,veh_000,car,12.942519,77.672134,11.075
147.0,veh_003,car,12.919661,77.628965,7.039
147.0,veh_004,car,12.933217,77.64903,3.475
147.0,veh_005,car,12.941159,77.667935,5.305
147.0,veh_006,car,12.926867,77.639234,2.534
147.0,veh_008,car,12.938505,77.660401,4.492
147.0,veh_009,car,12.93716,77.656905,7.661
147.0,veh_010,bus,12.933641,77.649589,6.125
147.0,veh_012,motorcycle,12.92066,77.630279,6.467
147.0,veh_015,bus,12.945179,77.687362,5.187
147.0,veh_016,car,12.925915,77.637893,5.743
147.0,veh_018,car,12.919848,77.629207,5.575
147.0,veh_019,bus,12.926673,77.638731,4.396
147.0,veh_023,truck,12.936929,77.655988,3.301
147.0,veh_025,bus,12.931388,77.645771,1.868
147.0,veh_026,car,12.937688,77.658457,9.676
147.0,veh_027,motorcycle,12.926644,77.638841,2.504
147.0,veh_028,car,12.936243,77.654303,5.292
147.0,veh_029,car,12.944893,77.684183,9.849
147.0,veh_030,bus,12.933,77.648601,2.953
147.0,veh_031,car,12.936862,77.655991,6.854
147.0,veh_032,car,12.94728,77.696151,8.67
147.0,veh_034,car,12.946936,77.69474,2.112
147.0,veh_035,car,12.925669,77.637465,9.15
147.0,veh_036,motorcycle,12.938452,77.660666,6.482
147.0,veh_037,car,12.918734,77.627653,8.011
147.0,veh_038,motorcycle,12.940795,77.66697,6.148
147.0,veh_039,bus,12.937477,77.657677,3.73
147.0,veh_040,car,12.917614,77.626024,5.538
147.0,veh_041,motorcycle,12.921339,77.631262,4.995
147.0,veh_044,car,12.944322,77.677555,2.328
147.0,veh_047,car,12.944645,77.683068,3.011
147.0,veh_048,car,12.948504,77.699454,3.634
147.0,veh_049,bus,12.941924,77.670167,4.131
148.0,veh_000,car,12.942518,77.672346,5.185
148.0,veh_003,car,12.9196,77.628943,5.402
148.0,veh_004,car,12.933407,77.649053,2.349
148.0,veh_005,car,12.941157,77.667975,5.739
148.0,veh_006,car,12.926904,77.639275,6.604
148.0,veh_008,car,12.938602,77.660439,7.57
148.0,veh_009,car,12.937212,77.656952,5.046
148.0,veh_010,bus,12.933631,77.64959,3.813
148.0,veh_012,motorcycle,12.920615,77.630391,5.704
148.0,veh_015,bus,12.945196,77.687398,4.156
148.0,veh_016,car,12.926028,77.637896,5.093
148.0,veh_018,car,12.91992,77.629349,5.796
148.0,veh_019,bus,12.926665,77.638759,3.116
148.0,veh_023,truck,12.937017,77.65612,3.58
148.0,veh_025,bus,12.931438,77.645646,4.617
148.0,veh_026,car,12.937788,77.658488,5.835
148.0,veh_027,motorcycle,12.926673,77.638818,9.642
148.0,veh_028,car,12.9363,77.654409,7.232
148.0,veh_029,car,12.94481,77.684369,4.422
148.0,veh_030,bus,12.933124,77.648652,5.782
148.0,veh_031,car,12.937016,77.656016,8.452
148.0,veh_032,car,12.947452,77.696263,6.125
148.0,veh_034,car,12.94694,77.694698,3.773
148.0,veh_035,car,12.92573,77.637374,4.319
148.0,veh_036,motorcycle,12.938623,77.6607,5.815
148.0,veh_037,car,12.918794,77.627685,3.334
148.0,veh_038,motorcycle,12.940836,77.666976,8.929
148.0,veh_039,bus,12.937621,77.657675,3.383
148.0,veh_040,car,12.917625,77.62609,2.888
148.0,veh_041,motorcycle,12.921257,77.631445,8.1
148.0,veh_044,car,12.944233,77.677711,7.292
148.0,veh_047,car,12.94472,77.683031,3.434
148.0,veh_048,car,12.948532,77.699637,6.082
148.0,veh_049,bus,12.941941,77.670125,4.432
149.0,veh_000,car,12.942675,77.672383,8.893
149.0,veh_003,car,12.919679,77.629118,6.92
149.0,veh_004,car,12.933387,77.64912,5.195
149.0,veh_005,car,12.941175,77.668038,4.007
149.0,veh_006,car,12.926921,77.639252,5.183
149.0,veh_008,car,12.938516,77.660493,4.405
149.0,veh_009,car,12.937279,77.656974,3.916
149.0,veh_010,bus,12.933753,77.649683,3.404
149.0,veh_012,motorcycle,12.920736,77.630284,10.732
149.0,veh_015,bus,12.945272,77.687316,3.661
149.0,veh_016,car,12.926043,77.638049,6.488
149.0,veh_018,car,12.919946,77.62938,5.239
149.0,veh_019,bus,12.926601,77.638744,4.27
149.0,veh_023,truck,12.937019,77.656182,3.509
149.0,veh_025,bus,12.931449,77.645752,3.79
149.0,veh_026,car,12.937784,77.658623,3.732
149.0,veh_027,motorcycle,12.926714,77.638929,6.669
149.0,veh_028,car,12.936436,77.654507,3.957
149.0,veh_029,car,12.944782,77.684318,3.456
149.0,veh_030,bus,12.933158,77.648637,2.28
149.0,veh_031,car,12.937045,77.656173,2.886
149.0,veh_032,car,12.947354,77.696151,1.571
149.0,veh_034,car,12.946916,77.694853,2.525
149.0,veh_035,car,12.925754,77.637413,8.835
149.0,veh_036,motorcycle,12.938551,77.660762,6.4
149.0,veh_037,car,12.918827,77.627763,8.38
149.0,veh_038,motorcycle,12.940776,77.667073,5.695
149.0,veh_039,bus,12.937536,77.657692,4.386
149.0,veh_040,car,12.917712,77.626267,11.08
149.0,veh_041,motorcycle,12.921351,77.631492,5.525
149.0,veh_044,car,12.944297,77.677683,7.094
149.0,veh_047,car,12.944743,77.683133,4.366
149.0,veh_048,car,12.948669,77.699507,5.674
149.0,veh_049,bus,12.941844,77.670185,2.847
150.0,veh_000,car,12.942625,77.672356,2.527
150.0,veh_003,car,12.919836,77.62911,8.313
150.0,veh_004,car,12.933345,77.649136,6.723
150.0,veh_005,car,12.941224,77.668001,4.942
150.0,veh_006,car,12.926997,77.63938,6.88
150.0,veh_008,car,12.938572,77.660628,6.829
150.0,veh_009,car,12.937282,77.656968,4.421
150.0,veh_010,bus,12.933776,77.649669,4.339
150.0,veh_012,motorcycle,12.920718,77.630451,10.576
150.0,veh_015,bus,12.945268,77.687398,2.411
150.0,veh_016,car,12.926142,77.638003,5.462
150.0,veh_018,car,12.919928,77.629442,6.068
150.0,veh_019,bus,12.926681,77.638918,3.703
150.0,veh_023,truck,12.936916,77.65614,2.991
150.0,veh_025,bus,12.93155,77.645759,4.312
150.0,veh_026,car,12.937906,77.658609,7.969
150.0,veh_027,motorcycle,12.926798,77.638959,7.917
150.0,veh_028,car,12.936367,77.654589,9.266
150.0,veh_029,car,12.9449,77.684295,7.462
150.0,veh_030,bus,12.933098,77.648618,4.065
150.0,veh_031,car,12.936973,77.656242,7.913
150.0,veh_032,car,12.947403,77.696217,6.124
150.0,veh_034,car,12.946961,77.694941,8.936
150.0,veh_035,car,12.925628,77.637345,3.84
150.0,veh_036,motorcycle,12.938552,77.660828,4.837
150.0,veh_037,car,12.918915,77.627798,5.365
150.0,veh_038,motorcycle,12.940828,77.667063,2.709
150.0,veh_039,bus,12.937645,77.657731,3.619
150.0,veh_040,car,12.91768,77.6261,3.918
150.0,veh_041,motorcycle,12.921431,77.631362,3.992
150.0,veh_044,car,12.944228,77.677771,6.336
150.0,veh_047,car,12.944738,77.683227,8.135
150.0,veh_048,car,12.948537,77.699673,0.612
150.0,veh_049,bus,12.941917,77.670265,4.702
151.0,veh_000,car,12.942602,77.672348,1.299
151.0,veh_001,car,12.945032,77.686031,5.619
151.0,veh_003,car,12.919761,77.629254,5.131
151.0,veh_004,car,12.933427,77.649273,5.674
151.0,veh_005,car,12.941182,77.668084,4.493
151.0,veh_006,car,12.927014,77.639296,2.178
151.0,veh_008,car,12.93854,77.66059,3.101
151.0,veh_009,car,12.937365,77.657091,7.097
151.0,veh_010,bus,12.933681,77.649699,3.944
151.0,veh_012,motorcycle,12.92082,77.630758,10.754
151.0,veh_015,bus,12.945371,77.687418,1.884
151.0,veh_016,car,12.926178,77.638157,7.898
151.0,veh_018,car,12.920037,77.629371,10.029
151.0,veh_019,bus,12.926754,77.63892,4.374
151.0,veh_023,truck,12.93703,77.656202,3.913
151.0,veh_025,bus,12.931617,77.645808,5.298
151.0,veh_026,car,12.937909,77.658599,8.41
151.0,veh_027,motorcycle,12.926772,77.638984,8.11
151.0,veh_028,car,12.936481,77.654595,5.742
151.0,veh_029,car,12.944924,77.68447,1.606
151.0,veh_030,bus,12.933026,77.648667,2.679
151.0,veh_031,car,12.936969,77.656297,9.871
151.0,veh_032,car,12.947464,77.696296,4.934
151.0,veh_034,car,12.946961,77.694856,5.241
151.0,veh_035,car,12.925745,77.637509,8.44
151.0,veh_036,motorcycle,12.938636,77.660726,4.997
151.0,veh_037,car,12.91877,77.627908,4.693
151.0,veh_038,motorcycle,12.940825,77.66711,11.424
151.0,veh_039,bus,12.937516,77.65784,5.144
151.0,veh_040,car,12.917669,77.626213,7.705
151.0,veh_041,motorcycle,12.921452,77.63147,14.983
151.0,veh_044,car,12.944338,77.677938,7.909
151.0,veh_047,car,12.944754,77.683278,5.726
151.0,veh_048,car,12.948569,77.699609,5.298
151.0,veh_049,bus,12.94198,77.670305,4.365
152.0,veh_000,car,12.942607,77.672481,10.896
152.0,veh_001,car,12.944962,77.686102,5.437
152.0,veh_003,car,12.91979,77.629179,5.074
152.0,veh_004,car,12.933377,77.649262,1.687
152.0,veh_005,car,12.94108,77.668226,5.345
152.0,veh_006,car,12.927069,77.63937,9.666
152.0,veh_008,car,12.938557,77.660623,5.351
152.0,veh_009,car,12.937317,77.657033,4.891
152.0,veh_010,bus,12.933739,77.649698,3.774
152.0,veh_012,motorcycle,12.920905,77.63067,6.949
152.0,veh_015,bus,12.94525,77.687482,2.562
152.0,veh_016,car,12.92623,77.63818,7.222
152.0,veh_017,bus,12.925347,77.636974,3.39
152.0,veh_018,car,12.920067,77.629505,6.641
152.0,veh_019,bus,12.926662,77.638953,3.703
152.0,veh_023,truck,12.936969,77.656204,4.852
152.0,veh_025,bus,12.931556,77.64588,4.708
152.0,veh_026,car,12.937887,77.658751,6.993
152.0,veh_027,motorcycle,12.926942,77.639041,8.396
152.0,veh_028,car,12.93639,77.654523,7.409
152.0,veh_029,car,12.94491,77.684458,5.97
152.0,veh_030,bus,12.933174,77.648718,4.331
152.0,veh_031,car,12.937108,77.656296,2.074
152.0,veh_032,car,12.947445,77.696308,3.931
152.0,veh_034,car,12.946964,77.694961,8.824
152.0,veh_035,car,12.925775,77.637626,7.197
152.0,veh_036,motorcycle,12.938652,77.660827,4.746
152.0,veh_037,car,12.91895,77.627939,5.666
152.0,veh_038,motorcycle,12.940756,77.667183,4.719
152.0,veh_039,bus,12.937594,77.657769,4.657
152.0,veh_040,car,12.917687,77.626256,2.989
152.0,veh_041,motorcycle,12.92151,77.631569,8.895
152.0,veh_042,car,12.925485,77.637048,8.015
152.0,veh_043,car,12.917529,77.625817,5.173
152.0,veh_044,car,12.944249,77.677868,6.155
152.0,veh_047,car,12.94483,77.683329,5.895
152.0,veh_048,car,12.94861,77.699693,4.756
152.0,veh_049,bus,12.94193,77.670333,2.52
153.0,veh_000,car,12.942693,77.672543,2.504
153.0,veh_001,car,12.945062,77.686073,3.194
153.0,veh_003,car,12.919875,77.629193,4.338
153.0,veh_004,car,12.93341,77.649274,4.747
153.0,veh_005,car,12.941155,77.66815,0.132
153.0,veh_006,car,12.927065,77.639556,4.257
153.0,veh_008,car,12.938684,77.660789,4.187
153.0,veh_009,car,12.937349,77.657231,7.777
153.0,veh_010,bus,12.933756,77.649738,2.52
153.0,veh_012,motorcycle,12.920839,77.630714,6.575
153.0,veh_015,bus,12.94529,77.687465,2.868
153.0,veh_016,car,12.92629,77.63819,4.612
153.0,veh_017,bus,12.925433,77.637107,3.765
153.0,veh_018,car,12.920006,77.629558,4.401
153.0,veh_019,bus,12.926847,77.638933,3.769
153.0,veh_023,truck,12.937027,77.656283,3.965
153.0,veh_025,bus,12.931526,77.645831,2.987
153.0,veh_026,car,12.937882,77.658782,1.477
153.0,veh_027,motorcycle,12.926873,77.639289,7.3
153.0,veh_028,car,12.936453,77.654721,4.716
153.0,veh_029,car,12.944805,77.684486,3.686
153.0,veh_030,bus,12.933266,77.648705,3.718
153.0,veh_031,car,12.93706,77.656385,5.451
153.0,veh_032,car,12.947502,77.696359,4.449
153.0,veh_034,car,12.946988,77.695039,7.635
153.0,veh_035,car,12.925807,77.637595,3.77
153.0,veh_036,motorcycle,12.938563,77.660964,3.593
153.0,veh_037,car,12.918904,77.627848,4.457
153.0,veh_038,motorcycle,12.940847,77.667177,8.687
153.0,veh_039,bus,12.937586,77.657921,2.811
153.0,veh_040,car,12.917779,77.626221,4.881
153.0,veh_041,motorcycle,12.9215,77.631633,2.669
153.0,veh_042,car,12.925415,77.637132,5.256
153.0,veh_043,car,12.917411,77.625895,7.594
153.0,veh_044,car,12.944255,77.677836,6.111
153.0,veh_047,car,12.944785,77.68342,3.299
153.0,veh_048,car,12.948664,77.699753,3.849
153.0,veh_049,bus,12.941932,77.670357,2.345
154.0,veh_000,car,12.942689,77.672475,3.365
154.0,veh_001,car,12.945029,77.686132,3.773
154.0,veh_002,car,12.917421,77.625881,5.557
154.0,veh_003,car,12.919878,77.629266,6.839
154.0,veh_004,car,12.933397,77.649373,8.072
154.0,veh_005,car,12.941185,77.668331,8.369
154.0,veh_006,car,12.927045,77.639532,2.363
154.0,veh_008,car,12.938491,77.66069,5.788
154.0,veh_009,car,12.937317,77.657252,6.119
154.0,veh_010,bus,12.93385,77.649742,5.329
154.0,veh_012,motorcycle,12.920976,77.630735,5.548
154.0,veh_015,bus,12.945312,77.687601,5.28
154.0,veh_016,car,12.926259,77.638212,6.221
154.0,veh_017,bus,12.925495,77.637047,3.746
154.0,veh_018,car,12.920123,77.629619,7.14
154.0,veh_019,bus,12.92675,77.639014,4.974
154.0,veh_023,truck,12.936978,77.656266,4.449
154.0,veh_025,bus,12.931593,77.645892,2.266
154.0,veh_026,car,12.937906,77.658856,7.138
154.0,veh_027,motorcycle,12.926956,77.639205,6.057
154.0,veh_028,car,12.936541,77.654729,2.322
154.0,veh_029,car,12.944897,77.684538,5.892
154.0,veh_030,bus,12.933211,77.648673,3.532
154.0,veh_031,car,12.93703,77.656352,7.683
154.0,veh_032,car,12.947545,77.696396,4.511
154.0,veh_034,car,12.946982,77.695142,8.147
154.0,veh_035,car,12.925803,77.637676,8.875
154.0,veh_036,motorcycle,12.938737,77.660902,1.305
154.0,veh_037,car,12.918972,77.627885,6.316
154.0,veh_038,motorcycle,12.940975,77.667282,8.297
154.0,veh_039,bus,12.937621,77.657906,4.778
154.0,veh_040,car,12.91776,77.626344,4.327
154.0,veh_041,motorcycle,12.921533,77.631593,6.952
154.0,veh_042,car,12.925564,77.637129,5.649
154.0,veh_043,car,12.917471,77.626034,4.764
154.0,veh_044,car,12.94424,77.678021,3.829
154.0,veh_047,car,12.944756,77.683376,3.044
154.0,veh_048,car,12.948651,77.699805,5.193
154.0,veh_049,bus,12.941913,77.670362,1.993
155.0,veh_000,car,12.942717,77.672565,4.106
155.0,veh_001,car,12.945139,77.686182,6.81
155.0,veh_002,car,12.917484,77.625913,7.472
155.0,veh_003,car,12.919885,77.629365,7.341
155.0,veh_004,car,12.933546,77.649377,2.424
155.0,veh_005,car,12.941164,77.668321,6.992
155.0,veh_006,car,12.927129,77.639513,4.584
155.0,veh_008,car,12.938572,77.660752,5.535
155.0,veh_009,car,12.937339,77.657158,4.392
155.0,veh_010,bus,12.933802,77.649879,3.559
155.0,veh_012,motorcycle,12.920903,77.630807,8.933
155.0,veh_015,bus,12.94535,77.6876,4.231
155.0,veh_016,car,12.926386,77.638292,6.848
155.0,veh_017,bus,12.92551,77.63707,2.251
155.0,veh_018,car,12.920033,77.629634,5.786
155.0,veh_019,bus,12.926801,77.638929,2.141
155.0,veh_023,truck,12.93705,77.65633,3.747
155.0,veh_025,bus,12.931596,77.645943,5.371
155.0,veh_026,car,12.937949,77.658899,4.72
155.0,veh_027,motorcycle,12.926976,77.639113,0.67
155.0,veh_028,car,12.93647,77.654837,6.548
155.0,veh_029,car,12.944904,77.684577,5.005
155.0,veh_030,bus,12.93324,77.648821,3.52
155.0,veh_031,car,12.937059,77.656479,9.048
155.0,veh_032,car,12.94739,77.696513,5.998
155.0,veh_034,car,12.947023,77.695254,8.551
155.0,veh_035,car,12.925817,77.637715,7.147
155.0,veh_036,motorcycle,12.938692,77.660996,4.418
155.0,veh_037,car,12.918947,77.628034,6.277
155.0,veh_038,motorcycle,12.940939,77.667378,8.756
155.0,veh_039,bus,12.937597,77.657964,2.901
155.0,veh_040,car,12.917829,77.626479,6.759
155.0,veh_041,motorcycle,12.921629,77.631734,7.087
155.0,veh_042,car,12.925517,77.637248,7.043
155.0,veh_043,car,12.91767,77.626021,7.026
155.0,veh_044,car,12.944292,77.678058,4.862
155.0,veh_047,car,12.944858,77.68346,6.611
155.0,veh_048,car,12.948591,77.699815,8.086
155.0,veh_049,bus,12.941925,77.670411,4.905
156.0,veh_000,car,12.94265,77.672627,4.647
156.0,veh_001,car,12.944966,77.686253,3.963
156.0,veh_002,car,12.917531,77.625865,9.475
156.0,veh_003,car,12.919972,77.629367,6.202
156.0,veh_004,car,12.933515,77.649288,5.185
156.0,veh_005,car,12.941227,77.668322,1.649
156.0,veh_006,car,12.927121,77.639484,5.044
156.0,veh_008,car,12.938442,77.66076,0.1
156.0,veh_009,car,12.937319,77.657271,3.458
156.0,veh_010,bus,12.933835,77.649878,2.687
156.0,veh_012,motorcycle,12.920897,77.630889,1.961
156.0,veh_015,bus,12.945319,77.68758,4.326
156.0,veh_016,car,12.926335,77.638411,8.592
156.0,veh_017,bus,12.925508,77.637123,3.514
156.0,veh_018,car,12.92021,77.629686,9.328
156.0,veh_019,bus,12.926848,77.638939,5.969
156.0,veh_023,truck,12.937033,77.656369,2.415
156.0,veh_025,bus,12.93165,77.646031,4.703
156.0,veh_026,car,12.937952,77.658886,5.039
156.0,veh_027,motorcycle,12.927076,77.639204,3.673
156.0,veh_028,car,12.936437,77.654926,5.754
156.0,veh_029,car,12.94493,77.684558,3.139
156.0,veh_030,bus,12.933245,77.648762,3.292
156.0,veh_031,car,12.937083,77.656506,7.227
156.0,veh_032,car,12.947464,77.696468,2.454
156.0,veh_034,car,12.947005,77.695269,6.41
156.0,veh_035,car,12.925836,77.637915,10.466
156.0,veh_036,motorcycle,12.938773,77.661056,8.693
156.0,veh_037,car,12.918946,77.628063,4.67
156.0,veh_038,motorcycle,12.940886,77.667482,7.748
156.0,veh_039,bus,12.93758,77.658024,4.368
156.0,veh_040,car,12.917791,77.626439,3.206
156.0,veh_041,motorcycle,12.921605,77.631739,1.661
156.0,veh_042,car,12.925665,77.63732,6.443
156.0,veh_043,car,12.91758,77.625992,3.667
156.0,veh_044,car,12.944258,77.678133,6.026
156.0,veh_047,car,12.94486,77.683569,6.406
156.0,veh_048,car,12.94851,77.699862,7.166
156.0,veh_049,bus,12.941982,77.670292,4.359
157.0,veh_000,car,12.942701,77.672587,2.814
157.0,veh_001,car,12.944983,77.68635,6.966
157.0,veh_002,car,12.917548,77.626015,5.349
157.0,veh_003,car,12.91992,77.629401,5.682
157.0,veh_004,car,12.93359,77.64946,6.939
157.0,veh_005,car,12.941301,77.668318,9.494
157.0,veh_006,car,12.927202,77.639665,6.252
157.0,veh_008,car,12.93863,77.660854,5.853
157.0,veh_009,car,12.937411,77.65729,4.114
157.0,veh_010,bus,12.933941,77.649823,4.73
157.0,veh_012,motorcycle,12.921044,77.630737,7.063
157.0,veh_015,bus,12.94538,77.687544,1.627
157.0,veh_016,car,12.926257,77.638337,3.787
157.0,veh_017,bus,12.925584,77.637132,4.454
157.0,veh_018,car,12.92018,77.62968,4.968
157.0,veh_019,bus,12.926743,77.639067,3.685
157.0,veh_023,truck,12.937135,77.656305,3.193
157.0,veh_025,bus,12.931604,77.646046,2.92
157.0,veh_026,car,12.937938,77.658999,2.344
157.0,veh_027,motorcycle,12.926998,77.639359,13.304
157.0,veh_028,car,12.936458,77.654797,3.093
157.0,veh_029,car,12.944899,77.68468,9.137
157.0,veh_030,bus,12.933249,77.648796,5.475
157.0,veh_031,car,12.937157,77.656632,5.878
157.0,veh_032,car,12.947541,77.696537,8.682
157.0,veh_034,car,12.947097,77.695245,4.32
157.0,veh_035,car,12.926033,77.637893,9.404
157.0,veh_036,motorcycle,12.938719,77.66105,9.539
157.0,veh_037,car,12.918933,77.628176,8.903
157.0,veh_038,motorcycle,12.94104,77.667418,3.409
157.0,veh_039,bus,12.937592,77.657997,4.164
157.0,veh_040,car,12.91786,77.626381,3.881
157.0,veh_041,motorcycle,12.921589,77.63168,3.13
157.0,veh_042,car,12.925577,77.637331,10.024
157.0,veh_043,car,12.917591,77.626033,6.111
157.0,veh_044,car,12.944316,77.678238,10.688
157.0,veh_047,car,12.944742,77.683554,7.799
157.0,veh_048,car,12.948593,77.699954,3.799
157.0,veh_049,bus,12.941982,77.67042,2.34
158.0,veh_000,car,12.942653,77.67273,6.029
158.0,veh_001,car,12.945125,77.686376,8.44
158.0,veh_002,car,12.917525,77.62611,6.229
158.0,veh_003,car,12.920003,77.629381,3.808
158.0,veh_004,car,12.933574,77.649461,9.16
158.0,veh_005,car,12.941243,77.668379,5.472
158.0,veh_006,car,12.927164,77.63963,9.542
158.0,veh_008,car,12.938642,77.66085,5.376
158.0,veh_009,car,12.937413,77.657412,9.431
158.0,veh_010,bus,12.933838,77.649863,2.757
158.0,veh_012,motorcycle,12.921118,77.630868,8.402
158.0,veh_015,bus,12.945292,77.687712,4.491
158.0,veh_016,car,12.926391,77.638462,4.989
158.0,veh_017,bus,12.925572,77.637163,3.401
158.0,veh_018,car,12.920205,77.629786,5.246
158.0,veh_019,bus,12.926868,77.63918,4.483
158.0,veh_023,truck,12.937071,77.656362,3.627
158.0,veh_025,bus,12.931627,77.645942,3.374
158.0,veh_026,car,12.937938,77.658962,6.238
158.0,veh_027,motorcycle,12.927054,77.639373,7.771
158.0,veh_028,car,12.936489,77.654849,5.716
158.0,veh_029,car,12.944947,77.684672,3.674
158.0,veh_030,bus,12.933277,77.648978,5.675
158.0,veh_031,car,12.937145,77.656617,5.228
158.0,veh_032,car,12.947479,77.696623,4.651
158.0,veh_034,car,12.947079,77.69527,9.551
158.0,veh_035,car,12.92604,77.637904,4.311
158.0,veh_036,motorcycle,12.938747,77.661174,7.036
158.0,veh_037,car,12.919096,77.628276,9.999
158.0,veh_038,motorcycle,12.940993,77.667576,10.749
158.0,veh_039,bus,12.937664,77.658125,3.836
158.0,veh_040,car,12.917913,77.62646,7.559
158.0,veh_041,motorcycle,12.92175,77.631766,10.658
158.0,veh_042,car,12.925629,77.637341,6.879
158.0,veh_043,car,12.917638,77.626026,1.468
158.0,veh_044,car,12.94433,77.678242,3.745
158.0,veh_047,car,12.944751,77.683605,8.238
158.0,veh_048,car,12.948678,77.699979,2.35
158.0,veh_049,bus,12.9421,77.670459,1.826
159.0,veh_000,car,12.942694,77.672697,5.425
159.0,veh_001,car,12.945142,77.686399,7.746
159.0,veh_002,car,12.917607,77.626051,4.954
159.0,veh_003,car,12.920085,77.629474,2.414
159.0,veh_004,car,12.933698,77.649584,5.779
159.0,veh_005,car,12.941315,77.66848,6.8
159.0,veh_006,car,12.927241,77.63961,6.483
159.0,veh_008,car,12.938655,77.66076,1.598
159.0,veh_009,car,12.937455,77.657427,7.658
159.0,veh_010,bus,12.933952,77.649916,4.58
159.0,veh_012,motorcycle,12.921132,77.63098,0.1
159.0,veh_015,bus,12.945336,77.687719,3.319
159.0,veh_016,car,12.926378,77.638502,8.976
159.0,veh_017,bus,12.92552,77.637195,3.161
159.0,veh_018,car,12.920265,77.629868,6.519
159.0,veh_019,bus,12.926957,77.639143,2.459
159.0,veh_023,truck,12.937158,77.656347,2.508
159.0,veh_025,bus,12.931688,77.646002,3.867
159.0,veh_026,car,12.93803,77.658977,2.791
159.0,veh_027,motorcycle,12.92709,77.639433,5.566
159.0,veh_028,car,12.936542,77.654959,3.362
159.0,veh_029,car,12.944935,77.684764,6.021
159.0,veh_030,bus,12.933361,77.648948,4.652
159.0,veh_031,car,12.937121,77.656653,5.237
159.0,veh_032,car,12.947524,77.696649,4.751
159.0,veh_034,car,12.947141,77.695417,5.234
159.0,veh_035,car,12.926031,77.637827,8.348
159.0,veh_036,motorcycle,12.938695,77.66117,8.13
159.0,veh_037,car,12.919106,77.62817,4.12
159.0,veh_038,motorcycle,12.940964,77.667675,7.383
159.0,veh_039,bus,12.937683,77.658087,4.287
159.0,veh_040,car,12.91796,77.626477,7.342
159.0,veh_041,motorcycle,12.921721,77.631859,4.456
159.0,veh_042,car,12.925711,77.63743,9.418
159.0,veh_043,car,12.91759,77.626109,5.457
159.0,veh_044,car,12.944309,77.678201,6.153
159.0,veh_047,car,12.944792,77.683724,4.988
159.0,veh_048,car,12.948666,77.699924,1.448
159.0,veh_049,bus,12.94196,77.670542,4.367
160.0,veh_000,car,12.942799,77.672763,8.92
160.0,veh_001,car,12.945062,77.686645,5.583
160.0,veh_002,car,12.91762,77.626185,2.377
160.0,veh_003,car,12.920044,77.629462,3.275
160.0,veh_004,car,12.933752,77.649696,6.231
160.0,veh_005,car,12.94137,77.668505,10.958
160.0,veh_006,car,12.927311,77.639708,5.697
160.0,veh_008,car,12.938666,77.660827,1.545
160.0,veh_009,car,12.93745,77.657618,8.947
160.0,veh_010,bus,12.933897,77.649983,4.635
160.0,veh_012,motorcycle,12.921129,77.630936,5.94
160.0,veh_015,bus,12.945299,77.687769,2.069
160.0,veh_016,car,12.926439,77.638572,8.175
160.0,veh_017,bus,12.925605,77.637292,4.556
160.0,veh_018,car,12.920248,77.629858,8.336
160.0,veh_019,bus,12.926848,77.639134,2.638
160.0,veh_023,truck,12.937076,77.656431,2.376
160.0,veh_025,bus,12.93164,77.646131,5.767
160.0,veh_026,car,12.937911,77.658989,5.912
160.0,veh_027,motorcycle,12.927135,77.639566,10.878
160.0,veh_028,car,12.93649,77.655041,7.67
160.0,veh_029,car,12.944911,77.68487,6.737
160.0,veh_030,bus,12.933308,77.64892,2.815
160.0,veh_031,car,12.937205,77.656664,5.713
160.0,veh_032,car,12.947529,77.696735,3.636
160.0,veh_034,car,12.947065,77.695361,4.361
160.0,veh_035,car,12.926106,77.638036,6.48
160.0,veh_036,motorcycle,12.938714,77.6613,5.297
160.0,veh_037,car,12.919209,77.628312,6.21
160.0,veh_038,motorcycle,12.94097,77.667574,7.885
160.0,veh_039,bus,12.937645,77.658082,3.433
160.0,veh_040,car,12.91796,77.62658,5.813
160.0,veh_041,motorcycle,12.921754,77.631821,4.545
160.0,veh_042,car,12.925717,77.637499,5.963
160.0,veh_043,car,12.91762,77.626141,3.58
160.0,veh_044,car,12.944277,77.678349,7.728
160.0,veh_047,car,12.944817,77.683795,3.564
160.0,veh_048,car,12.948696,77.699999,6.219
160.0,veh_049,bus,12.94202,77.670525,4.146
161.0,veh_000,car,12.942759,77.672848,8.555
161.0,veh_001,car,12.94513,77.68659,7.156
161.0,veh_002,car,12.917701,77.626109,6.263
161.0,veh_003,car,12.920114,77.629497,5.749
161.0,veh_004,car,12.93369,77.649624,10.098
161.0,veh_005,car,12.941353,77.668637,4.332
161.0,veh_006,car,12.927272,77.639742,2.509
161.0,veh_008,car,12.938728,77.660928,6.466
161.0,veh_009,car,12.937492,77.657553,3.795
161.0,veh_010,bus,12.933867,77.650012,5.187
161.0,veh_012,motorcycle,12.921088,77.630951,1.244
161.0,veh_015,bus,12.945335,77.68772,3.609
161.0,veh_016,car,12.926581,77.63858,7.687
161.0,veh_017,bus,12.925589,77.637368,3.684
161.0,veh_018,car,12.920399,77.630016,4.821
161.0,veh_019,bus,12.926913,77.639173,4.923
161.0,veh_023,truck,12.937117,77.656436,3.34
161.0,veh_025,bus,12.931683,77.646143,4.089
161.0,veh_026,car,12.938009,77.659138,3.889
161.0,veh_027,motorcycle,12.92708,77.639617,6.818
161.0,veh_028,car,12.936545,77.655106,7.914
161.0,veh_029,car,12.944947,77.684813,3.904
161.0,veh_030,bus,12.933222,77.649015,3.162
161.0,veh_031,car,12.93723,77.65671,4.924
161.0,veh_032,car,12.947611,77.696633,5.189
161.0,veh_034,car,12.947135,77.695403,3.802
161.0,veh_035,car,12.926147,77.638073,5.172
161.0,veh_036,motorcycle,12.938963,77.661342,8.321
161.0,veh_037,car,12.919123,77.628272,5.992
161.0,veh_038,motorcycle,12.941047,77.667824,4.955
161.0,veh_039,bus,12.937654,77.658166,5.22
161.0,veh_040,car,12.918049,77.626505,5.089
161.0,veh_041,motorcycle,12.921872,77.63191,4.96
161.0,veh_042,car,12.92587,77.63751,7.774
161.0,veh_043,car,12.91757,77.626117,7.177
161.0,veh_044,car,12.944355,77.67831,5.319
161.0,veh_047,car,12.944816,77.683761,3.9
161.0,veh_048,car,12.948623,77.70008,6.364
161.0,veh_049,bus,12.942005,77.670564,2.9
162.0,veh_000,car,12.942789,77.672882,6.682
162.0,veh_001,car,12.945108,77.68666,3.102
162.0,veh_002,car,12.917735,77.626238,6.897
162.0,veh_003,car,12.920052,77.62957,6.29
162.0,veh_004,car,12.93371,77.649715,6.078
162.0,veh_005,car,12.94129,77.668726,5.573
162.0,veh_006,car,12.927345,77.639854,6.708
162.0,veh_008,car,12.938543,77.660962,2.865
162.0,veh_009,car,12.937415,77.65755,0.444
162.0,veh_010,bus,12.933914,77.649992,3.29
162.0,veh_012,motorcycle,12.921124,77.631156,8.674
162.0,veh_015,bus,12.945371,77.687862,4.408
162.0,veh_016,car,12.926562,77.638713,3.862
162.0,veh_017,bus,12.925657,77.637252,2.559
162.0,veh_018,car,12.920441,77.630055,6.659
162.0,veh_019,bus,12.926978,77.639259,2.478
162.0,veh_023,truck,12.93714,77.656518,3.334
162.0,veh_025,bus,12.931669,77.646307,4.79
162.0,veh_026,car,12.938021,77.659134,4.184
162.0,veh_027,motorcycle,12.927224,77.63959,1.513
162.0,veh_028,car,12.936533,77.655077,4.652
162.0,veh_029,car,12.944865,77.68491,3.637
162.0,veh_030,bus,12.933322,77.64904,5.09
162.0,veh_031,car,12.937205,77.656807,5.288
162.0,veh_032,car,12.947657,77.696794,8.63
162.0,veh_034,car,12.94709,77.695547,2.705
162.0,veh_035,car,12.926103,77.638191,9.242
162.0,veh_036,motorcycle,12.938884,77.661475,8.439
162.0,veh_037,car,12.919221,77.628227,1.888
162.0,veh_038,motorcycle,12.941084,77.667801,6.068
162.0,veh_039,bus,12.937682,77.65811,4.417
162.0,veh_040,car,12.917926,77.626604,3.25
162.0,veh_041,motorcycle,12.921791,77.631922,7.598
162.0,veh_042,car,12.925778,77.637491,4.209
162.0,veh_043,car,12.91768,77.626228,2.715
162.0,veh_044,car,12.944383,77.678382,5.311
162.0,veh_047,car,12.944867,77.683826,7.318
162.0,veh_048,car,12.94871,77.700006,0.435
162.0,veh_049,bus,12.942029,77.670653,4.016
163.0,veh_000,car,12.942792,77.672983,9.31
163.0,veh_001,car,12.945142,77.686601,5.952
163.0,veh_002,car,12.917752,77.626221,5.476
163.0,veh_003,car,12.92011,77.629599,4.147
163.0,veh_004,car,12.933773,77.649866,9.851
163.0,veh_005,car,12.941382,77.668692,2.536
163.0,veh_006,car,12.927397,77.639842,6.431
163.0,veh_008,car,12.938648,77.660933,5.501
163.0,veh_009,car,12.937494,77.657656,5.308
163.0,veh_010,bus,12.933959,77.650033,3.765
163.0,veh_012,motorcycle,12.921164,77.63113,5.261
163.0,veh_015,bus,12.945325,77.687835,4.272
163.0,veh_016,car,12.926546,77.638683,4.397
163.0,veh_017,bus,12.925654,77.637376,2.765
163.0,veh_018,car,12.920396,77.629991,6.242
163.0,veh_019,bus,12.926922,77.639295,4.762
163.0,veh_021,car,12.936221,77.654079,9.088
163.0,veh_023,truck,12.937149,77.65656,3.869
163.0,veh_025,bus,12.931767,77.646188,3.304
163.0,veh_026,car,12.938023,77.659193,4.185
163.0,veh_027,motorcycle,12.927174,77.639608,9.973
163.0,veh_028,car,12.936586,77.655166,6.328
163.0,veh_029,car,12.944918,77.684878,2.377
163.0,veh_030,bus,12.933307,77.649132,4.57
163.0,veh_031,car,12.937251,77.656941,4.85
163.0,veh_032,car,12.947576,77.696794,2.3
163.0,veh_034,car,12.947109,77.695538,8.99
163.0,veh_035,car,12.926126,77.638126,1.949
163.0,veh_036,motorcycle,12.938848,77.661445,6.949
163.0,veh_037,car,12.919173,77.628334,4.23
163.0,veh_038,motorcycle,12.941073,77.667904,4.45
163.0,veh_039,bus,12.937657,77.658316,5.609
163.0,veh_040,car,12.918033,77.626648,8.377
163.0,veh_041,motorcycle,12.921858,77.632103,12.863
163.0,veh_042,car,12.925907,77.637633,6.198
163.0,veh_043,car,12.917723,77.626219,3.548
163.0,veh_044,car,12.944342,77.678493,5.158
163.0,veh_047,car,12.944821,77.683847,4.428
163.0,veh_048,car,12.948715,77.700156,3.403
163.0,veh_049,bus,12.94199,77.670622,3.547
164.0,veh_000,car,12.942751,77.672999,3.189
164.0,veh_001,car,12.945151,77.686725,5.98
164.0,veh_002,car,12.917769,77.626285,5.308
164.0,veh_003,car,12.920159,77.629568,9.392
164.0,veh_004,car,12.933753,77.64989,3.708
164.0,veh_005,car,12.94136,77.668717,9.021
164.0,veh_006,car,12.927422,77.639968,5.304
164.0,veh_008,car,12.938696,77.661119,3.47
164.0,veh_009,car,12.937503,77.657576,2.992
164.0,veh_010,bus,12.933875,77.650068,2.295
164.0,veh_012,motorcycle,12.921181,77.631123,6.059
164.0,veh_014,motorcycle,12.946717,77.694239,5.766
164.0,veh_015,bus,12.945403,77.68782,3.831
164.0,veh_016,car,12.926541,77.638644,6.601
164.0,veh_017,bus,12.925663,77.637382,5.647
164.0,veh_018,car,12.920439,77.629997,3.944
164.0,veh_019,bus,12.92694,77.639321,3.72
164.0,veh_021,car,12.936201,77.653984,1.063
164.0,veh_023,truck,12.937179,77.656551,2.361
164.0,veh_025,bus,12.93175,77.646295,5.029
164.0,veh_026,car,12.938087,77.659247,9.987
164.0,veh_027,motorcycle,12.927224,77.639691,7.682
164.0,veh_028,car,12.936664,77.655178,0.658
164.0,veh_029,car,12.944846,77.684873,6.539
164.0,veh_030,bus,12.933383,77.649043,2.545
164.0,veh_031,car,12.937263,77.656927,7.64
164.0,veh_032,car,12.947624,77.696766,0.451
164.0,veh_034,car,12.947246,77.695688,8.006
164.0,veh_035,car,12.926218,77.638213,7.142
164.0,veh_036,motorcycle,12.93887,77.661522,1.87
164.0,veh_037,car,12.919257,77.628381,4.438
164.0,veh_038,motorcycle,12.941051,77.667841,7.034
164.0,veh_039,bus,12.937707,77.658253,3.208
164.0,veh_040,car,12.918063,77.626702,3.372
164.0,veh_041,motorcycle,12.921899,77.632064,7.671
164.0,veh_042,car,12.925875,77.63758,6.391
164.0,veh_043,car,12.91769,77.626281,2.363
164.0,veh_044,car,12.944318,77.678541,6.985
164.0,veh_047,car,12.944745,77.683984,5.73
164.0,veh_048,car,12.948657,77.700243,6.536
164.0,veh_049,bus,12.942061,77.670636,4.458
165.0,veh_000,car,12.942863,77.67303,6.27
165.0,veh_001,car,12.945131,77.686821,6.241
165.0,veh_002,car,12.917691,77.626399,11.634
165.0,veh_003,car,12.920154,77.62965,7.188
165.0,veh_004,car,12.933894,77.649927,10.214
165.0,veh_005,car,12.941448,77.668727,8.901
165.0,veh_006,car,12.927392,77.639914,7.078
165.0,veh_008,car,12.938623,77.661072,7.569
165.0,veh_009,car,12.937609,77.657649,5.73
165.0,veh_010,bus,12.934007,77.65016,5.151
165.0,veh_012,motorcycle,12.921274,77.631112,0.896
165.0,veh_014,motorcycle,12.946818,77.694257,6.767
165.0,veh_015,bus,12.945385,77.68786,2.951
165.0,veh_016,car,12.926598,77.638659,5.187
165.0,veh_017,bus,12.925673,77.637303,4.684
165.0,veh_018,car,12.920493,77.630113,6.944
165.0,veh_019,bus,12.926955,77.639253,4.346
165.0,veh_021,car,12.936261,77.654121,4.569
165.0,veh_023,truck,12.937079,77.656639,3.836
165.0,veh_025,bus,12.931724,77.646306,4.02
165.0,veh_026,car,12.938116,77.65919,3.187
165.0,veh_027,motorcycle,12.927378,77.639746,5.842
165.0,veh_028,car,12.936598,77.655242,10.064
165.0,veh_029,car,12.944928,77.684943,3.546
165.0,veh_030,bus,12.93335,77.649195,3.907
165.0,veh_031,car,12.937187,77.656918,6.17
165.0,veh_032,car,12.947487,77.69686,6.598
165.0,veh_034,car,12.947075,77.695614,1.523
165.0,veh_035,car,12.926231,77.638283,7.227
165.0,veh_036,motorcycle,12.938807,77.661588,6.473
165.0,veh_037,car,12.919238,77.628482,5.764
165.0,veh_038,motorcycle,12.941138,77.667927,5.9
165.0,veh_039,bus,12.937703,77.658285,4.646
165.0,veh_040,car,12.918164,77.626749,3.935
165.0,veh_041,motorcycle,12.922009,77.632205,5.643
165.0,veh_042,car,12.925885,77.637743,5.986
165.0,veh_043,car,12.917665,77.626312,3.372
165.0,veh_044,car,12.94429,77.678505,5.706
165.0,veh_047,car,12.944778,77.684009,6.944
165.0,veh_048,car,12.948777,77.700215,5.591
165.0,veh_049,bus,12.941995,77.670633,2.972
166.0,veh_000,car,12.942971,77.67318,7.149
166.0,veh_001,car,12.945119,77.686725,0.34
166.0,veh_002,car,12.917844,77.626372,6.187
166.0,veh_003,car,12.920216,77.629787,3.963
166.0,veh_004,car,12.933862,77.64995,9.564
166.0,veh_005,car,12.941394,77.668812,4.759
166.0,veh_006,car,12.927436,77.640028,5.458
166.0,veh_008,car,12.93886,77.661293,6.315
166.0,veh_009,car,12.937615,77.65773,5.254
166.0,veh_010,bus,12.933941,77.650204,4.702
166.0,veh_012,motorcycle,12.921292,77.631223,7.235
166.0,veh_014,motorcycle,12.946771,77.69439,7.517
166.0,veh_015,bus,12.945436,77.687864,5.277
166.0,veh_016,car,12.926674,77.6388,7.672
166.0,veh_017,bus,12.925649,77.637383,4.135
166.0,veh_018,car,12.92052,77.630107,10.247
166.0,veh_019,bus,12.927015,77.639344,5.774
166.0,veh_021,car,12.936288,77.654201,4.312
166.0,veh_023,truck,12.937158,77.656647,4.238
166.0,veh_025,bus,12.931845,77.646315,3.21
166.0,veh_026,car,12.938043,77.659161,1.674
166.0,veh_027,motorcycle,12.927361,77.639743,4.011
166.0,veh_028,car,12.936659,77.655207,4.501
166.0,veh_029,car,12.944883,77.68514,10.951
166.0,veh_030,bus,12.933472,77.649145,3.822
166.0,veh_031,car,12.937213,77.657106,5.281
166.0,veh_032,car,12.947645,77.696868,8.71
166.0,veh_034,car,12.947153,77.695676,4.103
166.0,veh_035,car,12.926185,77.638222,6.896
166.0,veh_036,motorcycle,12.938969,77.661624,4.308
166.0,veh_037,car,12.919252,77.62859,5.332
166.0,veh_038,motorcycle,12.941066,77.668026,5.615
166.0,veh_039,bus,12.937792,77.658362,3.591
166.0,veh_040,car,12.918139,77.626768,7.43
166.0,veh_041,motorcycle,12.921991,77.632181,6.871
166.0,veh_042,car,12.925804,77.637802,8.631
166.0,veh_043,car,12.917823,77.626264,4.809
166.0,veh_044,car,12.944285,77.678635,4.03
166.0,veh_047,car,12.944863,77.684069,3.61
166.0,veh_048,car,12.948742,77.700138,4.299
166.0,veh_049,bus,12.942065,77.670752,3.975
167.0,veh_000,car,12.942898,77.673091,4.272
167.0,veh_001,car,12.945158,77.686772,7.414
167.0,veh_002,car,12.917943,77.626483,9.174
167.0,veh_003,car,12.920251,77.629795,5.137
167.0,veh_004,car,12.93389,77.649962,2.842
167.0,veh_005,car,12.941495,77.668981,7.067
167.0,veh_006,car,12.927532,77.639964,5.66
167.0,veh_008,car,12.93873,77.661293,9.108
167.0,veh_009,car,12.937594,77.657891,8.334
167.0,veh_010,bus,12.934118,77.650174,5.011
167.0,veh_012,motorcycle,12.921205,77.631134,3.563
167.0,veh_014,motorcycle,12.946757,77.694366,8.512
167.0,veh_015,bus,12.945341,77.687988,3.648
167.0,veh_016,car,12.926671,77.638831,3.159
167.0,veh_017,bus,12.925658,77.637389,2.504
167.0,veh_018,car,12.920605,77.630308,6.123
167.0,veh_019,bus,12.927121,77.639364,3.542
167.0,veh_021,car,12.936339,77.654249,8.137
167.0,veh_023,truck,12.937129,77.656683,2.355
167.0,veh_025,bus,12.931725,77.646402,3.494
167.0,veh_026,car,12.938085,77.659426,6.184
167.0,veh_027,motorcycle,12.927333,77.639741,4.726
167.0,veh_028,car,12.936769,77.655301,4.752
167.0,veh_029,car,12.944945,77.685178,7.449
167.0,veh_030,bus,12.933419,77.649228,3.104
167.0,veh_031,car,12.937301,77.657186,10.161
167.0,veh_032,car,12.947667,77.696988,6.829
167.0,veh_034,car,12.947166,77.695726,6.543
167.0,veh_035,car,12.926378,77.638426,7.026
167.0,veh_036,motorcycle,12.938883,77.661649,8.118
167.0,veh_037,car,12.919319,77.62845,1.436
167.0,veh_038,motorcycle,12.941191,77.668031,8.326
167.0,veh_039,bus,12.937755,77.658253,3.349
167.0,veh_040,car,12.91813,77.626746,6.982
167.0,veh_041,motorcycle,12.922112,77.632275,10.922
167.0,veh_042,car,12.925989,77.637841,5.6
167.0,veh_043,car,12.91766,77.626352,2.702
167.0,veh_044,car,12.944349,77.67866,2.094
167.0,veh_047,car,12.944868,77.684017,6.672
167.0,veh_048,car,12.948753,77.70028,6.606
167.0,veh_049,bus,12.941966,77.67077,3.0
168.0,veh_000,car,12.94289,77.673157,5.805
168.0,veh_001,car,12.945243,77.686922,6.601
168.0,veh_002,car,12.917965,77.626476,2.902
168.0,veh_003,car,12.920337,77.629844,5.637
168.0,veh_004,car,12.933934,77.65009,4.432
168.0,veh_005,car,12.941456,77.668934,4.136
168.0,veh_006,car,12.927505,77.640037,5.585
168.0,veh_008,car,12.938763,77.661264,2.014
168.0,veh_009,car,12.937499,77.657862,7.876
168.0,veh_010,bus,12.934018,77.650211,3.815
168.0,veh_012,motorcycle,12.921257,77.631207,3.127
168.0,veh_014,motorcycle,12.946846,77.694582,4.686
168.0,veh_015,bus,12.945468,77.687905,3.247
168.0,veh_016,car,12.926639,77.638811,4.288
168.0,veh_017,bus,12.925673,77.63744,2.798
168.0,veh_018,car,12.92073,77.630353,6.669
168.0,veh_019,bus,12.927003,77.639405,2.752
168.0,veh_021,car,12.936351,77.654334,5.599
168.0,veh_023,truck,12.937129,77.656651,5.204
168.0,veh_025,bus,12.931819,77.646444,3.426
168.0,veh_026,car,12.938142,77.6593,2.688
168.0,veh_027,motorcycle,12.927361,77.639838,6.414
168.0,veh_028,car,12.93672,77.655338,7.099
168.0,veh_029,car,12.94491,77.685153,3.744
168.0,veh_030,bus,12.933448,77.649144,2.873
168.0,veh_031,car,12.937339,77.65713,5.511
168.0,veh_032,car,12.947651,77.697029,5.703
168.0,veh_034,car,12.947246,77.695824,4.072
168.0,veh_035,car,12.926342,77.638327,3.619
168.0,veh_036,motorcycle,12.938933,77.661789,10.417
168.0,veh_037,car,12.919362,77.62853,7.572
168.0,veh_038,motorcycle,12.94121,77.668051,3.161
168.0,veh_039,bus,12.937762,77.658383,4.791
168.0,veh_040,car,12.918201,77.626765,7.018
168.0,veh_041,motorcycle,12.922092,77.632289,4.889
168.0,veh_042,car,12.925949,77.637874,5.191
168.0,veh_043,car,12.917759,77.626411,7.389
168.0,veh_044,car,12.944359,77.678738,5.564
168.0,veh_047,car,12.944774,77.684107,2.481
168.0,veh_048,car,12.948765,77.700344,5.729
168.0,veh_049,bus,12.942024,77.670727,4.134
169.0,veh_000,car,12.942951,77.673312,9.183
169.0,veh_001,car,12.945115,77.68697,3.562
169.0,veh_002,car,12.917875,77.626615,8.725
169.0,veh_003,car,12.920283,77.629791,6.782
169.0,veh_004,car,12.933967,77.650001,9.198
169.0,veh_005,car,12.941521,77.669035,4.27
169.0,veh_006,car,12.927591,77.640126,2.308
169.0,veh_008,car,12.938705,77.661311,2.547
169.0,veh_009,car,12.937635,77.658005,4.768
169.0,veh_010,bus,12.934013,77.650259,5.614
169.0,veh_012,motorcycle,12.921322,77.631236,4.893
169.0,veh_014,motorcycle,12.946802,77.694627,7.922
169.0,veh_015,bus,12.945416,77.688096,2.802
169.0,veh_016,car,12.926798,77.638872,5.408
169.0,veh_017,bus,12.925679,77.637468,3.624
169.0,veh_018,car,12.920639,77.630271,5.327
169.0,veh_019,bus,12.927071,77.639393,3.365
169.0,veh_021,car,12.936305,77.65432,6.713
169.0,veh_023,truck,12.93715,77.656777,2.809
169.0,veh_025,bus,12.931862,77.646425,3.362
169.0,veh_026,car,12.938067,77.659456,6.986
169.0,veh_027,motorcycle,12.927441,77.639883,2.699
169.0,veh_028,car,12.93674,77.655407,2.454
169.0,veh_029,car,12.944906,77.685159,5.039
169.0,veh_030,bus,12.93342,77.649244,4.501
169.0,veh_031,car,12.937288,77.65724,8.329
169.0,veh_032,car,12.947672,77.697046,7.141
169.0,veh_034,car,12.947175,77.695805,6.176
169.0,veh_035,car,12.926251,77.63837,5.03
169.0,veh_036,motorcycle,12.938974,77.661813,7.177
169.0,veh_037,car,12.919372,77.628598,4.439
169.0,veh_038,motorcycle,12.941264,77.668245,11.985
169.0,veh_039,bus,12.937769,77.658393,2.334
169.0,veh_040,car,12.918255,77.626909,5.374
169.0,veh_041,motorcycle,12.92211,77.632471,8.063
169.0,veh_042,car,12.926046,77.637862,5.467
169.0,veh_043,car,12.917926,77.626377,3.511
169.0,veh_044,car,12.944335,77.67881,5.039
169.0,veh_047,car,12.944722,77.684136,7.348
169.0,veh_048,car,12.948767,77.700418,7.755
169.0,veh_049,bus,12.942157,77.670923,3.003
170.0,veh_000,car,12.94299,77.673407,5.441
170.0,veh_001,car,12.945204,77.686973,3.644
170.0,veh_002,car,12.917991,77.626619,7.829
170.0,veh_003,car,12.920302,77.629953,5.118
170.0,veh_004,car,12.934046,77.650202,6.934
170.0,veh_005,car,12.94147,77.668971,4.877
170.0,veh_006,car,12.927537,77.640093,2.077
170.0,veh_008,car,12.938836,77.661371,6.205
170.0,veh_009,car,12.937589,77.657887,4.325
170.0,veh_010,bus,12.933959,77.650248,4.171
170.0,veh_012,motorcycle,12.921354,77.631372,5.183
170.0,veh_014,motorcycle,12.946864,77.69465,8.226
170.0,veh_015,bus,12.94547,77.688105,5.184
170.0,veh_016,car,12.9267,77.638842,4.221
170.0,veh_017,bus,12.925644,77.63742,2.896
170.0,veh_018,car,12.920591,77.630392,5.317
170.0,veh_019,bus,12.927122,77.639429,3.483
170.0,veh_021,car,12.936451,77.654371,6.636
170.0,veh_023,truck,12.93717,77.65674,3.031
170.0,veh_025,bus,12.93191,77.646509,6.494
170.0,veh_026,car,12.938094,77.65951,8.625
170.0,veh_027,motorcycle,12.927493,77.639903,5.152
170.0,veh_028,car,12.936732,77.655389,7.784
170.0,veh_029,car,12.945009,77.68524,2.958
170.0,veh_030,bus,12.933441,77.64924,4.304
170.0,veh_031,car,12.93743,77.657291,7.15
170.0,veh_032,car,12.947651,77.69718,6.78
170.0,veh_034,car,12.947231,77.695954,4.992
170.0,veh_035,car,12.926391,77.638428,8.836
170.0,veh_036,motorcycle,12.938926,77.6619,10.323
170.0,veh_037,car,12.919332,77.628623,3.53
170.0,veh_038,motorcycle,12.941139,77.668289,11.139
170.0,veh_039,bus,12.937932,77.658395,4.898
170.0,veh_040,car,12.918296,77.627015,6.266
170.0,veh_041,motorcycle,12.922109,77.632563,10.152
170.0,veh_042,car,12.926028,77.637987,7.834
170.0,veh_043,car,12.917818,77.626389,5.708
170.0,veh_044,car,12.944453,77.678726,0.1
170.0,veh_047,car,12.944903,77.68424,3.855
170.0,veh_048,car,12.948842,77.700422,9.04
170.0,veh_049,bus,12.942067,77.670853,4.172
171.0,veh_000,car,12.942893,77.673364,5.563
171.0,veh_001,car,12.945159,77.687045,5.27
171.0,veh_002,car,12.917934,77.626698,4.769
171.0,veh_003,car,12.920465,77.630023,9.457
171.0,veh_004,car,12.934058,77.650209,7.327
171.0,veh_005,car,12.941516,77.669039,3.69
171.0,veh_006,car,12.927522,77.640138,7.516
171.0,veh_008,car,12.938758,77.661262,3.569
171.0,veh_009,car,12.937597,77.658071,6.65
171.0,veh_010,bus,12.934086,77.65035,3.742
171.0,veh_012,motorcycle,12.921317,77.631337,5.2
171.0,veh_014,motorcycle,12.946889,77.69475,5.816
171.0,veh_015,bus,12.945467,77.688108,4.421
171.0,veh_016,car,12.926711,77.638926,6.158
171.0,veh_017,bus,12.925798,77.637584,2.565
171.0,veh_018,car,12.920641,77.630431,1.13
171.0,veh_019,bus,12.927148,77.639475,4.816
171.0,veh_021,car,12.936373,77.654423,4.755
171.0,veh_023,truck,12.937167,77.656809,3.8
171.0,veh_025,bus,12.93186,77.646477,4.398
171.0,veh_026,car,12.938168,77.659497,5.721
171.0,veh_027,motorcycle,12.927521,77.639848,4.322
171.0,veh_028,car,12.936804,77.655597,4.37
171.0,veh_029,car,12.944935,77.685202,3.995
171.0,veh_030,bus,12.933529,77.649279,3.492
171.0,veh_031,car,12.937343,77.657338,7.316
171.0,veh_032,car,12.947685,77.697258,6.472
171.0,veh_034,car,12.947297,77.696027,11.449
171.0,veh_035,car,12.926472,77.638451,7.308
171.0,veh_036,motorcycle,12.938937,77.661968,10.296
171.0,veh_037,car,12.919392,77.628691,5.04
171.0,veh_038,motorcycle,12.94127,77.668373,5.529
171.0,veh_039,bus,12.937795,77.658459,5.081
171.0,veh_040,car,12.918256,77.627058,2.889
171.0,veh_041,motorcycle,12.922202,77.632538,10.133
171.0,veh_042,car,12.926043,77.637972,3.804
171.0,veh_043,car,12.917931,77.626543,5.907
171.0,veh_044,car,12.944319,77.678734,4.299
171.0,veh_045,car,12.94012,77.664964,3.64
171.0,veh_047,car,12.944881,77.68423,4.292
171.0,veh_048,car,12.948877,77.700575,7.226
171.0,veh_049,bus,12.942062,77.670881,3.514
172.0,veh_000,car,12.942967,77.673426,6.741
172.0,veh_001,car,12.945138,77.687029,6.599
172.0,veh_002,car,12.918051,77.62661,2.707
172.0,veh_003,car,12.920395,77.629947,3.664
172.0,veh_004,car,12.934127,77.650218,5.71
172.0,veh_005,car,12.941491,77.669113,4.051
172.0,veh_006,car,12.927601,77.640298,7.033
172.0,veh_008,car,12.93886,77.661419,3.536
172.0,veh_009,car,12.937696,77.658011,5.211
172.0,veh_010,bus,12.934129,77.650407,3.528
172.0,veh_012,motorcycle,12.921334,77.631247,3.147
172.0,veh_014,motorcycle,12.946851,77.694708,5.647
172.0,veh_015,bus,12.945365,77.688147,2.88
172.0,veh_016,car,12.926808,77.638991,5.887
172.0,veh_017,bus,12.925818,77.637472,3.261
172.0,veh_018,car,12.920708,77.630448,6.366
172.0,veh_019,bus,12.927159,77.639525,3.645
172.0,veh_021,car,12.93636,77.654435,3.707
172.0,veh_023,truck,12.937159,77.656818,1.983
172.0,veh_025,bus,12.931936,77.646552,3.916
172.0,veh_026,car,12.938196,77.659522,4.356
172.0,veh_027,motorcycle,12.927435,77.639993,7.147
172.0,veh_028,car,12.936731,77.655518,7.477
172.0,veh_029,car,12.944909,77.685402,10.302
172.0,veh_030,bus,12.933573,77.649363,3.551
172.0,veh_031,car,12.937356,77.657378,3.413
172.0,veh_032,car,12.947611,77.69734,2.718
172.0,veh_034,car,12.947334,77.69606,6.346
172.0,veh_035,car,12.926511,77.638604,3.863
172.0,veh_036,motorcycle,12.939034,77.662051,6.717
172.0,veh_037,car,12.919509,77.628712,5.893
172.0,veh_038,motorcycle,12.941296,77.668409,7.327
172.0,veh_039,bus,12.937836,77.658512,4.168
172.0,veh_040,car,12.918274,77.627082,8.662
172.0,veh_041,motorcycle,12.922249,77.632553,8.36
172.0,veh_042,car,12.926185,77.638084,7.17
172.0,veh_043,car,12.917978,77.626487,3.509
172.0,veh_044,car,12.944371,77.678781,3.684
172.0,veh_045,car,12.940175,77.665091,7.394
172.0,veh_047,car,12.944807,77.684242,5.253
172.0,veh_048,car,12.94887,77.70052,4.907
172.0,veh_049,bus,12.942188,77.670975,4.728
173.0,veh_000,car,12.942976,77.673526,7.772
173.0,veh_001,car,12.945297,77.686961,2.12
173.0,veh_002,car,12.91808,77.626648,6.635
173.0,veh_003,car,12.920454,77.630042,7.294
173.0,veh_004,car,12.934101,77.65034,10.981
173.0,veh_005,car,12.941445,77.669132,3.908
173.0,veh_006,car,12.927615,77.640233,7.22
173.0,veh_008,car,12.938873,77.661394,5.707
173.0,veh_009,car,12.937677,77.658071,8.431
173.0,veh_010,bus,12.934091,77.650332,4.755
173.0,veh_012,motorcycle,12.92143,77.63142,8.852
173.0,veh_014,motorcycle,12.946863,77.694814,9.467
173.0,veh_015,bus,12.945454,77.688158,4.425
173.0,veh_016,car,12.926791,77.639058,2.844
173.0,veh_017,bus,12.925788,77.637603,3.333
173.0,veh_018,car,12.920775,77.630445,7.616
173.0,veh_019,bus,12.92716,77.639604,2.407
173.0,veh_021,car,12.936458,77.654452,3.214
173.0,veh_023,truck,12.937192,77.656809,3.122
173.0,veh_025,bus,12.931842,77.646497,4.173
173.0,veh_026,car,12.938171,77.65954,5.961
173.0,veh_027,motorcycle,12.927467,77.640092,6.326
173.0,veh_028,car,12.936818,77.655642,4.844
173.0,veh_029,car,12.944937,77.685375,8.945
173.0,veh_030,bus,12.93358,77.64945,6.055
173.0,veh_031,car,12.937268,77.657357,4.708
173.0,veh_032,car,12.947696,77.697288,3.495
173.0,veh_034,car,12.947387,77.696067,2.268
173.0,veh_035,car,12.926615,77.638574,6.698
173.0,veh_036,motorcycle,12.939106,77.662185,10.883
173.0,veh_037,car,12.919506,77.628745,7.721
173.0,veh_038,motorcycle,12.941315,77.668457,8.751
173.0,veh_039,bus,12.937751,77.658568,4.223
173.0,veh_040,car,12.918372,77.627067,8.019
173.0,veh_041,motorcycle,12.922322,77.632653,8.309
173.0,veh_042,car,12.926073,77.638006,4.045
173.0,veh_043,car,12.917895,77.626483,3.654
173.0,veh_044,car,12.944311,77.678857,6.998
173.0,veh_045,car,12.940127,77.665086,3.659
173.0,veh_047,car,12.944913,77.684467,9.319
173.0,veh_048,car,12.948871,77.700641,2.822
173.0,veh_049,bus,12.942075,77.670998,4.867
174.0,veh_000,car,12.943013,77.673407,4.756
174.0,veh_001,car,12.945305,77.687167,6.114
174.0,veh_002,car,12.918071,77.626751,3.705
174.0,veh_003,car,12.920428,77.630085,3.128
174.0,veh_004,car,12.934074,77.650325,2.885
174.0,veh_005,car,12.941535,77.669095,4.654
174.0,veh_006,car,12.927759,77.640331,4.792
174.0,veh_008,car,12.938805,77.66147,5.429
174.0,veh_009,car,12.937668,77.658136,6.654
174.0,veh_010,bus,12.934181,77.650468,4.366
174.0,veh_012,motorcycle,12.921412,77.631644,9.823
174.0,veh_014,motorcycle,12.946876,77.694836,5.925
174.0,veh_015,bus,12.945562,77.688188,4.38
174.0,veh_016,car,12.926813,77.639054,9.328
174.0,veh_017,bus,12.925746,77.637553,3.289
174.0,veh_018,car,12.920723,77.630493,3.582
174.0,veh_019,bus,12.927202,77.639501,2.356
174.0,veh_021,car,12.936462,77.654665,10.502
174.0,veh_023,truck,12.93721,77.656884,3.286
174.0,veh_025,bus,12.931872,77.646502,2.241
174.0,veh_026,car,12.938255,77.659643,7.961
174.0,veh_027,motorcycle,12.92755,77.640103,8.109
174.0,veh_028,car,12.936856,77.655639,6.062
174.0,veh_029,car,12.94491,77.685484,5.55
174.0,veh_030,bus,12.933561,77.649441,5.41
174.0,veh_031,car,12.937391,77.657385,8.27
174.0,veh_032,car,12.947772,77.697353,8.559
174.0,veh_034,car,12.947302,77.696074,3.426
174.0,veh_035,car,12.926511,77.638636,7.676
174.0,veh_036,motorcycle,12.939019,77.662184,4.653
174.0,veh_037,car,12.919548,77.628783,5.938
174.0,veh_038,motorcycle,12.941252,77.668489,6.959
174.0,veh_039,bus,12.937783,77.658607,3.41
174.0,veh_040,car,12.918321,77.627204,6.957
174.0,veh_041,motorcycle,12.922256,77.6328,8.44
174.0,veh_042,car,12.926148,77.638153,2.059
174.0,veh_043,car,12.918012,77.626586,8.92
174.0,veh_044,car,12.944313,77.678896,3.498
174.0,veh_045,car,12.940208,77.665248,2.643
174.0,veh_047,car,12.944783,77.684407,4.352
174.0,veh_048,car,12.948778,77.700608,0.323
174.0,veh_049,bus,12.942151,77.670964,2.731
175.0,veh_000,car,12.942956,77.67361,7.151
175.0,veh_001,car,12.94515,77.687237,4.942
175.0,veh_002,car,12.91806,77.626784,3.92
175.0,veh_003,car,12.920529,77.630044,4.557
175.0,veh_004,car,12.934076,77.650381,2.11
175.0,veh_005,car,12.941522,77.669185,3.474
175.0,veh_006,car,12.927765,77.64032,5.682
175.0,veh_008,car,12.938856,77.661493,7.556
175.0,veh_009,car,12.937609,77.658205,4.624
175.0,veh_010,bus,12.934145,77.650423,2.88
175.0,veh_012,motorcycle,12.921512,77.631538,4.637
175.0,veh_014,motorcycle,12.94698,77.694961,7.427
175.0,veh_015,bus,12.945485,77.688185,6.164
175.0,veh_016,car,12.926857,77.639213,4.2
175.0,veh_017,bus,12.925809,77.637597,3.034
175.0,veh_018,car,12.920821,77.630592,2.327
175.0,veh_019,bus,12.927229,77.639588,4.952
175.0,veh_021,car,12.936432,77.654713,4.24
175.0,veh_023,truck,12.937203,77.656916,2.932
175.0,veh_025,bus,12.931831,77.646591,3.98
175.0,veh_026,car,12.93822,77.659822,3.048
175.0,veh_027,motorcycle,12.927516,77.640056,2.298
175.0,veh_028,car,12.936797,77.655602,2.858
175.0,veh_029,car,12.944903,77.685507,9.099
175.0,veh_030,bus,12.93357,77.649372,2.626
175.0,veh_031,car,12.937496,77.657578,7.84
175.0,veh_032,car,12.947807,77.697328,5.914
175.0,veh_034,car,12.947368,77.696127,3.3
175.0,veh_035,car,12.926554,77.638657,2.678
175.0,veh_036,motorcycle,12.939114,77.662132,6.351
175.0,veh_037,car,12.919454,77.628818,6.688
175.0,veh_038,motorcycle,12.941382,77.668564,4.041
175.0,veh_039,bus,12.937831,77.658632,5.165
175.0,veh_040,car,12.918485,77.627218,11.209
175.0,veh_041,motorcycle,12.922446,77.632748,11.058
175.0,veh_042,car,12.926181,77.638211,6.462
175.0,veh_043,car,12.918124,77.626686,7.717
175.0,veh_044,car,12.944366,77.678911,4.319
175.0,veh_045,car,12.940167,77.665196,7.307
175.0,veh_047,car,12.944856,77.684397,9.189
175.0,veh_048,car,12.948876,77.700665,6.558
175.0,veh_049,bus,12.94216,77.671103,4.618
176.0,veh_000,car,12.943059,77.673663,4.569
176.0,veh_001,car,12.945257,77.687195,5.083
176.0,veh_002,car,12.918123,77.62678,3.187
176.0,veh_003,car,12.920453,77.630119,5.726
176.0,veh_004,car,12.93415,77.650334,5.477
176.0,veh_005,car,12.94155,77.66922,7.638
176.0,veh_006,car,12.927675,77.640296,3.716
176.0,veh_008,car,12.938921,77.661567,2.767
176.0,veh_009,car,12.937724,77.658207,4.094
176.0,veh_010,bus,12.934136,77.650493,3.17
176.0,veh_011,motorcycle,12.936185,77.654001,5.352
176.0,veh_012,motorcycle,12.921506,77.631532,6.175
176.0,veh_014,motorcycle,12.946941,77.694964,5.734
176.0,veh_015,bus,12.94558,77.688291,3.194
176.0,veh_016,car,12.926897,77.639198,2.968
176.0,veh_017,bus,12.925845,77.637636,5.599
176.0,veh_018,car,12.920771,77.630532,6.893
176.0,veh_019,bus,12.927198,77.639601,1.989
176.0,veh_021,car,12.936478,77.654636,5.79
176.0,veh_023,truck,12.937156,77.656921,4.683
176.0,veh_025,bus,12.931937,77.646611,4.588
176.0,veh_026,car,12.938255,77.659793,3.833
176.0,veh_027,motorcycle,12.927622,77.64014,7.458
176.0,veh_028,car,12.936752,77.655711,3.884
176.0,veh_029,car,12.944937,77.685616,3.659
176.0,veh_030,bus,12.933568,77.649567,3.106
176.0,veh_031,car,12.937442,77.657593,6.658
176.0,veh_032,car,12.947826,77.697429,8.94
176.0,veh_034,car,12.947417,77.696144,4.549
176.0,veh_035,car,12.926597,77.638696,5.335
176.0,veh_036,motorcycle,12.939165,77.662288,3.314
176.0,veh_037,car,12.919583,77.628967,7.469
176.0,veh_038,motorcycle,12.941406,77.668614,7.9
176.0,veh_039,bus,12.937919,77.658708,6.006
176.0,veh_040,car,12.91851,77.627288,3.466
176.0,veh_041,motorcycle,12.922373,77.632781,1.719
176.0,veh_042,car,12.926226,77.638204,5.441
176.0,veh_043,car,12.918125,77.626703,8.592
176.0,veh_044,car,12.944345,77.679048,10.726
176.0,veh_045,car,12.940257,77.665219,3.398
176.0,veh_047,car,12.945019,77.684543,5.578
176.0,veh_048,car,12.948948,77.700736,5.171
176.0,veh_049,bus,12.942152,77.67103,2.738
177.0,veh_000,car,12.943094,77.673706,8.035
177.0,veh_001,car,12.945257,77.687341,9.157
177.0,veh_002,car,12.918069,77.626779,1.522
177.0,veh_003,car,12.920508,77.63015,3.358
177.0,veh_004,car,12.934146,77.650441,8.049
177.0,veh_005,car,12.94151,77.669387,6.974
177.0,veh_006,car,12.927824,77.640359,8.526
177.0,veh_008,car,12.938774,77.661557,5.189
177.0,veh_009,car,12.937727,77.658275,8.512
177.0,veh_010,bus,12.934225,77.650495,3.555
177.0,veh_011,motorcycle,12.936279,77.654107,8.103
177.0,veh_012,motorcycle,12.92147,77.631642,1.539
177.0,veh_014,motorcycle,12.946905,77.695086,9.772
177.0,veh_015,bus,12.945392,77.688467,4.528
177.0,veh_016,car,12.926896,77.639267,8.067
177.0,veh_017,bus,12.925886,77.637737,6.727
177.0,veh_018,car,12.920788,77.630589,4.154
177.0,veh_019,bus,12.927225,77.639625,3.693
177.0,veh_021,car,12.936431,77.654707,6.022
177.0,veh_023,truck,12.937293,77.65698,3.892
177.0,veh_025,bus,12.931894,77.646668,2.732
177.0,veh_026,car,12.938273,77.659759,5.889
177.0,veh_027,motorcycle,12.927504,77.640201,1.983
177.0,veh_028,car,12.936828,77.65576,6.854
177.0,veh_029,car,12.944923,77.685657,6.809
177.0,veh_030,bus,12.933516,77.649583,4.257
177.0,veh_031,car,12.937462,77.65768,4.086
177.0,veh_032,car,12.947782,77.697545,3.994
177.0,veh_034,car,12.947431,77.696271,5.679
177.0,veh_035,car,12.92655,77.638647,2.287
177.0,veh_036,motorcycle,12.939172,77.662391,5.869
177.0,veh_037,car,12.9196,77.628933,9.781
177.0,veh_038,motorcycle,12.941356,77.66867,3.122
177.0,veh_039,bus,12.937899,77.658614,3.717
177.0,veh_040,car,12.918516,77.627333,4.456
177.0,veh_041,motorcycle,12.92246,77.632941,6.076
177.0,veh_042,car,12.926197,77.638147,1.853
177.0,veh_043,car,12.918241,77.626806,9.121
177.0,veh_044,car,12.944391,77.679121,10.555
177.0,veh_045,car,12.940126,77.665406,9.426
177.0,veh_047,car,12.944979,77.684658,9.362
177.0,veh_048,car,12.948897,77.700827,6.502
177.0,veh_049,bus,12.942204,77.67116,4.266
178.0,veh_000,car,12.943079,77.673817,4.605
178.0,veh_001,car,12.945225,77.687311,5.067
178.0,veh_002,car,12.918187,77.626937,6.372
178.0,veh_003,car,12.920447,77.630338,4.242
178.0,veh_004,car,12.934216,77.650578,4.256
178.0,veh_005,car,12.941542,77.6694,7.008
178.0,veh_006,car,12.927798,77.640421,5.954
178.0,veh_008,car,12.938943,77.661668,7.169
178.0,veh_009,car,12.937774,77.658458,4.347
178.0,veh_010,bus,12.934194,77.650526,4.978
178.0,veh_011,motorcycle,12.936188,77.654198,5.471
178.0,veh_012,motorcycle,12.921676,77.63162,1.397
178.0,veh_014,motorcycle,12.946898,77.69519,5.932
178.0,veh_015,bus,12.945494,77.688372,4.511
178.0,veh_016,car,12.926961,77.639239,4.358
178.0,veh_017,bus,12.925882,77.637715,3.962
178.0,veh_018,car,12.920815,77.63057,5.457
178.0,veh_019,bus,12.927194,77.639639,2.505
178.0,veh_021,car,12.936464,77.65478,4.307
178.0,veh_023,truck,12.937174,77.657045,2.188
178.0,veh_025,bus,12.931971,77.646699,3.966
178.0,veh_026,car,12.938211,77.659931,7.75
178.0,veh_027,motorcycle,12.92763,77.640236,6.208
178.0,veh_028,car,12.936766,77.655838,5.662
178.0,veh_029,car,12.945018,77.685662,6.982
178.0,veh_030,bus,12.933607,77.649481,3.439
178.0,veh_031,car,12.937545,77.657726,7.246
178.0,veh_032,car,12.94796,77.697622,7.869
178.0,veh_034,car,12.947395,77.696263,3.323
178.0,veh_035,car,12.926671,77.638678,4.141
178.0,veh_036,motorcycle,12.939174,77.662417,9.862
178.0,veh_037,car,12.919644,77.629036,4.562
178.0,veh_038,motorcycle,12.941356,77.668783,10.683
178.0,veh_039,bus,12.937923,77.658714,4.643
178.0,veh_040,car,12.918573,77.627391,7.462
178.0,veh_041,motorcycle,12.922427,77.632831,5.237
178.0,veh_042,car,12.926203,77.638185,5.205
178.0,veh_043,car,12.918133,77.626907,4.457
178.0,veh_044,car,12.944468,77.679108,4.467
178.0,veh_045,car,12.94008,77.665357,6.278
178.0,veh_047,car,12.94499,77.684665,5.074
178.0,veh_048,car,12.948996,77.700904,7.483
178.0,veh_049,bus,12.942124,77.671142,4.998
179.0,veh_000,car,12.943138,77.673647,2.577
179.0,veh_001,car,12.9453,77.687436,8.731
179.0,veh_002,car,12.918173,77.626895,4.164
179.0,veh_003,car,12.920569,77.630258,1.204
179.0,veh_004,car,12.934293,77.650595,9.741
179.0,veh_005,car,12.941621,77.669456,8.027
179.0,veh_006,car,12.92784,77.640445,7.972
179.0,veh_008,car,12.938927,77.661736,3.562
179.0,veh_009,car,12.937703,77.658479,5.548
179.0,veh_010,bus,12.934178,77.650669,4.074
179.0,veh_011,motorcycle,12.93629,77.654205,9.823
179.0,veh_012,motorcycle,12.921534,77.631722,7.28
179.0,veh_014,motorcycle,12.947137,77.695235,7.249
179.0,veh_015,bus,12.945476,77.688397,4.177
179.0,veh_016,car,12.926955,77.639331,4.45
179.0,veh_017,bus,12.925878,77.637876,1.409
179.0,veh_018,car,12.920917,77.630755,4.326
179.0,veh_019,bus,12.927207,77.639708,4.909
179.0,veh_021,car,12.936497,77.65479,8.198
179.0,veh_023,truck,12.937198,77.657,3.312
179.0,veh_025,bus,12.931979,77.646701,2.495
179.0,veh_026,car,12.938274,77.659827,2.86
179.0,veh_027,motorcycle,12.927653,77.64025,0.1
179.0,veh_028,car,12.936795,77.655882,4.236
179.0,veh_029,car,12.945053,77.68575,4.34
179.0,veh_030,bus,12.933586,77.64949,1.216
179.0,veh_031,car,12.937662,77.65781,6.267
179.0,veh_032,car,12.947879,77.697549,3.777
179.0,veh_034,car,12.947355,77.696271,5.26
179.0,veh_035,car,12.9266,77.638858,5.243
179.0,veh_036,motorcycle,12.939183,77.66243,8.678
179.0,veh_037,car,12.919633,77.629096,5.267
179.0,veh_038,motorcycle,12.941438,77.668852,8.6
179.0,veh_039,bus,12.938021,77.658955,5.5
179.0,veh_040,car,12.918531,77.627435,4.667
179.0,veh_041,motorcycle,12.922522,77.632926,3.435
179.0,veh_042,car,12.9263,77.638391,7.65
179.0,veh_043,car,12.918209,77.626868,7.014
179.0,veh_044,car,12.944379,77.679166,2.649
179.0,veh_045,car,12.940278,77.665397,6.698
179.0,veh_047,car,12.94483,77.684755,8.384
179.0,veh_048,car,12.948896,77.700897,5.987
179.0,veh_049,bus,12.942233,77.671108,5.095
180.0,veh_000,car,12.943095,77.673881,4.587
180.0,veh_001,car,12.94528,77.687343,3.024
180.0,veh_002,car,12.918207,77.626956,6.193
180.0,veh_003,car,12.920541,77.630212,4.121
180.0,veh_004,car,12.934344,77.6507,7.301
180.0,veh_005,car,12.941619,77.66955,3.65
180.0,veh_006,car,12.927929,77.640679,8.654
180.0,veh_007,car,12.925428,77.63713,4.462
180.0,veh_008,car,12.93894,77.661706,2.111
180.0,veh_009,car,12.937843,77.658497,5.894
180.0,veh_010,bus,12.934187,77.650685,4.899
180.0,veh_011,motorcycle,12.936265,77.654347,4.448
180.0,veh_012,motorcycle,12.921668,77.631788,6.675
180.0,veh_014,motorcycle,12.946979,77.695225,7.054
180.0,veh_015,bus,12.945558,77.688422,4.119
180.0,veh_016,car,12.927081,77.639332,13.219
180.0,veh_017,bus,12.925892,77.637687,2.776
180.0,veh_018,car,12.920886,77.630678,2.778
180.0,veh_019,bus,12.927335,77.639687,5.566
180.0,veh_021,car,12.936614,77.654936,4.786
180.0,veh_023,truck,12.937335,77.657,3.427
180.0,veh_025,bus,12.932037,77.64665,2.437
180.0,veh_026,car,12.938331,77.659909,8.701
180.0,veh_027,motorcycle,12.927688,77.640273,7.833
180.0,veh_028,car,12.93692,77.655877,2.333
180.0,veh_029,car,12.945013,77.685793,3.208
180.0,veh_030,bus,12.933702,77.649536,4.57
180.0,veh_031,car,12.937548,77.657838,7.212
180.0,veh_032,car,12.947882,77.697562,1.055
180.0,veh_034,car,12.947344,77.696439,8.206
180.0,veh_035,car,12.926753,77.63879,4.929
180.0,veh_036,motorcycle,12.939175,77.662485,10.555
180.0,veh_037,car,12.919791,77.629118,7.1
180.0,veh_038,motorcycle,12.941407,77.668756,3.645
180.0,veh_039,bus,12.93789,77.658831,4.039
180.0,veh_040,car,12.918546,77.627507,5.581
180.0,veh_041,motorcycle,12.922416,77.632976,9.159
180.0,veh_042,car,12.926338,77.638313,7.323
180.0,veh_043,car,12.918224,77.626846,2.994
180.0,veh_044,car,12.944427,77.679315,2.697
180.0,veh_045,car,12.940261,77.665417,3.565
180.0,veh_047,car,12.944912,77.684846,6.386
180.0,veh_048,car,12.948986,77.700928,7.021
180.0,veh_049,bus,12.942195,77.671175,5.137
181.0,veh_000,car,12.943114,77.673842,4.282
181.0,veh_001,car,12.945374,77.687531,4.981
181.0,veh_002,car,12.918218,77.627015,8.414
181.0,veh_003,car,12.920577,77.630322,4.578
181.0,veh_004,car,12.934344,77.650762,7.059
181.0,veh_005,car,12.941706,77.669451,2.567
181.0,veh_006,car,12.927805,77.640574,1.092
181.0,veh_007,car,12.925476,77.637052,7.007
181.0,veh_008,car,12.939096,77.661838,9.517
181.0,veh_009,car,12.937781,77.658461,5.845
181.0,veh_010,bus,12.934238,77.650674,4.759
181.0,veh_011,motorcycle,12.936278,77.65445,5.249
181.0,veh_012,motorcycle,12.921622,77.631714,8.704
181.0,veh_014,motorcycle,12.947101,77.695287,8.03
181.0,veh_015,bus,12.945569,77.688425,4.435
181.0,veh_016,car,12.927133,77.639409,7.306
181.0,veh_017,bus,12.92604,77.637735,3.764
181.0,veh_018,car,12.920895,77.630774,8.612
181.0,veh_019,bus,12.927282,77.639716,4.636
181.0,veh_021,car,12.936507,77.654867,5.358
181.0,veh_023,truck,12.937213,77.657069,3.959
181.0,veh_025,bus,12.932108,77.646806,2.499
181.0,veh_026,car,12.938333,77.660014,9.073
181.0,veh_027,motorcycle,12.927728,77.640298,6.409
181.0,veh_028,car,12.93694,77.656001,3.569
181.0,veh_029,car,12.944994,77.685896,4.972
181.0,veh_030,bus,12.933611,77.64953,4.549
181.0,veh_031,car,12.937731,77.657954,6.718
181.0,veh_032,car,12.947884,77.697616,7.994
181.0,veh_034,car,12.94735,77.696361,1.735
181.0,veh_035,car,12.926723,77.638919,7.505
181.0,veh_036,motorcycle,12.939248,77.662708,6.069
181.0,veh_037,car,12.919793,77.629057,8.55
181.0,veh_038,motorcycle,12.941471,77.668951,8.697
181.0,veh_039,bus,12.937894,77.658867,3.401
181.0,veh_040,car,12.918613,77.627574,3.782
181.0,veh_041,motorcycle,12.922555,77.633036,3.848
181.0,veh_042,car,12.926235,77.638274,0.1
181.0,veh_043,car,12.918216,77.626948,6.306
181.0,veh_044,car,12.944402,77.679225,2.612
181.0,veh_045,car,12.9403,77.665544,7.707
181.0,veh_047,car,12.944986,77.684871,6.828
181.0,veh_049,bus,12.942228,77.671201,4.38
182.0,veh_000,car,12.943176,77.673897,7.469
182.0,veh_001,car,12.945329,77.687462,2.348
182.0,veh_002,car,12.918278,77.627025,1.31
182.0,veh_003,car,12.920664,77.630384,7.345
182.0,veh_004,car,12.934354,77.650758,5.572
182.0,veh_005,car,12.94162,77.669632,7.076
182.0,veh_006,car,12.927959,77.640679,7.719
182.0,veh_007,car,12.925505,77.637121,6.545
182.0,veh_008,car,12.938947,77.661826,2.415
182.0,veh_009,car,12.937818,77.658541,5.659
182.0,veh_010,bus,12.93433,77.65071,3.465
182.0,veh_011,motorcycle,12.936312,77.654368,3.261
182.0,veh_012,motorcycle,12.921774,77.631774,8.562
182.0,veh_014,motorcycle,12.94711,77.695342,6.74
182.0,veh_015,bus,12.945494,77.688488,3.645
182.0,veh_016,car,12.927036,77.639522,6.575
182.0,veh_017,bus,12.925913,77.637845,4.092
182.0,veh_018,car,12.920872,77.630697,3.356
182.0,veh_019,bus,12.927269,77.639861,5.424
182.0,veh_021,car,12.936572,77.654977,9.159
182.0,veh_023,truck,12.937229,77.657086,2.894
182.0,veh_025,bus,12.932046,77.646803,4.354
182.0,veh_026,car,12.938323,77.660001,4.049
182.0,veh_027,motorcycle,12.927795,77.640312,7.851
182.0,veh_028,car,12.936878,77.656018,8.701
182.0,veh_029,car,12.945072,77.686012,6.256
182.0,veh_030,bus,12.933672,77.649623,1.927
182.0,veh_031,car,12.937653,77.657931,5.785
182.0,veh_032,car,12.947837,77.697743,7.404
182.0,veh_034,car,12.947447,77.696354,2.598
182.0,veh_035,car,12.926628,77.638829,2.812
182.0,veh_036,motorcycle,12.939181,77.662632,5.026
182.0,veh_037,car,12.919773,77.629222,4.452
182.0,veh_038,motorcycle,12.941448,77.669069,10.267
182.0,veh_039,bus,12.937967,77.658849,3.013
182.0,veh_040,car,12.918608,77.627578,5.74
182.0,veh_041,motorcycle,12.922618,77.633061,4.193
182.0,veh_042,car,12.926333,77.638338,3.794
182.0,veh_043,car,12.918223,77.627081,6.289
182.0,veh_044,car,12.944405,77.679252,8.09
182.0,veh_045,car,12.940337,77.665593,6.482
182.0,veh_047,car,12.944953,77.684923,5.742
182.0,veh_049,bus,12.942293,77.671306,3.081
183.0,veh_000,car,12.943101,77.673966,2.552
183.0,veh_001,car,12.945277,77.687565,7.142
183.0,veh_002,car,12.918301,77.627098,4.973
183.0,veh_003,car,12.920706,77.630349,6.208
183.0,veh_004,car,12.934307,77.65083,8.783
183.0,veh_005,car,12.941668,77.669538,5.071
183.0,veh_006,car,12.928008,77.64074,8.839
183.0,veh_007,car,12.925494,77.637233,8.293
183.0,veh_008,car,12.939009,77.661906,4.57
183.0,veh_009,car,12.93794,77.658571,6.263
183.0,veh_010,bus,12.934254,77.650683,4.287
183.0,veh_011,motorcycle,12.936458,77.654375,6.379
183.0,veh_012,motorcycle,12.921761,77.631831,2.722
183.0,veh_013,car,12.94418,77.677121,8.613
183.0,veh_014,motorcycle,12.947195,77.695396,5.226
183.0,veh_015,bus,12.945592,77.688564,2.371
183.0,veh_016,car,12.927173,77.639562,9.194
183.0,veh_017,bus,12.925978,77.637855,3.795
183.0,veh_018,car,12.920972,77.630793,4.42
183.0,veh_019,bus,12.927369,77.639813,4.405
183.0,veh_021,car,12.936535,77.65502,4.785
183.0,veh_023,truck,12.937176,77.657086,3.222
183.0,veh_025,bus,12.932037,77.646834,2.23
183.0,veh_026,car,12.938342,77.660132,6.657
183.0,veh_027,motorcycle,12.927797,77.640395,3.911
183.0,veh_028,car,12.936981,77.656081,9.289
183.0,veh_029,car,12.945054,77.685999,8.159
183.0,veh_030,bus,12.933695,77.649623,4.149
183.0,veh_031,car,12.937608,77.657973,6.191
183.0,veh_032,car,12.947927,77.697768,3.607
183.0,veh_034,car,12.947453,77.696326,3.179
183.0,veh_035,car,12.926717,77.638911,0.1
183.0,veh_036,motorcycle,12.93928,77.662665,2.247
183.0,veh_037,car,12.919928,77.629226,8.128
183.0,veh_038,motorcycle,12.941387,77.669098,8.439
183.0,veh_039,bus,12.937971,77.659005,4.935
183.0,veh_040,car,12.918669,77.627631,4.717
183.0,veh_041,motorcycle,12.922672,77.633137,4.41
183.0,veh_042,car,12.926408,77.638341,5.968
183.0,veh_043,car,12.918308,77.626989,5.275
183.0,veh_044,car,12.944424,77.679373,5.017
183.0,veh_045,car,12.940313,77.665611,5.17
183.0,veh_047,car,12.944901,77.684964,2.062
183.0,veh_049,bus,12.942214,77.671321,5.293
184.0,veh_000,car,12.943218,77.674007,5.596
184.0,veh_001,car,12.945288,77.687586,1.564
184.0,veh_002,car,12.918305,77.627078,4.992
184.0,veh_003,car,12.920658,77.630387,6.729
184.0,veh_004,car,12.934373,77.650819,4.63
184.0,veh_005,car,12.941678,77.669639,6.981
184.0,veh_006,car,12.928077,77.640746,5.69
184.0,veh_007,car,12.925553,77.637102,0.847
184.0,veh_008,car,12.939015,77.661961,6.894
184.0,veh_009,car,12.937716,77.658607,4.905
184.0,veh_010,bus,12.934375,77.650828,4.468
184.0,veh_011,motorcycle,12.936376,77.654497,4.561
184.0,veh_012,motorcycle,12.921836,77.631843,7.466
184.0,veh_013,car,12.94421,77.677114,6.741
184.0,veh_014,motorcycle,12.947032,77.695493,5.344
184.0,veh_015,bus,12.945543,77.688609,2.723
184.0,veh_016,car,12.927159,77.639653,4.854
184.0,veh_017,bus,12.926062,77.63789,4.833
184.0,veh_018,car,12.920916,77.630827,9.118
184.0,veh_019,bus,12.927281,77.639799,3.659
184.0,veh_020,car,12.940179,77.664996,7.477
184.0,veh_021,car,12.936607,77.655019,4.237
184.0,veh_023,truck,12.937259,77.657121,3.943
184.0,veh_025,bus,12.932003,77.646877,6.218
184.0,veh_026,car,12.938399,77.660205,3.91
184.0,veh_027,motorcycle,12.927776,77.64054,9.867
184.0,veh_028,car,12.936955,77.656098,4.674
184.0,veh_029,car,12.945062,77.686067,6.371
184.0,veh_030,bus,12.93368,77.649614,6.744
184.0,veh_031,car,12.937575,77.658031,3.742
184.0,veh_032,car,12.947906,77.697844,4.376
184.0,veh_034,car,12.947375,77.696376,5.315
184.0,veh_035,car,12.926755,77.638884,5.846
184.0,veh_036,motorcycle,12.93928,77.66273,6.188
184.0,veh_037,car,12.91999,77.629286,6.06
184.0,veh_038,motorcycle,12.941483,77.669242,8.418
184.0,veh_039,bus,12.937919,77.659058,5.299
184.0,veh_040,car,12.918686,77.62768,7.439
184.0,veh_041,motorcycle,12.922603,77.633244,8.281
184.0,veh_042,car,12.926404,77.638444,3.669
184.0,veh_043,car,12.918327,77.627056,7.284
184.0,veh_044,car,12.944395,77.679501,6.565
184.0,veh_045,car,12.940286,77.665736,8.914
184.0,veh_047,car,12.944853,77.684961,3.194
184.0,veh_049,bus,12.942276,77.671393,6.04
185.0,veh_000,car,12.943164,77.674088,10.205
185.0,veh_001,car,12.945381,77.687599,5.955
185.0,veh_002,car,12.918337,77.626967,1.813
185.0,veh_003,car,12.920685,77.630489,2.17
185.0,veh_004,car,12.934384,77.650949,3.4
185.0,veh_005,car,12.941693,77.669686,5.915
185.0,veh_006,car,12.92805,77.640771,5.088
185.0,veh_007,car,12.92552,77.637197,6.61
185.0,veh_008,car,12.939016,77.662093,6.531
185.0,veh_009,car,12.937877,77.658732,3.335
185.0,veh_010,bus,12.934432,77.650796,3.392
185.0,veh_011,motorcycle,12.936429,77.654476,4.162
185.0,veh_012,motorcycle,12.921739,77.631987,4.017
185.0,veh_013,car,12.944216,77.677247,5.481
185.0,veh_014,motorcycle,12.947142,77.695587,12.728
185.0,veh_015,bus,12.945573,77.688654,4.058
185.0,veh_016,car,12.927187,77.639673,5.057
185.0,veh_017,bus,12.926013,77.638078,3.89
185.0,veh_018,car,12.920985,77.630899,3.775
185.0,veh_019,bus,12.927469,77.639784,4.159
185.0,veh_020,car,12.940151,77.665125,8.506
185.0,veh_021,car,12.936549,77.655132,7.003
185.0,veh_023,truck,12.937284,77.657129,3.131
185.0,veh_025,bus,12.931936,77.646866,4.669
185.0,veh_026,car,12.938428,77.660213,2.473
185.0,veh_027,motorcycle,12.927865,77.640587,8.615
185.0,veh_028,car,12.936982,77.656077,5.407
185.0,veh_029,car,12.94505,77.685955,6.626
185.0,veh_030,bus,12.933659,77.64976,5.447
185.0,veh_031,car,12.937646,77.658034,5.761
185.0,veh_032,car,12.947954,77.697827,5.954
185.0,veh_034,car,12.94749,77.696496,4.873
185.0,veh_035,car,12.926695,77.638923,4.977
185.0,veh_036,motorcycle,12.939385,77.662844,11.854
185.0,veh_037,car,12.91991,77.629323,11.353
185.0,veh_038,motorcycle,12.941495,77.669127,4.872
185.0,veh_039,bus,12.937993,77.659131,4.488
185.0,veh_040,car,12.918744,77.627711,3.073
185.0,veh_041,motorcycle,12.922724,77.633199,9.208
185.0,veh_042,car,12.9264,77.638407,4.179
185.0,veh_043,car,12.918318,77.62715,4.56
185.0,veh_044,car,12.944339,77.679444,2.392
185.0,veh_045,car,12.940361,77.665636,2.032
185.0,veh_047,car,12.944856,77.68503,3.169
185.0,veh_049,bus,12.94236,77.671416,6.569
186.0,veh_000,car,12.943202,77.674148,10.17
186.0,veh_001,car,12.945414,77.687747,8.291
186.0,veh_002,car,12.918376,77.627128,9.619
186.0,veh_003,car,12.92079,77.630449,2.237
186.0,veh_004,car,12.934421,77.650925,7.803
186.0,veh_005,car,12.941777,77.669775,5.582
186.0,veh_006,car,12.928121,77.640788,5.859
186.0,veh_007,car,12.92563,77.637343,5.334
186.0,veh_008,car,12.939062,77.662022,6.58
186.0,veh_009,car,12.937818,77.658664,5.679
186.0,veh_010,bus,12.934225,77.650845,1.79
186.0,veh_011,motorcycle,12.936349,77.654545,5.594
186.0,veh_012,motorcycle,12.921767,77.631879,0.566
186.0,veh_013,car,12.944207,77.677256,8.404
186.0,veh_014,motorcycle,12.94711,77.695652,4.286
186.0,veh_015,bus,12.945574,77.688557,3.267
186.0,veh_016,car,12.927253,77.639635,5.787
186.0,veh_017,bus,12.926128,77.637865,4.737
186.0,veh_018,car,12.921049,77.631044,8.07
186.0,veh_019,bus,12.927398,77.639941,4.986
186.0,veh_020,car,12.940204,77.665235,3.757
186.0,veh_021,car,12.936683,77.655197,1.478
186.0,veh_023,truck,12.937254,77.65725,2.3
186.0,veh_025,bus,12.932154,77.64683,4.547
186.0,veh_026,car,12.938437,77.660228,7.248
186.0,veh_027,motorcycle,12.927899,77.640674,8.558
186.0,veh_028,car,12.936975,77.65623,5.854
186.0,veh_029,car,12.94502,77.686143,4.281
186.0,veh_030,bus,12.933744,77.649781,1.992
186.0,veh_031,car,12.937617,77.658011,3.534
186.0,veh_032,car,12.947885,77.697928,7.328
186.0,veh_033,car,12.944223,77.677119,4.954
186.0,veh_034,car,12.947465,77.696508,4.574
186.0,veh_035,car,12.926784,77.639016,3.0
186.0,veh_036,motorcycle,12.939424,77.662881,9.889
186.0,veh_037,car,12.919999,77.629337,4.575
186.0,veh_038,motorcycle,12.941492,77.669185,4.107
186.0,veh_039,bus,12.938035,77.65905,3.33
186.0,veh_040,car,12.918685,77.627649,4.509
186.0,veh_041,motorcycle,12.922749,77.633284,9.385
186.0,veh_042,car,12.926425,77.638435,10.975
186.0,veh_043,car,12.918343,77.627224,8.19
186.0,veh_044,car,12.944412,77.679524,4.122
186.0,veh_045,car,12.94029,77.66588,6.536
186.0,veh_047,car,12.944927,77.684965,2.237
186.0,veh_049,bus,12.942269,77.671399,5.407
187.0,veh_000,car,12.94324,77.674253,2.995
187.0,veh_001,car,12.94534,77.687809,7.097
187.0,veh_002,car,12.918422,77.62723,4.095
187.0,veh_003,car,12.920738,77.630585,3.144
187.0,veh_004,car,12.934451,77.650952,2.418
187.0,veh_005,car,12.941765,77.669822,4.469
187.0,veh_006,car,12.928017,77.640917,2.093
187.0,veh_007,car,12.925627,77.637366,4.027
187.0,veh_008,car,12.939018,77.662035,5.637
187.0,veh_009,car,12.937769,77.658727,6.775
187.0,veh_010,bus,12.934397,77.650808,4.011
187.0,veh_011,motorcycle,12.93638,77.654653,7.389
187.0,veh_012,motorcycle,12.921809,77.631997,4.957
187.0,veh_013,car,12.944189,77.677293,7.639
187.0,veh_014,motorcycle,12.947131,77.695692,6.662
187.0,veh_015,bus,12.945518,77.688671,4.484
187.0,veh_016,car,12.927362,77.639738,7.396
187.0,veh_017,bus,12.926099,77.637999,2.973
187.0,veh_018,car,12.921043,77.630981,0.1
187.0,veh_019,bus,12.927484,77.639891,4.587
187.0,veh_020,car,12.940156,77.665266,10.439
187.0,veh_021,car,12.936589,77.655132,4.16
187.0,veh_023,truck,12.937353,77.657209,2.975
187.0,veh_025,bus,12.932181,77.646999,3.328
187.0,veh_026,car,12.938432,77.660327,8.884
187.0,veh_027,motorcycle,12.927952,77.640681,4.449
187.0,veh_028,car,12.937009,77.656197,8.372
187.0,veh_029,car,12.945102,77.686189,3.909
187.0,veh_030,bus,12.933755,77.649705,4.246
187.0,veh_031,car,12.937658,77.65812,0.477
187.0,veh_032,car,12.948019,77.698045,6.398
187.0,veh_033,car,12.944236,77.677098,7.37
187.0,veh_034,car,12.947494,77.696595,6.317
187.0,veh_035,car,12.926827,77.638964,4.947
187.0,veh_036,motorcycle,12.939362,77.662919,9.196
187.0,veh_037,car,12.920017,77.629484,6.888
187.0,veh_038,motorcycle,12.941598,77.669286,10.709
187.0,veh_039,bus,12.938037,77.659178,5.51
187.0,veh_040,car,12.91875,77.627662,6.084
187.0,veh_041,motorcycle,12.922825,77.633482,11.269
187.0,veh_042,car,12.926515,77.638599,3.876
187.0,veh_043,car,12.918447,77.627154,3.182
187.0,veh_044,car,12.944423,77.679554,7.226
187.0,veh_045,car,12.940329,77.665848,5.088
187.0,veh_047,car,12.944954,77.685093,6.217
187.0,veh_049,bus,12.942322,77.671585,2.882
188.0,veh_000,car,12.943169,77.67425,7.845
188.0,veh_001,car,12.945393,77.687884,4.572
188.0,veh_002,car,12.918398,77.627209,5.745
188.0,veh_003,car,12.920804,77.630559,4.036
188.0,veh_004,car,12.934463,77.651022,2.368
188.0,veh_005,car,12.941736,77.669843,7.392
188.0,veh_006,car,12.927968,77.640922,3.609
188.0,veh_007,car,12.925565,77.637354,3.789
188.0,veh_008,car,12.939067,77.662152,6.651
188.0,veh_009,car,12.937899,77.658835,6.987
188.0,veh_010,bus,12.934359,77.650919,2.096
188.0,veh_011,motorcycle,12.936498,77.654638,7.554
188.0,veh_012,motorcycle,12.921843,77.632022,9.672
188.0,veh_013,car,12.944175,77.677413,8.928
188.0,veh_014,motorcycle,12.947301,77.695707,7.321
188.0,veh_015,bus,12.945533,77.688745,4.407
188.0,veh_016,car,12.92725,77.639889,4.871
188.0,veh_017,bus,12.926075,77.637935,3.38
188.0,veh_018,car,12.921087,77.631151,5.75
188.0,veh_019,bus,12.927432,77.639893,4.449
188.0,veh_020,car,12.940237,77.665223,2.493
188.0,veh_021,car,12.936547,77.655285,8.983
188.0,veh_023,truck,12.937299,77.657277,3.056
188.0,veh_025,bus,12.932163,77.646979,4.12
188.0,veh_026,car,12.938371,77.660426,7.023
188.0,veh_027,motorcycle,12.928006,77.640804,9.304
188.0,veh_028,car,12.937057,77.656295,6.139
188.0,veh_029,car,12.945152,77.686245,5.187
188.0,veh_030,bus,12.933812,77.649911,2.612
188.0,veh_031,car,12.937596,77.658265,5.478
188.0,veh_032,car,12.947988,77.698035,6.582
188.0,veh_033,car,12.944234,77.677218,7.005
188.0,veh_034,car,12.947477,77.696594,3.447
188.0,veh_035,car,12.926787,77.639073,4.853
188.0,veh_036,motorcycle,12.939468,77.663051,5.116
188.0,veh_037,car,12.920052,77.629523,8.181
188.0,veh_038,motorcycle,12.94165,77.669337,4.193
188.0,veh_039,bus,12.938028,77.659148,4.309
188.0,veh_040,car,12.918777,77.6278,3.795
188.0,veh_041,motorcycle,12.922828,77.633401,6.919
188.0,veh_042,car,12.926544,77.638695,10.098
188.0,veh_043,car,12.918448,77.627332,8.846
188.0,veh_044,car,12.944315,77.679616,2.563
188.0,veh_045,car,12.940394,77.665861,3.978
188.0,veh_047,car,12.944878,77.685181,5.032
188.0,veh_049,bus,12.942342,77.671556,2.701
189.0,veh_000,car,12.943243,77.674373,8.419
189.0,veh_001,car,12.945455,77.687865,7.829
189.0,veh_002,car,12.918416,77.627318,6.74
189.0,veh_003,car,12.920827,77.630583,4.531
189.0,veh_004,car,12.934412,77.651008,2.163
189.0,veh_005,car,12.941819,77.669827,4.08
189.0,veh_006,car,12.928083,77.64094,2.814
189.0,veh_007,car,12.925668,77.637381,1.934
189.0,veh_008,car,12.939156,77.662191,4.578
189.0,veh_009,car,12.937881,77.658844,7.599
189.0,veh_010,bus,12.934411,77.650845,3.109
189.0,veh_011,motorcycle,12.936428,77.654732,7.186
189.0,veh_012,motorcycle,12.921884,77.632068,4.984
189.0,veh_013,car,12.944252,77.677438,4.649
189.0,veh_014,motorcycle,12.94723,77.69576,6.716
189.0,veh_015,bus,12.94554,77.688765,5.44
189.0,veh_016,car,12.927341,77.639769,6.985
189.0,veh_017,bus,12.926175,77.638056,5.271
189.0,veh_018,car,12.921077,77.631073,2.899
189.0,veh_019,bus,12.927517,77.639991,2.773
189.0,veh_020,car,12.940237,77.665294,2.183
189.0,veh_021,car,12.936634,77.655258,4.796
189.0,veh_023,truck,12.93733,77.657147,2.042
189.0,veh_025,bus,12.932158,77.646907,5.895
189.0,veh_026,car,12.938464,77.660388,5.753
189.0,veh_027,motorcycle,12.927974,77.640788,6.81
189.0,veh_028,car,12.93708,77.656385,8.694
189.0,veh_029,car,12.945055,77.686267,7.47
189.0,veh_030,bus,12.933799,77.649833,5.947
189.0,veh_031,car,12.937693,77.658259,4.524
189.0,veh_032,car,12.948077,77.698076,4.483
189.0,veh_033,car,12.944259,77.67719,4.402
189.0,veh_034,car,12.947601,77.696647,8.541
189.0,veh_035,car,12.926814,77.639156,2.788
189.0,veh_036,motorcycle,12.939394,77.663105,6.249
189.0,veh_037,car,12.920065,77.629511,1.65
189.0,veh_038,motorcycle,12.941532,77.669396,1.923
189.0,veh_039,bus,12.937958,77.659129,5.923
189.0,veh_040,car,12.918695,77.627832,0.1
189.0,veh_041,motorcycle,12.922853,77.633464,6.791
189.0,veh_042,car,12.926575,77.638783,6.588
189.0,veh_043,car,12.918457,77.627269,4.927
189.0,veh_044,car,12.944389,77.679596,6.996
189.0,veh_045,car,12.940461,77.665873,4.346
189.0,veh_047,car,12.944908,77.685144,3.249
189.0,veh_049,bus,12.942275,77.671541,3.315
190.0,veh_000,car,12.943283,77.67437,5.127
190.0,veh_001,car,12.945438,77.687856,6.358
190.0,veh_002,car,12.918404,77.627297,4.004
190.0,veh_003,car,12.920847,77.63056,5.583
190.0,veh_004,car,12.934405,77.651078,5.46
190.0,veh_005,car,12.941819,77.669915,8.551
190.0,veh_006,car,12.928163,77.640948,7.124
190.0,veh_007,car,12.925675,77.637328,3.919
190.0,veh_008,car,12.939105,77.662217,8.015
190.0,veh_009,car,12.937978,77.658947,4.246
190.0,veh_010,bus,12.934373,77.650889,6.139
190.0,veh_011,motorcycle,12.936383,77.654789,5.579
190.0,veh_012,motorcycle,12.921938,77.632157,6.28
190.0,veh_013,car,12.944238,77.677588,8.636
190.0,veh_014,motorcycle,12.947262,77.695768,7.213
190.0,veh_015,bus,12.945472,77.688733,3.305
190.0,veh_016,car,12.927381,77.639876,7.673
190.0,veh_017,bus,12.926163,77.638074,2.317
190.0,veh_018,car,12.921219,77.631021,5.997
190.0,veh_019,bus,12.927499,77.640015,2.607
190.0,veh_020,car,12.94024,77.665397,10.743
190.0,veh_021,car,12.936694,77.65537,6.84
190.0,veh_023,truck,12.937305,77.657271,4.529
190.0,veh_025,bus,12.932198,77.646989,0.971
190.0,veh_026,car,12.938499,77.660464,3.143
190.0,veh_027,motorcycle,12.928095,77.640824,7.424
190.0,veh_028,car,12.937018,77.656466,3.374
190.0,veh_029,car,12.94507,77.68631,8.332
190.0,veh_030,bus,12.933801,77.649977,5.296
190.0,veh_031,car,12.937734,77.658197,4.897
190.0,veh_032,car,12.947997,77.698072,5.797
190.0,veh_033,car,12.944254,77.6772,5.914
190.0,veh_034,car,12.947565,77.696705,4.576
190.0,veh_035,car,12.926788,77.639174,3.401
190.0,veh_036,motorcycle,12.939299,77.663185,10.479
190.0,veh_037,car,12.920099,77.629524,6.814
190.0,veh_038,motorcycle,12.941522,77.669321,4.655
190.0,veh_039,bus,12.93801,77.659232,4.463
190.0,veh_040,car,12.918793,77.627826,4.942
190.0,veh_041,motorcycle,12.922993,77.633487,8.319
190.0,veh_042,car,12.926629,77.638713,7.353
190.0,veh_043,car,12.918482,77.627415,7.747
190.0,veh_044,car,12.944353,77.679729,4.769
190.0,veh_045,car,12.940389,77.665869,4.506
190.0,veh_047,car,12.94499,77.685237,5.256
190.0,veh_049,bus,12.942376,77.671544,2.674
191.0,veh_000,car,12.943309,77.674373,1.88
191.0,veh_001,car,12.945452,77.687899,5.297
191.0,veh_002,car,12.918432,77.627397,0.271
191.0,veh_003,car,12.920762,77.630637,1.637
191.0,veh_004,car,12.934431,77.651083,3.615
191.0,veh_005,car,12.941767,77.669974,7.205
191.0,veh_006,car,12.928094,77.640933,4.355
191.0,veh_007,car,12.925741,77.637393,6.932
191.0,veh_008,car,12.939055,77.66223,0.1
191.0,veh_009,car,12.938001,77.659096,8.525
191.0,veh_010,bus,12.934407,77.650922,3.007
191.0,veh_011,motorcycle,12.936479,77.654843,8.955
191.0,veh_012,motorcycle,12.922001,77.632191,8.554
191.0,veh_013,car,12.944315,77.677553,3.894
191.0,veh_014,motorcycle,12.947262,77.69588,10.455
191.0,veh_015,bus,12.945523,77.688822,2.431
191.0,veh_016,car,12.927432,77.639958,2.366
191.0,veh_017,bus,12.926089,77.638097,3.595
191.0,veh_018,car,12.921183,77.631128,8.008
191.0,veh_019,bus,12.927468,77.640039,3.767
191.0,veh_020,car,12.940228,77.665429,8.638
191.0,veh_021,car,12.936644,77.655384,8.712
191.0,veh_023,truck,12.937354,77.657209,3.958
191.0,veh_025,bus,12.932204,77.647048,2.935
191.0,veh_026,car,12.938542,77.660544,6.476
191.0,veh_027,motorcycle,12.92806,77.640938,4.069
191.0,veh_028,car,12.937079,77.656543,7.274
191.0,veh_029,car,12.945055,77.686414,8.211
191.0,veh_030,bus,12.933809,77.649931,2.716
191.0,veh_031,car,12.937718,77.658282,8.743
191.0,veh_032,car,12.948003,77.698186,5.679
191.0,veh_033,car,12.944248,77.677333,6.343
191.0,veh_034,car,12.947571,77.696726,0.1
191.0,veh_035,car,12.926952,77.639196,7.777
191.0,veh_036,motorcycle,12.93947,77.663176,7.634
191.0,veh_037,car,12.92015,77.629647,8.802
191.0,veh_038,motorcycle,12.941705,77.669454,7.231
191.0,veh_039,bus,12.938102,77.659276,3.749
191.0,veh_040,car,12.918861,77.627729,8.609
191.0,veh_041,motorcycle,12.922976,77.633631,5.483
191.0,veh_042,car,12.926644,77.638758,6.036
191.0,veh_043,car,12.918544,77.627407,7.766
191.0,veh_044,car,12.944477,77.679777,5.5
191.0,veh_045,car,12.940331,77.665946,1.038
191.0,veh_047,car,12.944934,77.685298,4.532
191.0,veh_049,bus,12.942425,77.67169,4.003
192.0,veh_000,car,12.943314,77.674412,2.461
192.0,veh_001,car,12.945373,77.688087,4.471
192.0,veh_002,car,12.918461,77.627346,2.261
192.0,veh_003,car,12.920825,77.630627,6.932
192.0,veh_004,car,12.934617,77.651061,6.053
192.0,veh_005,car,12.941829,77.670096,5.614
192.0,veh_006,car,12.928162,77.640967,4.098
192.0,veh_007,car,12.925711,77.637553,7.066
192.0,veh_008,car,12.9391,77.662329,5.959
192.0,veh_009,car,12.938019,77.659138,5.958
192.0,veh_010,bus,12.934447,77.650953,4.927
192.0,veh_011,motorcycle,12.936534,77.65486,5.114
192.0,veh_012,motorcycle,12.92199,77.632155,8.524
192.0,veh_013,car,12.944322,77.677659,2.268
192.0,veh_014,motorcycle,12.947228,77.695929,5.689
192.0,veh_015,bus,12.945621,77.688911,5.557
192.0,veh_016,car,12.927429,77.63994,6.013
192.0,veh_017,bus,12.926186,77.638055,2.806
192.0,veh_018,car,12.92122,77.631213,6.717
192.0,veh_019,bus,12.927512,77.640092,4.668
192.0,veh_020,car,12.940226,77.665491,6.935
192.0,veh_021,car,12.936709,77.655502,4.158
192.0,veh_023,truck,12.937423,77.657363,3.554
192.0,veh_025,bus,12.932181,77.64703,3.753
192.0,veh_026,car,12.938519,77.660602,3.723
192.0,veh_027,motorcycle,12.928138,77.640938,6.683
192.0,veh_028,car,12.937126,77.656525,7.478
192.0,veh_029,car,12.945105,77.68652,4.47
192.0,veh_030,bus,12.933818,77.649905,4.855
192.0,veh_031,car,12.937647,77.658416,6.552
192.0,veh_032,car,12.948038,77.698249,2.872
192.0,veh_033,car,12.944246,77.677489,4.406
192.0,veh_034,car,12.947555,77.696762,6.229
192.0,veh_035,car,12.926904,77.639236,5.866
192.0,veh_036,motorcycle,12.939493,77.663194,3.342
192.0,veh_037,car,12.920179,77.629627,4.654
192.0,veh_038,motorcycle,12.941655,77.669477,6.356
192.0,veh_039,bus,12.938114,77.659323,4.351
192.0,veh_040,car,12.918916,77.627836,3.172
192.0,veh_041,motorcycle,12.923039,77.633648,8.307
192.0,veh_042,car,12.926626,77.638789,4.239
192.0,veh_043,car,12.918532,77.627385,6.129
192.0,veh_044,car,12.94444,77.679752,6.599
192.0,veh_045,car,12.940426,77.666006,5.093
192.0,veh_047,car,12.944923,77.685356,5.482
192.0,veh_049,bus,12.942367,77.671544,2.052
193.0,veh_000,car,12.94337,77.67441,4.491
193.0,veh_001,car,12.945379,77.688075,3.98
193.0,veh_002,car,12.918537,77.62731,2.744
193.0,veh_003,car,12.921014,77.630744,5.568
193.0,veh_004,car,12.934594,77.651208,9.461
193.0,veh_005,car,12.941947,77.670209,12.128
193.0,veh_006,car,12.928251,77.641021,4.683
193.0,veh_007,car,12.925782,77.637452,5.464
193.0,veh_008,car,12.939177,77.662429,5.915
193.0,veh_009,car,12.937954,77.65903,5.621
193.0,veh_010,bus,12.934529,77.651072,2.912
193.0,veh_011,motorcycle,12.936547,77.655019,5.501
193.0,veh_012,motorcycle,12.922029,77.632333,3.184
193.0,veh_013,car,12.944209,77.677639,5.115
193.0,veh_014,motorcycle,12.947354,77.696017,8.163
193.0,veh_015,bus,12.945656,77.688928,4.91
193.0,veh_016,car,12.927406,77.640072,6.907
193.0,veh_017,bus,12.926128,77.638181,5.658
193.0,veh_018,car,12.921305,77.631171,6.499
193.0,veh_019,bus,12.927604,77.640135,6.998
193.0,veh_020,car,12.940271,77.665601,4.926
193.0,veh_021,car,12.936731,77.655566,5.281
193.0,veh_023,truck,12.937385,77.657382,4.196
193.0,veh_025,bus,12.932216,77.647059,2.348
193.0,veh_026,car,12.938507,77.660663,7.388
193.0,veh_027,motorcycle,12.928174,77.640883,5.31
193.0,veh_028,car,12.93704,77.656568,8.594
193.0,veh_029,car,12.945046,77.686405,5.743
193.0,veh_030,bus,12.933803,77.649955,3.785
193.0,veh_031,car,12.93774,77.658415,0.1
193.0,veh_032,car,12.948039,77.698341,9.057
193.0,veh_033,car,12.944166,77.677462,5.244
193.0,veh_034,car,12.947618,77.696913,8.608
193.0,veh_035,car,12.927006,77.639271,5.36
193.0,veh_036,motorcycle,12.939538,77.663354,6.858
193.0,veh_037,car,12.920277,77.629749,7.011
193.0,veh_038,motorcycle,12.94152,77.669497,4.754
193.0,veh_039,bus,12.938242,77.659348,4.775
193.0,veh_040,car,12.918896,77.627825,6.146
193.0,veh_041,motorcycle,12.923141,77.633722,7.942
193.0,veh_042,car,12.926763,77.638931,8.511
193.0,veh_043,car,12.918577,77.627501,6.393
193.0,veh_044,car,12.944327,77.679836,3.469
193.0,veh_045,car,12.940414,77.666073,3.11
193.0,veh_047,car,12.94491,77.685294,3.467
193.0,veh_049,bus,12.942439,77.67165,4.881
194.0,veh_000,car,12.943324,77.674538,2.955
194.0,veh_001,car,12.945418,77.688178,6.9
194.0,veh_002,car,12.918513,77.62745,5.978
194.0,veh_003,car,12.920907,77.630607,2.011
194.0,veh_004,car,12.934593,77.651361,8.741
194.0,veh_005,car,12.941912,77.670267,6.616
194.0,veh_006,car,12.928287,77.641093,9.496
194.0,veh_007,car,12.925758,77.637588,9.864
194.0,veh_008,car,12.939125,77.662397,3.095
194.0,veh_009,car,12.938003,77.659137,3.887
194.0,veh_010,bus,12.934567,77.651023,5.501
194.0,veh_011,motorcycle,12.936441,77.655045,7.744
194.0,veh_012,motorcycle,12.922024,77.63236,7.746
194.0,veh_013,car,12.944256,77.67767,7.626
194.0,veh_014,motorcycle,12.947168,77.696114,8.496
194.0,veh_015,bus,12.945586,77.688945,4.948
194.0,veh_016,car,12.927515,77.640079,7.941
194.0,veh_017,bus,12.926174,77.638121,4.275
194.0,veh_018,car,12.921311,77.631238,3.877
194.0,veh_019,bus,12.927637,77.640196,5.53
194.0,veh_020,car,12.940407,77.665557,7.543
194.0,veh_021,car,12.936677,77.655565,6.559
194.0,veh_023,truck,12.937399,77.657421,3.594
194.0,veh_025,bus,12.932328,77.647074,3.376
194.0,veh_026,car,12.938522,77.660543,1.087
194.0,veh_027,motorcycle,12.928195,77.640996,8.182
194.0,veh_028,car,12.93717,77.656677,6.578
194.0,veh_029,car,12.94511,77.686606,5.664
194.0,veh_030,bus,12.93397,77.649947,3.005
194.0,veh_031,car,12.937761,77.65837,3.849
194.0,veh_032,car,12.948167,77.698385,9.754
194.0,veh_033,car,12.944285,77.677492,7.231
194.0,veh_034,car,12.947619,77.696827,4.566
194.0,veh_035,car,12.926992,77.639282,4.019
194.0,veh_036,motorcycle,12.939515,77.663421,9.489
194.0,veh_037,car,12.920219,77.629774,3.188
194.0,veh_038,motorcycle,12.941623,77.669537,6.024
194.0,veh_039,bus,12.938156,77.659382,1.675
194.0,veh_040,car,12.918899,77.627893,1.43
194.0,veh_041,motorcycle,12.923064,77.63372,2.492
194.0,veh_042,car,12.926757,77.638905,5.798
194.0,veh_043,car,12.918655,77.62755,6.786
194.0,veh_044,car,12.944431,77.679884,3.814
194.0,veh_045,car,12.940518,77.665958,5.792
194.0,veh_047,car,12.94491,77.685337,8.398
194.0,veh_049,bus,12.942345,77.671668,3.81
195.0,veh_000,car,12.943313,77.674441,0.999
195.0,veh_001,car,12.945476,77.688248,4.021
195.0,veh_002,car,12.918594,77.627402,6.927
195.0,veh_003,car,12.920889,77.630843,6.583
195.0,veh_004,car,12.934681,77.651262,4.801
195.0,veh_005,car,12.94184,77.670294,7.116
195.0,veh_006,car,12.928352,77.641116,2.443
195.0,veh_007,car,12.925832,77.637677,6.591
195.0,veh_008,car,12.939182,77.662432,4.636
195.0,veh_009,car,12.93801,77.659221,7.062
195.0,veh_010,bus,12.934457,77.651074,4.097
195.0,veh_011,motorcycle,12.936606,77.655057,6.417
195.0,veh_012,motorcycle,12.922157,77.632397,7.46
195.0,veh_013,car,12.944323,77.677723,3.909
195.0,veh_014,motorcycle,12.947383,77.696035,7.875
195.0,veh_015,bus,12.945643,77.688928,4.125
195.0,veh_016,car,12.927518,77.640014,1.599
195.0,veh_017,bus,12.92627,77.638101,2.869
195.0,veh_018,car,12.921341,77.631358,2.855
195.0,veh_019,bus,12.927603,77.640259,3.898
195.0,veh_020,car,12.940287,77.665834,4.95
195.0,veh_021,car,12.936774,77.655654,3.851
195.0,veh_023,truck,12.93744,77.657445,3.5
195.0,veh_025,bus,12.93221,77.647057,4.496
195.0,veh_026,car,12.938463,77.66062,6.683
195.0,veh_027,motorcycle,12.928189,77.641052,7.761
195.0,veh_028,car,12.937235,77.656691,10.342
195.0,veh_029,car,12.94506,77.686561,4.17
195.0,veh_030,bus,12.933918,77.650069,3.999
195.0,veh_031,car,12.937744,77.658464,6.344
195.0,veh_032,car,12.948202,77.698444,5.632
195.0,veh_033,car,12.944219,77.677491,0.919
195.0,veh_034,car,12.94768,77.696874,5.472
195.0,veh_035,car,12.926935,77.639346,6.039
195.0,veh_036,motorcycle,12.939473,77.663419,2.628
195.0,veh_037,car,12.920211,77.629772,2.836
195.0,veh_038,motorcycle,12.941724,77.669601,1.316
195.0,veh_039,bus,12.938079,77.659383,3.829
195.0,veh_040,car,12.918904,77.627981,5.306
195.0,veh_041,motorcycle,12.923138,77.633847,6.835
195.0,veh_042,car,12.926777,77.638959,8.665
195.0,veh_043,car,12.918719,77.627623,5.167
195.0,veh_044,car,12.944453,77.679868,7.639
195.0,veh_045,car,12.940436,77.666182,5.798
195.0,veh_047,car,12.944939,77.685437,5.576
195.0,veh_049,bus,12.942421,77.671845,4.255
196.0,veh_000,car,12.943428,77.674544,3.479
196.0,veh_001,car,12.945418,77.688243,5.72
196.0,veh_002,car,12.918594,77.627565,9.08
196.0,veh_003,car,12.920925,77.630752,7.045
196.0,veh_004,car,12.934604,77.651289,5.451
196.0,veh_005,car,12.941947,77.670396,5.013
196.0,veh_006,car,12.928283,77.641195,9.276
196.0,veh_007,car,12.925923,77.637764,10.576
196.0,veh_008,car,12.939203,77.662436,1.861
196.0,veh_009,car,12.938084,77.659273,6.436
196.0,veh_010,bus,12.934415,77.651114,2.661
196.0,veh_011,motorcycle,12.936583,77.655159,6.282
196.0,veh_012,motorcycle,12.922042,77.632452,2.78
196.0,veh_013,car,12.94422,77.677823,5.995
196.0,veh_014,motorcycle,12.947328,77.696259,10.155
196.0,veh_015,bus,12.945492,77.688992,2.939
196.0,veh_016,car,12.927606,77.640029,1.36
196.0,veh_017,bus,12.926226,77.638197,2.773
196.0,veh_018,car,12.921363,77.631325,7.566
196.0,veh_019,bus,12.9277,77.640301,4.493
196.0,veh_020,car,12.940315,77.665754,5.983
196.0,veh_021,car,12.936774,77.655613,5.625
196.0,veh_023,truck,12.93745,77.657501,4.239
196.0,veh_025,bus,12.932254,77.647126,2.036
196.0,veh_026,car,12.938518,77.660685,4.221
196.0,veh_027,motorcycle,12.928229,77.641145,6.854
196.0,veh_028,car,12.937162,77.656753,1.958
196.0,veh_029,car,12.945111,77.686617,3.32
196.0,veh_030,bus,12.934001,77.650038,4.067
196.0,veh_031,car,12.937804,77.658602,9.098
196.0,veh_032,car,12.948103,77.698499,0.1
196.0,veh_033,car,12.944236,77.677549,11.7
196.0,veh_034,car,12.947643,77.696947,7.621
196.0,veh_035,car,12.927067,77.639401,7.445
196.0,veh_036,motorcycle,12.939602,77.663531,7.891
196.0,veh_037,car,12.920236,77.629892,4.788
196.0,veh_038,motorcycle,12.941719,77.66968,11.735
196.0,veh_039,bus,12.938171,77.659412,4.989
196.0,veh_040,car,12.919012,77.628013,5.175
196.0,veh_041,motorcycle,12.923034,77.633822,7.066
196.0,veh_042,car,12.92678,77.638914,5.149
196.0,veh_043,car,12.918676,77.627711,7.566
196.0,veh_044,car,12.944503,77.679979,3.796
196.0,veh_045,car,12.940481,77.666184,7.39
196.0,veh_047,car,12.944914,77.685568,4.936
196.0,veh_049,bus,12.942429,77.671771,4.265
197.0,veh_000,car,12.943377,77.674548,5.561
197.0,veh_001,car,12.945422,77.688287,6.469
197.0,veh_002,car,12.918757,77.627523,6.453
197.0,veh_003,car,12.921053,77.630895,5.66
197.0,veh_004,car,12.934709,77.651404,10.255
197.0,veh_005,car,12.941897,77.670408,6.597
197.0,veh_006,car,12.928335,77.641146,4.468
197.0,veh_007,car,12.925902,77.637708,4.945
197.0,veh_008,car,12.939256,77.662443,7.492
197.0,veh_009,car,12.937981,77.659255,5.083
197.0,veh_010,bus,12.934483,77.651159,3.979
197.0,veh_011,motorcycle,12.93666,77.655121,2.739
197.0,veh_012,motorcycle,12.922218,77.632466,8.224
197.0,veh_013,car,12.944255,77.677747,4.057
197.0,veh_014,motorcycle,12.947392,77.69624,2.809
197.0,veh_015,bus,12.945626,77.68908,3.893
197.0,veh_016,car,12.927564,77.640044,7.614
197.0,veh_017,bus,12.926213,77.638119,2.109
197.0,veh_018,car,12.921367,77.631432,2.787
197.0,veh_019,bus,12.927699,77.640276,4.043
197.0,veh_020,car,12.940261,77.665851,5.881
197.0,veh_021,car,12.93682,77.655716,5.447
197.0,veh_023,truck,12.937505,77.657563,3.388
197.0,veh_025,bus,12.932302,77.647171,3.06
197.0,veh_026,car,12.93858,77.660736,6.044
197.0,veh_027,motorcycle,12.928363,77.64108,1.499
197.0,veh_028,car,12.937197,77.656918,7.51
197.0,veh_029,car,12.945113,77.686626,6.422
197.0,veh_030,bus,12.933891,77.649996,4.406
197.0,veh_031,car,12.93788,77.658572,5.748
197.0,veh_032,car,12.948196,77.698459,6.335
197.0,veh_033,car,12.9443,77.677729,10.003
197.0,veh_034,car,12.947653,77.697104,6.542
197.0,veh_035,car,12.927076,77.639431,6.54
197.0,veh_036,motorcycle,12.939679,77.663575,9.671
197.0,veh_037,car,12.920251,77.629767,2.688
197.0,veh_038,motorcycle,12.941671,77.669833,10.061
197.0,veh_039,bus,12.938193,77.659439,3.735
197.0,veh_040,car,12.919025,77.628154,6.474
197.0,veh_041,motorcycle,12.923168,77.633834,8.801
197.0,veh_042,car,12.926894,77.639051,5.769
197.0,veh_043,car,12.918747,77.627688,6.623
197.0,veh_044,car,12.94445,77.679938,2.938
197.0,veh_045,car,12.940434,77.666197,3.43
197.0,veh_047,car,12.944865,77.685501,5.173
197.0,veh_049,bus,12.942464,77.671832,3.991
198.0,veh_000,car,12.94334,77.67452,2.103
198.0,veh_001,car,12.945415,77.688255,2.582
198.0,veh_002,car,12.918626,77.627603,5.365
198.0,veh_003,car,12.921046,77.630904,5.898
198.0,veh_004,car,12.934684,77.651462,1.798
198.0,veh_005,car,12.941965,77.670439,4.192
198.0,veh_006,car,12.928284,77.641289,2.055
198.0,veh_007,car,12.925996,77.637733,5.427
198.0,veh_008,car,12.939183,77.66252,8.134
198.0,veh_009,car,12.938132,77.65937,7.729
198.0,veh_010,bus,12.93461,77.65118,4.74
198.0,veh_011,motorcycle,12.936621,77.65515,4.701
198.0,veh_012,motorcycle,12.922221,77.632534,8.512
198.0,veh_013,car,12.94431,77.677932,8.213
198.0,veh_014,motorcycle,12.947482,77.696368,8.956
198.0,veh_015,bus,12.945614,77.68917,2.142
198.0,veh_016,car,12.92754,77.640168,9.733
198.0,veh_017,bus,12.926311,77.638254,4.086
198.0,veh_018,car,12.921465,77.631403,6.079
198.0,veh_019,bus,12.927712,77.640245,4.608
198.0,veh_020,car,12.940388,77.665852,4.331
198.0,veh_021,car,12.936839,77.655761,5.728
198.0,veh_023,truck,12.937383,77.657514,1.974
198.0,veh_025,bus,12.932281,77.647205,3.966
198.0,veh_026,car,12.938562,77.660718,3.025
198.0,veh_027,motorcycle,12.928328,77.641228,12.166
198.0,veh_028,car,12.937183,77.656905,4.197
198.0,veh_029,car,12.945185,77.686759,8.162
198.0,veh_030,bus,12.933926,77.650148,3.53
198.0,veh_031,car,12.937877,77.658606,4.094
198.0,veh_032,car,12.948212,77.698542,5.137
198.0,veh_033,car,12.944272,77.677758,7.425
198.0,veh_034,car,12.947679,77.697031,6.795
198.0,veh_035,car,12.927158,77.639524,6.148
198.0,veh_036,motorcycle,12.9396,77.663614,9.077
198.0,veh_037,car,12.920316,77.629884,6.382
198.0,veh_038,motorcycle,12.941688,77.669784,5.762
198.0,veh_039,bus,12.938219,77.659501,3.417
198.0,veh_040,car,12.919084,77.62806,6.304
198.0,veh_041,motorcycle,12.923216,77.633865,9.485
198.0,veh_042,car,12.926881,77.639092,4.928
198.0,veh_043,car,12.918752,77.627755,5.774
198.0,veh_044,car,12.944482,77.680125,6.521
198.0,veh_045,car,12.940585,77.666172,5.357
198.0,veh_047,car,12.945073,77.685548,4.485
198.0,veh_049,bus,12.942375,77.671956,5.968
199.0,veh_000,car,12.943481,77.674763,5.177
199.0,veh_001,car,12.945466,77.688361,2.78
199.0,veh_002,car,12.918645,77.627581,4.955
199.0,veh_003,car,12.921104,77.630951,5.318
199.0,veh_004,car,12.934767,77.651502,9.211
199.0,veh_005,car,12.941999,77.670369,3.821
199.0,veh_006,car,12.928393,77.64127,4.497
199.0,veh_007,car,12.925883,77.637851,3.981
199.0,veh_008,car,12.939285,77.662629,9.109
199.0,veh_009,car,12.938116,77.659292,0.738
199.0,veh_010,bus,12.93462,77.651236,3.051
199.0,veh_011,motorcycle,12.93662,77.655285,4.779
199.0,veh_012,motorcycle,12.922202,77.632615,11.157
199.0,veh_013,car,12.944261,77.677918,6.89
199.0,veh_014,motorcycle,12.947408,77.696395,5.937
199.0,veh_015,bus,12.945662,77.689104,3.645
199.0,veh_016,car,12.927676,77.640222,7.782
199.0,veh_017,bus,12.926265,77.638255,4.205
199.0,veh_018,car,12.921404,77.631411,3.58
199.0,veh_019,bus,12.927642,77.640315,3.688
199.0,veh_020,car,12.940407,77.665874,3.656
199.0,veh_021,car,12.936821,77.655789,5.956
199.0,veh_022,car,12.917421,77.625737,1.731
199.0,veh_023,truck,12.937404,77.657592,4.265
199.0,veh_025,bus,12.932312,77.647191,4.285
199.0,veh_026,car,12.938668,77.660766,8.641
199.0,veh_027,motorcycle,12.928264,77.641308,7.379
199.0,veh_028,car,12.937223,77.656835,5.172
199.0,veh_029,car,12.94518,77.686739,1.29
199.0,veh_030,bus,12.934021,77.650236,3.28
199.0,veh_031,car,12.93781,77.658619,8.946
199.0,veh_032,car,12.948192,77.698575,5.572
199.0,veh_033,car,12.944218,77.677743,2.818
199.0,veh_034,car,12.947693,77.697146,0.694
199.0,veh_035,car,12.927163,77.639474,6.286
199.0,veh_036,motorcycle,12.939599,77.663648,7.348
199.0,veh_037,car,12.920314,77.629904,6.158
199.0,veh_038,motorcycle,12.941813,77.669986,10.722
199.0,veh_039,bus,12.938142,77.659502,3.224
199.0,veh_040,car,12.919026,77.628161,5.342
199.0,veh_041,motorcycle,12.923298,77.634041,8.985
199.0,veh_042,car,12.926838,77.639202,6.434
199.0,veh_043,car,12.918857,77.627795,5.51
199.0,veh_044,car,12.944533,77.680089,7.058
199.0,veh_045,car,12.940587,77.66628,2.801
199.0,veh_047,car,12.944987,77.685566,4.244
199.0,veh_049,bus,12.942405,77.67189,3.015
200.0,veh_000,car,12.943414,77.674723,9.523
200.0,veh_001,car,12.945517,77.688264,0.149
200.0,veh_002,car,12.918758,77.62772,6.203
200.0,veh_003,car,12.921095,77.63091,0.737
200.0,veh_004,car,12.934752,77.65159,0.974
200.0,veh_005,car,12.941977,77.670593,3.764
200.0,veh_006,car,12.928404,77.641298,8.791
200.0,veh_007,car,12.926036,77.637851,4.89
200.0,veh_008,car,12.939357,77.662722,6.881
200.0,veh_009,car,12.938098,77.659459,8.654
200.0,veh_010,bus,12.934573,77.651158,3.659
200.0,veh_011,motorcycle,12.936647,77.655227,9.263
200.0,veh_012,motorcycle,12.922234,77.632635,4.209
200.0,veh_013,car,12.944393,77.678041,7.415
200.0,veh_014,motorcycle,12.947439,77.696445,6.83
200.0,veh_015,bus,12.945621,77.689106,1.803
200.0,veh_016,car,12.927684,77.64029,7.308
200.0,veh_017,bus,12.926226,77.638401,4.026
200.0,veh_018,car,12.921421,77.631505,4.749
200.0,veh_019,bus,12.927696,77.640443,3.586
200.0,veh_020,car,12.940489,77.665892,7.184
200.0,veh_021,car,12.936811,77.655802,3.511
200.0,veh_022,car,12.917541,77.625856,7.26
200.0,veh_023,truck,12.937429,77.657593,2.138
200.0,veh_025,bus,12.93224,77.647171,4.537
200.0,veh_026,car,12.938537,77.660879,5.174
200.0,veh_027,motorcycle,12.928413,77.641362,8.767
200.0,veh_028,car,12.937238,77.656925,6.702
200.0,veh_029,car,12.945129,77.686788,6.518
200.0,veh_030,bus,12.933938,77.65013,3.35
200.0,veh_031,car,12.937835,77.658708,4.692
200.0,veh_032,car,12.948238,77.698622,8.762
200.0,veh_033,car,12.944307,77.677915,6.084
200.0,veh_034,car,12.947722,77.697217,4.846
200.0,veh_035,car,12.927113,77.639603,1.646
200.0,veh_036,motorcycle,12.939703,77.663706,9.932
200.0,veh_037,car,12.920417,77.62991,8.643
200.0,veh_038,motorcycle,12.941832,77.669997,7.656
200.0,veh_039,bus,12.938218,77.659578,6.882
200.0,veh_040,car,12.919075,77.628128,6.627
200.0,veh_041,motorcycle,12.923364,77.634088,9.455
200.0,veh_042,car,12.926913,77.639204,5.639
200.0,veh_043,car,12.918859,77.627829,6.477
200.0,veh_044,car,12.944349,77.680116,1.821
200.0,veh_045,car,12.940551,77.666419,6.649
200.0,veh_047,car,12.944984,77.685584,4.551
200.0,veh_049,bus,12.94246,77.671939,3.804
201.0,veh_000,car,12.943518,77.674757,4.829
201.0,veh_001,car,12.945463,77.688292,3.898
201.0,veh_002,car,12.918814,77.627684,7.096
201.0,veh_003,car,12.921124,77.630969,9.081
201.0,veh_004,car,12.934727,77.651587,8.423
201.0,veh_005,car,12.941943,77.670678,6.992
201.0,veh_006,car,12.928533,77.641334,4.429
201.0,veh_007,car,12.925988,77.637876,4.688
201.0,veh_008,car,12.939311,77.662718,4.322
201.0,veh_009,car,12.93808,77.659507,2.38
201.0,veh_010,bus,12.934588,77.65123,2.782
201.0,veh_011,motorcycle,12.93671,77.655295,6.237
201.0,veh_012,motorcycle,12.922352,77.6327,6.291
201.0,veh_013,car,12.944296,77.678103,7.131
201.0,veh_014,motorcycle,12.947495,77.696573,5.256
201.0,veh_015,bus,12.94568,77.689129,4.452
201.0,veh_016,car,12.927767,77.640378,7.669
201.0,veh_017,bus,12.926368,77.638364,5.772
201.0,veh_018,car,12.92135,77.631465,4.462
201.0,veh_019,bus,12.92776,77.64047,4.992
201.0,veh_020,car,12.940435,77.66607,6.178
201.0,veh_021,car,12.936899,77.655811,0.346
201.0,veh_022,car,12.917531,77.625934,2.914
201.0,veh_023,truck,12.93752,77.657712,1.919
201.0,veh_025,bus,12.932361,77.647308,2.936
201.0,veh_026,car,12.938637,77.660907,7.248
201.0,veh_027,motorcycle,12.928489,77.641323,9.085
201.0,veh_028,car,12.937316,77.657114,3.053
201.0,veh_029,car,12.945207,77.686983,8.009
201.0,veh_030,bus,12.933978,77.650202,4.047
201.0,veh_031,car,12.937837,77.658805,6.267
201.0,veh_032,car,12.948219,77.698623,4.647
201.0,veh_033,car,12.944282,77.677786,3.789
201.0,veh_034,car,12.947747,77.697177,6.616
201.0,veh_035,car,12.927194,77.639571,5.374
201.0,veh_036,motorcycle,12.939799,77.663912,7.072
201.0,veh_037,car,12.920373,77.630017,5.731
201.0,veh_038,motorcycle,12.941885,77.670033,5.811
201.0,veh_039,bus,12.938207,77.659583,2.713
201.0,veh_040,car,12.919149,77.628177,7.224
201.0,veh_041,motorcycle,12.923432,77.634172,9.99
201.0,veh_042,car,12.926959,77.639201,2.33
201.0,veh_043,car,12.918833,77.627915,5.211
201.0,veh_044,car,12.944393,77.680148,4.572
201.0,veh_045,car,12.940736,77.6664,7.039
201.0,veh_047,car,12.944974,77.685782,8.627
201.0,veh_049,bus,12.942458,77.671891,5.588
202.0,veh_000,car,12.943376,77.674723,2.94
202.0,veh_001,car,12.945503,77.688347,4.681
202.0,veh_002,car,12.918775,77.62769,2.738
202.0,veh_003,car,12.921075,77.630903,3.495
202.0,veh_004,car,12.934842,77.651577,1.088
202.0,veh_005,car,12.941995,77.67068,8.332
202.0,veh_006,car,12.92847,77.641428,7.279
202.0,veh_007,car,12.926125,77.637968,6.571
202.0,veh_008,car,12.939374,77.662802,4.501
202.0,veh_009,car,12.938166,77.659533,5.415
202.0,veh_010,bus,12.934711,77.651296,4.736
202.0,veh_011,motorcycle,12.936772,77.655482,4.64
202.0,veh_012,motorcycle,12.922382,77.632771,3.796
202.0,veh_013,car,12.944254,77.67799,4.764
202.0,veh_014,motorcycle,12.9475,77.696603,3.974
202.0,veh_015,bus,12.945672,77.68918,5.248
202.0,veh_016,car,12.927773,77.640333,2.137
202.0,veh_017,bus,12.926372,77.638355,6.472
202.0,veh_018,car,12.921572,77.6315,6.271
202.0,veh_019,bus,12.927769,77.640529,3.312
202.0,veh_020,car,12.940533,77.666032,8.755
202.0,veh_021,car,12.93694,77.655814,1.357
202.0,veh_022,car,12.91744,77.625981,10.229
202.0,veh_023,truck,12.937534,77.657687,3.113
202.0,veh_025,bus,12.932334,77.647252,3.159
202.0,veh_026,car,12.938721,77.661052,4.311
202.0,veh_027,motorcycle,12.928534,77.641394,4.1
202.0,veh_028,car,12.937296,77.657014,6.364
202.0,veh_029,car,12.945221,77.686982,3.982
202.0,veh_030,bus,12.934095,77.650255,4.892
202.0,veh_031,car,12.937936,77.65879,2.634
202.0,veh_032,car,12.948245,77.698759,4.483
202.0,veh_033,car,12.944215,77.677859,0.1
202.0,veh_034,car,12.947745,77.697286,3.927
202.0,veh_035,car,12.927205,77.639627,4.029
202.0,veh_036,motorcycle,12.939636,77.663885,4.444
202.0,veh_037,car,12.92044,77.630107,6.184
202.0,veh_038,motorcycle,12.941849,77.670121,5.962
202.0,veh_039,bus,12.938157,77.659559,4.677
202.0,veh_040,car,12.919199,77.628304,8.631
202.0,veh_041,motorcycle,12.923337,77.634195,9.186
202.0,veh_042,car,12.92692,77.639175,5.627
202.0,veh_043,car,12.919004,77.627896,2.615
202.0,veh_044,car,12.94454,77.680225,5.088
202.0,veh_045,car,12.940559,77.666401,4.255
202.0,veh_047,car,12.945011,77.685783,8.623
202.0,veh_049,bus,12.942508,77.672015,2.091
203.0,veh_000,car,12.943532,77.674709,3.569
203.0,veh_001,car,12.945447,77.688466,3.661
203.0,veh_002,car,12.918804,77.627772,6.327
203.0,veh_003,car,12.921143,77.631046,7.586
203.0,veh_004,car,12.934944,77.651671,4.343
203.0,veh_005,car,12.941999,77.670719,8.389
203.0,veh_006,car,12.928517,77.641484,3.332
203.0,veh_007,car,12.926127,77.63803,9.672
203.0,veh_008,car,12.939278,77.662755,3.022
203.0,veh_009,car,12.938177,77.659588,5.124
203.0,veh_010,bus,12.934587,77.651269,5.443
203.0,veh_011,motorcycle,12.936759,77.655374,6.542
203.0,veh_012,motorcycle,12.922408,77.632783,6.26
203.0,veh_013,car,12.94434,77.678304,6.135
203.0,veh_014,motorcycle,12.947472,77.696648,4.087
203.0,veh_015,bus,12.945708,77.689245,4.451
203.0,veh_016,car,12.927752,77.640411,5.39
203.0,veh_017,bus,12.92642,77.638485,6.153
203.0,veh_018,car,12.921578,77.631614,4.851
203.0,veh_019,bus,12.927788,77.64044,4.51
203.0,veh_020,car,12.940389,77.666056,3.986
203.0,veh_021,car,12.936913,77.655847,7.436
203.0,veh_022,car,12.917566,77.626021,4.727
203.0,veh_023,truck,12.937533,77.657654,4.516
203.0,veh_025,bus,12.932507,77.647421,4.806
203.0,veh_026,car,12.938669,77.661089,6.97
203.0,veh_027,motorcycle,12.928387,77.641488,8.979
203.0,veh_028,car,12.93733,77.657159,7.157
203.0,veh_029,car,12.945207,77.686984,5.6
203.0,veh_030,bus,12.934094,77.65031,4.981
203.0,veh_031,car,12.937835,77.658876,6.44
203.0,veh_032,car,12.94821,77.698747,4.967
203.0,veh_033,car,12.944293,77.677931,6.003
203.0,veh_034,car,12.947741,77.697231,1.467
203.0,veh_035,car,12.927215,77.639626,5.329
203.0,veh_036,motorcycle,12.939712,77.663928,9.457
203.0,veh_037,car,12.920504,77.630009,4.746
203.0,veh_038,motorcycle,12.941815,77.670168,5.61
203.0,veh_039,bus,12.938215,77.659746,1.691
203.0,veh_040,car,12.919238,77.628277,5.702
203.0,veh_041,motorcycle,12.923495,77.634261,6.444
203.0,veh_042,car,12.927042,77.639208,4.098
203.0,veh_043,car,12.918848,77.62794,6.806
203.0,veh_044,car,12.944467,77.680129,2.561
203.0,veh_045,car,12.940652,77.666532,8.621
203.0,veh_047,car,12.945029,77.685798,9.818
203.0,veh_049,bus,12.942405,77.672,4.011
204.0,veh_000,car,12.943458,77.674852,5.912
204.0,veh_001,car,12.945554,77.688509,3.468
204.0,veh_002,car,12.918895,77.627805,6.425
204.0,veh_003,car,12.921263,77.631173,8.407
204.0,veh_004,car,12.934831,77.651695,7.17
204.0,veh_005,car,12.942039,77.670747,2.882
204.0,veh_006,car,12.928591,77.641497,5.383
204.0,veh_007,car,12.926135,77.638023,2.921
204.0,veh_008,car,12.939336,77.662734,6.886
204.0,veh_009,car,12.93818,77.65945,3.191
204.0,veh_010,bus,12.934645,77.651326,2.652
204.0,veh_011,motorcycle,12.936679,77.655433,4.904
204.0,veh_012,motorcycle,12.922321,77.632853,7.973
204.0,veh_013,car,12.944395,77.678189,5.315
204.0,veh_014,motorcycle,12.947412,77.696638,8.871
204.0,veh_015,bus,12.945703,77.689205,3.197
204.0,veh_016,car,12.927719,77.640452,4.966
204.0,veh_017,bus,12.926424,77.638478,6.943
204.0,veh_018,car,12.921476,77.63154,2.208
204.0,veh_019,bus,12.927823,77.640471,3.046
204.0,veh_020,car,12.940532,77.665967,3.844
204.0,veh_021,car,12.936886,77.655921,5.383
204.0,veh_022,car,12.917549,77.626067,5.099
204.0,veh_023,truck,12.937457,77.657677,3.108
204.0,veh_025,bus,12.932405,77.647434,2.566
204.0,veh_026,car,12.938769,77.661081,5.404
204.0,veh_027,motorcycle,12.928566,77.641481,5.956
204.0,veh_028,car,12.937288,77.657103,3.288
204.0,veh_029,car,12.945166,77.686884,3.631
204.0,veh_030,bus,12.934028,77.65029,3.378
204.0,veh_031,car,12.937927,77.65888,1.284
204.0,veh_032,car,12.948217,77.69878,4.64
204.0,veh_033,car,12.944286,77.677942,6.288
204.0,veh_034,car,12.947698,77.697289,4.105
204.0,veh_035,car,12.927342,77.639707,6.894
204.0,veh_036,motorcycle,12.939756,77.664047,7.709
204.0,veh_037,car,12.920471,77.630189,7.346
204.0,veh_038,motorcycle,12.941828,77.670168,6.693
204.0,veh_039,bus,12.93821,77.659714,3.704
204.0,veh_040,car,12.919166,77.628367,6.952
204.0,veh_041,motorcycle,12.923512,77.6343,5.283
204.0,veh_042,car,12.92699,77.639408,10.937
204.0,veh_043,car,12.919003,77.628,6.359
204.0,veh_044,car,12.944444,77.680204,3.925
204.0,veh_045,car,12.940678,77.666522,7.528
204.0,veh_047,car,12.944918,77.686012,4.833
204.0,veh_049,bus,12.942484,77.672158,4.457
205.0,veh_000,car,12.943519,77.674867,4.399
205.0,veh_001,car,12.945537,77.688486,6.134
205.0,veh_002,car,12.918839,77.627868,3.832
205.0,veh_003,car,12.921259,77.631248,8.259
205.0,veh_004,car,12.934918,77.651777,4.593
205.0,veh_005,car,12.942108,77.67079,3.178
205.0,veh_006,car,12.928463,77.641521,4.48
205.0,veh_007,car,12.926181,77.638146,4.559
205.0,veh_008,car,12.939309,77.662882,5.517
205.0,veh_009,car,12.938274,77.659552,1.955
205.0,veh_010,bus,12.934612,77.651436,4.021
205.0,veh_011,motorcycle,12.9368,77.655523,5.044
205.0,veh_012,motorcycle,12.922421,77.63288,1.923
205.0,veh_013,car,12.944318,77.678232,7.598
205.0,veh_014,motorcycle,12.94761,77.696617,2.737
205.0,veh_015,bus,12.945727,77.689359,5.873
205.0,veh_016,car,12.927835,77.640512,4.085
205.0,veh_017,bus,12.926433,77.638553,4.472
205.0,veh_018,car,12.921627,77.631685,9.669
205.0,veh_019,bus,12.927835,77.640483,3.58
205.0,veh_020,car,12.940509,77.666122,6.702
205.0,veh_021,car,12.936934,77.655959,5.953
205.0,veh_022,car,12.917521,77.626107,4.589
205.0,veh_023,truck,12.937513,77.65774,3.763
205.0,veh_025,bus,12.932406,77.647432,2.788
205.0,veh_026,car,12.938638,77.661176,1.602
205.0,veh_027,motorcycle,12.928624,77.641586,11.365
205.0,veh_028,car,12.937313,77.657205,5.782
205.0,veh_029,car,12.945165,77.687058,4.266
205.0,veh_030,bus,12.9341,77.650296,5.711
205.0,veh_031,car,12.937866,77.658853,5.23
205.0,veh_032,car,12.948261,77.698809,5.675
205.0,veh_033,car,12.944228,77.678026,6.933
205.0,veh_034,car,12.947714,77.697438,5.907
205.0,veh_035,car,12.927186,77.639683,2.29
205.0,veh_036,motorcycle,12.939728,77.664192,7.269
205.0,veh_037,car,12.920478,77.630146,4.415
205.0,veh_038,motorcycle,12.941841,77.67026,6.889
205.0,veh_039,bus,12.938285,77.659797,6.181
205.0,veh_040,car,12.919241,77.628422,0.1
205.0,veh_041,motorcycle,12.923445,77.63428,5.368
205.0,veh_042,car,12.927084,77.639453,3.762
205.0,veh_043,car,12.918996,77.627968,2.701
205.0,veh_044,car,12.944492,77.680273,3.732
205.0,veh_045,car,12.940713,77.666637,4.912
205.0,veh_047,car,12.944999,77.686005,6.173
205.0,veh_049,bus,12.942548,77.672088,3.911
206.0,veh_000,car,12.943557,77.674836,4.535
206.0,veh_001,car,12.945558,77.68855,3.264
206.0,veh_002,car,12.918827,77.627924,3.02
206.0,veh_003,car,12.921272,77.631288,5.604
206.0,veh_004,car,12.934956,77.651708,6.185
206.0,veh_005,car,12.942052,77.670778,6.002
206.0,veh_006,car,12.928501,77.641568,5.411
206.0,veh_007,car,12.926124,77.638134,7.478
206.0,veh_008,car,12.939411,77.662923,3.291
206.0,veh_009,car,12.93827,77.659611,4.43
206.0,veh_010,bus,12.934688,77.651483,5.062
206.0,veh_011,motorcycle,12.936742,77.655511,3.834
206.0,veh_012,motorcycle,12.922487,77.632929,2.783
206.0,veh_013,car,12.944401,77.678377,8.857
206.0,veh_014,motorcycle,12.947543,77.696768,8.84
206.0,veh_015,bus,12.94571,77.689425,3.833
206.0,veh_016,car,12.927754,77.640538,4.582
206.0,veh_017,bus,12.926508,77.638555,4.341
206.0,veh_018,car,12.921533,77.631632,2.017
206.0,veh_019,bus,12.927823,77.640497,2.708
206.0,veh_020,car,12.940405,77.666146,5.32
206.0,veh_021,car,12.936886,77.656033,5.378
206.0,veh_022,car,12.917596,77.626011,3.695
206.0,veh_023,truck,12.937465,77.657795,3.106
206.0,veh_025,bus,12.932399,77.647472,3.607
206.0,veh_026,car,12.938708,77.66119,7.574
206.0,veh_027,motorcycle,12.928653,77.641699,10.389
206.0,veh_028,car,12.937392,77.657312,6.884
206.0,veh_029,car,12.945229,77.687155,6.896
206.0,veh_030,bus,12.934174,77.650334,5.088
206.0,veh_031,car,12.938,77.658939,3.213
206.0,veh_032,car,12.948381,77.698922,6.717
206.0,veh_033,car,12.944171,77.678053,4.527
206.0,veh_034,car,12.947744,77.697396,4.551
206.0,veh_035,car,12.927329,77.639752,2.293
206.0,veh_036,motorcycle,12.939783,77.664168,10.376
206.0,veh_037,car,12.920544,77.630228,5.956
206.0,veh_038,motorcycle,12.942033,77.670319,8.296
206.0,veh_039,bus,12.938297,77.659784,4.228
206.0,veh_040,car,12.919245,77.628459,6.586
206.0,veh_041,motorcycle,12.923523,77.634374,7.481
206.0,veh_042,car,12.927171,77.63954,8.384
206.0,veh_043,car,12.91904,77.628123,4.687
206.0,veh_044,car,12.944535,77.680286,4.773
206.0,veh_045,car,12.940763,77.666625,3.373
206.0,veh_047,car,12.945004,77.686005,6.817
206.0,veh_049,bus,12.942473,77.672141,3.914
207.0,veh_000,car,12.943513,77.674998,7.597
207.0,veh_001,car,12.945619,77.688455,3.417
207.0,veh_002,car,12.918836,77.627923,3.042
207.0,veh_003,car,12.921411,77.63124,9.241
207.0,veh_004,car,12.934924,77.65179,3.003
207.0,veh_005,car,12.942074,77.67087,3.467
207.0,veh_006,car,12.928581,77.641573,7.403
207.0,veh_007,car,12.926114,77.63818,5.976
207.0,veh_008,car,12.939354,77.662874,4.126
207.0,veh_009,car,12.938317,77.659764,9.271
207.0,veh_010,bus,12.934732,77.651448,3.511
207.0,veh_011,motorcycle,12.936641,77.655612,3.371
207.0,veh_012,motorcycle,12.92248,77.632847,8.826
207.0,veh_013,car,12.944339,77.678462,7.052
207.0,veh_014,motorcycle,12.947587,77.696752,7.006
207.0,veh_015,bus,12.945629,77.689318,4.614
207.0,veh_016,car,12.927909,77.640523,6.247
207.0,veh_017,bus,12.926441,77.638583,3.263
207.0,veh_018,car,12.921579,77.631642,1.085
207.0,veh_019,bus,12.927918,77.640619,4.086
207.0,veh_020,car,12.940598,77.666188,3.811
207.0,veh_021,car,12.936924,77.656218,5.925
207.0,veh_022,car,12.917648,77.626191,6.352
207.0,veh_023,truck,12.937575,77.657799,4.368
207.0,veh_025,bus,12.932394,77.647487,3.01
207.0,veh_026,car,12.938685,77.661308,9.572
207.0,veh_027,motorcycle,12.928705,77.641723,4.15
207.0,veh_028,car,12.937303,77.657368,6.26
207.0,veh_029,car,12.94532,77.687138,10.177
207.0,veh_030,bus,12.934122,77.650441,3.713
207.0,veh_031,car,12.938013,77.658957,7.405
207.0,veh_032,car,12.948346,77.699027,9.629
207.0,veh_033,car,12.944319,77.678108,4.104
207.0,veh_034,car,12.947737,77.697407,4.638
207.0,veh_035,car,12.92727,77.639818,4.963
207.0,veh_036,motorcycle,12.939806,77.664296,6.644
207.0,veh_037,car,12.920717,77.630227,9.476
207.0,veh_038,motorcycle,12.941981,77.670389,2.802
207.0,veh_039,bus,12.93827,77.659737,4.401
207.0,veh_040,car,12.919356,77.62858,7.333
207.0,veh_041,motorcycle,12.923662,77.634491,10.633
207.0,veh_042,car,12.927146,77.639462,6.873
207.0,veh_043,car,12.918991,77.628092,8.789
207.0,veh_044,car,12.944615,77.680385,5.714
207.0,veh_045,car,12.940659,77.666694,4.097
207.0,veh_047,car,12.945044,77.686131,4.539
207.0,veh_049,bus,12.942499,77.672089,4.03
208.0,veh_000,car,12.943584,77.675081,4.8
208.0,veh_001,car,12.945558,77.688662,8.89
208.0,veh_002,car,12.918969,77.627936,8.549
208.0,veh_003,car,12.921467,77.631324,7.376
208.0,veh_004,car,12.934924,77.651867,3.885
208.0,veh_005,car,12.942114,77.670921,7.965
208.0,veh_006,car,12.928618,77.641771,6.337
208.0,veh_007,car,12.926196,77.638227,0.1
208.0,veh_008,car,12.93931,77.66302,6.73
208.0,veh_009,car,12.938312,77.659721,5.563
208.0,veh_010,bus,12.934718,77.651475,3.025
208.0,veh_011,motorcycle,12.936808,77.65553,3.118
208.0,veh_012,motorcycle,12.922583,77.633,7.224
208.0,veh_013,car,12.944392,77.678484,6.825
208.0,veh_014,motorcycle,12.947582,77.696847,4.088
208.0,veh_015,bus,12.945728,77.689374,3.375
208.0,veh_016,car,12.927957,77.640645,9.009
208.0,veh_017,bus,12.926518,77.638636,4.493
208.0,veh_018,car,12.921692,77.631678,7.917
208.0,veh_019,bus,12.927873,77.6406,4.161
208.0,veh_020,car,12.940494,77.666259,3.879
208.0,veh_021,car,12.936892,77.656151,4.732
208.0,veh_022,car,12.917682,77.626215,4.655
208.0,veh_023,truck,12.937573,77.657801,2.598
208.0,veh_025,bus,12.932564,77.647553,2.787
208.0,veh_026,car,12.9388,77.661339,9.59
208.0,veh_027,motorcycle,12.928616,77.641787,5.092
208.0,veh_028,car,12.937439,77.657366,5.835
208.0,veh_029,car,12.945191,77.68718,10.381
208.0,veh_030,bus,12.934105,77.650469,3.208
208.0,veh_031,car,12.937924,77.659009,6.403
208.0,veh_032,car,12.948345,77.698993,7.874
208.0,veh_033,car,12.944396,77.678187,4.721
208.0,veh_034,car,12.947821,77.697447,5.098
208.0,veh_035,car,12.927309,77.63984,6.607
208.0,veh_036,motorcycle,12.939875,77.664308,6.825
208.0,veh_037,car,12.92061,77.630353,5.919
208.0,veh_038,motorcycle,12.941966,77.670422,11.766
208.0,veh_039,bus,12.938327,77.659826,4.129
208.0,veh_040,car,12.919329,77.628577,11.04
208.0,veh_041,motorcycle,12.923635,77.634592,7.256
208.0,veh_042,car,12.927164,77.639582,7.777
208.0,veh_043,car,12.918998,77.628151,1.858
208.0,veh_044,car,12.944526,77.680457,6.983
208.0,veh_045,car,12.940675,77.666705,3.352
208.0,veh_047,car,12.945022,77.686111,6.126
208.0,veh_049,bus,12.942542,77.672169,6.012
209.0,veh_000,car,12.943616,77.675111,11.528
209.0,veh_001,car,12.945608,77.688724,6.398
209.0,veh_002,car,12.919048,77.628039,6.669
209.0,veh_003,car,12.921476,77.631369,3.059
209.0,veh_004,car,12.934941,77.651784,3.468
209.0,veh_005,car,12.942134,77.670908,4.144
209.0,veh_006,car,12.928763,77.641715,4.911
209.0,veh_007,car,12.926189,77.638284,6.205
209.0,veh_008,car,12.93953,77.663056,9.127
209.0,veh_009,car,12.938176,77.659798,8.194
209.0,veh_010,bus,12.934746,77.651511,4.226
209.0,veh_011,motorcycle,12.936818,77.655672,6.908
209.0,veh_012,motorcycle,12.922599,77.633041,6.374
209.0,veh_013,car,12.94435,77.67862,4.782
209.0,veh_014,motorcycle,12.94763,77.696898,5.948
209.0,veh_015,bus,12.945751,77.689393,4.896
209.0,veh_016,car,12.927962,77.640667,5.91
209.0,veh_017,bus,12.926516,77.638671,3.971
209.0,veh_018,car,12.921606,77.631781,9.551
209.0,veh_019,bus,12.92786,77.640567,2.349
209.0,veh_020,car,12.940499,77.666263,2.296
209.0,veh_021,car,12.936896,77.656142,3.919
209.0,veh_022,car,12.917702,77.626295,6.956
209.0,veh_023,truck,12.93758,77.657807,4.513
209.0,veh_025,bus,12.932354,77.647521,2.755
209.0,veh_026,car,12.938763,77.661361,6.26
209.0,veh_027,motorcycle,12.928798,77.641844,6.907
209.0,veh_028,car,12.937415,77.657342,4.613
209.0,veh_029,car,12.945274,77.6873,7.26
209.0,veh_030,bus,12.934116,77.650537,6.35
209.0,veh_031,car,12.938071,77.659104,7.783
209.0,veh_032,car,12.948332,77.699115,4.132
209.0,veh_033,car,12.944272,77.678185,2.316
209.0,veh_034,car,12.947763,77.697474,4.656
209.0,veh_035,car,12.927362,77.639849,4.665
209.0,veh_036,motorcycle,12.939802,77.664408,2.858
209.0,veh_037,car,12.920665,77.630487,7.407
209.0,veh_038,motorcycle,12.9419,77.670589,10.917
209.0,veh_039,bus,12.938339,77.659902,4.583
209.0,veh_040,car,12.919375,77.628682,9.29
209.0,veh_041,motorcycle,12.923718,77.634527,8.617
209.0,veh_042,car,12.927141,77.639573,3.949
209.0,veh_043,car,12.919139,77.628059,4.191
209.0,veh_044,car,12.944468,77.680491,0.1
209.0,veh_045,car,12.940677,77.666683,6.775
209.0,veh_047,car,12.945033,77.686247,2.997
209.0,veh_049,bus,12.942658,77.672171,3.91
210.0,veh_000,car,12.94361,77.675288,7.819
210.0,veh_001,car,12.945505,77.688753,6.292
210.0,veh_002,car,12.919092,77.62816,4.858
210.0,veh_003,car,12.921486,77.631468,6.489
210.0,veh_004,car,12.935002,77.651853,4.264
210.0,veh_005,car,12.942237,77.671079,5.391
210.0,veh_006,car,12.928672,77.641769,7.74
210.0,veh_007,car,12.92641,77.638249,4.033
210.0,veh_008,car,12.939514,77.663098,1.98
210.0,veh_009,car,12.938343,77.659881,5.488
210.0,veh_010,bus,12.934792,77.651473,3.108
210.0,veh_011,motorcycle,12.936811,77.655714,2.198
210.0,veh_012,motorcycle,12.92257,77.632991,4.611
210.0,veh_013,car,12.944287,77.678521,7.895
210.0,veh_014,motorcycle,12.947618,77.696942,3.485
210.0,veh_015,bus,12.945759,77.689541,3.156
210.0,veh_016,car,12.927945,77.640616,3.177
210.0,veh_017,bus,12.926413,77.638608,4.413
210.0,veh_018,car,12.921712,77.631844,8.03
210.0,veh_019,bus,12.927876,77.640593,3.306
210.0,veh_020,car,12.940638,77.666418,9.324
210.0,veh_021,car,12.937026,77.65625,7.267
210.0,veh_022,car,12.917722,77.626248,2.806
210.0,veh_023,truck,12.937536,77.657804,4.397
210.0,veh_025,bus,12.932467,77.647536,3.214
210.0,veh_026,car,12.938843,77.661373,3.59
210.0,veh_027,motorcycle,12.928703,77.641859,8.344
210.0,veh_028,car,12.937412,77.657446,3.677
210.0,veh_029,car,12.945249,77.687296,3.802
210.0,veh_030,bus,12.934149,77.650565,2.319
210.0,veh_031,car,12.937915,77.659126,4.699
210.0,veh_032,car,12.948339,77.699127,6.453
210.0,veh_033,car,12.944318,77.678186,4.455
210.0,veh_034,car,12.947904,77.697672,7.596
210.0,veh_035,car,12.927388,77.639863,4.198
210.0,veh_036,motorcycle,12.939874,77.664366,5.157
210.0,veh_037,car,12.920708,77.630473,11.34
210.0,veh_038,motorcycle,12.941953,77.670652,4.623
210.0,veh_039,bus,12.938313,77.659786,4.025
210.0,veh_040,car,12.91945,77.62872,8.268
210.0,veh_041,motorcycle,12.923727,77.63465,10.291
210.0,veh_042,car,12.927321,77.639645,5.175
210.0,veh_043,car,12.91912,77.628218,6.44
210.0,veh_044,car,12.944639,77.680403,5.676
210.0,veh_045,car,12.940788,77.666869,5.721
210.0,veh_047,car,12.945095,77.686308,5.423
210.0,veh_049,bus,12.942633,77.672276,4.307
211.0,veh_000,car,12.943606,77.675266,8.259
211.0,veh_001,car,12.945618,77.688849,6.358
211.0,veh_002,car,12.918995,77.6281,4.707
211.0,veh_003,car,12.921386,77.631528,6.347
211.0,veh_004,car,12.93508,77.651895,4.537
211.0,veh_005,car,12.942161,77.67099,3.916
211.0,veh_006,car,12.928674,77.64172,4.082
211.0,veh_007,car,12.926265,77.638313,5.095
211.0,veh_008,car,12.939474,77.663097,3.394
211.0,veh_009,car,12.938191,77.659933,5.396
211.0,veh_010,bus,12.93471,77.651542,3.808
211.0,veh_011,motorcycle,12.936772,77.655703,3.751
211.0,veh_012,motorcycle,12.922515,77.633081,6.588
211.0,veh_013,car,12.944352,77.678708,7.993
211.0,veh_014,motorcycle,12.94763,77.697025,5.447
211.0,veh_015,bus,12.945775,77.689524,2.092
211.0,veh_016,car,12.927986,77.640775,6.686
211.0,veh_017,bus,12.926623,77.638715,3.111
211.0,veh_018,car,12.921742,77.63187,8.063
211.0,veh_019,bus,12.927896,77.640585,5.502
211.0,veh_020,car,12.940536,77.666382,3.963
211.0,veh_021,car,12.936991,77.656201,2.747
211.0,veh_022,car,12.917696,77.626317,1.455
211.0,veh_023,truck,12.93758,77.657952,4.94
211.0,veh_025,bus,12.932542,77.647627,4.162
211.0,veh_026,car,12.938944,77.661523,7.546
211.0,veh_027,motorcycle,12.928793,77.641999,0.1
211.0,veh_028,car,12.937426,77.657527,6.217
211.0,veh_029,car,12.945223,77.687459,7.378
211.0,veh_030,bus,12.93428,77.650554,4.203
211.0,veh_031,car,12.937997,77.659217,2.793
211.0,veh_032,car,12.94852,77.699164,5.747
211.0,veh_033,car,12.944272,77.678234,4.854
211.0,veh_034,car,12.947824,77.697618,3.889
211.0,veh_035,car,12.927399,77.639879,5.715
211.0,veh_036,motorcycle,12.939859,77.664469,7.668
211.0,veh_037,car,12.920869,77.630539,5.38
211.0,veh_038,motorcycle,12.942047,77.670685,11.137
211.0,veh_039,bus,12.938362,77.659921,6.414
211.0,veh_040,car,12.919513,77.628704,3.565
211.0,veh_041,motorcycle,12.92383,77.634813,9.524
211.0,veh_042,car,12.927247,77.639726,7.488
211.0,veh_043,car,12.919071,77.628242,3.711
211.0,veh_044,car,12.944528,77.680655,8.139
211.0,veh_045,car,12.940759,77.66683,4.558
211.0,veh_047,car,12.945049,77.686218,2.575
211.0,veh_049,bus,12.942605,77.67227,4.367
212.0,veh_000,car,12.943646,77.675346,3.853
212.0,veh_001,car,12.945603,77.688837,8.059
212.0,veh_002,car,12.919097,77.628097,5.429
212.0,veh_003,car,12.921415,77.631606,3.401
212.0,veh_004,car,12.935056,77.651915,10.967
212.0,veh_005,car,12.942204,77.671115,7.717
212.0,veh_006,car,12.928848,77.641733,7.316
212.0,veh_007,car,12.926269,77.638366,7.445
212.0,veh_008,car,12.939483,77.663181,5.24
212.0,veh_009,car,12.938337,77.659975,6.474
212.0,veh_010,bus,12.934943,77.651668,3.356
212.0,veh_011,motorcycle,12.936894,77.65573,10.264
212.0,veh_012,motorcycle,12.922745,77.633057,6.796
212.0,veh_013,car,12.944459,77.6787,0.152
212.0,veh_014,motorcycle,12.947648,77.696899,5.507
212.0,veh_015,bus,12.945671,77.689522,2.277
212.0,veh_016,car,12.928011,77.640836,4.292
212.0,veh_017,bus,12.926653,77.638723,4.7
212.0,veh_018,car,12.921786,77.632039,10.102
212.0,veh_019,bus,12.928007,77.640739,3.604
212.0,veh_020,car,12.940502,77.66642,6.872
212.0,veh_021,car,12.93702,77.656291,3.862
212.0,veh_022,car,12.91779,77.626305,6.481
212.0,veh_023,truck,12.937641,77.657938,4.81
212.0,veh_025,bus,12.932541,77.647582,2.395
212.0,veh_026,car,12.938805,77.66149,1.162
212.0,veh_027,motorcycle,12.928884,77.641982,3.73
212.0,veh_028,car,12.937499,77.657571,11.387
212.0,veh_029,car,12.945363,77.68748,8.055
212.0,veh_030,bus,12.93421,77.650612,3.207
212.0,veh_031,car,12.937927,77.659248,7.546
212.0,veh_032,car,12.948438,77.699219,6.267
212.0,veh_033,car,12.944282,77.678217,4.625
212.0,veh_034,car,12.947937,77.697592,6.459
212.0,veh_035,car,12.927483,77.640024,6.804
212.0,veh_036,motorcycle,12.939979,77.664539,13.072
212.0,veh_037,car,12.920752,77.630513,1.922
212.0,veh_038,motorcycle,12.942134,77.670702,3.547
212.0,veh_039,bus,12.938328,77.660059,5.227
212.0,veh_040,car,12.919535,77.628832,4.36
212.0,veh_041,motorcycle,12.923744,77.634781,4.206
212.0,veh_042,car,12.927335,77.639827,6.897
212.0,veh_043,car,12.919123,77.628283,2.335
212.0,veh_044,car,12.944514,77.680591,1.289
212.0,veh_045,car,12.940709,77.666932,1.748
212.0,veh_047,car,12.945156,77.686294,7.331
212.0,veh_049,bus,12.942687,77.672358,3.931
213.0,veh_000,car,12.94378,77.675359,7.818
213.0,veh_001,car,12.945661,77.688939,4.401
213.0,veh_002,car,12.91913,77.628146,4.125
213.0,veh_003,car,12.921554,77.631666,5.95
213.0,veh_004,car,12.935058,77.651989,6.845
213.0,veh_005,car,12.942213,77.671187,6.386
213.0,veh_006,car,12.928731,77.641884,3.936
213.0,veh_007,car,12.926403,77.638455,7.89
213.0,veh_008,car,12.939472,77.66331,5.572
213.0,veh_009,car,12.938361,77.660068,4.572
213.0,veh_010,bus,12.934866,77.651518,4.453
213.0,veh_011,motorcycle,12.936804,77.655811,5.62
213.0,veh_012,motorcycle,12.922686,77.63317,4.712
213.0,veh_013,car,12.944297,77.678796,3.62
213.0,veh_014,motorcycle,12.947635,77.697121,4.391
213.0,veh_015,bus,12.945781,77.689617,5.001
213.0,veh_016,car,12.928047,77.640878,5.026
213.0,veh_017,bus,12.926678,77.638644,2.791
213.0,veh_018,car,12.921758,77.632006,2.455
213.0,veh_019,bus,12.927926,77.640685,5.443
213.0,veh_020,car,12.940667,77.666488,4.566
213.0,veh_021,car,12.936928,77.656385,4.437
213.0,veh_022,car,12.917789,77.626332,8.367
213.0,veh_023,truck,12.937708,77.658093,3.591
213.0,veh_025,bus,12.93239,77.647574,1.438
213.0,veh_026,car,12.938846,77.66157,5.353
213.0,veh_027,motorcycle,12.928818,77.64196,8.261
213.0,veh_028,car,12.937498,77.657613,3.07
213.0,veh_029,car,12.945342,77.687598,9.732
213.0,veh_030,bus,12.934191,77.650713,3.115
213.0,veh_031,car,12.938138,77.659392,6.663
213.0,veh_032,car,12.948449,77.699359,6.048
213.0,veh_033,car,12.944302,77.678252,1.858
213.0,veh_034,car,12.947916,77.697737,6.002
213.0,veh_035,car,12.927514,77.640056,6.016
213.0,veh_036,motorcycle,12.939962,77.664554,7.869
213.0,veh_037,car,12.920788,77.63057,5.35
213.0,veh_038,motorcycle,12.942112,77.670753,12.213
213.0,veh_039,bus,12.938407,77.660004,2.679
213.0,veh_040,car,12.919518,77.628712,5.446
213.0,veh_041,motorcycle,12.92385,77.63485,5.286
213.0,veh_042,car,12.927344,77.639769,6.379
213.0,veh_043,car,12.919135,77.628287,0.893
213.0,veh_044,car,12.944643,77.680567,5.907
213.0,veh_045,car,12.940752,77.666844,3.658
213.0,veh_047,car,12.944994,77.686347,6.502
213.0,veh_049,bus,12.942599,77.67242,3.797
214.0,veh_000,car,12.943659,77.67542,7.684
214.0,veh_001,car,12.945695,77.688964,4.78
214.0,veh_002,car,12.919136,77.628235,8.226
214.0,veh_003,car,12.921607,77.631563,0.626
214.0,veh_004,car,12.935148,77.652096,5.336
214.0,veh_005,car,12.942234,77.671141,3.48
214.0,veh_006,car,12.928815,77.641835,6.28
214.0,veh_007,car,12.926391,77.638497,7.698
214.0,veh_008,car,12.939553,77.663284,10.134
214.0,veh_009,car,12.938405,77.660012,7.074
214.0,veh_010,bus,12.934737,77.651775,3.309
214.0,veh_011,motorcycle,12.936923,77.655885,3.885
214.0,veh_012,motorcycle,12.922755,77.63328,5.557
214.0,veh_013,car,12.944346,77.678807,1.078
214.0,veh_014,motorcycle,12.947715,77.697104,10.653
214.0,veh_015,bus,12.945765,77.689653,5.079
214.0,veh_016,car,12.928143,77.640806,6.562
214.0,veh_017,bus,12.926612,77.638794,5.267
214.0,veh_018,car,12.921899,77.632085,3.772
214.0,veh_019,bus,12.927945,77.640776,4.074
214.0,veh_020,car,12.940595,77.666401,8.065
214.0,veh_021,car,12.937009,77.65632,6.984
214.0,veh_022,car,12.917795,77.626351,4.071
214.0,veh_023,truck,12.937654,77.658084,4.253
214.0,veh_025,bus,12.932563,77.647591,5.104
214.0,veh_026,car,12.938901,77.661627,8.154
214.0,veh_027,motorcycle,12.928928,77.641998,9.437
214.0,veh_028,car,12.937356,77.657644,0.1
214.0,veh_029,car,12.945324,77.687637,2.813
214.0,veh_030,bus,12.934249,77.650647,3.193
214.0,veh_031,car,12.938038,77.659439,8.068
214.0,veh_032,car,12.948544,77.699281,5.34
214.0,veh_033,car,12.944275,77.678236,6.163
214.0,veh_034,car,12.947946,77.697798,5.304
214.0,veh_035,car,12.927551,77.640067,5.454
214.0,veh_036,motorcycle,12.939948,77.664661,3.545
214.0,veh_037,car,12.920871,77.630641,8.249
214.0,veh_038,motorcycle,12.942116,77.670878,2.921
214.0,veh_039,bus,12.938303,77.660098,3.725
214.0,veh_040,car,12.919616,77.62891,7.073
214.0,veh_041,motorcycle,12.923858,77.634844,3.462
214.0,veh_042,car,12.927321,77.639672,6.046
214.0,veh_043,car,12.919137,77.628232,8.424
214.0,veh_044,car,12.944581,77.680762,9.487
214.0,veh_045,car,12.940713,77.666931,4.78
214.0,veh_047,car,12.945032,77.686442,5.103
214.0,veh_049,bus,12.942636,77.672491,5.492
215.0,veh_000,car,12.943689,77.675506,8.999
215.0,veh_001,car,12.945563,77.689038,0.902
215.0,veh_002,car,12.919188,77.628359,6.705
215.0,veh_003,car,12.921573,77.631624,4.708
215.0,veh_004,car,12.93515,77.652111,6.168
215.0,veh_005,car,12.942125,77.671156,10.382
215.0,veh_006,car,12.928772,77.641907,5.611
215.0,veh_007,car,12.926431,77.638578,7.103
215.0,veh_008,car,12.939461,77.663288,6.656
215.0,veh_009,car,12.938362,77.660103,4.365
215.0,veh_010,bus,12.934996,77.651763,5.248
215.0,veh_011,motorcycle,12.93696,77.655883,12.965
215.0,veh_012,motorcycle,12.922738,77.633266,5.12
215.0,veh_013,car,12.944397,77.678889,9.385
215.0,veh_014,motorcycle,12.947713,77.697176,5.419
215.0,veh_015,bus,12.945788,77.689678,4.818
215.0,veh_016,car,12.928023,77.640927,5.72
215.0,veh_017,bus,12.926679,77.638835,5.656
215.0,veh_018,car,12.921905,77.632092,7.925
215.0,veh_019,bus,12.928106,77.640801,2.197
215.0,veh_020,car,12.940656,77.66657,3.836
215.0,veh_021,car,12.93708,77.656463,8.16
215.0,veh_022,car,12.917839,77.626413,2.858
215.0,veh_023,truck,12.937646,77.658083,1.573
215.0,veh_025,bus,12.932596,77.647621,2.54
215.0,veh_026,car,12.938986,77.661642,4.338
215.0,veh_027,motorcycle,12.928871,77.642008,4.908
215.0,veh_028,car,12.937482,77.657604,3.374
215.0,veh_029,car,12.945371,77.687613,5.172
215.0,veh_030,bus,12.934248,77.650628,3.234
215.0,veh_031,car,12.938134,77.659406,5.907
215.0,veh_032,car,12.948387,77.699478,3.12
215.0,veh_033,car,12.944337,77.678436,2.88
215.0,veh_034,car,12.947907,77.697805,4.175
215.0,veh_035,car,12.927583,77.640091,1.807
215.0,veh_036,motorcycle,12.940072,77.664695,9.656
215.0,veh_037,car,12.920855,77.63063,3.72
215.0,veh_038,motorcycle,12.942105,77.670997,8.396
215.0,veh_039,bus,12.938336,77.660124,2.63
215.0,veh_040,car,12.919519,77.628838,6.083
215.0,veh_041,motorcycle,12.923898,77.634928,12.306
215.0,veh_042,car,12.927309,77.639827,9.821
215.0,veh_043,car,12.919165,77.62838,7.202
215.0,veh_044,car,12.944614,77.68078,6.413
215.0,veh_045,car,12.940748,77.66698,7.638
215.0,veh_047,car,12.945126,77.68648,5.239
215.0,veh_049,bus,12.942752,77.672433,2.931
216.0,veh_000,car,12.943704,77.675625,7.603
216.0,veh_001,car,12.945616,77.689023,4.265
216.0,veh_002,car,12.91911,77.628326,7.833
216.0,veh_003,car,12.921515,77.631635,3.522
216.0,veh_004,car,12.935242,77.652266,10.817
216.0,veh_005,car,12.942264,77.671331,8.2
216.0,veh_006,car,12.928934,77.642091,10.969
216.0,veh_007,car,12.926549,77.638576,4.55
216.0,veh_008,car,12.939553,77.663448,5.519
216.0,veh_009,car,12.938395,77.660277,5.65
216.0,veh_010,bus,12.934884,77.65167,5.275
216.0,veh_011,motorcycle,12.936866,77.656006,6.726
216.0,veh_012,motorcycle,12.92286,77.63333,10.097
216.0,veh_013,car,12.944306,77.678901,3.337
216.0,veh_014,motorcycle,12.947801,77.697209,8.65
216.0,veh_015,bus,12.945803,77.689669,4.887
216.0,veh_016,car,12.92813,77.641031,7.299
216.0,veh_017,bus,12.926811,77.63888,3.369
216.0,veh_018,car,12.921904,77.632215,4.993
216.0,veh_019,bus,12.928067,77.640759,2.835
216.0,veh_020,car,12.940661,77.6667,6.04
216.0,veh_021,car,12.937068,77.656446,2.741
216.0,veh_022,car,12.917908,77.626528,4.839
216.0,veh_023,truck,12.937679,77.658039,1.927
216.0,veh_025,bus,12.932496,77.647656,4.518
216.0,veh_026,car,12.938962,77.661662,4.42
216.0,veh_027,motorcycle,12.928962,77.642135,6.068
216.0,veh_028,car,12.937473,77.657689,4.812
216.0,veh_029,car,12.945405,77.687763,7.833
216.0,veh_030,bus,12.934287,77.650612,4.328
216.0,veh_031,car,12.938044,77.659399,2.589
216.0,veh_032,car,12.948585,77.699415,1.996
216.0,veh_033,car,12.944401,77.678448,4.906
216.0,veh_034,car,12.947932,77.697826,7.619
216.0,veh_035,car,12.927558,77.640126,6.634
216.0,veh_036,motorcycle,12.94006,77.664799,8.321
216.0,veh_037,car,12.920927,77.630751,8.732
216.0,veh_038,motorcycle,12.942184,77.671006,6.455
216.0,veh_039,bus,12.938357,77.660138,3.617
216.0,veh_040,car,12.91971,77.628915,8.993
216.0,veh_041,motorcycle,12.924014,77.634935,8.504
216.0,veh_042,car,12.927525,77.639928,8.85
216.0,veh_043,car,12.919269,77.628388,5.34
216.0,veh_044,car,12.944493,77.680867,6.101
216.0,veh_045,car,12.940794,77.667105,6.061
216.0,veh_047,car,12.94521,77.68648,6.075
216.0,veh_049,bus,12.942648,77.672435,3.574
217.0,veh_000,car,12.943726,77.67572,7.328
217.0,veh_001,car,12.945543,77.689035,11.76
217.0,veh_002,car,12.919318,77.628456,5.701
217.0,veh_003,car,12.921622,77.63169,6.024
217.0,veh_004,car,12.935152,77.652124,4.124
217.0,veh_005,car,12.942275,77.671346,6.023
217.0,veh_006,car,12.928952,77.642012,7.305
217.0,veh_007,car,12.926515,77.638624,5.575
217.0,veh_008,car,12.939622,77.663493,7.514
217.0,veh_009,car,12.938401,77.660255,7.697
217.0,veh_010,bus,12.934894,77.651811,4.836
217.0,veh_011,motorcycle,12.937014,77.656058,6.753
217.0,veh_012,motorcycle,12.922732,77.633335,3.838
217.0,veh_013,car,12.944404,77.678895,6.037
217.0,veh_014,motorcycle,12.947848,77.697344,7.984
217.0,veh_015,bus,12.945738,77.689787,2.525
217.0,veh_016,car,12.9282,77.640994,2.984
217.0,veh_017,bus,12.92662,77.638848,2.122
217.0,veh_018,car,12.921957,77.632188,4.909
217.0,veh_019,bus,12.928035,77.640779,4.436
217.0,veh_020,car,12.940703,77.666642,7.373
217.0,veh_021,car,12.937109,77.656483,10.591
217.0,veh_022,car,12.917963,77.626511,11.09
217.0,veh_023,truck,12.937609,77.658116,4.221
217.0,veh_025,bus,12.932552,77.64778,2.618
217.0,veh_026,car,12.938974,77.661737,6.27
217.0,veh_027,motorcycle,12.928948,77.642185,1.97
217.0,veh_028,car,12.937618,77.657651,6.248
217.0,veh_029,car,12.945373,77.687792,7.733
217.0,veh_030,bus,12.934254,77.650695,3.571
217.0,veh_031,car,12.938146,77.659648,6.891
217.0,veh_032,car,12.948425,77.699521,8.438
217.0,veh_033,car,12.944403,77.678581,9.275
217.0,veh_034,car,12.947927,77.697916,6.615
217.0,veh_035,car,12.92763,77.640243,5.468
217.0,veh_036,motorcycle,12.940116,77.664811,8.895
217.0,veh_037,car,12.921026,77.630782,3.611
217.0,veh_038,motorcycle,12.942157,77.670981,5.408
217.0,veh_039,bus,12.93843,77.660156,3.419
217.0,veh_040,car,12.919707,77.629052,6.622
217.0,veh_041,motorcycle,12.923961,77.635037,8.85
217.0,veh_042,car,12.927447,77.640033,2.202
217.0,veh_043,car,12.919144,77.628455,3.699
217.0,veh_044,car,12.944613,77.680858,7.459
217.0,veh_045,car,12.940798,77.667025,7.589
217.0,veh_047,car,12.945009,77.686491,6.461
217.0,veh_049,bus,12.942636,77.672418,4.265
218.0,veh_000,car,12.943824,77.67571,11.54
218.0,veh_001,car,12.945702,77.689124,4.89
218.0,veh_002,car,12.919334,77.628383,7.008
218.0,veh_003,car,12.92169,77.631683,9.854
218.0,veh_004,car,12.935229,77.652308,6.976
218.0,veh_005,car,12.942323,77.671416,3.159
218.0,veh_006,car,12.929019,77.642234,6.159
218.0,veh_007,car,12.926585,77.638666,9.487
218.0,veh_008,car,12.939578,77.663578,6.481
218.0,veh_009,car,12.938498,77.660272,6.707
218.0,veh_010,bus,12.934811,77.651839,3.701
218.0,veh_011,motorcycle,12.937081,77.656191,3.215
218.0,veh_012,motorcycle,12.922847,77.633431,10.491
218.0,veh_013,car,12.944333,77.678854,2.276
218.0,veh_014,motorcycle,12.947754,77.6973,6.73
218.0,veh_015,bus,12.945759,77.689805,1.638
218.0,veh_016,car,12.928286,77.641081,8.378
218.0,veh_017,bus,12.926669,77.639022,4.91
218.0,veh_018,car,12.921963,77.632196,5.368
218.0,veh_019,bus,12.928143,77.640803,4.548
218.0,veh_020,car,12.940692,77.666776,3.344
218.0,veh_021,car,12.937114,77.656589,4.193
218.0,veh_022,car,12.917957,77.626568,6.511
218.0,veh_023,truck,12.93771,77.658098,2.309
218.0,veh_025,bus,12.932607,77.647685,2.892
218.0,veh_026,car,12.938972,77.661863,4.132
218.0,veh_027,motorcycle,12.928927,77.642198,5.192
218.0,veh_028,car,12.937502,77.657695,5.669
218.0,veh_029,car,12.94538,77.687815,6.617
218.0,veh_030,bus,12.93445,77.650793,6.196
218.0,veh_031,car,12.938092,77.659535,0.749
218.0,veh_032,car,12.948543,77.699546,11.12
218.0,veh_033,car,12.944329,77.678587,8.52
218.0,veh_034,car,12.94796,77.698009,8.872
218.0,veh_035,car,12.9277,77.640291,9.756
218.0,veh_036,motorcycle,12.940087,77.664918,5.753
218.0,veh_037,car,12.920994,77.630801,1.774
218.0,veh_038,motorcycle,12.942229,77.671077,6.293
218.0,veh_039,bus,12.938372,77.660243,6.257
218.0,veh_040,car,12.919703,77.629074,6.149
218.0,veh_041,motorcycle,12.923978,77.635052,2.198
218.0,veh_042,car,12.927429,77.63999,6.344
218.0,veh_043,car,12.919266,77.628596,6.129
218.0,veh_044,car,12.944527,77.680987,7.066
218.0,veh_045,car,12.940912,77.667129,4.369
218.0,veh_047,car,12.945101,77.686635,2.823
218.0,veh_049,bus,12.942658,77.672577,3.46
219.0,veh_000,car,12.943755,77.675851,9.859
219.0,veh_001,car,12.945647,77.689248,6.23
219.0,veh_002,car,12.919326,77.628401,5.388
219.0,veh_003,car,12.921649,77.631863,9.022
219.0,veh_004,car,12.935219,77.652422,4.673
219.0,veh_005,car,12.942351,77.67138,7.949
219.0,veh_006,car,12.929084,77.642214,5.336
219.0,veh_007,car,12.926582,77.638725,8.657
219.0,veh_008,car,12.939561,77.663549,4.771
219.0,veh_009,car,12.938374,77.660372,3.377
219.0,veh_010,bus,12.934902,77.651755,3.02
219.0,veh_011,motorcycle,12.936998,77.656098,5.402
219.0,veh_012,motorcycle,12.922951,77.633435,4.98
219.0,veh_013,car,12.944368,77.678872,7.547
219.0,veh_014,motorcycle,12.947862,77.697419,8.633
219.0,veh_015,bus,12.945806,77.68976,3.458
219.0,veh_016,car,12.928278,77.641125,11.33
219.0,veh_017,bus,12.926743,77.638948,3.842
219.0,veh_018,car,12.921975,77.632194,3.626
219.0,veh_019,bus,12.928136,77.640896,7.174
219.0,veh_020,car,12.940732,77.666776,10.284
219.0,veh_021,car,12.937061,77.656536,4.464
219.0,veh_022,car,12.917925,77.62667,5.749
219.0,veh_023,truck,12.93752,77.658124,2.958
219.0,veh_025,bus,12.932639,77.647732,1.314
219.0,veh_026,car,12.939105,77.661784,7.607
219.0,veh_027,motorcycle,12.929076,77.642236,8.313
219.0,veh_028,car,12.937601,77.657811,2.931
219.0,veh_029,car,12.945407,77.687826,3.514
219.0,veh_030,bus,12.93434,77.650816,4.508
219.0,veh_031,car,12.938253,77.659585,7.42
219.0,veh_032,car,12.948531,77.699643,7.791
219.0,veh_033,car,12.9444,77.678604,3.033
219.0,veh_034,car,12.947971,77.698023,6.314
219.0,veh_035,car,12.927695,77.640244,6.486
219.0,veh_036,motorcycle,12.940115,77.664937,5.094
219.0,veh_037,car,12.920975,77.630791,6.102
219.0,veh_038,motorcycle,12.942175,77.671165,8.458
219.0,veh_039,bus,12.938397,77.660245,5.995
219.0,veh_040,car,12.919782,77.629108,6.222
219.0,veh_041,motorcycle,12.924028,77.635073,6.011
219.0,veh_042,car,12.927518,77.640071,4.279
219.0,veh_043,car,12.919309,77.628515,4.439
219.0,veh_044,car,12.944455,77.681045,6.533
219.0,veh_045,car,12.940811,77.667241,9.8
219.0,veh_047,car,12.945086,77.686725,4.344
219.0,veh_049,bus,12.942703,77.672582,5.537
220.0,veh_000,car,12.943741,77.675784,3.471
220.0,veh_001,car,12.945657,77.689285,5.815
220.0,veh_002,car,12.919335,77.628514,6.588
220.0,veh_003,car,12.921761,77.631795,3.261
220.0,veh_004,car,12.935305,77.652423,5.084
220.0,veh_005,car,12.942321,77.671475,2.658
220.0,veh_006,car,12.929007,77.642214,7.829
220.0,veh_007,car,12.92659,77.638684,6.182
220.0,veh_008,car,12.939612,77.663668,4.618
220.0,veh_009,car,12.938549,77.660317,11.315
220.0,veh_010,bus,12.934883,77.651796,3.235
220.0,veh_011,motorcycle,12.936997,77.656224,8.279
220.0,veh_012,motorcycle,12.922909,77.633593,9.531
220.0,veh_013,car,12.944362,77.679016,7.534
220.0,veh_014,motorcycle,12.947829,77.697523,6.967
220.0,veh_015,bus,12.94584,77.689695,4.421
220.0,veh_016,car,12.928254,77.641191,4.255
220.0,veh_017,bus,12.926776,77.638996,5.027
220.0,veh_018,car,12.922026,77.632158,7.614
220.0,veh_019,bus,12.92824,77.640959,3.621
220.0,veh_020,car,12.940738,77.666842,2.28
220.0,veh_021,car,12.937167,77.656718,4.899
220.0,veh_022,car,12.917996,77.626612,6.601
220.0,veh_023,truck,12.937691,77.658243,3.973
220.0,veh_025,bus,12.932537,77.6478,4.527
220.0,veh_026,car,12.939032,77.661839,8.004
220.0,veh_027,motorcycle,12.929064,77.642301,5.167
220.0,veh_028,car,12.937533,77.657886,5.994
220.0,veh_029,car,12.94534,77.687836,5.035
220.0,veh_030,bus,12.93445,77.650854,5.601
220.0,veh_031,car,12.938153,77.659561,2.856
220.0,veh_032,car,12.948579,77.699691,5.905
220.0,veh_033,car,12.944284,77.678697,2.519
220.0,veh_034,car,12.948033,77.698056,3.055
220.0,veh_035,car,12.927787,77.640363,7.799
220.0,veh_036,motorcycle,12.940021,77.66493,4.996
220.0,veh_037,car,12.920973,77.630806,4.607
220.0,veh_038,motorcycle,12.942206,77.671177,12.35
220.0,veh_039,bus,12.938397,77.660278,4.178
220.0,veh_040,car,12.919775,77.629161,6.697
220.0,veh_041,motorcycle,12.924092,77.635067,6.438
220.0,veh_042,car,12.927519,77.640111,8.756
220.0,veh_043,car,12.919345,77.628401,3.466
220.0,veh_044,car,12.944571,77.680986,5.818
220.0,veh_045,car,12.94085,77.667289,6.475
220.0,veh_047,car,12.945179,77.686725,5.832
220.0,veh_049,bus,12.942777,77.67264,2.667
221.0,veh_000,car,12.943865,77.675833,3.133
221.0,veh_001,car,12.945629,77.689229,0.286
221.0,veh_002,car,12.919255,77.628526,0.1
221.0,veh_003,car,12.921634,77.631848,2.189
221.0,veh_004,car,12.935284,77.652467,2.913
221.0,veh_005,car,12.942393,77.67156,6.508
221.0,veh_006,car,12.92921,77.642288,7.027
221.0,veh_007,car,12.926682,77.638888,12.238
221.0,veh_008,car,12.93963,77.663672,6.804
221.0,veh_009,car,12.938537,77.660471,8.214
221.0,veh_010,bus,12.934904,77.651844,4.685
221.0,veh_011,motorcycle,12.93699,77.656372,6.795
221.0,veh_012,motorcycle,12.922919,77.633534,0.1
221.0,veh_013,car,12.944341,77.679141,5.532
221.0,veh_014,motorcycle,12.947967,77.697489,7.535
221.0,veh_015,bus,12.945834,77.689874,3.442
221.0,veh_016,car,12.928356,77.641146,6.441
221.0,veh_017,bus,12.926707,77.639029,3.62
221.0,veh_018,car,12.92211,77.632388,10.258
221.0,veh_019,bus,12.928196,77.640936,2.396
221.0,veh_020,car,12.940834,77.666933,9.997
221.0,veh_021,car,12.937227,77.65671,6.129
221.0,veh_022,car,12.918033,77.626712,6.848
221.0,veh_023,truck,12.93768,77.658215,3.701
221.0,veh_025,bus,12.932603,77.647765,3.318
221.0,veh_026,car,12.93907,77.661884,5.213
221.0,veh_027,motorcycle,12.929061,77.642272,4.918
221.0,veh_028,car,12.937619,77.65785,5.022
221.0,veh_029,car,12.945409,77.687993,6.07
221.0,veh_030,bus,12.934463,77.650898,4.759
221.0,veh_031,car,12.938242,77.659645,6.146
221.0,veh_032,car,12.948612,77.699714,9.208
221.0,veh_033,car,12.944341,77.678748,3.923
221.0,veh_034,car,12.947964,77.698005,4.303
221.0,veh_035,car,12.927732,77.640396,10.416
221.0,veh_036,motorcycle,12.940107,77.665098,1.702
221.0,veh_037,car,12.921034,77.630873,7.275
221.0,veh_038,motorcycle,12.942391,77.671346,10.736
221.0,veh_039,bus,12.938482,77.660281,3.639
221.0,veh_040,car,12.919891,77.629221,7.966
221.0,veh_041,motorcycle,12.924134,77.635247,7.799
221.0,veh_042,car,12.927489,77.640123,4.699
221.0,veh_043,car,12.919319,77.628535,3.988
221.0,veh_044,car,12.9446,77.681159,11.316
221.0,veh_045,car,12.940802,77.667379,5.888
221.0,veh_047,car,12.945243,77.686777,6.226
221.0,veh_049,bus,12.942666,77.672664,3.952
222.0,veh_000,car,12.943777,77.675889,5.985
222.0,veh_001,car,12.945623,77.689324,8.306
222.0,veh_002,car,12.919325,77.628559,4.323
222.0,veh_003,car,12.921782,77.631978,9.016
222.0,veh_004,car,12.935244,77.652413,1.143
222.0,veh_005,car,12.942298,77.671556,4.299
222.0,veh_006,car,12.929133,77.642395,4.291
222.0,veh_007,car,12.92672,77.638851,6.282
222.0,veh_008,car,12.939679,77.663741,4.898
222.0,veh_009,car,12.938475,77.660506,6.817
222.0,veh_010,bus,12.935002,77.651925,5.08
222.0,veh_011,motorcycle,12.937019,77.65642,4.756
222.0,veh_012,motorcycle,12.922942,77.633629,7.621
222.0,veh_013,car,12.944476,77.679265,5.782
222.0,veh_014,motorcycle,12.947869,77.697547,4.504
222.0,veh_015,bus,12.945758,77.689858,3.484
222.0,veh_016,car,12.928356,77.641189,3.369
222.0,veh_017,bus,12.92681,77.63909,6.573
222.0,veh_018,car,12.922104,77.632471,7.625
222.0,veh_019,bus,12.928158,77.64099,3.973
222.0,veh_020,car,12.94082,77.666985,5.823
222.0,veh_021,car,12.937144,77.656754,7.258
222.0,veh_022,car,12.91814,77.626784,5.41
222.0,veh_023,truck,12.937797,77.658296,4.338
222.0,veh_025,bus,12.93263,77.647795,3.033
222.0,veh_026,car,12.939028,77.662011,4.801
222.0,veh_027,motorcycle,12.929152,77.642395,4.682
222.0,veh_028,car,12.937646,77.657986,5.861
222.0,veh_029,car,12.945431,77.687962,2.399
222.0,veh_030,bus,12.934459,77.650934,4.4
222.0,veh_031,car,12.938278,77.65975,5.053
222.0,veh_032,car,12.948584,77.699685,2.184
222.0,veh_033,car,12.944386,77.678705,4.663
222.0,veh_034,car,12.948117,77.69813,4.299
222.0,veh_035,car,12.927743,77.640488,9.625
222.0,veh_036,motorcycle,12.940108,77.665005,8.864
222.0,veh_037,car,12.921022,77.630975,6.259
222.0,veh_038,motorcycle,12.942269,77.671414,9.478
222.0,veh_039,bus,12.93839,77.660381,2.325
222.0,veh_040,car,12.919826,77.629228,5.145
222.0,veh_041,motorcycle,12.92413,77.635239,4.869
222.0,veh_042,car,12.927632,77.640113,5.98
222.0,veh_043,car,12.919368,77.628607,5.311
222.0,veh_044,car,12.944552,77.681257,8.797
222.0,veh_045,car,12.940832,77.667388,5.127
222.0,veh_047,car,12.9452,77.686756,8.703
222.0,veh_049,bus,12.942683,77.67271,5.149
223.0,veh_000,car,12.943919,77.676078,5.33
223.0,veh_001,car,12.945708,77.689405,9.648
223.0,veh_002,car,12.919444,77.628686,6.031
223.0,veh_003,car,12.921738,77.631922,5.949
223.0,veh_004,car,12.935314,77.652537,10.023
223.0,veh_005,car,12.94232,77.671596,5.162
223.0,veh_006,car,12.92921,77.642468,9.292
223.0,veh_007,car,12.926763,77.63894,6.077
223.0,veh_008,car,12.939701,77.663756,8.578
223.0,veh_009,car,12.938574,77.66061,9.154
223.0,veh_010,bus,12.935121,77.651963,4.41
223.0,veh_011,motorcycle,12.93704,77.656423,7.872
223.0,veh_012,motorcycle,12.923037,77.633616,4.995
223.0,veh_013,car,12.944425,77.679187,4.062
223.0,veh_014,motorcycle,12.94785,77.697704,4.143
223.0,veh_015,bus,12.945755,77.690006,3.458
223.0,veh_016,car,12.928388,77.641272,5.836
223.0,veh_017,bus,12.926841,77.639169,3.306
223.0,veh_018,car,12.922145,77.632475,7.265
223.0,veh_019,bus,12.928134,77.641011,3.643
223.0,veh_020,car,12.940854,77.66701,6.635
223.0,veh_021,car,12.937218,77.656867,7.245
223.0,veh_022,car,12.918016,77.626862,4.804
223.0,veh_023,truck,12.937703,77.658276,3.441
223.0,veh_025,bus,12.932661,77.647917,5.021
223.0,veh_026,car,12.939076,77.662024,6.044
223.0,veh_027,motorcycle,12.929157,77.642378,10.936
223.0,veh_028,car,12.937541,77.657946,5.571
223.0,veh_029,car,12.945406,77.688013,2.393
223.0,veh_030,bus,12.934393,77.650968,1.682
223.0,veh_031,car,12.938227,77.65971,5.134
223.0,veh_032,car,12.948561,77.699801,7.199
223.0,veh_033,car,12.944413,77.678726,5.39
223.0,veh_034,car,12.947934,77.698124,2.027
223.0,veh_035,car,12.927829,77.640552,6.473
223.0,veh_036,motorcycle,12.940164,77.665153,8.818
223.0,veh_037,car,12.921013,77.630959,6.972
223.0,veh_038,motorcycle,12.942329,77.671524,6.311
223.0,veh_039,bus,12.938514,77.660371,5.283
223.0,veh_040,car,12.919932,77.629227,4.433
223.0,veh_041,motorcycle,12.924236,77.63532,11.899
223.0,veh_042,car,12.927718,77.640307,6.602
223.0,veh_043,car,12.919454,77.628663,9.113
223.0,veh_044,car,12.944639,77.681322,4.305
223.0,veh_045,car,12.940942,77.667433,6.733
223.0,veh_047,car,12.945231,77.686803,6.524
223.0,veh_049,bus,12.942818,77.672804,4.709
224.0,veh_000,car,12.943819,77.676043,6.219
224.0,veh_001,car,12.945638,77.689491,3.498
224.0,veh_002,car,12.919391,77.628643,4.119
224.0,veh_003,car,12.921817,77.631953,4.156
224.0,veh_004,car,12.935332,77.652636,4.766
224.0,veh_005,car,12.942462,77.671668,8.116
224.0,veh_006,car,12.929159,77.642398,4.09
224.0,veh_007,car,12.926808,77.639082,5.894
224.0,veh_008,car,12.939686,77.663884,6.93
224.0,veh_009,car,12.938686,77.660724,7.146
224.0,veh_010,bus,12.934986,77.65205,2.382
224.0,veh_011,motorcycle,12.937145,77.656519,6.897
224.0,veh_012,motorcycle,12.923045,77.633742,11.009
224.0,veh_013,car,12.944363,77.679295,6.32
224.0,veh_014,motorcycle,12.947862,77.697777,9.068
224.0,veh_015,bus,12.945733,77.689887,2.556
224.0,veh_016,car,12.928395,77.641279,9.967
224.0,veh_017,bus,12.926785,77.639133,4.277
224.0,veh_018,car,12.922227,77.632566,3.005
224.0,veh_019,bus,12.928206,77.641056,1.688
224.0,veh_020,car,12.940852,77.667078,3.274
224.0,veh_021,car,12.937157,77.656962,10.393
224.0,veh_022,car,12.918142,77.626715,4.481
224.0,veh_023,truck,12.937745,77.658344,3.385
224.0,veh_025,bus,12.932733,77.647941,6.821
224.0,veh_026,car,12.939016,77.662117,3.691
224.0,veh_027,motorcycle,12.929088,77.642464,5.427
224.0,veh_028,car,12.93763,77.65807,4.477
224.0,veh_029,car,12.945491,77.68816,6.912
224.0,veh_030,bus,12.93446,77.650964,3.285
224.0,veh_031,car,12.938252,77.659738,6.914
224.0,veh_032,car,12.948622,77.699916,6.486
224.0,veh_033,car,12.944314,77.678877,4.86
224.0,veh_034,car,12.948001,77.698106,4.199
224.0,veh_035,car,12.927868,77.640692,7.804
224.0,veh_036,motorcycle,12.940178,77.665251,8.559
224.0,veh_037,car,12.921098,77.631027,4.629
224.0,veh_038,motorcycle,12.942409,77.671546,8.011
224.0,veh_039,bus,12.938447,77.660378,3.787
224.0,veh_040,car,12.919944,77.629296,10.128
224.0,veh_041,motorcycle,12.924275,77.635341,7.66
224.0,veh_042,car,12.92769,77.640335,5.874
224.0,veh_043,car,12.919477,77.628669,4.441
224.0,veh_044,car,12.944618,77.681399,7.225
224.0,veh_045,car,12.940974,77.667494,4.313
224.0,veh_047,car,12.945128,77.686827,2.903
224.0,veh_049,bus,12.942784,77.672759,4.303
225.0,veh_000,car,12.943886,77.67601,2.24
225.0,veh_001,car,12.945767,77.689568,5.283
225.0,veh_002,car,12.919402,77.628738,2.722
225.0,veh_003,car,12.921831,77.63201,2.648
225.0,veh_004,car,12.935296,77.652604,5.603
225.0,veh_005,car,12.94242,77.671745,7.998
225.0,veh_006,car,12.929176,77.642433,2.178
225.0,veh_007,car,12.926779,77.639062,5.971
225.0,veh_008,car,12.9397,77.663961,3.324
225.0,veh_009,car,12.938633,77.66071,6.783
225.0,veh_010,bus,12.935101,77.651934,3.468
225.0,veh_011,motorcycle,12.937113,77.656462,4.968
225.0,veh_012,motorcycle,12.923093,77.633817,7.922
225.0,veh_013,car,12.944373,77.679352,8.311
225.0,veh_014,motorcycle,12.947868,77.697839,7.053
225.0,veh_015,bus,12.945873,77.690002,5.027
225.0,veh_016,car,12.928446,77.641366,6.153
225.0,veh_017,bus,12.926883,77.639112,3.557
225.0,veh_018,car,12.922289,77.632558,9.913
225.0,veh_019,bus,12.928236,77.641031,5.528
225.0,veh_020,car,12.940799,77.667122,8.893
225.0,veh_021,car,12.937331,77.657007,5.89
225.0,veh_022,car,12.918183,77.626912,2.696
225.0,veh_023,truck,12.937817,77.658353,3.036
225.0,veh_025,bus,12.932791,77.648006,5.147
225.0,veh_026,car,12.939072,77.662103,5.383
225.0,veh_027,motorcycle,12.929247,77.642578,4.629
225.0,veh_028,car,12.93771,77.658094,6.253
225.0,veh_029,car,12.945353,77.688079,5.215
225.0,veh_030,bus,12.93456,77.651052,4.401
225.0,veh_031,car,12.938289,77.659882,7.069
225.0,veh_032,car,12.948629,77.700005,7.121
225.0,veh_033,car,12.944258,77.678877,7.538
225.0,veh_034,car,12.948105,77.698292,7.462
225.0,veh_035,car,12.92789,77.64069,7.798
225.0,veh_036,motorcycle,12.940248,77.665307,1.95
225.0,veh_037,car,12.921125,77.631062,7.624
225.0,veh_038,motorcycle,12.942341,77.671677,4.135
225.0,veh_039,bus,12.938527,77.660391,3.903
225.0,veh_040,car,12.919993,77.629359,7.975
225.0,veh_041,motorcycle,12.924328,77.635408,5.471
225.0,veh_042,car,12.927706,77.640313,4.061
225.0,veh_043,car,12.919504,77.628702,7.661
225.0,veh_044,car,12.944658,77.681337,1.227
225.0,veh_045,car,12.940962,77.667461,6.946
225.0,veh_047,car,12.945163,77.68694,5.508
225.0,veh_049,bus,12.942837,77.672886,3.567
226.0,veh_000,car,12.943861,77.676098,6.298
226.0,veh_001,car,12.945731,77.68954,6.177
226.0,veh_002,car,12.919502,77.628725,6.691
226.0,veh_003,car,12.921882,77.632146,11.838
226.0,veh_004,car,12.935381,77.652603,1.03
226.0,veh_005,car,12.942466,77.671835,2.226
226.0,veh_006,car,12.929189,77.642491,4.775
226.0,veh_007,car,12.926779,77.639031,2.705
226.0,veh_008,car,12.939686,77.663876,3.26
226.0,veh_009,car,12.938621,77.660833,3.514
226.0,veh_010,bus,12.935068,77.651982,4.849
226.0,veh_011,motorcycle,12.937111,77.656505,8.159
226.0,veh_012,motorcycle,12.923124,77.633819,6.649
226.0,veh_013,car,12.944437,77.679433,7.024
226.0,veh_014,motorcycle,12.947924,77.697882,5.134
226.0,veh_015,bus,12.945916,77.690022,4.622
226.0,veh_016,car,12.928581,77.641484,5.167
226.0,veh_017,bus,12.92696,77.63918,3.179
226.0,veh_018,car,12.922157,77.632646,3.813
226.0,veh_019,bus,12.928198,77.641026,2.707
226.0,veh_020,car,12.940835,77.667121,5.156
226.0,veh_021,car,12.937309,77.657095,7.909
226.0,veh_022,car,12.918187,77.626895,4.184
226.0,veh_023,truck,12.937785,77.658372,5.117
226.0,veh_025,bus,12.932699,77.647946,5.142
226.0,veh_026,car,12.93914,77.662188,8.466
226.0,veh_027,motorcycle,12.929235,77.642548,0.764
226.0,veh_028,car,12.937722,77.658189,6.821
226.0,veh_029,car,12.945419,77.688162,1.705
226.0,veh_030,bus,12.934457,77.651024,3.006
226.0,veh_031,car,12.938305,77.65989,3.972
226.0,veh_032,car,12.948681,77.699993,5.683
226.0,veh_033,car,12.94437,77.678989,4.427
226.0,veh_034,car,12.948127,77.698354,3.619
226.0,veh_035,car,12.927916,77.640737,7.96
226.0,veh_036,motorcycle,12.940159,77.665382,13.013
226.0,veh_037,car,12.921155,77.63107,7.527
226.0,veh_038,motorcycle,12.942384,77.671627,12.989
226.0,veh_039,bus,12.938554,77.660449,2.002
226.0,veh_040,car,12.920092,77.629478,5.821
226.0,veh_041,motorcycle,12.924218,77.63551,6.031
226.0,veh_042,car,12.927811,77.640369,8.619
226.0,veh_043,car,12.91948,77.628813,8.396
226.0,veh_044,car,12.944641,77.681481,6.688
226.0,veh_045,car,12.940977,77.667654,6.884
226.0,veh_047,car,12.945165,77.687042,4.026
226.0,veh_049,bus,12.942742,77.672822,2.791
227.0,veh_000,car,12.943883,77.676222,9.334
227.0,veh_001,car,12.945738,77.689588,5.74
227.0,veh_002,car,12.919466,77.628666,2.114
227.0,veh_003,car,12.921828,77.632039,4.35
227.0,veh_004,car,12.935375,77.652601,4.952
227.0,veh_005,car,12.942418,77.671813,6.386
227.0,veh_006,car,12.929177,77.642531,6.416
227.0,veh_007,car,12.926863,77.639133,7.809
227.0,veh_008,car,12.939671,77.664003,7.602
227.0,veh_009,car,12.938532,77.660857,6.114
227.0,veh_010,bus,12.935035,77.652018,3.052
227.0,veh_011,motorcycle,12.937115,77.656598,5.821
227.0,veh_012,motorcycle,12.923209,77.63387,4.9
227.0,veh_013,car,12.944353,77.67944,6.056
227.0,veh_014,motorcycle,12.948041,77.69791,7.304
227.0,veh_015,bus,12.945853,77.689952,2.35
227.0,veh_016,car,12.928469,77.641387,5.818
227.0,veh_017,bus,12.926972,77.63924,3.849
227.0,veh_018,car,12.922245,77.63261,5.346
227.0,veh_019,bus,12.9283,77.641112,3.663
227.0,veh_020,car,12.940806,77.667262,10.196
227.0,veh_021,car,12.937379,77.657045,6.802
227.0,veh_022,car,12.918241,77.626918,5.134
227.0,veh_023,truck,12.937755,77.6584,3.291
227.0,veh_025,bus,12.932709,77.648,4.205
227.0,veh_026,car,12.939112,77.662355,3.475
227.0,veh_027,motorcycle,12.929339,77.642634,7.404
227.0,veh_028,car,12.937703,77.658225,8.068
227.0,veh_029,car,12.945402,77.688225,5.624
227.0,veh_030,bus,12.93449,77.651005,4.227
227.0,veh_031,car,12.938328,77.659894,5.276
227.0,veh_032,car,12.948697,77.699982,7.079
227.0,veh_033,car,12.944279,77.678933,4.784
227.0,veh_034,car,12.948061,77.698317,6.476
227.0,veh_035,car,12.927966,77.64077,9.777
227.0,veh_036,motorcycle,12.940206,77.665523,6.753
227.0,veh_037,car,12.921155,77.631108,0.1
227.0,veh_038,motorcycle,12.942406,77.671815,7.267
227.0,veh_039,bus,12.938499,77.660507,3.479
227.0,veh_040,car,12.920045,77.629475,6.491
227.0,veh_041,motorcycle,12.924349,77.635522,9.318
227.0,veh_042,car,12.927745,77.640438,8.853
227.0,veh_043,car,12.919693,77.6288,7.008
227.0,veh_044,car,12.944613,77.681472,4.987
227.0,veh_045,car,12.941073,77.667538,8.76
227.0,veh_047,car,12.945119,77.687003,3.27
227.0,veh_049,bus,12.942867,77.672892,5.261
228.0,veh_000,car,12.943891,77.676226,10.168
228.0,veh_001,car,12.945808,77.689723,3.446
228.0,veh_002,car,12.9195,77.628733,5.981
228.0,veh_003,car,12.921887,77.632211,4.641
228.0,veh_004,car,12.935457,77.652655,7.549
228.0,veh_005,car,12.942473,77.672017,11.219
228.0,veh_006,car,12.929263,77.642585,7.93
228.0,veh_007,car,12.926822,77.639236,7.886
228.0,veh_008,car,12.939806,77.664049,1.597
228.0,veh_009,car,12.938582,77.660958,10.512
228.0,veh_010,bus,12.93513,77.652052,4.771
228.0,veh_011,motorcycle,12.937184,77.656704,10.186
228.0,veh_012,motorcycle,12.923192,77.633997,11.455
228.0,veh_013,car,12.94443,77.679542,9.956
228.0,veh_014,motorcycle,12.948091,77.697947,7.539
228.0,veh_015,bus,12.945849,77.690008,3.278
228.0,veh_016,car,12.928629,77.641493,4.035
228.0,veh_017,bus,12.926969,77.639198,4.953
228.0,veh_018,car,12.922376,77.632739,6.21
228.0,veh_019,bus,12.928308,77.641096,6.026
228.0,veh_020,car,12.940943,77.667335,4.761
228.0,veh_021,car,12.937297,77.657199,6.407
228.0,veh_022,car,12.918291,77.627026,8.679
228.0,veh_023,truck,12.937806,77.658425,2.581
228.0,veh_025,bus,12.932811,77.648165,4.566
228.0,veh_026,car,12.93922,77.662259,8.324
228.0,veh_027,motorcycle,12.929386,77.6427,7.361
228.0,veh_028,car,12.937672,77.658303,10.588
228.0,veh_029,car,12.945534,77.688227,5.357
228.0,veh_030,bus,12.934432,77.651035,2.458
228.0,veh_031,car,12.938359,77.660007,4.9
228.0,veh_032,car,12.948747,77.7002,8.91
228.0,veh_033,car,12.944458,77.679066,8.712
228.0,veh_034,car,12.948064,77.698402,6.471
228.0,veh_035,car,12.928016,77.640925,3.893
228.0,veh_036,motorcycle,12.940201,77.665488,9.119
228.0,veh_037,car,12.921274,77.63115,3.743
228.0,veh_038,motorcycle,12.942437,77.671889,10.126
228.0,veh_039,bus,12.938541,77.660537,3.515
228.0,veh_040,car,12.920122,77.629473,3.861
228.0,veh_041,motorcycle,12.92437,77.635653,8.409
228.0,veh_042,car,12.927859,77.640518,1.921
228.0,veh_043,car,12.919476,77.628855,3.877
228.0,veh_044,car,12.944642,77.681477,6.241
228.0,veh_045,car,12.941039,77.667713,7.423
228.0,veh_047,car,12.945242,77.687126,5.75
228.0,veh_049,bus,12.942841,77.672912,1.978
229.0,veh_000,car,12.943994,77.676262,6.444
229.0,veh_001,car,12.945743,77.689731,4.61
229.0,veh_002,car,12.919431,77.628787,4.712
229.0,veh_003,car,12.921917,77.632188,6.919
229.0,veh_004,car,12.935444,77.652735,6.941
229.0,veh_005,car,12.942551,77.672024,5.147
229.0,veh_006,car,12.929318,77.642683,9.016
229.0,veh_007,car,12.926894,77.639239,4.941
229.0,veh_008,car,12.939738,77.664058,4.398
229.0,veh_009,car,12.938586,77.661016,7.34
229.0,veh_010,bus,12.93515,77.652089,4.485
229.0,veh_011,motorcycle,12.937155,77.656767,6.217
229.0,veh_012,motorcycle,12.923326,77.634059,9.746
229.0,veh_013,car,12.944314,77.679546,5.534
229.0,veh_014,motorcycle,12.948125,77.697957,5.353
229.0,veh_015,bus,12.945937,77.690128,4.395
229.0,veh_016,car,12.928568,77.641616,8.184
229.0,veh_017,bus,12.926943,77.639291,4.302
229.0,veh_018,car,12.922295,77.632698,5.37
229.0,veh_019,bus,12.928307,77.641249,4.369
229.0,veh_020,car,12.94089,77.667399,6.725
229.0,veh_021,car,12.937364,77.657289,10.806
229.0,veh_022,car,12.918247,77.627021,2.741
229.0,veh_023,truck,12.937816,77.65844,4.482
229.0,veh_025,bus,12.932785,77.648177,3.234
229.0,veh_026,car,12.939202,77.662261,2.882
229.0,veh_027,motorcycle,12.929247,77.642586,6.634
229.0,veh_028,car,12.937689,77.658318,7.5
229.0,veh_029,car,12.945528,77.688388,6.379
229.0,veh_030,bus,12.934581,77.651012,2.677
229.0,veh_031,car,12.938261,77.659991,5.996
229.0,veh_032,car,12.948767,77.700234,7.758
229.0,veh_033,car,12.944396,77.679133,7.791
229.0,veh_034,car,12.948082,77.698381,5.717
229.0,veh_035,car,12.928041,77.640797,4.972
229.0,veh_036,motorcycle,12.940308,77.665541,8.363
229.0,veh_037,car,12.921175,77.63113,5.526
229.0,veh_038,motorcycle,12.942436,77.672009,9.549
229.0,veh_039,bus,12.938416,77.660538,3.193
229.0,veh_040,car,12.920139,77.629604,5.63
229.0,veh_041,motorcycle,12.924494,77.635642,8.28
229.0,veh_042,car,12.927812,77.640659,5.885
229.0,veh_043,car,12.919664,77.628953,5.585
229.0,veh_044,car,12.94462,77.68154,5.91
229.0,veh_045,car,12.94099,77.667796,5.422
229.0,veh_047,car,12.945168,77.687011,6.278
229.0,veh_049,bus,12.942809,77.67288,1.905
230.0,veh_000,car,12.943974,77.676475,7.78
230.0,veh_001,car,12.945768,77.689661,6.108
230.0,veh_002,car,12.919529,77.628859,11.034
230.0,veh_003,car,12.922001,77.632246,2.585
230.0,veh_004,car,12.935502,77.652758,5.096
230.0,veh_005,car,12.942467,77.672089,8.527
230.0,veh_006,car,12.929454,77.642661,6.935
230.0,veh_007,car,12.926938,77.639213,8.128
230.0,veh_008,car,12.939768,77.664049,5.341
230.0,veh_009,car,12.938762,77.660967,0.1
230.0,veh_010,bus,12.93516,77.652089,3.809
230.0,veh_011,motorcycle,12.937261,77.656906,9.916
230.0,veh_012,motorcycle,12.923296,77.634083,7.236
230.0,veh_013,car,12.944484,77.679727,10.383
230.0,veh_014,motorcycle,12.948011,77.698095,5.423
230.0,veh_015,bus,12.945855,77.690165,3.259
230.0,veh_016,car,12.928549,77.641557,2.626
230.0,veh_017,bus,12.927055,77.639351,5.327
230.0,veh_018,car,12.922418,77.63281,7.158
230.0,veh_019,bus,12.92834,77.641271,4.295
230.0,veh_020,car,12.940978,77.667464,1.712
230.0,veh_021,car,12.937332,77.657279,4.105
230.0,veh_022,car,12.918262,77.627013,5.862
230.0,veh_023,truck,12.937747,77.658558,3.705
230.0,veh_025,bus,12.932839,77.648078,3.354
230.0,veh_026,car,12.939183,77.662401,9.112
230.0,veh_027,motorcycle,12.929401,77.642768,5.676
230.0,veh_028,car,12.937778,77.658387,3.044
230.0,veh_029,car,12.945452,77.68832,4.507
230.0,veh_030,bus,12.93451,77.651154,3.637
230.0,veh_031,car,12.938394,77.660015,3.618
230.0,veh_032,car,12.948744,77.7002,4.896
230.0,veh_033,car,12.944417,77.679223,4.531
230.0,veh_034,car,12.948101,77.698413,4.938
230.0,veh_035,car,12.928089,77.640922,8.023
230.0,veh_036,motorcycle,12.940354,77.665693,7.592
230.0,veh_037,car,12.921299,77.631221,9.164
230.0,veh_038,motorcycle,12.942494,77.672037,8.389
230.0,veh_039,bus,12.938588,77.660604,5.892
230.0,veh_040,car,12.920139,77.629628,10.075
230.0,veh_041,motorcycle,12.924456,77.635698,10.138
230.0,veh_042,car,12.927796,77.640613,0.266
230.0,veh_043,car,12.919744,77.628931,3.411
230.0,veh_044,car,12.944618,77.681611,4.334
230.0,veh_045,car,12.94108,77.667838,4.965
230.0,veh_047,car,12.945307,77.6872,8.559
230.0,veh_049,bus,12.942849,77.6729,4.265
231.0,veh_000,car,12.944072,77.676507,5.942
231.0,veh_001,car,12.945758,77.68979,7.071
231.0,veh_002,car,12.919697,77.628984,7.651
231.0,veh_003,car,12.922065,77.632273,6.064
231.0,veh_004,car,12.935451,77.65288,6.28
231.0,veh_005,car,12.94255,77.672064,3.755
231.0,veh_006,car,12.929334,77.642664,1.467
231.0,veh_007,car,12.927015,77.639335,10.904
231.0,veh_008,car,12.93969,77.664093,5.201
231.0,veh_009,car,12.93867,77.661041,8.375
231.0,veh_010,bus,12.935145,77.652121,1.725
231.0,veh_011,motorcycle,12.93721,77.656952,8.287
231.0,veh_012,motorcycle,12.92334,77.634062,4.709
231.0,veh_013,car,12.944422,77.679736,6.483
231.0,veh_014,motorcycle,12.948,77.698099,8.882
231.0,veh_015,bus,12.945837,77.690153,2.658
231.0,veh_016,car,12.928547,77.641698,6.559
231.0,veh_017,bus,12.927107,77.639361,3.822
231.0,veh_018,car,12.922476,77.632795,4.432
231.0,veh_019,bus,12.928241,77.641214,4.223
231.0,veh_020,car,12.94086,77.667445,5.736
231.0,veh_021,car,12.937424,77.657316,4.046
231.0,veh_022,car,12.9183,77.627132,4.204
231.0,veh_023,truck,12.937809,77.658529,4.145
231.0,veh_025,bus,12.932947,77.648174,4.216
231.0,veh_026,car,12.939185,77.662394,7.82
231.0,veh_027,motorcycle,12.929387,77.642763,6.642
231.0,veh_028,car,12.937753,77.65837,3.568
231.0,veh_029,car,12.945611,77.68839,9.136
231.0,veh_030,bus,12.934602,77.651183,6.117
231.0,veh_031,car,12.938373,77.660103,4.522
231.0,veh_032,car,12.948705,77.700287,4.345
231.0,veh_033,car,12.944396,77.679231,7.178
231.0,veh_034,car,12.948111,77.698472,5.088
231.0,veh_035,car,12.928167,77.640966,3.835
231.0,veh_036,motorcycle,12.940508,77.665689,5.649
231.0,veh_037,car,12.921408,77.631356,8.742
231.0,veh_038,motorcycle,12.94247,77.672169,6.418
231.0,veh_039,bus,12.938578,77.660668,3.327
231.0,veh_040,car,12.920177,77.629685,6.339
231.0,veh_041,motorcycle,12.924546,77.635804,3.287
231.0,veh_042,car,12.927988,77.640534,5.613
231.0,veh_043,car,12.919583,77.629118,6.625
231.0,veh_044,car,12.944543,77.6817,8.062
231.0,veh_045,car,12.941117,77.667799,6.167
231.0,veh_047,car,12.945231,77.687295,5.147
231.0,veh_049,bus,12.942816,77.672967,4.907
232.0,veh_000,car,12.944078,77.676514,4.844
232.0,veh_001,car,12.945807,77.689858,7.146
232.0,veh_002,car,12.919636,77.628943,3.383
232.0,veh_003,car,12.922127,77.632271,5.168
232.0,veh_004,car,12.935572,77.652908,7.875
232.0,veh_005,car,12.942561,77.672053,3.581
232.0,veh_006,car,12.929431,77.642726,7.804
232.0,veh_007,car,12.927122,77.639426,7.388
232.0,veh_008,car,12.939804,77.664202,3.823
232.0,veh_009,car,12.938795,77.661183,6.815
232.0,veh_010,bus,12.935158,77.652209,3.902
232.0,veh_011,motorcycle,12.937223,77.656981,5.042
232.0,veh_012,motorcycle,12.923309,77.634184,7.738
232.0,veh_013,car,12.944475,77.679887,6.723
232.0,veh_014,motorcycle,12.948007,77.698142,2.594
232.0,veh_015,bus,12.945844,77.69019,4.149
232.0,veh_016,car,12.928725,77.641698,8.878
232.0,veh_017,bus,12.92705,77.639353,6.42
232.0,veh_018,car,12.922451,77.632788,4.868
232.0,veh_019,bus,12.928219,77.641232,4.109
232.0,veh_020,car,12.940999,77.667474,9.824
232.0,veh_021,car,12.937277,77.657453,6.373
232.0,veh_022,car,12.918376,77.627095,6.837
232.0,veh_023,truck,12.937845,77.658561,5.119
232.0,veh_025,bus,12.93287,77.648172,3.742
232.0,veh_026,car,12.939267,77.662621,6.595
232.0,veh_027,motorcycle,12.929453,77.642915,6.828
232.0,veh_028,car,12.937776,77.65845,4.358
232.0,veh_029,car,12.945591,77.688367,5.297
232.0,veh_030,bus,12.93462,77.651164,4.814
232.0,veh_031,car,12.9384,77.660113,9.265
232.0,veh_032,car,12.948757,77.700357,7.374
232.0,veh_033,car,12.944441,77.679248,7.442
232.0,veh_034,car,12.948157,77.698626,3.24
232.0,veh_035,car,12.928172,77.641008,9.253
232.0,veh_036,motorcycle,12.940339,77.665705,9.631
232.0,veh_037,car,12.921409,77.631373,4.464
232.0,veh_038,motorcycle,12.942514,77.672091,7.991
232.0,veh_039,bus,12.938541,77.660699,5.46
232.0,veh_040,car,12.920111,77.62977,4.621
232.0,veh_041,motorcycle,12.924574,77.635838,11.505
232.0,veh_042,car,12.927909,77.640547,1.652
232.0,veh_043,car,12.919671,77.629072,1.951
232.0,veh_044,car,12.94459,77.681752,4.293
232.0,veh_045,car,12.941106,77.667972,5.227
232.0,veh_047,car,12.945254,77.687333,5.988
232.0,veh_049,bus,12.942832,77.673031,3.23
233.0,veh_000,car,12.944084,77.676535,3.138
233.0,veh_001,car,12.94578,77.689838,3.388
233.0,veh_002,car,12.919708,77.629002,3.763
233.0,veh_003,car,12.922114,77.632363,8.703
233.0,veh_004,car,12.935624,77.652823,2.996
233.0,veh_005,car,12.942551,77.672265,8.119
233.0,veh_006,car,12.929481,77.642741,5.049
233.0,veh_007,car,12.927112,77.639468,7.689
233.0,veh_008,car,12.939706,77.664257,8.301
233.0,veh_009,car,12.938727,77.661074,4.659
233.0,veh_010,bus,12.935155,77.652273,3.435
233.0,veh_011,motorcycle,12.937364,77.657148,10.41
233.0,veh_012,motorcycle,12.923489,77.634366,15.877
233.0,veh_013,car,12.944376,77.67987,4.328
233.0,veh_014,motorcycle,12.948006,77.698294,4.94
233.0,veh_015,bus,12.945869,77.690271,4.081
233.0,veh_016,car,12.928631,77.641809,6.202
233.0,veh_017,bus,12.926921,77.639357,3.93
233.0,veh_018,car,12.92247,77.6329,6.724
233.0,veh_019,bus,12.928369,77.641274,2.102
233.0,veh_020,car,12.940975,77.667613,5.402
233.0,veh_021,car,12.937424,77.657463,8.888
233.0,veh_022,car,12.918299,77.627129,5.015
233.0,veh_023,truck,12.937863,77.658592,3.862
233.0,veh_025,bus,12.932777,77.648246,3.357
233.0,veh_026,car,12.939124,77.662499,3.22
233.0,veh_027,motorcycle,12.929457,77.642835,5.481
233.0,veh_028,car,12.937816,77.65851,9.963
233.0,veh_029,car,12.945536,77.688514,8.314
233.0,veh_030,bus,12.934522,77.651035,5.635
233.0,veh_031,car,12.93841,77.660275,10.673
233.0,veh_032,car,12.948807,77.700436,8.928
233.0,veh_033,car,12.9444,77.679351,3.21
233.0,veh_034,car,12.948222,77.69857,1.334
233.0,veh_035,car,12.928098,77.641083,4.104
233.0,veh_036,motorcycle,12.940376,77.665873,5.771
233.0,veh_037,car,12.921362,77.631351,7.562
233.0,veh_038,motorcycle,12.942578,77.672101,6.214
233.0,veh_039,bus,12.938584,77.660717,3.139
233.0,veh_040,car,12.920152,77.629739,3.056
233.0,veh_041,motorcycle,12.924633,77.635974,6.044
233.0,veh_042,car,12.927958,77.640567,5.407
233.0,veh_043,car,12.919676,77.629039,6.567
233.0,veh_044,car,12.944728,77.681771,4.802
233.0,veh_045,car,12.941044,77.668009,8.167
233.0,veh_047,car,12.94532,77.687362,8.253
233.0,veh_049,bus,12.942879,77.673055,5.739
234.0,veh_000,car,12.943939,77.676545,6.47
234.0,veh_001,car,12.945837,77.689953,4.587
234.0,veh_002,car,12.919713,77.628986,0.849
234.0,veh_003,car,12.922173,77.632403,5.937
234.0,veh_004,car,12.935622,77.653024,7.932
234.0,veh_005,car,12.94253,77.672131,4.051
234.0,veh_006,car,12.929464,77.642746,1.797
234.0,veh_007,car,12.927147,77.639568,10.645
234.0,veh_008,car,12.939827,77.664278,7.771
234.0,veh_009,car,12.938805,77.661215,5.915
234.0,veh_010,bus,12.935199,77.652318,5.573
234.0,veh_011,motorcycle,12.937337,77.657166,10.476
234.0,veh_012,motorcycle,12.923505,77.634365,6.03
234.0,veh_013,car,12.944429,77.679974,8.781
234.0,veh_014,motorcycle,12.948168,77.698169,5.653
234.0,veh_015,bus,12.945946,77.690283,5.53
234.0,veh_016,car,12.928765,77.641778,6.182
234.0,veh_017,bus,12.927128,77.63948,4.291
234.0,veh_018,car,12.922523,77.633036,6.446
234.0,veh_019,bus,12.928436,77.641315,5.361
234.0,veh_020,car,12.940963,77.667703,8.317
234.0,veh_021,car,12.93746,77.657507,5.628
234.0,veh_022,car,12.91845,77.627317,10.796
234.0,veh_023,truck,12.937923,77.658637,3.04
234.0,veh_025,bus,12.9329,77.648328,3.131
234.0,veh_026,car,12.939229,77.662455,4.728
234.0,veh_027,motorcycle,12.929544,77.642998,6.841
234.0,veh_028,car,12.937773,77.658516,7.185
234.0,veh_029,car,12.945533,77.688618,8.237
234.0,veh_030,bus,12.934538,77.651373,5.702
234.0,veh_031,car,12.938455,77.660325,6.612
234.0,veh_032,car,12.948803,77.700381,8.047
234.0,veh_033,car,12.944402,77.679387,11.808
234.0,veh_034,car,12.948206,77.698708,10.027
234.0,veh_035,car,12.928237,77.641156,6.771
234.0,veh_036,motorcycle,12.940422,77.665913,6.976
234.0,veh_037,car,12.921499,77.63151,8.654
234.0,veh_038,motorcycle,12.942585,77.672259,3.151
234.0,veh_039,bus,12.938596,77.660675,5.243
234.0,veh_040,car,12.920368,77.629761,7.913
234.0,veh_041,motorcycle,12.924533,77.63598,8.485
234.0,veh_042,car,12.928031,77.640698,4.355
234.0,veh_043,car,12.919713,77.629086,9.342
234.0,veh_044,car,12.944534,77.681838,7.418
234.0,veh_045,car,12.941096,77.668014,6.314
234.0,veh_047,car,12.945305,77.687438,6.025
234.0,veh_049,bus,12.942872,77.672989,4.134
235.0,veh_000,car,12.944088,77.67659,8.661
235.0,veh_001,car,12.94575,77.689952,0.1
235.0,veh_002,car,12.91969,77.629065,5.636
235.0,veh_003,car,12.922173,77.632444,6.031
235.0,veh_004,car,12.935618,77.652925,1.095
235.0,veh_005,car,12.942582,77.672256,7.099
235.0,veh_006,car,12.929529,77.642837,8.684
235.0,veh_007,car,12.927172,77.639592,5.847
235.0,veh_008,car,12.939926,77.664374,9.93
235.0,veh_009,car,12.938674,77.661202,4.315
235.0,veh_010,bus,12.935272,77.65235,3.694
235.0,veh_011,motorcycle,12.937271,77.657158,3.175
235.0,veh_012,motorcycle,12.923553,77.634413,6.658
235.0,veh_013,car,12.944424,77.679967,7.378
235.0,veh_014,motorcycle,12.948063,77.698312,9.484
235.0,veh_015,bus,12.94585,77.69031,5.057
235.0,veh_016,car,12.928694,77.641834,6.606
235.0,veh_017,bus,12.927128,77.639449,3.864
235.0,veh_018,car,12.92255,77.632954,6.852
235.0,veh_019,bus,12.928445,77.641388,4.524
235.0,veh_020,car,12.941036,77.66764,6.113
235.0,veh_021,car,12.93754,77.657628,7.128
235.0,veh_022,car,12.918471,77.627311,7.693
235.0,veh_023,truck,12.937836,77.658566,3.428
235.0,veh_025,bus,12.93281,77.648305,2.24
235.0,veh_026,car,12.93929,77.662623,5.92
235.0,veh_027,motorcycle,12.929494,77.642921,2.931
235.0,veh_028,car,12.937864,77.658698,7.137
235.0,veh_029,car,12.945498,77.68862,5.831
235.0,veh_030,bus,12.93461,77.651326,2.755
235.0,veh_031,car,12.938463,77.660357,5.587
235.0,veh_032,car,12.948846,77.70062,7.793
235.0,veh_033,car,12.944424,77.679543,4.182
235.0,veh_034,car,12.948224,77.69874,4.771
235.0,veh_035,car,12.928239,77.641106,2.286
235.0,veh_036,motorcycle,12.940316,77.665941,6.974
235.0,veh_037,car,12.921542,77.631606,0.995
235.0,veh_038,motorcycle,12.942638,77.672395,4.174
235.0,veh_039,bus,12.938599,77.660746,3.589
235.0,veh_040,car,12.920264,77.629893,4.172
235.0,veh_041,motorcycle,12.924588,77.635988,6.556
235.0,veh_042,car,12.927941,77.640821,8.728
235.0,veh_043,car,12.919805,77.629239,8.574
235.0,veh_044,car,12.944658,77.681873,6.431
235.0,veh_045,car,12.941056,77.668068,6.078
235.0,veh_047,car,12.945328,77.687357,2.218
235.0,veh_049,bus,12.942862,77.673116,4.445
236.0,veh_000,car,12.944115,77.676636,6.01
236.0,veh_001,car,12.94577,77.68997,7.092
236.0,veh_002,car,12.919683,77.629088,6.324
236.0,veh_003,car,12.922201,77.632559,4.782
236.0,veh_004,car,12.935573,77.652992,6.013
236.0,veh_005,car,12.942623,77.672296,7.624
236.0,veh_006,car,12.929507,77.643004,1.407
236.0,veh_007,car,12.927216,77.63964,7.046
236.0,veh_008,car,12.939879,77.664427,7.058
236.0,veh_009,car,12.938766,77.661206,6.238
236.0,veh_010,bus,12.935184,77.652344,4.371
236.0,veh_011,motorcycle,12.937366,77.65727,6.875
236.0,veh_012,motorcycle,12.92355,77.634447,8.31
236.0,veh_013,car,12.944443,77.680041,4.235
236.0,veh_014,motorcycle,12.948118,77.69833,8.474
236.0,veh_015,bus,12.945842,77.690378,3.04
236.0,veh_016,car,12.928813,77.641824,4.233
236.0,veh_017,bus,12.927096,77.639523,4.413
236.0,veh_018,car,12.922583,77.633082,2.531
236.0,veh_019,bus,12.928504,77.641447,4.748
236.0,veh_020,car,12.941037,77.667742,11.224
236.0,veh_021,car,12.937484,77.657556,0.61
236.0,veh_022,car,12.918515,77.627314,6.933
236.0,veh_023,truck,12.937876,77.658708,3.915
236.0,veh_025,bus,12.932911,77.648298,3.929
236.0,veh_026,car,12.939368,77.662661,6.525
236.0,veh_027,motorcycle,12.929529,77.642965,4.778
236.0,veh_028,car,12.937885,77.658779,3.978
236.0,veh_029,car,12.945606,77.688731,8.053
236.0,veh_030,bus,12.934628,77.651333,4.715
236.0,veh_031,car,12.938481,77.660415,6.311
236.0,veh_032,car,12.948782,77.700636,6.899
236.0,veh_033,car,12.944428,77.679525,6.212
236.0,veh_034,car,12.948327,77.698813,5.28
236.0,veh_035,car,12.928325,77.641141,3.174
236.0,veh_036,motorcycle,12.940504,77.665951,2.404
236.0,veh_037,car,12.921522,77.631513,2.417
236.0,veh_038,motorcycle,12.942579,77.672324,12.848
236.0,veh_039,bus,12.938637,77.660827,3.903
236.0,veh_040,car,12.920377,77.629938,5.852
236.0,veh_041,motorcycle,12.924711,77.636077,9.611
236.0,veh_042,car,12.927907,77.64074,4.494
236.0,veh_043,car,12.91977,77.629293,6.909
236.0,veh_044,car,12.9446,77.681957,7.68
236.0,veh_045,car,12.941073,77.668196,6.281
236.0,veh_047,car,12.945406,77.68746,8.881
236.0,veh_049,bus,12.942907,77.673163,3.835
237.0,veh_000,car,12.94406,77.676727,8.098
237.0,veh_001,car,12.945868,77.689948,4.865
237.0,veh_002,car,12.919861,77.629167,9.729
237.0,veh_003,car,12.922189,77.632528,4.722
237.0,veh_004,car,12.935656,77.653117,5.396
237.0,veh_005,car,12.942536,77.672382,6.088
237.0,veh_006,car,12.929544,77.642902,7.236
237.0,veh_007,car,12.927277,77.639742,6.684
237.0,veh_008,car,12.939974,77.664514,7.402
237.0,veh_009,car,12.938834,77.661326,7.506
237.0,veh_010,bus,12.935194,77.652363,5.79
237.0,veh_011,motorcycle,12.937443,77.657321,7.566
237.0,veh_012,motorcycle,12.923556,77.634625,7.519
237.0,veh_013,car,12.944454,77.68007,1.873
237.0,veh_014,motorcycle,12.948176,77.698471,5.441
237.0,veh_015,bus,12.945843,77.690351,5.14
237.0,veh_016,car,12.928818,77.641927,3.822
237.0,veh_017,bus,12.927249,77.639524,3.978
237.0,veh_018,car,12.922608,77.633089,3.668
237.0,veh_019,bus,12.928434,77.641472,2.009
237.0,veh_020,car,12.941042,77.667841,5.803
237.0,veh_021,car,12.937503,77.657562,1.198
237.0,veh_022,car,12.918624,77.62735,4.66
237.0,veh_023,truck,12.937757,77.658734,2.942
237.0,veh_025,bus,12.932985,77.648309,5.521
237.0,veh_026,car,12.939254,77.662812,5.06
237.0,veh_027,motorcycle,12.92954,77.643066,11.406
237.0,veh_028,car,12.937884,77.658802,5.094
237.0,veh_029,car,12.94559,77.688701,3.66
237.0,veh_030,bus,12.93464,77.651371,7.522
237.0,veh_031,car,12.938534,77.66048,4.924
237.0,veh_032,car,12.948903,77.700722,4.673
237.0,veh_033,car,12.944382,77.679459,6.007
237.0,veh_034,car,12.948235,77.698805,4.811
237.0,veh_035,car,12.928406,77.641249,8.167
237.0,veh_036,motorcycle,12.940408,77.666076,4.391
237.0,veh_037,car,12.921467,77.631604,4.636
237.0,veh_038,motorcycle,12.942581,77.672464,6.791
237.0,veh_039,bus,12.938585,77.660825,4.566
237.0,veh_040,car,12.920298,77.629972,5.325
237.0,veh_041,motorcycle,12.924715,77.636108,11.813
237.0,veh_042,car,12.928116,77.640782,6.075
237.0,veh_043,car,12.919822,77.629342,10.362
237.0,veh_044,car,12.94462,77.68202,5.847
237.0,veh_045,car,12.941177,77.668147,4.388
237.0,veh_047,car,12.945278,77.687574,4.185
237.0,veh_049,bus,12.942853,77.673206,4.382
238.0,veh_000,car,12.944103,77.676858,7.73
238.0,veh_001,car,12.945835,77.690108,7.733
238.0,veh_002,car,12.919882,77.629158,4.962
238.0,veh_003,car,12.922228,77.632633,5.549
238.0,veh_004,car,12.935671,77.653028,4.349
238.0,veh_005,car,12.942724,77.672386,9.794
238.0,veh_006,car,12.929585,77.643035,8.96
238.0,veh_007,car,12.927362,77.639681,4.444
238.0,veh_008,car,12.939953,77.664601,12.591
238.0,veh_009,car,12.938921,77.661377,5.481
238.0,veh_010,bus,12.935331,77.652392,4.573
238.0,veh_011,motorcycle,12.937381,77.657366,7.063
238.0,veh_012,motorcycle,12.92369,77.634579,9.979
238.0,veh_013,car,12.944512,77.680259,5.557
238.0,veh_014,motorcycle,12.948173,77.69851,5.473
238.0,veh_015,bus,12.94591,77.690415,3.884
238.0,veh_016,car,12.928861,77.64198,8.893
238.0,veh_017,bus,12.927156,77.639592,5.27
238.0,veh_018,car,12.922667,77.633144,5.288
238.0,veh_019,bus,12.928418,77.641457,2.235
238.0,veh_020,car,12.941033,77.667887,6.365
238.0,veh_021,car,12.937372,77.657617,8.837
238.0,veh_022,car,12.918584,77.627479,8.169
238.0,veh_023,truck,12.937908,77.658784,3.223
238.0,veh_025,bus,12.932861,77.648343,3.81
238.0,veh_026,car,12.939249,77.662734,5.51
238.0,veh_027,motorcycle,12.929687,77.643143,7.543
238.0,veh_028,car,12.937951,77.658909,9.165
238.0,veh_029,car,12.945641,77.688841,7.494
238.0,veh_030,bus,12.934693,77.651394,3.354
238.0,veh_031,car,12.93842,77.660607,6.464
238.0,veh_032,car,12.948887,77.700644,7.47
238.0,veh_033,car,12.944357,77.679569,3.2
238.0,veh_034,car,12.948241,77.698805,6.264
238.0,veh_035,car,12.928401,77.641194,6.609
238.0,veh_036,motorcycle,12.940413,77.666068,4.151
238.0,veh_037,car,12.921552,77.631527,10.498
238.0,veh_038,motorcycle,12.942608,77.672518,9.175
238.0,veh_039,bus,12.93868,77.660905,3.31
238.0,veh_040,car,12.920297,77.629934,4.823
238.0,veh_041,motorcycle,12.924824,77.636253,10.369
238.0,veh_042,car,12.928084,77.640832,4.655
238.0,veh_043,car,12.919984,77.629405,7.852
238.0,veh_044,car,12.944677,77.681997,4.099
238.0,veh_045,car,12.941262,77.668279,5.318
238.0,veh_047,car,12.945344,77.687622,4.258
238.0,veh_049,bus,12.942905,77.673296,4.952
239.0,veh_000,car,12.94417,77.676929,11.089
239.0,veh_001,car,12.945903,77.690137,7.155
239.0,veh_002,car,12.919848,77.629198,4.147
239.0,veh_003,car,12.922197,77.632633,3.071
239.0,veh_004,car,12.935735,77.653083,5.737
239.0,veh_005,car,12.942711,77.672501,10.378
239.0,veh_006,car,12.929616,77.643014,3.774
239.0,veh_007,car,12.927261,77.63978,6.548
239.0,veh_008,car,12.94,77.664604,4.105
239.0,veh_009,car,12.938946,77.661407,5.988
239.0,veh_010,bus,12.935306,77.652431,3.764
239.0,veh_011,motorcycle,12.937367,77.657419,2.61
239.0,veh_012,motorcycle,12.923794,77.634716,7.036
239.0,veh_013,car,12.944518,77.680173,5.638
239.0,veh_014,motorcycle,12.948141,77.698602,10.321
239.0,veh_015,bus,12.945895,77.690485,3.278
239.0,veh_016,car,12.928877,77.642006,3.61
239.0,veh_017,bus,12.927326,77.639611,6.02
239.0,veh_018,car,12.922572,77.633148,6.404
239.0,veh_019,bus,12.928516,77.641495,4.031
239.0,veh_020,car,12.941109,77.667896,6.005
239.0,veh_021,car,12.937534,77.657643,7.185
239.0,veh_022,car,12.918629,77.627431,6.914
239.0,veh_023,truck,12.937944,77.658772,3.922
239.0,veh_025,bus,12.932913,77.648452,3.591
239.0,veh_026,car,12.939375,77.662902,7.573
239.0,veh_027,motorcycle,12.92972,77.643221,6.028
239.0,veh_028,car,12.937885,77.658776,4.241
239.0,veh_029,car,12.94561,77.688915,9.221
239.0,veh_030,bus,12.934717,77.65147,3.675
239.0,veh_031,car,12.938591,77.660557,4.289
239.0,veh_032,car,12.94882,77.700761,3.276
239.0,veh_033,car,12.944446,77.679654,4.69
239.0,veh_034,car,12.948309,77.698875,6.423
239.0,veh_035,car,12.928379,77.641303,7.215
239.0,veh_036,motorcycle,12.940496,77.666106,8.71
239.0,veh_037,car,12.921549,77.631614,4.797
239.0,veh_038,motorcycle,12.942664,77.67258,6.57
239.0,veh_039,bus,12.93859,77.660871,3.019
239.0,veh_040,car,12.920465,77.63005,5.646
239.0,veh_041,motorcycle,12.924908,77.636338,10.26
239.0,veh_042,car,12.928086,77.640894,8.588
239.0,veh_043,car,12.919962,77.629406,10.185
239.0,veh_044,car,12.944595,77.68213,4.97
239.0,veh_045,car,12.941226,77.668278,6.805
239.0,veh_047,car,12.945285,77.687707,6.231
239.0,veh_049,bus,12.942879,77.67332,4.458
240.0,veh_000,car,12.944175,77.677003,10.577
240.0,veh_001,car,12.945921,77.690183,2.744
240.0,veh_002,car,12.919946,77.629312,9.813
240.0,veh_003,car,12.922219,77.632644,5.375
240.0,veh_004,car,12.935789,77.653254,5.253
240.0,veh_005,car,12.942653,77.672574,6.876
240.0,veh_006,car,12.929669,77.643111,4.05
240.0,veh_007,car,12.927418,77.639925,9.471
240.0,veh_008,car,12.939909,77.664623,4.718
240.0,veh_009,car,12.938891,77.661555,6.205
240.0,veh_010,bus,12.935377,77.652426,3.975
240.0,veh_011,motorcycle,12.937334,77.657492,2.767
240.0,veh_012,motorcycle,12.923699,77.634675,9.761
240.0,veh_013,car,12.944496,77.680161,7.935
240.0,veh_014,motorcycle,12.948189,77.698637,5.349
240.0,veh_015,bus,12.945952,77.690492,3.998
240.0,veh_016,car,12.928821,77.642014,5.424
240.0,veh_017,bus,12.927273,77.639625,3.575
240.0,veh_018,car,12.922718,77.63315,7.01
240.0,veh_019,bus,12.92852,77.641498,3.637
240.0,veh_020,car,12.941098,77.668052,6.723
240.0,veh_021,car,12.937602,77.657832,10.399
240.0,veh_022,car,12.918648,77.627616,6.035
240.0,veh_023,truck,12.937879,77.658825,3.64
240.0,veh_025,bus,12.932973,77.648424,3.995
240.0,veh_026,car,12.939447,77.662847,5.901
240.0,veh_027,motorcycle,12.929687,77.643151,7.503
240.0,veh_028,car,12.937958,77.658947,4.663
240.0,veh_029,car,12.945627,77.688943,5.728
240.0,veh_030,bus,12.934826,77.651503,2.524
240.0,veh_031,car,12.93852,77.660597,4.301
240.0,veh_032,car,12.948929,77.700778,2.96
240.0,veh_033,car,12.944421,77.679732,6.411
240.0,veh_034,car,12.94835,77.698881,5.355
240.0,veh_035,car,12.928416,77.641283,5.447
240.0,veh_036,motorcycle,12.940472,77.666121,6.458
240.0,veh_037,car,12.92163,77.631668,5.653
240.0,veh_038,motorcycle,12.942721,77.672534,4.243
240.0,veh_039,bus,12.938671,77.660925,3.541
240.0,veh_040,car,12.920436,77.63002,9.492
240.0,veh_041,motorcycle,12.924962,77.636349,9.643
240.0,veh_042,car,12.928081,77.640957,6.234
240.0,veh_043,car,12.920052,77.629499,4.692
240.0,veh_044,car,12.944763,77.682157,6.998
240.0,veh_045,car,12.941215,77.668277,6.137
240.0,veh_047,car,12.945343,77.687753,2.615
240.0,veh_049,bus,12.942933,77.673393,5.079
241.0,veh_000,car,12.944173,77.677066,4.48
241.0,veh_001,car,12.945857,77.690243,6.36
241.0,veh_002,car,12.919834,77.629325,3.27
241.0,veh_003,car,12.922332,77.632763,4.177
241.0,veh_004,car,12.935757,77.653179,4.37
241.0,veh_005,car,12.942641,77.672653,4.413
241.0,veh_006,car,12.929739,77.643104,4.977
241.0,veh_007,car,12.927362,77.639818,9.0
241.0,veh_008,car,12.940055,77.664767,6.655
241.0,veh_009,car,12.938876,77.66158,6.874
241.0,veh_010,bus,12.935304,77.652482,2.771
241.0,veh_011,motorcycle,12.937414,77.657495,6.78
241.0,veh_012,motorcycle,12.923771,77.634784,10.346
241.0,veh_013,car,12.944575,77.680278,5.444
241.0,veh_014,motorcycle,12.948185,77.69873,9.083
241.0,veh_015,bus,12.946024,77.690466,4.841
241.0,veh_016,car,12.928919,77.642061,4.75
241.0,veh_017,bus,12.927292,77.639599,3.497
241.0,veh_018,car,12.922638,77.633277,5.007
241.0,veh_019,bus,12.928563,77.6415,2.791
241.0,veh_020,car,12.941164,77.668115,8.473
241.0,veh_021,car,12.937546,77.657971,5.649
241.0,veh_022,car,12.918645,77.627565,6.329
241.0,veh_023,truck,12.937869,77.658815,4.4
241.0,veh_025,bus,12.93301,77.648493,5.903
241.0,veh_026,car,12.939336,77.662959,5.624
241.0,veh_027,motorcycle,12.929724,77.643209,3.13
241.0,veh_028,car,12.937899,77.659015,6.399
241.0,veh_029,car,12.945682,77.689041,7.527
241.0,veh_030,bus,12.934719,77.651533,3.391
241.0,veh_031,car,12.938449,77.660646,6.808
241.0,veh_032,car,12.948967,77.700877,5.759
241.0,veh_033,car,12.944518,77.679803,7.081
241.0,veh_034,car,12.948224,77.698991,9.221
241.0,veh_035,car,12.928528,77.641337,7.841
241.0,veh_036,motorcycle,12.940603,77.666255,11.139
241.0,veh_037,car,12.92172,77.631665,3.488
241.0,veh_038,motorcycle,12.942666,77.672625,7.622
241.0,veh_039,bus,12.938587,77.660978,5.849
241.0,veh_040,car,12.920412,77.630135,5.814
241.0,veh_041,motorcycle,12.924916,77.636441,6.426
241.0,veh_042,car,12.928143,77.640975,4.875
241.0,veh_043,car,12.920113,77.629537,3.891
241.0,veh_044,car,12.944611,77.682371,7.521
241.0,veh_045,car,12.941204,77.668453,6.705
241.0,veh_047,car,12.945374,77.687785,3.959
241.0,veh_049,bus,12.942851,77.673396,4.535
242.0,veh_000,car,12.944187,77.677136,4.408
242.0,veh_001,car,12.945859,77.690312,6.346
242.0,veh_002,car,12.919891,77.629387,6.981
242.0,veh_003,car,12.922281,77.632661,0.953
242.0,veh_004,car,12.93573,77.653319,5.655
242.0,veh_005,car,12.942699,77.672695,4.156
242.0,veh_006,car,12.929684,77.643106,6.259
242.0,veh_007,car,12.927408,77.639956,5.679
242.0,veh_008,car,12.940015,77.664685,3.783
242.0,veh_009,car,12.93882,77.661623,3.347
242.0,veh_010,bus,12.935333,77.652508,3.407
242.0,veh_011,motorcycle,12.937375,77.657503,5.446
242.0,veh_012,motorcycle,12.923791,77.634855,9.918
242.0,veh_013,car,12.944544,77.680237,5.848
242.0,veh_014,motorcycle,12.948161,77.698778,3.359
242.0,veh_015,bus,12.945916,77.690528,2.729
242.0,veh_016,car,12.928996,77.642119,7.804
242.0,veh_017,bus,12.927224,77.639763,6.436
242.0,veh_018,car,12.922799,77.63327,10.046
242.0,veh_019,bus,12.928518,77.641552,2.96
242.0,veh_020,car,12.941099,77.668109,8.006
242.0,veh_021,car,12.937652,77.657871,6.698
242.0,veh_022,car,12.918677,77.627704,7.833
242.0,veh_023,truck,12.93797,77.658959,3.129
242.0,veh_025,bus,12.933015,77.648597,4.378
242.0,veh_026,car,12.939442,77.66297,5.758
242.0,veh_027,motorcycle,12.92972,77.643206,4.228
242.0,veh_028,car,12.938011,77.659123,10.271
242.0,veh_029,car,12.945645,77.689058,3.351
242.0,veh_030,bus,12.934695,77.651579,4.055
242.0,veh_031,car,12.938552,77.660665,4.779
242.0,veh_032,car,12.948968,77.700919,5.169
242.0,veh_033,car,12.944418,77.679773,0.195
242.0,veh_034,car,12.948345,77.699081,10.757
242.0,veh_035,car,12.92854,77.641378,4.222
242.0,veh_036,motorcycle,12.940574,77.666314,3.588
242.0,veh_037,car,12.921569,77.631563,0.1
242.0,veh_038,motorcycle,12.942727,77.672722,9.991
242.0,veh_039,bus,12.938741,77.661036,3.337
242.0,veh_040,car,12.920581,77.630165,7.985
242.0,veh_041,motorcycle,12.925031,77.636442,9.331
242.0,veh_042,car,12.928191,77.640931,4.826
242.0,veh_043,car,12.920107,77.629628,5.912
242.0,veh_044,car,12.944637,77.682249,9.69
242.0,veh_045,car,12.94128,77.668365,3.025
242.0,veh_047,car,12.945412,77.687751,7.315
242.0,veh_049,bus,12.943014,77.673344,2.916
243.0,veh_000,car,12.944169,77.677165,2.86
243.0,veh_001,car,12.945855,77.690334,2.426
243.0,veh_002,car,12.9199,77.629466,5.456
243.0,veh_003,car,12.922305,77.632725,8.197
243.0,veh_004,car,12.935838,77.653263,4.611
243.0,veh_005,car,12.94278,77.672742,5.151
243.0,veh_006,car,12.929595,77.643228,6.127
243.0,veh_007,car,12.927488,77.640003,8.304
243.0,veh_008,car,12.940053,77.664837,8.344
243.0,veh_009,car,12.938891,77.661552,5.486
243.0,veh_010,bus,12.935393,77.652496,2.299
243.0,veh_011,motorcycle,12.937492,77.657503,4.122
243.0,veh_012,motorcycle,12.923934,77.634972,5.273
243.0,veh_013,car,12.944539,77.680276,5.33
243.0,veh_014,motorcycle,12.948349,77.69881,6.257
243.0,veh_015,bus,12.945962,77.690494,2.756
243.0,veh_016,car,12.928992,77.642122,0.724
243.0,veh_017,bus,12.927253,77.639794,3.122
243.0,veh_018,car,12.922907,77.633347,7.198
243.0,veh_019,bus,12.928491,77.641595,3.386
243.0,veh_020,car,12.941252,77.668227,4.354
243.0,veh_021,car,12.937613,77.657886,4.852
243.0,veh_022,car,12.918761,77.627647,4.872
243.0,veh_023,truck,12.937951,77.658907,3.758
243.0,veh_025,bus,12.933077,77.648517,3.396
243.0,veh_026,car,12.939389,77.663053,7.402
243.0,veh_027,motorcycle,12.929731,77.643284,9.676
243.0,veh_028,car,12.93804,77.659168,6.624
243.0,veh_029,car,12.94572,77.689029,5.859
243.0,veh_030,bus,12.934802,77.651566,4.28
243.0,veh_031,car,12.938602,77.660692,1.596
243.0,veh_032,car,12.949059,77.700931,8.424
243.0,veh_033,car,12.944351,77.679783,8.998
243.0,veh_034,car,12.948411,77.699167,6.827
243.0,veh_035,car,12.928467,77.64146,6.135
243.0,veh_036,motorcycle,12.940572,77.666315,1.844
243.0,veh_037,car,12.921598,77.631709,5.532
243.0,veh_038,motorcycle,12.942766,77.672781,5.588
243.0,veh_039,bus,12.938658,77.661133,3.249
243.0,veh_040,car,12.920531,77.6302,7.468
243.0,veh_041,motorcycle,12.92509,77.636523,8.752
243.0,veh_042,car,12.928132,77.641083,5.986
243.0,veh_043,car,12.920108,77.629542,2.075
243.0,veh_044,car,12.944683,77.682328,7.648
243.0,veh_045,car,12.941348,77.668394,8.051
243.0,veh_047,car,12.945369,77.687861,4.761
243.0,veh_049,bus,12.943011,77.673408,3.039
244.0,veh_000,car,12.944298,77.677101,2.094
244.0,veh_001,car,12.945916,77.690405,6.702
244.0,veh_002,car,12.920012,77.629451,3.824
244.0,veh_003,car,12.922321,77.632707,2.891
244.0,veh_004,car,12.935848,77.653326,5.71
244.0,veh_005,car,12.942825,77.6727,7.364
244.0,veh_006,car,12.929694,77.643308,8.055
244.0,veh_007,car,12.927575,77.640079,9.392
244.0,veh_008,car,12.940049,77.664933,4.414
244.0,veh_009,car,12.93895,77.661695,5.171
244.0,veh_010,bus,12.935443,77.652614,1.664
244.0,veh_011,motorcycle,12.937447,77.657612,5.87
244.0,veh_012,motorcycle,12.923969,77.634829,4.813
244.0,veh_013,car,12.944426,77.680333,3.247
244.0,veh_014,motorcycle,12.948219,77.698838,2.978
244.0,veh_015,bus,12.945951,77.690628,2.275
244.0,veh_016,car,12.928961,77.642219,3.361
244.0,veh_017,bus,12.927272,77.639792,3.875
244.0,veh_018,car,12.92278,77.633377,4.157
244.0,veh_019,bus,12.928612,77.641614,3.95
244.0,veh_020,car,12.941258,77.668257,7.247
244.0,veh_021,car,12.937583,77.657959,4.571
244.0,veh_022,car,12.918825,77.627707,4.404
244.0,veh_023,truck,12.937919,77.658898,1.124
244.0,veh_025,bus,12.933072,77.648584,4.25
244.0,veh_026,car,12.939408,77.663178,5.929
244.0,veh_027,motorcycle,12.929769,77.643285,5.281
244.0,veh_028,car,12.938012,77.659047,8.588
244.0,veh_029,car,12.945646,77.689153,7.845
244.0,veh_030,bus,12.934854,77.651604,3.441
244.0,veh_031,car,12.93859,77.660758,6.736
244.0,veh_032,car,12.948925,77.700963,6.316
244.0,veh_033,car,12.944553,77.679908,3.701
244.0,veh_034,car,12.94846,77.699217,3.69
244.0,veh_035,car,12.928542,77.641482,3.976
244.0,veh_036,motorcycle,12.940555,77.666267,4.903
244.0,veh_037,car,12.921642,77.631863,5.26
244.0,veh_038,motorcycle,12.942772,77.672815,7.379
244.0,veh_039,bus,12.938704,77.66108,3.278
244.0,veh_040,car,12.920731,77.630196,5.388
244.0,veh_041,motorcycle,12.925143,77.636663,0.739
244.0,veh_042,car,12.928193,77.641092,9.296
244.0,veh_043,car,12.920236,77.629741,9.837
244.0,veh_044,car,12.944554,77.682392,4.279
244.0,veh_045,car,12.941246,77.668578,7.29
244.0,veh_047,car,12.945387,77.687854,4.033
244.0,veh_049,bus,12.94299,77.673432,3.024
245.0,veh_000,car,12.944177,77.677142,5.785
245.0,veh_001,car,12.945902,77.690424,8.225
245.0,veh_002,car,12.920038,77.629415,8.257
245.0,veh_003,car,12.922264,77.632765,5.246
245.0,veh_004,car,12.935843,77.65352,10.346
245.0,veh_005,car,12.942823,77.672854,5.269
245.0,veh_006,car,12.929844,77.643283,3.906
245.0,veh_007,car,12.927565,77.640122,2.649
245.0,veh_008,car,12.940124,77.664932,5.05
245.0,veh_009,car,12.938964,77.661581,6.388
245.0,veh_010,bus,12.935432,77.652605,4.211
245.0,veh_011,motorcycle,12.937412,77.657663,7.333
245.0,veh_012,motorcycle,12.923922,77.634886,7.905
245.0,veh_013,car,12.94444,77.680428,5.799
245.0,veh_014,motorcycle,12.948238,77.698842,3.203
245.0,veh_015,bus,12.945965,77.690603,3.396
245.0,veh_016,car,12.929013,77.642134,1.628
245.0,veh_017,bus,12.927319,77.639746,4.693
245.0,veh_018,car,12.922817,77.633401,3.312
245.0,veh_019,bus,12.928543,77.641675,4.137
245.0,veh_020,car,12.941205,77.668273,2.868
245.0,veh_021,car,12.93763,77.658062,6.148
245.0,veh_022,car,12.918859,77.627777,3.825
245.0,veh_023,truck,12.93798,77.659062,4.45
245.0,veh_025,bus,12.933007,77.648571,4.703
245.0,veh_026,car,12.939487,77.663149,4.216
245.0,veh_027,motorcycle,12.929919,77.643396,11.412
245.0,veh_028,car,12.938077,77.659246,7.852
245.0,veh_029,car,12.945656,77.689229,7.613
245.0,veh_030,bus,12.934777,77.651595,4.53
245.0,veh_031,car,12.938694,77.660871,8.373
245.0,veh_033,car,12.944477,77.679888,6.473
245.0,veh_034,car,12.948454,77.699273,3.777
245.0,veh_035,car,12.928507,77.641483,7.511
245.0,veh_036,motorcycle,12.940587,77.666332,9.516
245.0,veh_037,car,12.921724,77.631743,3.295
245.0,veh_038,motorcycle,12.942836,77.672754,6.022
245.0,veh_039,bus,12.938756,77.6611,3.297
245.0,veh_040,car,12.920598,77.630341,9.216
245.0,veh_041,motorcycle,12.92506,77.636607,8.079
245.0,veh_042,car,12.928251,77.641209,3.904
245.0,veh_043,car,12.920204,77.629695,10.652
245.0,veh_044,car,12.944752,77.682384,2.876
245.0,veh_045,car,12.941301,77.668718,4.702
245.0,veh_047,car,12.945321,77.687894,5.776
245.0,veh_049,bus,12.942971,77.673488,4.099
246.0,veh_000,car,12.944199,77.677259,5.588
246.0,veh_001,car,12.945869,77.690521,4.799
246.0,veh_002,car,12.920019,77.629521,8.463
246.0,veh_003,car,12.92247,77.632958,7.978
246.0,veh_004,car,12.935858,77.653466,3.816
246.0,veh_005,car,12.942896,77.67286,6.403
246.0,veh_006,car,12.929709,77.643286,6.265
246.0,veh_007,car,12.927652,77.64014,6.143
246.0,veh_008,car,12.940088,77.665038,6.618
246.0,veh_009,car,12.938955,77.661747,11.654
246.0,veh_010,bus,12.935357,77.652596,3.037
246.0,veh_011,motorcycle,12.937535,77.657652,2.623
246.0,veh_012,motorcycle,12.924014,77.634983,7.329
246.0,veh_013,car,12.944525,77.680406,1.203
246.0,veh_014,motorcycle,12.948336,77.698871,10.127
246.0,veh_015,bus,12.945914,77.690721,3.643
246.0,veh_016,car,12.929092,77.64227,6.117
246.0,veh_017,bus,12.927537,77.639885,5.259
246.0,veh_018,car,12.922794,77.633457,6.987
246.0,veh_019,bus,12.928644,77.641757,4.335
246.0,veh_020,car,12.941175,77.668342,4.745
246.0,veh_021,car,12.937636,77.658136,5.252
246.0,veh_022,car,12.918725,77.627821,4.583
246.0,veh_023,truck,12.937952,77.65895,2.54
246.0,veh_025,bus,12.933079,77.648613,3.647
246.0,veh_026,car,12.939446,77.663209,6.217
246.0,veh_027,motorcycle,12.929871,77.643486,5.114
246.0,veh_028,car,12.93812,77.659258,7.808
246.0,veh_029,car,12.945713,77.689299,4.076
246.0,veh_030,bus,12.934811,77.651733,3.61
246.0,veh_031,car,12.938642,77.660882,5.795
246.0,veh_033,car,12.944466,77.679972,6.31
246.0,veh_034,car,12.948417,77.699218,5.5
246.0,veh_035,car,12.928614,77.641621,9.007
246.0,veh_036,motorcycle,12.940582,77.666618,10.081
246.0,veh_037,car,12.921773,77.631885,7.549
246.0,veh_038,motorcycle,12.942835,77.672963,5.367
246.0,veh_039,bus,12.93877,77.661173,3.143
246.0,veh_040,car,12.920599,77.63027,3.76
246.0,veh_041,motorcycle,12.925135,77.636649,9.541
246.0,veh_042,car,12.928319,77.641226,7.57
246.0,veh_043,car,12.920287,77.629855,6.244
246.0,veh_044,car,12.944702,77.682502,5.966
246.0,veh_045,car,12.941341,77.668669,6.307
246.0,veh_047,car,12.945522,77.687972,7.67
246.0,veh_049,bus,12.942986,77.673447,2.611
247.0,veh_000,car,12.944175,77.677356,7.867
247.0,veh_001,car,12.946,77.690516,0.344
247.0,veh_002,car,12.920103,77.629625,5.241
247.0,veh_003,car,12.92256,77.632816,3.922
247.0,veh_004,car,12.935904,77.653536,9.128
247.0,veh_005,car,12.942744,77.672896,7.822
247.0,veh_006,car,12.929856,77.643339,7.801
247.0,veh_007,car,12.927574,77.640082,4.799
247.0,veh_008,car,12.940122,77.664934,6.09
247.0,veh_009,car,12.93903,77.661896,4.747
247.0,veh_010,bus,12.935456,77.652591,2.868
247.0,veh_011,motorcycle,12.937546,77.657701,6.67
247.0,veh_012,motorcycle,12.924131,77.635069,3.103
247.0,veh_013,car,12.944526,77.680468,7.128
247.0,veh_014,motorcycle,12.948378,77.69909,10.047
247.0,veh_015,bus,12.945945,77.690713,4.744
247.0,veh_016,car,12.92903,77.642237,6.345
247.0,veh_017,bus,12.927391,77.639882,4.463
247.0,veh_018,car,12.922913,77.63346,8.512
247.0,veh_019,bus,12.928683,77.64164,2.609
247.0,veh_020,car,12.941282,77.668408,7.434
247.0,veh_021,car,12.937651,77.658144,5.848
247.0,veh_022,car,12.918836,77.627874,9.37
247.0,veh_023,truck,12.937957,77.658885,3.823
247.0,veh_025,bus,12.933157,77.648641,2.239
247.0,veh_026,car,12.939416,77.663242,6.652
247.0,veh_027,motorcycle,12.929954,77.643517,5.81
247.0,veh_028,car,12.938065,77.659339,7.467
247.0,veh_029,car,12.945682,77.689295,5.19
247.0,veh_030,bus,12.934871,77.651661,4.805
247.0,veh_031,car,12.938615,77.661028,5.042
247.0,veh_033,car,12.944431,77.680005,3.945
247.0,veh_034,car,12.948444,77.6993,2.932
247.0,veh_035,car,12.928684,77.641609,1.948
247.0,veh_036,motorcycle,12.940617,77.666541,4.01
247.0,veh_037,car,12.921746,77.631837,3.926
247.0,veh_038,motorcycle,12.942847,77.673004,4.457
247.0,veh_039,bus,12.9388,77.661115,4.756
247.0,veh_040,car,12.92067,77.630329,2.599
247.0,veh_041,motorcycle,12.925261,77.636727,6.026
247.0,veh_042,car,12.928343,77.641373,1.929
247.0,veh_043,car,12.920231,77.62972,4.538
247.0,veh_044,car,12.944674,77.682556,6.253
247.0,veh_045,car,12.941382,77.668709,10.572
247.0,veh_047,car,12.94543,77.687987,6.141
247.0,veh_049,bus,12.943037,77.673632,5.209
248.0,veh_000,car,12.944294,77.67736,8.241
248.0,veh_001,car,12.945926,77.690505,4.38
248.0,veh_002,car,12.920149,77.629648,8.357
248.0,veh_003,car,12.922469,77.632921,7.458
248.0,veh_004,car,12.93599,77.653513,6.026
248.0,veh_005,car,12.942901,77.673048,8.569
248.0,veh_006,car,12.92983,77.643461,8.13
248.0,veh_007,car,12.927718,77.640218,8.488
248.0,veh_008,car,12.940082,77.665003,5.508
248.0,veh_009,car,12.939018,77.66192,5.468
248.0,veh_010,bus,12.935419,77.652726,4.059
248.0,veh_011,motorcycle,12.937606,77.657818,9.648
248.0,veh_012,motorcycle,12.924134,77.635136,9.006
248.0,veh_013,car,12.944601,77.680681,7.649
248.0,veh_014,motorcycle,12.948347,77.699044,5.989
248.0,veh_015,bus,12.945909,77.690665,3.791
248.0,veh_016,car,12.929069,77.642301,1.564
248.0,veh_017,bus,12.927415,77.639956,3.348
248.0,veh_018,car,12.922934,77.633602,6.589
248.0,veh_019,bus,12.928598,77.641668,3.685
248.0,veh_020,car,12.9413,77.668436,8.661
248.0,veh_021,car,12.937673,77.658136,6.508
248.0,veh_022,car,12.918923,77.627867,5.555
248.0,veh_023,truck,12.937993,77.658876,3.058
248.0,veh_025,bus,12.933105,77.648717,4.049
248.0,veh_026,car,12.939471,77.663327,7.809
248.0,veh_027,motorcycle,12.930044,77.643495,12.637
248.0,veh_028,car,12.938167,77.659396,5.701
248.0,veh_029,car,12.945753,77.689416,5.121
248.0,veh_030,bus,12.9349,77.65177,3.577
248.0,veh_031,car,12.938763,77.660955,6.256
248.0,veh_033,car,12.944412,77.680034,7.709
248.0,veh_034,car,12.948479,77.699367,7.228
248.0,veh_035,car,12.928569,77.641691,5.286
248.0,veh_036,motorcycle,12.940621,77.666592,6.906
248.0,veh_037,car,12.921758,77.631903,5.949
248.0,veh_038,motorcycle,12.942801,77.673071,7.683
248.0,veh_039,bus,12.9388,77.661263,5.288
248.0,veh_040,car,12.920729,77.630463,11.355
248.0,veh_041,motorcycle,12.925325,77.636809,6.692
248.0,veh_042,car,12.928418,77.641338,6.964
248.0,veh_043,car,12.920327,77.629736,5.559
248.0,veh_044,car,12.944642,77.682723,9.076
248.0,veh_045,car,12.941377,77.668823,4.657
248.0,veh_047,car,12.945481,77.688046,4.848
248.0,veh_049,bus,12.943153,77.673506,3.868
249.0,veh_000,car,12.944175,77.67735,4.971
249.0,veh_001,car,12.945913,77.690581,6.25
249.0,veh_002,car,12.920201,77.629719,10.144
249.0,veh_003,car,12.922539,77.633013,11.206
249.0,veh_004,car,12.935881,77.653632,5.635
249.0,veh_005,car,12.942854,77.673183,5.575
249.0,veh_006,car,12.92989,77.643414,5.251
249.0,veh_007,car,12.927693,77.640339,8.351
249.0,veh_008,car,12.939997,77.665094,5.754
249.0,veh_009,car,12.939046,77.661991,8.272
249.0,veh_010,bus,12.935417,77.652748,2.391
249.0,veh_011,motorcycle,12.937654,77.657893,3.464
249.0,veh_012,motorcycle,12.924152,77.635152,10.395
249.0,veh_013,car,12.944523,77.680634,5.118
249.0,veh_014,motorcycle,12.948413,77.699092,11.184
249.0,veh_015,bus,12.946014,77.69075,4.873
249.0,veh_016,car,12.92906,77.642421,9.638
249.0,veh_017,bus,12.92742,77.639994,3.839
249.0,veh_018,car,12.92308,77.633593,8.278
249.0,veh_019,bus,12.928659,77.64164,3.338
249.0,veh_020,car,12.941273,77.668424,5.658
249.0,veh_021,car,12.937782,77.658333,5.71
249.0,veh_022,car,12.918981,77.627876,6.756
249.0,veh_023,truck,12.937964,77.659116,3.275
249.0,veh_025,bus,12.933137,77.648665,4.418
249.0,veh_026,car,12.939593,77.663405,5.62
249.0,veh_027,motorcycle,12.929992,77.643637,6.401
249.0,veh_028,car,12.937994,77.659473,4.068
249.0,veh_029,car,12.945621,77.689424,0.776
249.0,veh_030,bus,12.934906,77.65171,3.929
249.0,veh_031,car,12.938708,77.660998,3.626
249.0,veh_033,car,12.944405,77.680254,10.023
249.0,veh_034,car,12.948414,77.699431,0.1
249.0,veh_035,car,12.928627,77.641706,2.256
249.0,veh_036,motorcycle,12.940654,77.666602,7.454
249.0,veh_037,car,12.92183,77.631999,5.116
249.0,veh_038,motorcycle,12.942872,77.673061,6.84
249.0,veh_039,bus,12.938749,77.661303,4.708
249.0,veh_040,car,12.920723,77.630423,0.108
249.0,veh_041,motorcycle,12.925257,77.636863,10.983
249.0,veh_042,car,12.928458,77.641333,4.063
249.0,veh_043,car,12.920348,77.629883,4.517
249.0,veh_044,car,12.944713,77.682733,4.073
249.0,veh_045,car,12.941348,77.668842,6.047
249.0,veh_047,car,12.945357,77.688158,7.519
249.0,veh_049,bus,12.943056,77.673605,3.386
250.0,veh_000,car,12.944266,77.677481,4.6
250.0,veh_001,car,12.945963,77.690695,6.871
250.0,veh_002,car,12.920273,77.629698,8.546
250.0,veh_003,car,12.922655,77.633033,2.381
250.0,veh_004,car,12.935987,77.65363,6.752
250.0,veh_005,car,12.942838,77.673198,7.586
250.0,veh_006,car,12.929989,77.643534,6.171
250.0,veh_007,car,12.927741,77.640363,6.085
250.0,veh_008,car,12.940183,77.665178,6.002
250.0,veh_009,car,12.939066,77.661998,4.599
250.0,veh_010,bus,12.93553,77.652731,4.57
250.0,veh_011,motorcycle,12.937558,77.657835,7.482
250.0,veh_012,motorcycle,12.924102,77.635236,2.444
250.0,veh_013,car,12.944539,77.680703,12.663
250.0,veh_014,motorcycle,12.948422,77.699184,9.283
250.0,veh_015,bus,12.945977,77.690802,3.422
250.0,veh_016,car,12.929085,77.642445,3.449
250.0,veh_017,bus,12.927532,77.639892,2.197
250.0,veh_018,car,12.923055,77.633739,7.212
250.0,veh_019,bus,12.928735,77.641781,4.073
250.0,veh_020,car,12.941262,77.66848,3.703
250.0,veh_021,car,12.937688,77.658337,10.988
250.0,veh_022,car,12.918873,77.62783,6.454
250.0,veh_023,truck,12.938014,77.659091,3.703
250.0,veh_025,bus,12.933232,77.648803,3.425
250.0,veh_026,car,12.93949,77.663316,5.056
250.0,veh_027,motorcycle,12.930011,77.643669,3.535
250.0,veh_028,car,12.938149,77.659492,5.561
250.0,veh_029,car,12.945673,77.689485,5.584
250.0,veh_030,bus,12.934989,77.651732,6.095
250.0,veh_031,car,12.9387,77.660944,8.139
250.0,veh_033,car,12.944526,77.680275,4.724
250.0,veh_034,car,12.94839,77.699294,2.25
250.0,veh_035,car,12.928714,77.641774,6.853
250.0,veh_036,motorcycle,12.94066,77.666661,4.191
250.0,veh_037,car,12.921807,77.632049,6.442
250.0,veh_038,motorcycle,12.942966,77.673111,2.338
250.0,veh_039,bus,12.938849,77.661237,3.8
250.0,veh_040,car,12.920775,77.630524,9.58
250.0,veh_041,motorcycle,12.92525,77.636907,5.179
250.0,veh_042,car,12.928475,77.641372,8.193
250.0,veh_043,car,12.920286,77.629944,3.145
250.0,veh_044,car,12.944702,77.682713,6.996
250.0,veh_045,car,12.941429,77.66885,6.811
250.0,veh_047,car,12.945446,77.688139,6.419
250.0,veh_049,bus,12.942996,77.67367,2.677
251.0,veh_000,car,12.944299,77.677528,5.468
251.0,veh_001,car,12.94595,77.690688,4.278
251.0,veh_002,car,12.920283,77.629893,7.512
251.0,veh_003,car,12.922615,77.633046,6.0
251.0,veh_004,car,12.936043,77.653787,11.139
251.0,veh_005,car,12.942954,77.673122,6.505
251.0,veh_006,car,12.929957,77.643567,6.272
251.0,veh_007,car,12.927779,77.640298,5.618
251.0,veh_008,car,12.94009,77.665167,7.932
251.0,veh_009,car,12.938964,77.662023,5.01
251.0,veh_010,bus,12.935444,77.652774,6.673
251.0,veh_011,motorcycle,12.937663,77.658057,10.452
251.0,veh_012,motorcycle,12.924224,77.635298,10.215
251.0,veh_013,car,12.944555,77.68082,5.776
251.0,veh_014,motorcycle,12.948427,77.69933,1.655
251.0,veh_015,bus,12.946043,77.690704,4.826
251.0,veh_016,car,12.92919,77.642427,5.192
251.0,veh_017,bus,12.927454,77.639963,2.755
251.0,veh_018,car,12.923038,77.633677,7.443
251.0,veh_019,bus,12.928704,77.641819,4.449
251.0,veh_020,car,12.941274,77.668506,4.157
251.0,veh_021,car,12.937735,77.658366,6.009
251.0,veh_022,car,12.918907,77.627963,7.955
251.0,veh_023,truck,12.938061,77.65905,3.233
251.0,veh_025,bus,12.933189,77.648732,3.744
251.0,veh_026,car,12.9395,77.663414,4.916
251.0,veh_027,motorcycle,12.930134,77.643678,6.002
251.0,veh_028,car,12.938119,77.659555,3.59
251.0,veh_029,car,12.945698,77.689401,3.27
251.0,veh_030,bus,12.934953,77.651842,3.771
251.0,veh_031,car,12.938736,77.66111,6.209
251.0,veh_033,car,12.944496,77.680334,6.09
251.0,veh_034,car,12.948491,77.699397,6.875
251.0,veh_035,car,12.928807,77.641787,3.357
251.0,veh_036,motorcycle,12.940638,77.666767,6.878
251.0,veh_037,car,12.921941,77.632035,4.939
251.0,veh_038,motorcycle,12.942866,77.673197,3.007
251.0,veh_039,bus,12.93886,77.661356,2.464
251.0,veh_040,car,12.9208,77.630578,6.184
251.0,veh_041,motorcycle,12.925305,77.637004,6.842
251.0,veh_042,car,12.928411,77.641427,7.847
251.0,veh_043,car,12.920332,77.629929,5.433
251.0,veh_044,car,12.94465,77.682844,6.546
251.0,veh_045,car,12.941478,77.668929,8.343
251.0,veh_047,car,12.945436,77.688311,8.326
251.0,veh_049,bus,12.94302,77.673754,3.628
252.0,veh_000,car,12.944233,77.677552,7.539
252.0,veh_001,car,12.945959,77.690816,8.254
252.0,veh_002,car,12.920336,77.629863,3.497
252.0,veh_003,car,12.922663,77.633099,4.279
252.0,veh_004,car,12.936085,77.653777,5.829
252.0,veh_005,car,12.942953,77.673297,6.116
252.0,veh_006,car,12.929916,77.64366,7.715
252.0,veh_007,car,12.927794,77.640473,8.038
252.0,veh_008,car,12.940158,77.66527,7.137
252.0,veh_009,car,12.939086,77.662113,5.42
252.0,veh_010,bus,12.935511,77.652815,2.57
252.0,veh_011,motorcycle,12.937621,77.65814,5.688
252.0,veh_012,motorcycle,12.924256,77.6354,6.949
252.0,veh_013,car,12.944558,77.680858,5.634
252.0,veh_014,motorcycle,12.948489,77.699436,12.913
252.0,veh_015,bus,12.945984,77.690789,3.654
252.0,veh_016,car,12.929162,77.642523,12.039
252.0,veh_017,bus,12.927495,77.640049,1.936
252.0,veh_018,car,12.923101,77.633759,3.986
252.0,veh_019,bus,12.928742,77.641732,1.971
252.0,veh_020,car,12.941264,77.668505,5.845
252.0,veh_021,car,12.93773,77.658402,7.816
252.0,veh_022,car,12.919014,77.62806,6.899
252.0,veh_023,truck,12.938031,77.659106,3.001
252.0,veh_025,bus,12.933218,77.648747,3.292
252.0,veh_026,car,12.939578,77.663504,7.391
252.0,veh_027,motorcycle,12.930079,77.643805,7.319
252.0,veh_028,car,12.938127,77.659559,2.167
252.0,veh_029,car,12.945739,77.689591,8.488
252.0,veh_030,bus,12.934882,77.65187,3.551
252.0,veh_031,car,12.93874,77.661215,4.34
252.0,veh_033,car,12.944443,77.680357,8.118
252.0,veh_034,car,12.948467,77.699514,8.78
252.0,veh_035,car,12.928713,77.641813,4.68
252.0,veh_036,motorcycle,12.940753,77.666791,4.167
252.0,veh_037,car,12.921949,77.632154,2.213
252.0,veh_038,motorcycle,12.942942,77.673184,5.764
252.0,veh_039,bus,12.938848,77.661413,3.203
252.0,veh_040,car,12.920885,77.630509,6.266
252.0,veh_041,motorcycle,12.925356,77.637045,13.746
252.0,veh_042,car,12.928462,77.641452,4.692
252.0,veh_043,car,12.920314,77.630088,8.515
252.0,veh_044,car,12.9447,77.6829,7.677
252.0,veh_045,car,12.941442,77.668916,1.528
252.0,veh_047,car,12.945434,77.688281,5.657
252.0,veh_049,bus,12.943061,77.673701,3.352
253.0,veh_000,car,12.944226,77.67772,4.663
253.0,veh_001,car,12.946008,77.690807,3.696
253.0,veh_002,car,12.920339,77.62993,6.369
253.0,veh_003,car,12.922634,77.633157,7.203
253.0,veh_004,car,12.936108,77.653875,5.131
253.0,veh_005,car,12.942977,77.673315,4.282
253.0,veh_006,car,12.929955,77.643674,6.358
253.0,veh_007,car,12.927882,77.640439,3.925
253.0,veh_008,car,12.940276,77.665294,5.881
253.0,veh_009,car,12.939057,77.662193,1.882
253.0,veh_010,bus,12.935593,77.652873,5.694
253.0,veh_011,motorcycle,12.937631,77.658153,4.312
253.0,veh_012,motorcycle,12.924284,77.635475,7.285
253.0,veh_013,car,12.944458,77.680928,4.224
253.0,veh_014,motorcycle,12.948552,77.699473,3.167
253.0,veh_015,bus,12.94595,77.690869,4.541
253.0,veh_016,car,12.929311,77.642568,7.155
253.0,veh_017,bus,12.927437,77.640046,5.264
253.0,veh_018,car,12.923143,77.633772,4.199
253.0,veh_019,bus,12.928781,77.641865,4.376
253.0,veh_020,car,12.941366,77.668695,4.584
253.0,veh_021,car,12.937896,77.658556,11.18
253.0,veh_022,car,12.919046,77.628125,6.655
253.0,veh_023,truck,12.937986,77.659129,2.988
253.0,veh_025,bus,12.933299,77.648832,7.399
253.0,veh_026,car,12.939474,77.663481,0.1
253.0,veh_027,motorcycle,12.930136,77.643872,3.044
253.0,veh_028,car,12.938165,77.6596,6.255
253.0,veh_029,car,12.945779,77.689601,7.181
253.0,veh_030,bus,12.934963,77.651954,3.629
253.0,veh_031,car,12.938846,77.661194,6.978
253.0,veh_033,car,12.94457,77.680341,8.117
253.0,veh_034,car,12.948529,77.699591,4.103
253.0,veh_035,car,12.928816,77.641856,4.27
253.0,veh_036,motorcycle,12.940818,77.666843,7.291
253.0,veh_037,car,12.92185,77.632089,6.589
253.0,veh_038,motorcycle,12.942849,77.67331,6.774
253.0,veh_039,bus,12.938758,77.661427,3.136
253.0,veh_040,car,12.920821,77.630561,4.212
253.0,veh_041,motorcycle,12.925446,77.637091,9.368
253.0,veh_042,car,12.928511,77.64161,5.55
253.0,veh_043,car,12.920479,77.630003,3.202
253.0,veh_044,car,12.944729,77.682955,7.482
253.0,veh_045,car,12.941447,77.66886,3.901
253.0,veh_047,car,12.945418,77.688378,8.031
253.0,veh_049,bus,12.943039,77.673631,5.164
254.0,veh_000,car,12.944275,77.677599,4.925
254.0,veh_001,car,12.945966,77.690824,5.37
254.0,veh_002,car,12.920246,77.630064,6.178
254.0,veh_003,car,12.922686,77.633299,8.19
254.0,veh_004,car,12.936094,77.653829,5.214
254.0,veh_005,car,12.942975,77.673414,6.341
254.0,veh_006,car,12.930146,77.643712,8.773
254.0,veh_007,car,12.927754,77.640541,4.446
254.0,veh_008,car,12.940256,77.665364,6.28
254.0,veh_009,car,12.939054,77.662128,4.156
254.0,veh_010,bus,12.935566,77.6528,2.574
254.0,veh_011,motorcycle,12.937733,77.658179,8.821
254.0,veh_012,motorcycle,12.924297,77.635501,6.502
254.0,veh_013,car,12.944515,77.680961,8.162
254.0,veh_014,motorcycle,12.948534,77.699389,5.683
254.0,veh_015,bus,12.94603,77.691022,6.715
254.0,veh_016,car,12.929269,77.642655,4.558
254.0,veh_017,bus,12.927468,77.640075,5.498
254.0,veh_018,car,12.923126,77.633788,4.955
254.0,veh_019,bus,12.928719,77.641848,3.384
254.0,veh_020,car,12.94143,77.66874,8.784
254.0,veh_021,car,12.93773,77.658543,3.914
254.0,veh_022,car,12.919149,77.628162,7.568
254.0,veh_023,truck,12.938114,77.659162,3.312
254.0,veh_025,bus,12.933277,77.648872,3.541
254.0,veh_026,car,12.939574,77.663563,4.464
254.0,veh_027,motorcycle,12.930201,77.643772,7.833
254.0,veh_028,car,12.938277,77.659633,5.921
254.0,veh_029,car,12.945818,77.689577,4.106
254.0,veh_030,bus,12.935017,77.651933,1.817
254.0,veh_031,car,12.938808,77.66132,7.622
254.0,veh_033,car,12.944488,77.680504,7.99
254.0,veh_034,car,12.948555,77.699601,7.86
254.0,veh_035,car,12.928866,77.641931,5.288
254.0,veh_036,motorcycle,12.940767,77.666936,5.167
254.0,veh_037,car,12.922009,77.632229,3.63
254.0,veh_038,motorcycle,12.942953,77.673271,7.055
254.0,veh_039,bus,12.938802,77.661398,6.381
254.0,veh_040,car,12.920945,77.630711,7.024
254.0,veh_041,motorcycle,12.925567,77.637107,7.731
254.0,veh_042,car,12.928453,77.641564,6.209
254.0,veh_043,car,12.920427,77.630078,7.061
254.0,veh_044,car,12.944717,77.682952,4.597
254.0,veh_045,car,12.941354,77.66902,4.218
254.0,veh_047,car,12.945531,77.68845,7.226
254.0,veh_049,bus,12.943047,77.673859,5.807
255.0,veh_000,car,12.944222,77.677712,5.069
255.0,veh_001,car,12.945948,77.69096,7.502
255.0,veh_002,car,12.92045,77.630006,5.228
255.0,veh_003,car,12.922677,77.633226,4.572
255.0,veh_004,car,12.936198,77.654031,6.515
255.0,veh_005,car,12.943017,77.673421,7.467
255.0,veh_006,car,12.930054,77.643701,6.005
255.0,veh_007,car,12.927897,77.640536,6.859
255.0,veh_008,car,12.940207,77.66536,2.934
255.0,veh_009,car,12.939138,77.66218,8.569
255.0,veh_010,bus,12.93554,77.652824,4.466
255.0,veh_011,motorcycle,12.937726,77.658154,0.1
255.0,veh_012,motorcycle,12.924271,77.635556,8.708
255.0,veh_013,car,12.944659,77.680944,7.121
255.0,veh_014,motorcycle,12.948517,77.69948,5.656
255.0,veh_015,bus,12.946082,77.690976,3.872
255.0,veh_016,car,12.929352,77.642679,8.14
255.0,veh_017,bus,12.927497,77.640138,4.159
255.0,veh_018,car,12.923187,77.633715,4.635
255.0,veh_019,bus,12.928788,77.641982,5.545
255.0,veh_020,car,12.941398,77.668751,4.076
255.0,veh_021,car,12.937777,77.658599,7.629
255.0,veh_022,car,12.919134,77.628187,7.116
255.0,veh_023,truck,12.938007,77.659205,2.456
255.0,veh_025,bus,12.933309,77.64897,4.199
255.0,veh_026,car,12.939656,77.663579,3.38
255.0,veh_027,motorcycle,12.930174,77.643901,5.089
255.0,veh_028,car,12.938159,77.659625,6.839
255.0,veh_029,car,12.945712,77.689696,5.194
255.0,veh_030,bus,12.935057,77.651928,5.785
255.0,veh_031,car,12.938877,77.661311,6.82
255.0,veh_033,car,12.944517,77.680527,7.136
255.0,veh_034,car,12.948522,77.699722,3.811
255.0,veh_035,car,12.928865,77.641988,8.307
255.0,veh_036,motorcycle,12.940745,77.666865,5.34
255.0,veh_037,car,12.921886,77.632157,2.827
255.0,veh_038,motorcycle,12.942978,77.673374,4.78
255.0,veh_039,bus,12.938893,77.6615,7.063
255.0,veh_040,car,12.920866,77.630745,6.689
255.0,veh_041,motorcycle,12.92552,77.637229,5.984
255.0,veh_042,car,12.928608,77.641656,6.327
255.0,veh_043,car,12.920513,77.630054,7.328
255.0,veh_044,car,12.944724,77.682982,7.795
255.0,veh_045,car,12.941592,77.669032,3.116
255.0,veh_047,car,12.94554,77.688514,11.068
255.0,veh_049,bus,12.943119,77.673841,4.827
256.0,veh_000,car,12.944297,77.677786,7.422
256.0,veh_001,car,12.945997,77.691017,2.861
256.0,veh_002,car,12.920448,77.630024,4.314
256.0,veh_003,car,12.922678,77.633262,7.327
256.0,veh_004,car,12.936283,77.653976,8.372
256.0,veh_005,car,12.943036,77.673605,9.841
256.0,veh_006,car,12.930113,77.643835,3.828
256.0,veh_007,car,12.927919,77.640528,2.82
256.0,veh_008,car,12.940287,77.665468,5.484
256.0,veh_009,car,12.939139,77.662241,4.314
256.0,veh_010,bus,12.935549,77.652824,3.829
256.0,veh_011,motorcycle,12.937694,77.658187,10.621
256.0,veh_012,motorcycle,12.924409,77.635586,9.829
256.0,veh_013,car,12.944536,77.681016,5.971
256.0,veh_014,motorcycle,12.948546,77.699574,7.626
256.0,veh_015,bus,12.946022,77.691062,4.568
256.0,veh_016,car,12.929288,77.642759,6.694
256.0,veh_017,bus,12.927582,77.640209,5.565
256.0,veh_018,car,12.923176,77.633905,5.933
256.0,veh_019,bus,12.928832,77.642055,3.414
256.0,veh_020,car,12.94151,77.668759,7.163
256.0,veh_021,car,12.937905,77.65858,7.346
256.0,veh_022,car,12.919261,77.628265,5.374
256.0,veh_023,truck,12.937993,77.659242,5.255
256.0,veh_025,bus,12.933298,77.648997,4.57
256.0,veh_026,car,12.939608,77.663634,7.115
256.0,veh_027,motorcycle,12.930264,77.644056,13.775
256.0,veh_028,car,12.938309,77.659754,7.324
256.0,veh_029,car,12.945699,77.689728,5.134
256.0,veh_030,bus,12.935078,77.651921,4.339
256.0,veh_031,car,12.938788,77.661498,10.505
256.0,veh_033,car,12.944547,77.68058,6.716
256.0,veh_034,car,12.948573,77.699863,4.958
256.0,veh_035,car,12.928834,77.641928,1.415
256.0,veh_036,motorcycle,12.940774,77.666996,6.589
256.0,veh_037,car,12.922013,77.632204,7.19
256.0,veh_038,motorcycle,12.94296,77.673344,2.26
256.0,veh_039,bus,12.938995,77.661413,5.546
256.0,veh_040,car,12.921003,77.63073,6.408
256.0,veh_041,motorcycle,12.925498,77.63721,9.298
256.0,veh_042,car,12.928595,77.641559,0.344
256.0,veh_043,car,12.920509,77.630172,5.119
256.0,veh_044,car,12.944793,77.683158,4.775
256.0,veh_045,car,12.941499,77.669053,2.072
256.0,veh_047,car,12.945483,77.688686,9.011
256.0,veh_049,bus,12.94321,77.673819,5.253
257.0,veh_000,car,12.944274,77.677746,8.062
257.0,veh_001,car,12.946097,77.691096,7.103
257.0,veh_002,car,12.92041,77.630043,2.717
257.0,veh_003,car,12.922829,77.633312,7.192
257.0,veh_004,car,12.936182,77.654137,4.596
257.0,veh_005,car,12.943121,77.673594,2.97
257.0,veh_006,car,12.930231,77.643913,6.607
257.0,veh_007,car,12.927843,77.640692,4.142
257.0,veh_008,car,12.940291,77.665384,6.371
257.0,veh_009,car,12.939209,77.662308,3.947
257.0,veh_010,bus,12.935717,77.652917,3.192
257.0,veh_011,motorcycle,12.937758,77.658112,4.764
257.0,veh_012,motorcycle,12.924493,77.635673,9.31
257.0,veh_013,car,12.944643,77.681163,7.353
257.0,veh_014,motorcycle,12.948562,77.699613,9.582
257.0,veh_015,bus,12.945988,77.690978,5.29
257.0,veh_016,car,12.929402,77.642653,6.367
257.0,veh_017,bus,12.927506,77.64032,3.557
257.0,veh_018,car,12.923294,77.633953,7.602
257.0,veh_019,bus,12.928896,77.641936,1.671
257.0,veh_020,car,12.941495,77.668925,5.225
257.0,veh_021,car,12.93783,77.658729,7.515
257.0,veh_022,car,12.919154,77.628351,3.81
257.0,veh_023,truck,12.938044,77.659317,3.176
257.0,veh_025,bus,12.933243,77.648965,1.551
257.0,veh_026,car,12.939594,77.66375,6.836
257.0,veh_027,motorcycle,12.930229,77.644,3.855
257.0,veh_028,car,12.938238,77.65978,6.929
257.0,veh_029,car,12.945842,77.689739,3.241
257.0,veh_030,bus,12.935112,77.652016,4.858
257.0,veh_031,car,12.9388,77.661465,5.591
257.0,veh_033,car,12.944499,77.680645,6.838
257.0,veh_034,car,12.948592,77.699781,8.348
257.0,veh_035,car,12.928905,77.642003,6.042
257.0,veh_036,motorcycle,12.940824,77.667149,13.996
257.0,veh_037,car,12.92208,77.632279,7.114
257.0,veh_038,motorcycle,12.942867,77.673422,2.648
257.0,veh_039,bus,12.938891,77.661493,3.495
257.0,veh_040,car,12.92098,77.630976,6.212
257.0,veh_041,motorcycle,12.925656,77.637289,7.475
257.0,veh_042,car,12.928607,77.641608,5.205
257.0,veh_043,car,12.920594,77.63021,12.389
257.0,veh_044,car,12.944745,77.683119,5.724
257.0,veh_045,car,12.941508,77.669111,6.878
257.0,veh_047,car,12.945506,77.688716,8.437
257.0,veh_049,bus,12.943159,77.673925,4.726
258.0,veh_000,car,12.944287,77.677892,6.246
258.0,veh_001,car,12.946069,77.691096,8.136
258.0,veh_002,car,12.920484,77.630116,9.248
258.0,veh_003,car,12.922899,77.633448,6.142
258.0,veh_004,car,12.936206,77.654081,3.532
258.0,veh_005,car,12.943049,77.673565,4.384
258.0,veh_006,car,12.930242,77.643893,7.381
258.0,veh_007,car,12.927968,77.640625,2.117
258.0,veh_008,car,12.940364,77.665516,4.271
258.0,veh_009,car,12.939166,77.662286,6.499
258.0,veh_010,bus,12.935685,77.653002,5.746
258.0,veh_011,motorcycle,12.937791,77.658378,4.112
258.0,veh_012,motorcycle,12.924341,77.635654,3.386
258.0,veh_013,car,12.944576,77.681131,5.783
258.0,veh_014,motorcycle,12.948601,77.699777,14.0
258.0,veh_015,bus,12.946081,77.691113,4.268
258.0,veh_016,car,12.929507,77.642812,4.89
258.0,veh_017,bus,12.927659,77.640218,3.904
258.0,veh_018,car,12.923173,77.633897,6.266
258.0,veh_019,bus,12.928882,77.641948,4.044
258.0,veh_020,car,12.941437,77.668806,3.595
258.0,veh_021,car,12.937866,77.658778,7.138
258.0,veh_022,car,12.919297,77.628314,7.587
258.0,veh_023,truck,12.938089,77.659355,1.781
258.0,veh_025,bus,12.933256,77.649056,4.271
258.0,veh_026,car,12.939725,77.663722,4.223
258.0,veh_027,motorcycle,12.930391,77.64411,7.776
258.0,veh_028,car,12.938348,77.659898,2.486
258.0,veh_029,car,12.945706,77.689658,2.227
258.0,veh_030,bus,12.935158,77.652006,5.168
258.0,veh_031,car,12.938902,77.661496,3.443
258.0,veh_033,car,12.944514,77.680799,7.99
258.0,veh_034,car,12.948597,77.699733,3.702
258.0,veh_035,car,12.928971,77.642035,4.392
258.0,veh_036,motorcycle,12.940951,77.667257,9.711
258.0,veh_037,car,12.922126,77.632313,6.035
258.0,veh_038,motorcycle,12.94301,77.673527,9.646
258.0,veh_039,bus,12.938904,77.661529,3.315
258.0,veh_040,car,12.921077,77.630829,3.237
258.0,veh_041,motorcycle,12.925656,77.637418,9.258
258.0,veh_042,car,12.928694,77.641716,5.643
258.0,veh_043,car,12.920658,77.630357,6.678
258.0,veh_044,car,12.94473,77.683181,8.27
258.0,veh_045,car,12.941542,77.669171,5.276
258.0,veh_047,car,12.945622,77.6887,3.882
258.0,veh_049,bus,12.943141,77.673867,4.158
259.0,veh_000,car,12.944345,77.677938,7.803
259.0,veh_001,car,12.945972,77.691156,7.18
259.0,veh_002,car,12.920496,77.630198,7.002
259.0,veh_003,car,12.922767,77.633403,1.864
259.0,veh_004,car,12.93627,77.654121,6.114
259.0,veh_005,car,12.942969,77.673639,7.703
259.0,veh_006,car,12.9303,77.643999,5.637
259.0,veh_007,car,12.927944,77.640724,6.866
259.0,veh_008,car,12.940261,77.665591,8.318
259.0,veh_009,car,12.93909,77.662439,7.971
259.0,veh_010,bus,12.935628,77.653046,3.973
259.0,veh_011,motorcycle,12.937768,77.658406,10.393
259.0,veh_012,motorcycle,12.924531,77.635874,6.742
259.0,veh_013,car,12.944597,77.681345,9.11
259.0,veh_014,motorcycle,12.948564,77.699764,5.251
259.0,veh_015,bus,12.946158,77.691118,3.556
259.0,veh_016,car,12.92949,77.642834,4.721
259.0,veh_017,bus,12.927639,77.640258,2.856
259.0,veh_018,car,12.923284,77.634029,7.16
259.0,veh_019,bus,12.928921,77.641952,4.529
259.0,veh_020,car,12.941464,77.668823,7.226
259.0,veh_021,car,12.937854,77.658824,6.579
259.0,veh_022,car,12.919274,77.628306,7.05
259.0,veh_023,truck,12.938105,77.659363,4.086
259.0,veh_025,bus,12.93327,77.649062,3.579
259.0,veh_026,car,12.939691,77.663872,4.639
259.0,veh_027,motorcycle,12.93033,77.644257,8.771
259.0,veh_028,car,12.93829,77.659759,5.648
259.0,veh_029,car,12.945819,77.689839,7.3
259.0,veh_030,bus,12.934986,77.652071,4.53
259.0,veh_031,car,12.938904,77.661579,5.063
259.0,veh_033,car,12.944519,77.680803,6.336
259.0,veh_034,car,12.94865,77.69983,6.155
259.0,veh_035,car,12.928908,77.642065,7.265
259.0,veh_036,motorcycle,12.940884,77.667353,8.208
259.0,veh_037,car,12.922065,77.632333,6.549
259.0,veh_038,motorcycle,12.943036,77.673486,5.865
259.0,veh_039,bus,12.93887,77.661559,5.836
259.0,veh_040,car,12.921103,77.630898,9.68
259.0,veh_041,motorcycle,12.925761,77.637442,10.484
259.0,veh_042,car,12.928692,77.641746,10.446
259.0,veh_043,car,12.92067,77.630317,6.092
259.0,veh_044,car,12.944725,77.683279,6.594
259.0,veh_045,car,12.94149,77.66927,5.031
259.0,veh_047,car,12.945589,77.688755,1.921
259.0,veh_049,bus,12.943124,77.674001,3.242
260.0,veh_000,car,12.944327,77.678102,5.616
260.0,veh_001,car,12.945985,77.691109,6.364
260.0,veh_002,car,12.920601,77.630189,3.855
260.0,veh_003,car,12.922915,77.63348,4.965
260.0,veh_004,car,12.936244,77.654111,0.1
260.0,veh_005,car,12.943024,77.673739,3.904
260.0,veh_006,car,12.930197,77.644019,3.605
260.0,veh_007,car,12.927938,77.640708,6.272
260.0,veh_008,car,12.940266,77.665661,7.558
260.0,veh_009,car,12.939155,77.662391,6.162
260.0,veh_010,bus,12.935631,77.65305,3.733
260.0,veh_011,motorcycle,12.937746,77.658558,11.782
260.0,veh_012,motorcycle,12.924466,77.63569,5.858
260.0,veh_013,car,12.944564,77.681329,9.003
260.0,veh_014,motorcycle,12.948644,77.699854,7.295
260.0,veh_015,bus,12.946058,77.691214,3.664
260.0,veh_016,car,12.929437,77.642816,7.647
260.0,veh_017,bus,12.927619,77.6402,2.777
260.0,veh_018,car,12.923391,77.63419,6.564
260.0,veh_019,bus,12.928872,77.642018,5.396
260.0,veh_020,car,12.941511,77.669047,11.58
260.0,veh_021,car,12.937967,77.658932,10.593
260.0,veh_022,car,12.919237,77.628429,6.089
260.0,veh_023,truck,12.938093,77.659338,1.884
260.0,veh_025,bus,12.933395,77.649005,5.037
260.0,veh_026,car,12.939707,77.663771,4.059
260.0,veh_027,motorcycle,12.930549,77.644235,9.315
260.0,veh_028,car,12.938295,77.659976,3.052
260.0,veh_029,car,12.945768,77.689802,1.942
260.0,veh_030,bus,12.935252,77.652191,4.252
260.0,veh_031,car,12.938842,77.66166,10.341
260.0,veh_033,car,12.944558,77.680804,6.87
260.0,veh_034,car,12.948646,77.69988,8.395
260.0,veh_035,car,12.928946,77.642165,9.036
260.0,veh_036,motorcycle,12.940914,77.667313,2.205
260.0,veh_037,car,12.92218,77.632467,11.009
260.0,veh_038,motorcycle,12.943075,77.673632,8.251
260.0,veh_039,bus,12.93893,77.661627,3.932
260.0,veh_040,car,12.921099,77.63091,8.237
260.0,veh_041,motorcycle,12.925723,77.637564,11.622
260.0,veh_042,car,12.928744,77.641705,3.532
260.0,veh_043,car,12.92071,77.630438,5.815
260.0,veh_044,car,12.944724,77.683322,6.685
260.0,veh_045,car,12.941539,77.669349,6.948
260.0,veh_047,car,12.945693,77.688665,3.624
260.0,veh_049,bus,12.943127,77.67401,2.708
261.0,veh_000,car,12.944256,77.67816,10.372
261.0,veh_001,car,12.946149,77.691203,8.882
261.0,veh_002,car,12.92047,77.630234,6.075
261.0,veh_003,car,12.922968,77.633459,4.576
261.0,veh_004,car,12.936193,77.654135,5.064
261.0,veh_005,car,12.943065,77.673686,5.201
261.0,veh_006,car,12.93032,77.6441,6.88
261.0,veh_007,car,12.928043,77.640747,7.711
261.0,veh_008,car,12.940354,77.665776,7.42
261.0,veh_009,car,12.939095,77.662594,10.879
261.0,veh_010,bus,12.935575,77.653036,3.356
261.0,veh_011,motorcycle,12.937799,77.658586,3.18
261.0,veh_012,motorcycle,12.924535,77.635802,3.351
261.0,veh_013,car,12.944636,77.68144,5.03
261.0,veh_014,motorcycle,12.94862,77.699959,6.947
261.0,veh_015,bus,12.946064,77.691212,4.37
261.0,veh_016,car,12.929562,77.642972,5.237
261.0,veh_017,bus,12.927739,77.640224,1.793
261.0,veh_018,car,12.923439,77.634216,7.273
261.0,veh_019,bus,12.928982,77.642026,2.97
261.0,veh_020,car,12.941517,77.669146,5.944
261.0,veh_021,car,12.937981,77.658955,4.742
261.0,veh_022,car,12.919355,77.628498,4.093
261.0,veh_023,truck,12.938202,77.659286,4.123
261.0,veh_025,bus,12.933365,77.649202,3.434
261.0,veh_026,car,12.93978,77.663839,10.761
261.0,veh_027,motorcycle,12.930516,77.644441,14.544
261.0,veh_028,car,12.938302,77.659946,7.589
261.0,veh_029,car,12.945798,77.689946,7.149
261.0,veh_030,bus,12.935154,77.652121,2.334
261.0,veh_031,car,12.938932,77.661755,7.725
261.0,veh_033,car,12.944458,77.680987,3.102
261.0,veh_034,car,12.948631,77.699905,0.345
261.0,veh_035,car,12.928904,77.642168,2.974
261.0,veh_036,motorcycle,12.940927,77.667416,9.032
261.0,veh_037,car,12.922157,77.63244,6.173
261.0,veh_038,motorcycle,12.943109,77.673678,6.538
261.0,veh_039,bus,12.938884,77.661677,3.911
261.0,veh_040,car,12.921163,77.631036,3.31
261.0,veh_041,motorcycle,12.925811,77.637607,5.979
261.0,veh_042,car,12.928799,77.641888,2.732
261.0,veh_043,car,12.920638,77.630492,3.001
261.0,veh_044,car,12.944753,77.683532,10.894
261.0,veh_045,car,12.941582,77.669379,8.477
261.0,veh_047,car,12.945671,77.688787,3.135
261.0,veh_049,bus,12.943136,77.673952,1.73
262.0,veh_000,car,12.944345,77.678212,11.753
262.0,veh_001,car,12.946101,77.691211,2.898
262.0,veh_002,car,12.920669,77.630296,5.291
262.0,veh_003,car,12.922927,77.63358,6.387
262.0,veh_004,car,12.93631,77.654229,3.893
262.0,veh_005,car,12.943071,77.673834,6.834
262.0,veh_006,car,12.930292,77.644061,4.966
262.0,veh_007,car,12.928009,77.640835,3.872
262.0,veh_008,car,12.940377,77.665783,6.739
262.0,veh_009,car,12.939155,77.662669,5.195
262.0,veh_010,bus,12.935718,77.653008,3.273
262.0,veh_011,motorcycle,12.93782,77.658602,7.728
262.0,veh_012,motorcycle,12.924575,77.635899,11.307
262.0,veh_013,car,12.944617,77.681462,8.296
262.0,veh_014,motorcycle,12.948629,77.699938,10.241
262.0,veh_015,bus,12.946067,77.691263,3.562
262.0,veh_016,car,12.929568,77.643013,7.99
262.0,veh_017,bus,12.927718,77.640147,3.686
262.0,veh_018,car,12.923458,77.634129,8.45
262.0,veh_019,bus,12.928876,77.64212,4.672
262.0,veh_020,car,12.941483,77.66916,5.685
262.0,veh_021,car,12.937987,77.659083,8.442
262.0,veh_022,car,12.919365,77.628596,5.813
262.0,veh_023,truck,12.938095,77.659448,3.424
262.0,veh_025,bus,12.933372,77.649094,3.964
262.0,veh_026,car,12.939717,77.663908,7.827
262.0,veh_027,motorcycle,12.930657,77.644462,7.42
262.0,veh_028,car,12.938268,77.659985,5.81
262.0,veh_029,car,12.945848,77.689949,6.804
262.0,veh_030,bus,12.935067,77.652199,4.638
262.0,veh_031,car,12.93895,77.661777,2.977
262.0,veh_033,car,12.944598,77.680861,6.944
262.0,veh_034,car,12.948673,77.699963,3.552
262.0,veh_035,car,12.92904,77.642187,5.897
262.0,veh_036,motorcycle,12.940986,77.667481,9.39
262.0,veh_037,car,12.922189,77.632596,11.066
262.0,veh_038,motorcycle,12.943114,77.673704,4.241
262.0,veh_039,bus,12.93891,77.66179,3.447
262.0,veh_040,car,12.921098,77.631092,7.49
262.0,veh_041,motorcycle,12.925722,77.637622,8.626
262.0,veh_042,car,12.928786,77.641857,0.36
262.0,veh_043,car,12.920786,77.630362,6.147
262.0,veh_044,car,12.944787,77.683563,11.455
262.0,veh_045,car,12.941603,77.669396,5.485
262.0,veh_047,car,12.945611,77.68875,1.675
262.0,veh_049,bus,12.943214,77.674082,3.587
263.0,veh_000,car,12.94432,77.678248,3.425
263.0,veh_001,car,12.946162,77.691368,1.995
263.0,veh_002,car,12.920671,77.6303,5.51
263.0,veh_003,car,12.922893,77.633558,3.466
263.0,veh_004,car,12.936299,77.654386,9.371
263.0,veh_005,car,12.943128,77.673848,6.359
263.0,veh_006,car,12.930449,77.64419,9.092
263.0,veh_007,car,12.928084,77.640913,7.644
263.0,veh_008,car,12.940375,77.665843,5.725
263.0,veh_009,car,12.939292,77.662565,3.287
263.0,veh_010,bus,12.935701,77.653053,4.788
263.0,veh_011,motorcycle,12.937828,77.658577,2.551
263.0,veh_012,motorcycle,12.92469,77.635926,10.195
263.0,veh_013,car,12.944557,77.681572,5.22
263.0,veh_014,motorcycle,12.948722,77.700064,5.488
263.0,veh_015,bus,12.946163,77.691305,3.019
263.0,veh_016,car,12.929511,77.643006,4.833
263.0,veh_017,bus,12.927702,77.640327,5.246
263.0,veh_018,car,12.923418,77.634352,5.754
263.0,veh_019,bus,12.929092,77.64207,3.343
263.0,veh_020,car,12.941579,77.66919,3.278
263.0,veh_021,car,12.938051,77.659227,8.612
263.0,veh_022,car,12.919405,77.62862,6.8
263.0,veh_023,truck,12.938211,77.659447,3.967
263.0,veh_025,bus,12.933413,77.649128,3.138
263.0,veh_026,car,12.939689,77.66409,9.613
263.0,veh_027,motorcycle,12.930633,77.644412,4.574
263.0,veh_028,car,12.938368,77.660075,5.549
263.0,veh_029,car,12.94582,77.689948,5.856
263.0,veh_030,bus,12.935181,77.652231,5.627
263.0,veh_031,car,12.938957,77.661739,4.767
263.0,veh_033,car,12.944569,77.681082,8.647
263.0,veh_034,car,12.948668,77.699932,3.915
263.0,veh_035,car,12.929074,77.642234,6.923
263.0,veh_036,motorcycle,12.941013,77.667521,6.418
263.0,veh_037,car,12.922318,77.632664,8.796
263.0,veh_038,motorcycle,12.943138,77.673664,6.639
263.0,veh_039,bus,12.93885,77.661841,3.294
263.0,veh_040,car,12.921085,77.631163,4.73
263.0,veh_041,motorcycle,12.925857,77.637779,7.003
263.0,veh_042,car,12.92875,77.641872,6.272
263.0,veh_043,car,12.92087,77.630532,11.671
263.0,veh_044,car,12.94474,77.683546,7.092
263.0,veh_045,car,12.941662,77.66952,9.239
263.0,veh_047,car,12.945678,77.688832,3.678
263.0,veh_049,bus,12.943183,77.673991,3.849
264.0,veh_000,car,12.94433,77.678403,5.91
264.0,veh_001,car,12.946101,77.691348,7.157
264.0,veh_002,car,12.920622,77.630403,2.638
264.0,veh_003,car,12.922977,77.633624,7.944
264.0,veh_004,car,12.936324,77.654337,6.542
264.0,veh_005,car,12.943157,77.673818,4.12
264.0,veh_006,car,12.930509,77.644247,10.627
264.0,veh_007,car,12.928079,77.640867,6.879
264.0,veh_008,car,12.94041,77.665853,8.214
264.0,veh_009,car,12.939297,77.662763,7.777
264.0,veh_010,bus,12.935617,77.65318,4.463
264.0,veh_011,motorcycle,12.937934,77.658708,6.08
264.0,veh_012,motorcycle,12.924634,77.635943,4.151
264.0,veh_013,car,12.944549,77.681547,5.08
264.0,veh_014,motorcycle,12.94861,77.700079,6.505
264.0,veh_015,bus,12.946138,77.691337,6.367
264.0,veh_016,car,12.929483,77.642956,2.414
264.0,veh_017,bus,12.927796,77.640393,6.827
264.0,veh_018,car,12.923468,77.634325,9.912
264.0,veh_019,bus,12.928973,77.642133,3.98
264.0,veh_020,car,12.941578,77.669173,5.947
264.0,veh_021,car,12.938051,77.659265,6.971
264.0,veh_022,car,12.919533,77.628736,8.68
264.0,veh_023,truck,12.938272,77.659559,3.898
264.0,veh_025,bus,12.93337,77.649262,3.668
264.0,veh_026,car,12.93983,77.664069,8.023
264.0,veh_027,motorcycle,12.930497,77.644578,8.498
264.0,veh_028,car,12.93843,77.660044,5.596
264.0,veh_029,car,12.945829,77.690189,7.539
264.0,veh_030,bus,12.935315,77.652332,4.158
264.0,veh_031,car,12.938858,77.66177,3.602
264.0,veh_033,car,12.94463,77.681071,2.523
264.0,veh_034,car,12.948673,77.699975,4.444
264.0,veh_035,car,12.92911,77.642311,7.009
264.0,veh_036,motorcycle,12.94096,77.667529,5.944
264.0,veh_037,car,12.922296,77.632681,9.45
264.0,veh_038,motorcycle,12.94315,77.673716,2.211
264.0,veh_039,bus,12.939029,77.661831,2.619
264.0,veh_040,car,12.921244,77.631181,2.742
264.0,veh_041,motorcycle,12.925839,77.63782,9.357
264.0,veh_042,car,12.92873,77.641923,4.422
264.0,veh_043,car,12.920831,77.630658,5.434
264.0,veh_044,car,12.944753,77.683765,9.078
264.0,veh_045,car,12.941582,77.66959,6.686
264.0,veh_047,car,12.945557,77.688841,4.359
264.0,veh_049,bus,12.943234,77.674158,5.202
265.0,veh_000,car,12.94435,77.678254,1.781
265.0,veh_001,car,12.946104,77.691374,5.796
265.0,veh_002,car,12.920723,77.630394,1.338
265.0,veh_003,car,12.923058,77.633764,5.949
265.0,veh_004,car,12.936261,77.654283,1.975
265.0,veh_005,car,12.943082,77.67393,5.306
265.0,veh_006,car,12.930502,77.644261,6.201
265.0,veh_007,car,12.928127,77.641021,5.801
265.0,veh_008,car,12.940435,77.666041,3.556
265.0,veh_009,car,12.939291,77.66275,5.353
265.0,veh_010,bus,12.935655,77.653161,5.684
265.0,veh_011,motorcycle,12.937904,77.658775,10.979
265.0,veh_012,motorcycle,12.924762,77.636082,11.618
265.0,veh_013,car,12.944512,77.681655,5.592
265.0,veh_014,motorcycle,12.948679,77.70015,7.832
265.0,veh_015,bus,12.946199,77.691419,4.014
265.0,veh_016,car,12.929518,77.642998,1.077
265.0,veh_017,bus,12.927785,77.640348,5.243
265.0,veh_018,car,12.923538,77.63438,2.805
265.0,veh_019,bus,12.928976,77.642182,3.386
265.0,veh_020,car,12.941483,77.669321,3.654
265.0,veh_021,car,12.938062,77.659333,6.182
265.0,veh_022,car,12.91941,77.62859,4.182
265.0,veh_023,truck,12.938087,77.659527,4.22
265.0,veh_025,bus,12.933441,77.649166,5.972
265.0,veh_026,car,12.939788,77.664137,2.811
265.0,veh_027,motorcycle,12.930725,77.64458,12.317
265.0,veh_028,car,12.938361,77.660142,6.427
265.0,veh_029,car,12.945814,77.690165,4.089
265.0,veh_030,bus,12.935296,77.652316,6.058
265.0,veh_031,car,12.938966,77.661865,4.975
265.0,veh_033,car,12.944593,77.681199,7.679
265.0,veh_034,car,12.94863,77.700126,7.579
265.0,veh_035,car,12.929205,77.642382,6.237
265.0,veh_036,motorcycle,12.940989,77.667686,5.301
265.0,veh_037,car,12.922388,77.632643,4.462
265.0,veh_038,motorcycle,12.943068,77.673808,5.451
265.0,veh_039,bus,12.938941,77.661841,6.463
265.0,veh_040,car,12.921234,77.631203,9.828
265.0,veh_041,motorcycle,12.925987,77.637761,7.974
265.0,veh_042,car,12.928793,77.641895,6.305
265.0,veh_043,car,12.920792,77.630676,4.564
265.0,veh_044,car,12.944734,77.683654,1.803
265.0,veh_045,car,12.941651,77.669629,1.297
265.0,veh_047,car,12.945591,77.688943,3.354
265.0,veh_049,bus,12.943229,77.674208,5.96
266.0,veh_000,car,12.944402,77.678358,5.993
266.0,veh_001,car,12.94625,77.691426,9.598
266.0,veh_002,car,12.92063,77.630438,4.775
266.0,veh_003,car,12.92299,77.633609,4.811
266.0,veh_004,car,12.936326,77.654274,1.816
266.0,veh_005,car,12.943098,77.673855,4.288
266.0,veh_006,car,12.930373,77.644241,2.798
266.0,veh_007,car,12.928189,77.640962,2.608
266.0,veh_008,car,12.940442,77.666001,10.654
266.0,veh_009,car,12.93939,77.662806,5.902
266.0,veh_010,bus,12.935774,77.653129,3.143
266.0,veh_011,motorcycle,12.937952,77.658822,8.578
266.0,veh_012,motorcycle,12.924871,77.636061,10.745
266.0,veh_013,car,12.944549,77.681666,8.498
266.0,veh_014,motorcycle,12.948705,77.700285,5.79
266.0,veh_015,bus,12.946197,77.691403,2.845
266.0,veh_016,car,12.929608,77.643155,6.515
266.0,veh_017,bus,12.927758,77.640525,4.562
266.0,veh_018,car,12.923592,77.634333,3.594
266.0,veh_019,bus,12.928985,77.642217,3.419
266.0,veh_020,car,12.941557,77.669318,6.45
266.0,veh_021,car,12.938157,77.659324,7.52
266.0,veh_022,car,12.919504,77.628691,6.349
266.0,veh_023,truck,12.938162,77.659447,3.794
266.0,veh_025,bus,12.933412,77.649249,5.183
266.0,veh_026,car,12.939787,77.664288,10.37
266.0,veh_027,motorcycle,12.930663,77.644648,6.429
266.0,veh_028,car,12.93845,77.660278,5.702
266.0,veh_029,car,12.945902,77.690133,4.746
266.0,veh_030,bus,12.935207,77.652294,2.601
266.0,veh_031,car,12.939056,77.661906,4.12
266.0,veh_033,car,12.944581,77.681223,5.828
266.0,veh_034,car,12.948769,77.700119,11.007
266.0,veh_035,car,12.92911,77.642317,3.708
266.0,veh_036,motorcycle,12.940942,77.667614,9.612
266.0,veh_037,car,12.922369,77.632788,2.934
266.0,veh_038,motorcycle,12.943022,77.673894,6.143
266.0,veh_039,bus,12.938983,77.661881,4.853
266.0,veh_040,car,12.9213,77.631196,7.575
266.0,veh_041,motorcycle,12.926041,77.63788,12.261
266.0,veh_042,car,12.928859,77.642016,2.748
266.0,veh_043,car,12.920826,77.63072,3.642
266.0,veh_044,car,12.94479,77.683668,3.276
266.0,veh_045,car,12.94165,77.669555,5.548
266.0,veh_047,car,12.945634,77.688938,5.555
266.0,veh_049,bus,12.943305,77.674205,3.315
267.0,veh_000,car,12.944316,77.678437,6.955
267.0,veh_001,car,12.946049,77.691588,7.189
267.0,veh_002,car,12.920787,77.630389,4.571
267.0,veh_003,car,12.923061,77.633695,9.539
267.0,veh_004,car,12.936331,77.654374,8.368
267.0,veh_005,car,12.943221,77.674043,6.611
267.0,veh_006,car,12.930542,77.644433,6.141
267.0,veh_007,car,12.928258,77.640996,8.769
267.0,veh_008,car,12.940433,77.666029,7.258
267.0,veh_009,car,12.939362,77.662838,7.927
267.0,veh_010,bus,12.935818,77.653281,2.019
267.0,veh_011,motorcycle,12.937888,77.658927,10.184
267.0,veh_012,motorcycle,12.924788,77.636124,2.001
267.0,veh_013,car,12.944524,77.681691,6.625
267.0,veh_014,motorcycle,12.948772,77.700233,5.353
267.0,veh_015,bus,12.946222,77.691447,3.491
267.0,veh_016,car,12.929632,77.643194,9.031
267.0,veh_017,bus,12.927791,77.64047,3.872
267.0,veh_018,car,12.92362,77.634397,4.135
267.0,veh_019,bus,12.928911,77.642187,2.046
267.0,veh_020,car,12.941651,77.669374,8.71
267.0,veh_021,car,12.93809,77.659339,3.512
267.0,veh_022,car,12.919607,77.628778,8.028
267.0,veh_023,truck,12.938201,77.659481,4.316
267.0,veh_025,bus,12.933483,77.649193,3.942
267.0,veh_026,car,12.93988,77.664304,6.049
267.0,veh_027,motorcycle,12.930763,77.644664,8.32
267.0,veh_028,car,12.938419,77.660287,4.97
267.0,veh_029,car,12.945815,77.690218,4.782
267.0,veh_030,bus,12.935251,77.652379,3.4
267.0,veh_031,car,12.939046,77.661901,4.59
267.0,veh_033,car,12.944559,77.681237,7.191
267.0,veh_034,car,12.948797,77.700228,4.516
267.0,veh_035,car,12.92916,77.642427,2.67
267.0,veh_036,motorcycle,12.941014,77.66774,8.553
267.0,veh_037,car,12.922397,77.63281,8.603
267.0,veh_038,motorcycle,12.943056,77.673905,9.133
267.0,veh_039,bus,12.938963,77.661832,2.066
267.0,veh_040,car,12.921322,77.631286,2.45
267.0,veh_041,motorcycle,12.926108,77.638016,7.674
267.0,veh_042,car,12.928851,77.641986,11.55
267.0,veh_043,car,12.920902,77.630645,4.623
267.0,veh_044,car,12.944827,77.683845,8.577
267.0,veh_045,car,12.941697,77.669606,3.832
267.0,veh_047,car,12.945568,77.688994,3.076
267.0,veh_049,bus,12.94326,77.674186,2.871
268.0,veh_000,car,12.944371,77.678427,8.648
268.0,veh_001,car,12.946185,77.691601,9.287
268.0,veh_002,car,12.920676,77.630369,4.998
268.0,veh_003,car,12.923084,77.633865,6.543
268.0,veh_004,car,12.936317,77.654439,4.956
268.0,veh_005,car,12.943246,77.674001,6.846
268.0,veh_006,car,12.930521,77.644414,6.663
268.0,veh_007,car,12.928242,77.641114,5.49
268.0,veh_008,car,12.940466,77.666206,6.675
268.0,veh_009,car,12.939365,77.662873,8.709
268.0,veh_010,bus,12.935761,77.653313,2.838
268.0,veh_011,motorcycle,12.938039,77.658972,7.798
268.0,veh_012,motorcycle,12.924819,77.636195,8.712
268.0,veh_013,car,12.94463,77.681812,8.384
268.0,veh_014,motorcycle,12.948762,77.70042,6.777
268.0,veh_015,bus,12.946144,77.691435,4.399
268.0,veh_016,car,12.929639,77.64314,5.041
268.0,veh_017,bus,12.927759,77.640493,5.686
268.0,veh_018,car,12.923638,77.634445,6.281
268.0,veh_019,bus,12.929114,77.642186,4.273
268.0,veh_020,car,12.941564,77.669514,4.766
268.0,veh_021,car,12.938111,77.659464,8.28
268.0,veh_022,car,12.919581,77.6288,5.956
268.0,veh_023,truck,12.93823,77.659623,3.52
268.0,veh_025,bus,12.933477,77.64933,3.876
268.0,veh_026,car,12.93987,77.66424,4.671
268.0,veh_027,motorcycle,12.930757,77.644745,6.861
268.0,veh_028,car,12.938498,77.660364,3.7
268.0,veh_029,car,12.945907,77.690306,3.97
268.0,veh_030,bus,12.935236,77.652319,4.371
268.0,veh_031,car,12.938958,77.662038,3.855
268.0,veh_033,car,12.944537,77.681273,5.879
268.0,veh_034,car,12.948741,77.700216,2.296
268.0,veh_035,car,12.92918,77.64245,4.045
268.0,veh_036,motorcycle,12.941077,77.667805,6.585
268.0,veh_037,car,12.922504,77.632888,5.057
268.0,veh_038,motorcycle,12.943183,77.674022,8.85
268.0,veh_039,bus,12.939023,77.66193,5.853
268.0,veh_040,car,12.921286,77.631293,4.41
268.0,veh_041,motorcycle,12.926103,77.638016,6.454
268.0,veh_042,car,12.928967,77.642099,3.245
268.0,veh_043,car,12.920948,77.630738,3.933
268.0,veh_044,car,12.944772,77.683897,4.671
268.0,veh_045,car,12.941628,77.669684,5.102
268.0,veh_047,car,12.945672,77.689067,4.765
268.0,veh_049,bus,12.943243,77.674262,4.804
269.0,veh_000,car,12.944367,77.678563,2.426
269.0,veh_001,car,12.946151,77.691625,2.658
269.0,veh_002,car,12.92066,77.630502,6.134
269.0,veh_003,car,12.923233,77.633927,8.422
269.0,veh_004,car,12.93634,77.654543,6.357
269.0,veh_005,car,12.943252,77.674076,3.1
269.0,veh_006,car,12.930558,77.644461,3.416
269.0,veh_007,car,12.928217,77.641164,10.602
269.0,veh_008,car,12.9405,77.666207,6.467
269.0,veh_009,car,12.939336,77.662906,4.428
269.0,veh_010,bus,12.935791,77.653367,6.04
269.0,veh_011,motorcycle,12.938017,77.658954,6.734
269.0,veh_012,motorcycle,12.924933,77.63628,8.804
269.0,veh_013,car,12.944657,77.681874,6.031
269.0,veh_014,motorcycle,12.94875,77.70044,8.445
269.0,veh_015,bus,12.946127,77.6915,4.882
269.0,veh_016,car,12.929782,77.643272,7.288
269.0,veh_017,bus,12.927812,77.640539,5.094
269.0,veh_018,car,12.923594,77.634424,8.061
269.0,veh_019,bus,12.929028,77.642312,4.599
269.0,veh_020,car,12.941629,77.669439,8.535
269.0,veh_021,car,12.938191,77.659487,5.946
269.0,veh_022,car,12.919519,77.628871,0.298
269.0,veh_023,truck,12.938219,77.659728,3.693
269.0,veh_025,bus,12.933508,77.64935,5.066
269.0,veh_026,car,12.939907,77.664363,2.41
269.0,veh_027,motorcycle,12.930826,77.644912,12.379
269.0,veh_028,car,12.938535,77.660391,10.956
269.0,veh_029,car,12.945864,77.690337,5.346
269.0,veh_030,bus,12.935254,77.652393,3.813
269.0,veh_031,car,12.939056,77.66194,7.981
269.0,veh_033,car,12.944604,77.681414,10.151
269.0,veh_034,car,12.948751,77.700247,4.688
269.0,veh_035,car,12.929228,77.642504,5.962
269.0,veh_036,motorcycle,12.941099,77.667857,8.645
269.0,veh_037,car,12.92253,77.632862,2.146
269.0,veh_038,motorcycle,12.943162,77.674072,9.384
269.0,veh_039,bus,12.939011,77.661869,2.948
269.0,veh_040,car,12.921354,77.631249,4.278
269.0,veh_041,motorcycle,12.926076,77.638016,4.35
269.0,veh_042,car,12.928902,77.642107,4.405
269.0,veh_043,car,12.920919,77.630761,5.568
269.0,veh_044,car,12.944797,77.683856,3.721
269.0,veh_045,car,12.941698,77.669741,8.32
269.0,veh_047,car,12.945587,77.689179,3.492
269.0,veh_049,bus,12.943294,77.67429,4.209
270.0,veh_000,car,12.944429,77.67866,7.205
270.0,veh_001,car,12.946143,77.691789,2.239
270.0,veh_002,car,12.920829,77.630574,8.225
270.0,veh_003,car,12.923073,77.633942,4.831
270.0,veh_004,car,12.936364,77.65464,7.474
270.0,veh_005,car,12.943193,77.67421,10.578
270.0,veh_006,car,12.930632,77.644404,5.285
270.0,veh_007,car,12.928391,77.641252,6.379
270.0,veh_008,car,12.9405,77.666259,8.473
270.0,veh_009,car,12.939332,77.662966,3.094
270.0,veh_010,bus,12.935906,77.653347,1.657
270.0,veh_011,motorcycle,12.938023,77.659054,8.199
270.0,veh_012,motorcycle,12.924932,77.636389,8.594
270.0,veh_013,car,12.94466,77.681862,6.015
270.0,veh_014,motorcycle,12.948848,77.700515,9.002
270.0,veh_015,bus,12.946231,77.691511,4.216
270.0,veh_016,car,12.929816,77.643309,6.279
270.0,veh_017,bus,12.927808,77.640535,3.457
270.0,veh_018,car,12.9237,77.634609,9.746
270.0,veh_019,bus,12.929051,77.642246,3.51
270.0,veh_020,car,12.941606,77.669558,6.138
270.0,veh_021,car,12.938124,77.659552,3.275
270.0,veh_022,car,12.919602,77.628864,10.98
270.0,veh_023,truck,12.93812,77.659641,1.824
270.0,veh_025,bus,12.933631,77.64944,5.668
270.0,veh_026,car,12.939866,77.664373,6.133
270.0,veh_027,motorcycle,12.930974,77.644835,3.943
270.0,veh_028,car,12.93848,77.660561,8.35
270.0,veh_029,car,12.94587,77.690246,5.662
270.0,veh_030,bus,12.935236,77.652373,3.406
270.0,veh_031,car,12.939021,77.662158,9.947
270.0,veh_033,car,12.944679,77.681348,1.844
270.0,veh_034,car,12.948834,77.700379,9.148
270.0,veh_035,car,12.929253,77.642514,7.585
270.0,veh_036,motorcycle,12.941092,77.667892,5.209
270.0,veh_037,car,12.922515,77.632941,4.803
270.0,veh_038,motorcycle,12.943193,77.674169,7.7
270.0,veh_039,bus,12.939043,77.662025,5.36
270.0,veh_040,car,12.921499,77.631411,6.392
270.0,veh_041,motorcycle,12.92606,77.638057,3.436
270.0,veh_042,car,12.928893,77.642101,6.681
270.0,veh_043,car,12.920939,77.630749,4.033
270.0,veh_044,car,12.944757,77.683971,6.869
270.0,veh_045,car,12.941735,77.669745,7.633
270.0,veh_047,car,12.94558,77.689139,6.126
270.0,veh_049,bus,12.943202,77.674339,4.823
271.0,veh_000,car,12.944415,77.678668,7.504
271.0,veh_001,car,12.946176,77.691753,5.067
271.0,veh_002,car,12.920814,77.63059,7.383
271.0,veh_003,car,12.92321,77.633954,5.039
271.0,veh_004,car,12.936405,77.654601,5.71
271.0,veh_005,car,12.943324,77.674196,2.94
271.0,veh_006,car,12.930642,77.644532,6.709
271.0,veh_007,car,12.928394,77.641247,7.479
271.0,veh_008,car,12.940497,77.666348,5.017
271.0,veh_009,car,12.939404,77.663001,2.351
271.0,veh_010,bus,12.935803,77.653364,3.88
271.0,veh_011,motorcycle,12.938027,77.659168,4.119
271.0,veh_012,motorcycle,12.924961,77.636416,8.478
271.0,veh_013,car,12.944684,77.682047,4.181
271.0,veh_014,motorcycle,12.948798,77.700578,1.687
271.0,veh_015,bus,12.94624,77.691633,7.265
271.0,veh_016,car,12.929887,77.643275,6.309
271.0,veh_017,bus,12.927892,77.640665,5.711
271.0,veh_018,car,12.923589,77.634683,4.413
271.0,veh_019,bus,12.929096,77.642356,5.662
271.0,veh_020,car,12.94179,77.669658,2.308
271.0,veh_021,car,12.938163,77.659604,6.377
271.0,veh_022,car,12.9197,77.628928,4.11
271.0,veh_023,truck,12.938225,77.659711,3.46
271.0,veh_025,bus,12.933633,77.64942,3.652
271.0,veh_026,car,12.939969,77.664503,8.226
271.0,veh_027,motorcycle,12.930967,77.645009,13.712
271.0,veh_028,car,12.938479,77.660476,10.556
271.0,veh_029,car,12.945948,77.690406,9.342
271.0,veh_030,bus,12.935317,77.652567,5.288
271.0,veh_031,car,12.939072,77.662129,4.881
271.0,veh_033,car,12.944518,77.681468,5.014
271.0,veh_034,car,12.948824,77.700458,2.837
271.0,veh_035,car,12.929285,77.642518,6.131
271.0,veh_036,motorcycle,12.941186,77.668028,7.772
271.0,veh_037,car,12.92256,77.632914,7.184
271.0,veh_038,motorcycle,12.943216,77.674178,2.404
271.0,veh_039,bus,12.939026,77.662019,4.166
271.0,veh_040,car,12.921402,77.631381,6.502
271.0,veh_041,motorcycle,12.92614,77.638133,2.378
271.0,veh_042,car,12.928934,77.642187,4.786
271.0,veh_043,car,12.921021,77.630892,8.49
271.0,veh_044,car,12.944812,77.684007,2.82
271.0,veh_045,car,12.941736,77.66986,5.591
271.0,veh_047,car,12.945649,77.689144,9.053
271.0,veh_049,bus,12.943295,77.674314,4.968
272.0,veh_000,car,12.944307,77.678715,6.543
272.0,veh_001,car,12.946201,77.691783,8.121
272.0,veh_002,car,12.920858,77.630657,11.728
272.0,veh_003,car,12.923217,77.633999,5.403
272.0,veh_004,car,12.936438,77.654718,6.386
272.0,veh_005,car,12.943265,77.674188,5.041
272.0,veh_006,car,12.930627,77.644546,8.626
272.0,veh_007,car,12.928373,77.641457,4.515
272.0,veh_008,car,12.94057,77.666415,2.708
272.0,veh_009,car,12.93944,77.663008,6.328
272.0,veh_010,bus,12.93585,77.653428,5.288
272.0,veh_011,motorcycle,12.938094,77.65921,11.437
272.0,veh_012,motorcycle,12.925042,77.636496,6.271
272.0,veh_013,car,12.944653,77.682061,8.358
272.0,veh_014,motorcycle,12.948805,77.700521,3.954
272.0,veh_015,bus,12.946208,77.691659,5.855
272.0,veh_016,car,12.929862,77.643361,5.849
272.0,veh_017,bus,12.927894,77.640584,2.554
272.0,veh_018,car,12.923743,77.634586,3.698
272.0,veh_019,bus,12.929083,77.642391,3.921
272.0,veh_020,car,12.941736,77.669653,9.164
272.0,veh_021,car,12.938254,77.659537,5.749
272.0,veh_022,car,12.919661,77.628976,5.266
272.0,veh_023,truck,12.938244,77.659744,4.691
272.0,veh_025,bus,12.933498,77.64946,4.434
272.0,veh_026,car,12.939921,77.664449,12.211
272.0,veh_027,motorcycle,12.93101,77.645064,9.852
272.0,veh_028,car,12.938536,77.66059,3.906
272.0,veh_029,car,12.945979,77.690344,4.531
272.0,veh_030,bus,12.935326,77.652472,4.217
272.0,veh_031,car,12.939072,77.662251,5.158
272.0,veh_033,car,12.944621,77.681565,3.723
272.0,veh_034,car,12.948809,77.700571,8.481
272.0,veh_035,car,12.929243,77.642574,1.583
272.0,veh_036,motorcycle,12.941062,77.668105,14.512
272.0,veh_037,car,12.922623,77.633054,10.258
272.0,veh_038,motorcycle,12.943298,77.674097,2.286
272.0,veh_039,bus,12.939018,77.662073,2.924
272.0,veh_040,car,12.921532,77.631589,8.721
272.0,veh_041,motorcycle,12.926187,77.638061,3.538
272.0,veh_042,car,12.929013,77.642094,2.382
272.0,veh_043,car,12.921034,77.630852,3.392
272.0,veh_044,car,12.944804,77.683999,10.761
272.0,veh_045,car,12.941779,77.669926,12.208
272.0,veh_047,car,12.945743,77.689164,4.44
272.0,veh_049,bus,12.943319,77.674309,4.435
273.0,veh_000,car,12.944505,77.678805,3.739
273.0,veh_001,car,12.946221,77.691817,7.274
273.0,veh_002,car,12.920966,77.630741,5.741
273.0,veh_003,car,12.923306,77.633943,1.282
273.0,veh_004,car,12.936526,77.654774,7.16
273.0,veh_005,car,12.943364,77.674381,10.047
273.0,veh_006,car,12.930676,77.644586,6.975
273.0,veh_007,car,12.928356,77.641466,5.44
273.0,veh_008,car,12.940554,77.666395,4.875
273.0,veh_009,car,12.939376,77.663093,2.636
273.0,veh_010,bus,12.93583,77.653415,6.545
273.0,veh_011,motorcycle,12.938046,77.659362,7.592
273.0,veh_012,motorcycle,12.925028,77.636509,9.78
273.0,veh_013,car,12.944672,77.682156,6.582
273.0,veh_014,motorcycle,12.948938,77.700609,7.298
273.0,veh_015,bus,12.946115,77.691772,5.932
273.0,veh_016,car,12.929896,77.643395,3.267
273.0,veh_017,bus,12.928064,77.640728,4.902
273.0,veh_018,car,12.923803,77.634691,6.961
273.0,veh_019,bus,12.929134,77.642325,3.84
273.0,veh_020,car,12.94175,77.669795,11.056
273.0,veh_021,car,12.938163,77.659722,1.798
273.0,veh_022,car,12.919703,77.629013,1.18
273.0,veh_023,truck,12.938273,77.659805,4.551
273.0,veh_025,bus,12.93364,77.649473,3.124
273.0,veh_026,car,12.940009,77.664559,3.39
273.0,veh_027,motorcycle,12.930994,77.645026,10.109
273.0,veh_028,car,12.938652,77.660623,6.284
273.0,veh_029,car,12.945882,77.690423,3.334
273.0,veh_030,bus,12.935396,77.652466,1.944
273.0,veh_031,car,12.939164,77.662289,7.663
273.0,veh_033,car,12.944631,77.681481,9.997
273.0,veh_034,car,12.948755,77.700564,10.478
273.0,veh_035,car,12.929238,77.642633,3.429
273.0,veh_036,motorcycle,12.941225,77.668253,6.933
273.0,veh_037,car,12.922581,77.633139,11.215
273.0,veh_038,motorcycle,12.94331,77.674274,11.046
273.0,veh_039,bus,12.939151,77.662152,5.158
273.0,veh_040,car,12.921434,77.631568,6.545
273.0,veh_041,motorcycle,12.926243,77.638202,11.563
273.0,veh_042,car,12.928964,77.642223,5.524
273.0,veh_043,car,12.921019,77.630954,6.808
273.0,veh_044,car,12.944805,77.684117,5.961
273.0,veh_045,car,12.941767,77.67003,2.222
273.0,veh_047,car,12.945677,77.689294,8.322
273.0,veh_049,bus,12.943308,77.674465,3.338
274.0,veh_000,car,12.944434,77.678874,7.326
274.0,veh_001,car,12.946302,77.691939,5.241
274.0,veh_002,car,12.920938,77.630823,9.8
274.0,veh_003,car,12.923189,77.63406,5.666
274.0,veh_004,car,12.936476,77.654839,5.279
274.0,veh_005,car,12.943257,77.674537,6.866
274.0,veh_006,car,12.930637,77.644721,3.852
274.0,veh_007,car,12.928467,77.641352,7.756
274.0,veh_008,car,12.94056,77.666418,4.089
274.0,veh_009,car,12.939373,77.663132,7.114
274.0,veh_010,bus,12.935939,77.653578,3.97
274.0,veh_011,motorcycle,12.938097,77.659426,6.122
274.0,veh_012,motorcycle,12.925132,77.636462,6.416
274.0,veh_013,car,12.944576,77.682173,7.96
274.0,veh_014,motorcycle,12.948906,77.70071,4.424
274.0,veh_015,bus,12.946189,77.691709,4.329
274.0,veh_016,car,12.929771,77.643455,3.86
274.0,veh_017,bus,12.928006,77.640749,2.982
274.0,veh_018,car,12.92371,77.634713,5.947
274.0,veh_019,bus,12.929139,77.642415,5.16
274.0,veh_020,car,12.941716,77.669759,2.797
274.0,veh_021,car,12.938222,77.659727,7.644
274.0,veh_022,car,12.919643,77.629051,5.778
274.0,veh_023,truck,12.93826,77.659825,4.605
274.0,veh_025,bus,12.933676,77.649527,4.078
274.0,veh_026,car,12.939998,77.6647,9.24
274.0,veh_027,motorcycle,12.931117,77.645173,7.359
274.0,veh_028,car,12.938567,77.660713,7.223
274.0,veh_029,car,12.945943,77.690527,3.487
274.0,veh_030,bus,12.935401,77.652546,5.894
274.0,veh_031,car,12.939087,77.662336,5.877
274.0,veh_033,car,12.944676,77.681588,8.552
274.0,veh_034,car,12.948873,77.700622,8.385
274.0,veh_035,car,12.929413,77.642639,7.334
274.0,veh_036,motorcycle,12.9411,77.668224,4.186
274.0,veh_037,car,12.922626,77.633123,9.081
274.0,veh_038,motorcycle,12.943307,77.674393,11.253
274.0,veh_039,bus,12.939116,77.662094,2.41
274.0,veh_040,car,12.921517,77.631605,10.599
274.0,veh_041,motorcycle,12.926299,77.638272,7.602
274.0,veh_042,car,12.929093,77.642268,4.222
274.0,veh_043,car,12.921068,77.630978,7.446
274.0,veh_044,car,12.944765,77.684232,11.512
274.0,veh_045,car,12.941841,77.670022,3.155
274.0,veh_047,car,12.945653,77.689286,4.003
274.0,veh_049,bus,12.943316,77.674418,3.912
275.0,veh_000,car,12.944338,77.678814,4.374
275.0,veh_001,car,12.946257,77.691901,3.794
275.0,veh_002,car,12.920936,77.630962,5.174
275.0,veh_003,car,12.923375,77.634066,5.277
275.0,veh_004,car,12.936532,77.654739,4.535
275.0,veh_005,car,12.943359,77.674407,5.583
275.0,veh_006,car,12.930797,77.6447,4.252
275.0,veh_007,car,12.928542,77.641415,7.834
275.0,veh_008,car,12.940679,77.666409,4.622
275.0,veh_009,car,12.939457,77.663181,4.831
275.0,veh_010,bus,12.935942,77.653442,5.105
275.0,veh_011,motorcycle,12.938146,77.659403,6.258
275.0,veh_012,motorcycle,12.925196,77.636663,10.384
275.0,veh_013,car,12.944706,77.68228,4.236
275.0,veh_014,motorcycle,12.948859,77.700717,10.318
275.0,veh_015,bus,12.946202,77.691774,3.414
275.0,veh_016,car,12.929806,77.643461,1.404
275.0,veh_017,bus,12.928054,77.640826,5.657
275.0,veh_018,car,12.923956,77.63476,4.084
275.0,veh_019,bus,12.929214,77.642505,5.54
275.0,veh_020,car,12.941719,77.669837,7.916
275.0,veh_021,car,12.938272,77.659764,6.972
275.0,veh_022,car,12.919833,77.629073,7.857
275.0,veh_023,truck,12.938203,77.65984,4.688
275.0,veh_025,bus,12.93365,77.649642,4.648
275.0,veh_026,car,12.939963,77.664775,6.189
275.0,veh_027,motorcycle,12.931064,77.645134,6.047
275.0,veh_028,car,12.938589,77.660731,7.291
275.0,veh_029,car,12.945908,77.690604,6.876
275.0,veh_030,bus,12.935272,77.652561,3.926
275.0,veh_031,car,12.939149,77.662296,5.272
275.0,veh_033,car,12.944653,77.681708,8.086
275.0,veh_034,car,12.948937,77.700642,7.671
275.0,veh_035,car,12.929421,77.642636,0.887
275.0,veh_036,motorcycle,12.941263,77.66842,15.616
275.0,veh_037,car,12.922755,77.633223,4.16
275.0,veh_038,motorcycle,12.943324,77.674537,7.001
275.0,veh_039,bus,12.939139,77.662092,2.749
275.0,veh_040,car,12.921567,77.631665,5.236
275.0,veh_041,motorcycle,12.926381,77.638393,12.989
275.0,veh_042,car,12.929097,77.642338,3.648
275.0,veh_043,car,12.921108,77.631002,8.88
275.0,veh_044,car,12.944827,77.68427,8.453
275.0,veh_045,car,12.941759,77.669983,4.227
275.0,veh_047,car,12.945705,77.689429,6.785
275.0,veh_049,bus,12.943248,77.674466,5.259
276.0,veh_000,car,12.944373,77.6789,6.392
276.0,veh_001,car,12.946212,77.691965,7.688
276.0,veh_002,car,12.921012,77.630921,11.524
276.0,veh_003,car,12.923398,77.634183,7.254
276.0,veh_004,car,12.936532,77.654918,7.79
276.0,veh_005,car,12.943312,77.674457,6.813
276.0,veh_006,car,12.930728,77.644691,7.994
276.0,veh_007,car,12.928519,77.641527,3.517
276.0,veh_008,car,12.940621,77.666491,4.972
276.0,veh_009,car,12.939422,77.663335,5.524
276.0,veh_010,bus,12.93591,77.653674,4.762
276.0,veh_011,motorcycle,12.93815,77.659479,7.277
276.0,veh_012,motorcycle,12.925171,77.636794,13.652
276.0,veh_013,car,12.944673,77.682251,5.396
276.0,veh_014,motorcycle,12.948911,77.700795,5.633
276.0,veh_015,bus,12.946295,77.691833,4.032
276.0,veh_016,car,12.929827,77.643491,9.173
276.0,veh_017,bus,12.927919,77.640874,7.418
276.0,veh_018,car,12.923843,77.634791,6.912
276.0,veh_019,bus,12.929278,77.642543,3.884
276.0,veh_020,car,12.941709,77.669763,5.811
276.0,veh_021,car,12.938264,77.659838,8.711
276.0,veh_022,car,12.919765,77.629176,8.004
276.0,veh_023,truck,12.938325,77.659925,2.891
276.0,veh_025,bus,12.933657,77.649502,2.866
276.0,veh_026,car,12.939982,77.664813,5.942
276.0,veh_027,motorcycle,12.931168,77.645304,15.898
276.0,veh_028,car,12.938634,77.660879,4.924
276.0,veh_029,car,12.945991,77.69069,9.594
276.0,veh_030,bus,12.935328,77.652583,3.896
276.0,veh_031,car,12.939189,77.662487,10.648
276.0,veh_033,car,12.944664,77.681768,3.874
276.0,veh_034,car,12.94888,77.700752,7.176
276.0,veh_035,car,12.929405,77.642718,0.85
276.0,veh_036,motorcycle,12.941282,77.66845,11.128
276.0,veh_037,car,12.922738,77.633245,7.421
276.0,veh_038,motorcycle,12.943362,77.674597,11.568
276.0,veh_039,bus,12.939106,77.662223,4.277
276.0,veh_040,car,12.921579,77.631779,5.798
276.0,veh_041,motorcycle,12.926426,77.63846,9.622
276.0,veh_042,car,12.92909,77.642297,5.489
276.0,veh_043,car,12.921214,77.63113,7.83
276.0,veh_044,car,12.94487,77.684343,5.514
276.0,veh_045,car,12.941773,77.67,3.402
276.0,veh_047,car,12.945749,77.689435,5.346
276.0,veh_049,bus,12.943425,77.674548,3.305
277.0,veh_000,car,12.944314,77.678944,8.98
277.0,veh_001,car,12.946264,77.692046,8.195
277.0,veh_002,car,12.921059,77.630952,6.962
277.0,veh_003,car,12.923412,77.634231,3.391
277.0,veh_004,car,12.936526,77.655027,9.07
277.0,veh_005,car,12.943349,77.67459,10.977
277.0,veh_006,car,12.930811,77.644802,6.078
277.0,veh_007,car,12.928563,77.641558,3.185
277.0,veh_008,car,12.940676,77.666552,11.349
277.0,veh_009,car,12.939484,77.663218,5.981
277.0,veh_010,bus,12.935925,77.65356,5.055
277.0,veh_011,motorcycle,12.938296,77.659583,9.415
277.0,veh_012,motorcycle,12.925341,77.63682,6.461
277.0,veh_013,car,12.944672,77.682315,12.789
277.0,veh_014,motorcycle,12.948898,77.700867,9.176
277.0,veh_015,bus,12.946204,77.691855,5.068
277.0,veh_016,car,12.929933,77.643477,0.965
277.0,veh_017,bus,12.928021,77.640793,2.564
277.0,veh_018,car,12.923859,77.634833,2.745
277.0,veh_019,bus,12.92928,77.642555,6.279
277.0,veh_020,car,12.941709,77.669906,4.69
277.0,veh_021,car,12.938235,77.659772,9.155
277.0,veh_022,car,12.919876,77.62921,7.708
277.0,veh_023,truck,12.93824,77.659825,1.951
277.0,veh_025,bus,12.933633,77.649589,3.392
277.0,veh_026,car,12.939972,77.664893,7.909
277.0,veh_027,motorcycle,12.931255,77.645378,10.091
277.0,veh_028,car,12.938666,77.66088,4.552
277.0,veh_029,car,12.945965,77.690707,3.637
277.0,veh_030,bus,12.935458,77.652613,4.289
277.0,veh_031,car,12.939294,77.662513,7.31
277.0,veh_033,car,12.944695,77.68187,5.413
277.0,veh_034,car,12.948917,77.700802,6.764
277.0,veh_035,car,12.929346,77.642685,2.972
277.0,veh_036,motorcycle,12.941289,77.668436,8.991
277.0,veh_037,car,12.922783,77.633291,5.576
277.0,veh_038,motorcycle,12.94332,77.67457,8.046
277.0,veh_039,bus,12.939185,77.662253,4.514
277.0,veh_040,car,12.921601,77.631713,6.487
277.0,veh_041,motorcycle,12.926422,77.638327,0.193
277.0,veh_042,car,12.929131,77.642394,8.174
277.0,veh_043,car,12.921211,77.631142,4.632
277.0,veh_044,car,12.944821,77.684431,7.398
277.0,veh_045,car,12.94179,77.670232,10.264
277.0,veh_047,car,12.945806,77.689351,0.323
277.0,veh_049,bus,12.943356,77.67462,4.602
278.0,veh_000,car,12.944353,77.678982,7.904
278.0,veh_001,car,12.946372,77.692155,3.527
278.0,veh_002,car,12.921131,77.631017,4.271
278.0,veh_003,car,12.923351,77.634137,0.1
278.0,veh_004,car,12.936628,77.655058,8.529
278.0,veh_005,car,12.94336,77.674543,3.729
278.0,veh_006,car,12.930828,77.644815,5.587
278.0,veh_007,car,12.928425,77.641531,5.387
278.0,veh_008,car,12.940701,77.666654,2.797
278.0,veh_009,car,12.93943,77.66334,5.577
278.0,veh_010,bus,12.936014,77.65368,4.61
278.0,veh_011,motorcycle,12.938146,77.659709,5.484
278.0,veh_012,motorcycle,12.925205,77.636865,8.756
278.0,veh_013,car,12.944743,77.682459,8.058
278.0,veh_014,motorcycle,12.949002,77.700967,6.004
278.0,veh_015,bus,12.94619,77.691962,6.471
278.0,veh_016,car,12.93002,77.643502,6.916
278.0,veh_017,bus,12.928064,77.640933,5.428
278.0,veh_018,car,12.923911,77.634916,9.422
278.0,veh_019,bus,12.929235,77.642596,4.097
278.0,veh_020,car,12.9417,77.669913,3.579
278.0,veh_021,car,12.93828,77.659897,0.674
278.0,veh_022,car,12.919856,77.629275,3.844
278.0,veh_023,truck,12.938302,77.65996,4.889
278.0,veh_025,bus,12.933767,77.649598,3.6
278.0,veh_026,car,12.940037,77.664941,9.378
278.0,veh_027,motorcycle,12.931238,77.645416,3.827
278.0,veh_028,car,12.93865,77.660842,4.575
278.0,veh_029,car,12.945966,77.690697,4.432
278.0,veh_030,bus,12.935469,77.652645,4.751
278.0,veh_031,car,12.939238,77.662526,6.698
278.0,veh_033,car,12.944628,77.68199,9.78
278.0,veh_034,car,12.949048,77.700886,7.395
278.0,veh_035,car,12.929345,77.642769,10.407
278.0,veh_036,motorcycle,12.941398,77.668635,12.422
278.0,veh_037,car,12.922802,77.633362,4.76
278.0,veh_038,motorcycle,12.943353,77.674656,2.847
278.0,veh_039,bus,12.93903,77.662334,4.037
278.0,veh_040,car,12.921788,77.631777,6.508
278.0,veh_041,motorcycle,12.926413,77.638502,9.896
278.0,veh_042,car,12.929179,77.642469,6.966
278.0,veh_043,car,12.921252,77.63125,7.792
278.0,veh_044,car,12.944905,77.684509,6.5
278.0,veh_045,car,12.941975,77.670254,5.777
278.0,veh_047,car,12.945791,77.689549,5.985
278.0,veh_049,bus,12.943305,77.674725,5.222
279.0,veh_000,car,12.944421,77.679126,5.245
279.0,veh_001,car,12.946355,77.692186,8.19
279.0,veh_002,car,12.921202,77.631023,5.333
279.0,veh_003,car,12.92335,77.63424,9.412
279.0,veh_004,car,12.936626,77.655134,5.517
279.0,veh_005,car,12.943369,77.674741,8.117
279.0,veh_006,car,12.930818,77.644784,8.118
279.0,veh_007,car,12.928533,77.641649,3.01
279.0,veh_008,car,12.940727,77.666694,5.321
279.0,veh_009,car,12.939516,77.663397,5.742
279.0,veh_010,bus,12.935911,77.65369,5.003
279.0,veh_011,motorcycle,12.938151,77.659592,5.077
279.0,veh_012,motorcycle,12.925347,77.636894,5.537
279.0,veh_013,car,12.944728,77.682466,2.601
279.0,veh_014,motorcycle,12.948988,77.701005,8.083
279.0,veh_015,bus,12.946124,77.691898,5.119
279.0,veh_016,car,12.929965,77.643593,5.488
279.0,veh_017,bus,12.92802,77.640829,2.925
279.0,veh_018,car,12.923878,77.634995,7.574
279.0,veh_019,bus,12.929277,77.642657,4.262
279.0,veh_020,car,12.941821,77.669988,5.847
279.0,veh_021,car,12.938288,77.660014,3.382
279.0,veh_022,car,12.919893,77.629338,5.193
279.0,veh_023,truck,12.93831,77.659978,3.946
279.0,veh_025,bus,12.933714,77.649753,2.694
279.0,veh_026,car,12.940097,77.664931,7.179
279.0,veh_027,motorcycle,12.931311,77.645435,10.475
279.0,veh_028,car,12.938604,77.660899,4.649
279.0,veh_029,car,12.946016,77.690809,3.17
279.0,veh_030,bus,12.935453,77.652696,3.995
279.0,veh_031,car,12.939231,77.662633,5.891
279.0,veh_033,car,12.944652,77.681857,3.107
279.0,veh_034,car,12.948864,77.700886,6.969
279.0,veh_035,car,12.929454,77.643018,7.396
279.0,veh_036,motorcycle,12.941307,77.668703,8.393
279.0,veh_037,car,12.922881,77.633368,11.357
279.0,veh_038,motorcycle,12.943407,77.674727,6.695
279.0,veh_039,bus,12.93911,77.662297,4.598
279.0,veh_040,car,12.921598,77.631863,7.422
279.0,veh_041,motorcycle,12.926517,77.638593,10.334
279.0,veh_042,car,12.929218,77.642551,8.223
279.0,veh_043,car,12.921309,77.631223,7.055
279.0,veh_044,car,12.944763,77.684496,1.75
279.0,veh_045,car,12.941888,77.670251,8.753
279.0,veh_047,car,12.945744,77.689487,1.982
279.0,veh_049,bus,12.943409,77.674645,3.81
280.0,veh_000,car,12.944336,77.679243,5.213
280.0,veh_001,car,12.946362,77.692177,6.794
280.0,veh_002,car,12.921194,77.631033,7.059
280.0,veh_003,car,12.923486,77.634198,7.331
280.0,veh_004,car,12.936622,77.655159,4.052
280.0,veh_005,car,12.943455,77.674735,3.961
280.0,veh_006,car,12.930894,77.645003,7.176
280.0,veh_007,car,12.928655,77.641591,6.113
280.0,veh_008,car,12.940664,77.666717,4.603
280.0,veh_009,car,12.93962,77.663369,5.323
280.0,veh_010,bus,12.936024,77.65369,3.064
280.0,veh_011,motorcycle,12.938245,77.659735,6.826
280.0,veh_012,motorcycle,12.925461,77.637029,9.366
280.0,veh_013,car,12.944743,77.682633,7.852
280.0,veh_015,bus,12.946207,77.691969,5.284
280.0,veh_016,car,12.930025,77.643719,11.013
280.0,veh_017,bus,12.928032,77.640939,2.048
280.0,veh_018,car,12.924085,77.634968,3.563
280.0,veh_019,bus,12.929388,77.642609,3.65
280.0,veh_020,car,12.941901,77.670052,7.85
280.0,veh_021,car,12.938383,77.660034,8.122
280.0,veh_022,car,12.919844,77.629281,7.364
280.0,veh_023,truck,12.938317,77.659972,2.373
280.0,veh_025,bus,12.933749,77.649675,3.365
280.0,veh_026,car,12.940091,77.665015,6.214
280.0,veh_027,motorcycle,12.931291,77.645451,3.227
280.0,veh_028,car,12.938691,77.661064,5.3
280.0,veh_029,car,12.94594,77.690831,5.728
280.0,veh_030,bus,12.935567,77.652704,2.851
280.0,veh_031,car,12.939263,77.662667,8.048
280.0,veh_033,car,12.944679,77.681961,4.926
280.0,veh_034,car,12.948985,77.700909,4.602
280.0,veh_035,car,12.929537,77.642917,12.315
280.0,veh_036,motorcycle,12.941396,77.668736,3.844
280.0,veh_037,car,12.922948,77.633487,6.048
280.0,veh_038,motorcycle,12.94333,77.674721,8.714
280.0,veh_039,bus,12.939158,77.662337,4.654
280.0,veh_040,car,12.921777,77.631757,2.989
280.0,veh_041,motorcycle,12.926551,77.638708,10.781
280.0,veh_042,car,12.929312,77.642612,8.343
280.0,veh_043,car,12.921228,77.631303,6.29
280.0,veh_044,car,12.944846,77.684559,5.201
280.0,veh_045,car,12.941913,77.670402,7.032
280.0,veh_047,car,12.945732,77.68955,3.058
280.0,veh_049,bus,12.943362,77.674736,3.888
281.0,veh_000,car,12.94443,77.679244,11.273
281.0,veh_001,car,12.946292,77.692339,4.079
281.0,veh_002,car,12.921251,77.631111,3.454
281.0,veh_003,car,12.923452,77.634294,6.505
281.0,veh_004,car,12.936713,77.655173,3.85
281.0,veh_005,car,12.943519,77.674765,2.827
281.0,veh_006,car,12.931041,77.645061,6.254
281.0,veh_007,car,12.928632,77.641621,6.928
281.0,veh_008,car,12.940714,77.666746,8.357
281.0,veh_009,car,12.939669,77.663598,9.418
281.0,veh_010,bus,12.936055,77.653662,3.988
281.0,veh_011,motorcycle,12.938199,77.659813,5.859
281.0,veh_012,motorcycle,12.925547,77.637031,11.291
281.0,veh_013,car,12.944753,77.682604,8.203
281.0,veh_015,bus,12.946372,77.692087,5.825
281.0,veh_016,car,12.930069,77.643833,5.822
281.0,veh_017,bus,12.928033,77.640901,4.089
281.0,veh_018,car,12.924016,77.635025,7.553
281.0,veh_019,bus,12.929392,77.642701,5.617
281.0,veh_020,car,12.941835,77.670067,6.016
281.0,veh_021,car,12.938293,77.660126,7.056
281.0,veh_022,car,12.919943,77.629377,10.002
281.0,veh_023,truck,12.938337,77.660037,4.933
281.0,veh_025,bus,12.933755,77.64979,2.036
281.0,veh_026,car,12.940114,77.665028,6.11
281.0,veh_027,motorcycle,12.931388,77.645505,9.275
281.0,veh_028,car,12.938689,77.661003,4.003
281.0,veh_029,car,12.946027,77.690826,9.529
281.0,veh_030,bus,12.935586,77.652808,6.223
281.0,veh_031,car,12.939361,77.66267,4.137
281.0,veh_033,car,12.944699,77.682071,8.092
281.0,veh_035,car,12.929508,77.642857,3.768
281.0,veh_036,motorcycle,12.941342,77.668836,4.09
281.0,veh_037,car,12.922905,77.633544,5.342
281.0,veh_038,motorcycle,12.943449,77.674837,6.954
281.0,veh_039,bus,12.939186,77.662376,5.642
281.0,veh_040,car,12.921759,77.631919,6.514
281.0,veh_041,motorcycle,12.926701,77.638673,7.344
281.0,veh_042,car,12.929336,77.642608,7.772
281.0,veh_043,car,12.921285,77.631304,7.797
281.0,veh_044,car,12.944887,77.684623,3.803
281.0,veh_045,car,12.941931,77.670306,5.103
281.0,veh_047,car,12.945701,77.689637,4.759
281.0,veh_049,bus,12.943336,77.674762,3.153
282.0,veh_000,car,12.944363,77.679435,6.39
282.0,veh_001,car,12.946247,77.692265,4.06
282.0,veh_002,car,12.921199,77.631099,4.199
282.0,veh_003,car,12.923545,77.634381,6.378
282.0,veh_004,car,12.936656,77.655199,2.044
282.0,veh_005,car,12.943538,77.674803,5.875
282.0,veh_006,car,12.930858,77.645048,2.254
282.0,veh_007,car,12.928695,77.641753,11.58
282.0,veh_008,car,12.940744,77.666882,11.301
282.0,veh_009,car,12.939548,77.663566,1.116
282.0,veh_010,bus,12.93602,77.653627,3.097
282.0,veh_011,motorcycle,12.938231,77.659844,7.186
282.0,veh_012,motorcycle,12.925438,77.637071,8.452
282.0,veh_013,car,12.944738,77.682611,5.149
282.0,veh_015,bus,12.946279,77.692046,4.531
282.0,veh_016,car,12.930088,77.643795,10.565
282.0,veh_017,bus,12.928043,77.640956,3.353
282.0,veh_018,car,12.924054,77.635164,6.912
282.0,veh_019,bus,12.92929,77.642784,3.915
282.0,veh_020,car,12.941917,77.670125,3.841
282.0,veh_021,car,12.938413,77.660187,8.116
282.0,veh_022,car,12.920003,77.629419,4.815
282.0,veh_023,truck,12.938309,77.660059,3.172
282.0,veh_025,bus,12.933742,77.649739,4.669
282.0,veh_026,car,12.940012,77.665103,6.618
282.0,veh_027,motorcycle,12.931437,77.645621,3.001
282.0,veh_028,car,12.938628,77.661087,5.891
282.0,veh_029,car,12.945996,77.691005,6.06
282.0,veh_030,bus,12.935541,77.652821,3.03
282.0,veh_031,car,12.939278,77.662732,0.506
282.0,veh_033,car,12.944581,77.682007,3.474
282.0,veh_035,car,12.929519,77.64299,10.185
282.0,veh_036,motorcycle,12.941482,77.668857,8.66
282.0,veh_037,car,12.922881,77.633496,1.464
282.0,veh_038,motorcycle,12.943421,77.674916,9.216
282.0,veh_039,bus,12.939131,77.66246,6.043
282.0,veh_040,car,12.921811,77.631954,5.826
282.0,veh_041,motorcycle,12.926626,77.63873,5.385
282.0,veh_042,car,12.929311,77.642653,7.303
282.0,veh_043,car,12.921384,77.631289,5.927
282.0,veh_044,car,12.944912,77.684594,4.941
282.0,veh_045,car,12.941989,77.670481,7.115
282.0,veh_047,car,12.945766,77.68962,5.601
282.0,veh_049,bus,12.943413,77.67475,3.622
283.0,veh_000,car,12.944348,77.679431,6.809
283.0,veh_001,car,12.94635,77.692492,11.087
283.0,veh_002,car,12.921337,77.631191,5.233
283.0,veh_003,car,12.923554,77.634364,6.209
283.0,veh_004,car,12.936653,77.655273,3.912
283.0,veh_005,car,12.943442,77.674898,7.899
283.0,veh_006,car,12.931034,77.645108,7.94
283.0,veh_007,car,12.928724,77.641822,1.544
283.0,veh_008,car,12.940798,77.666925,6.79
283.0,veh_009,car,12.939561,77.663584,8.693
283.0,veh_010,bus,12.936125,77.653796,5.792
283.0,veh_011,motorcycle,12.938342,77.659919,10.61
283.0,veh_012,motorcycle,12.925461,77.637039,1.908
283.0,veh_013,car,12.944803,77.682735,2.102
283.0,veh_015,bus,12.946311,77.692143,3.526
283.0,veh_016,car,12.930163,77.643812,2.295
283.0,veh_017,bus,12.928156,77.64099,5.029
283.0,veh_018,car,12.923998,77.635048,0.1
283.0,veh_019,bus,12.929457,77.642742,5.104
283.0,veh_020,car,12.941889,77.670228,7.843
283.0,veh_021,car,12.938421,77.660235,9.607
283.0,veh_022,car,12.919978,77.629615,10.55
283.0,veh_023,truck,12.938304,77.660042,4.199
283.0,veh_025,bus,12.933805,77.649737,3.812
283.0,veh_026,car,12.940103,77.665134,7.16
283.0,veh_027,motorcycle,12.931488,77.645631,11.418
283.0,veh_028,car,12.938771,77.661181,4.532
283.0,veh_029,car,12.946032,77.690959,1.581
283.0,veh_030,bus,12.935568,77.652899,3.488
283.0,veh_031,car,12.939345,77.662738,4.611
283.0,veh_033,car,12.944713,77.682096,5.714
283.0,veh_035,car,12.929642,77.643111,5.827
283.0,veh_036,motorcycle,12.94146,77.668962,7.646
283.0,veh_037,car,12.92296,77.633549,6.52
283.0,veh_038,motorcycle,12.943547,77.675069,11.901
283.0,veh_039,bus,12.939223,77.662505,4.128
283.0,veh_040,car,12.921879,77.632078,5.751
283.0,veh_041,motorcycle,12.92663,77.638838,7.555
283.0,veh_042,car,12.929334,77.642735,4.737
283.0,veh_043,car,12.921451,77.631367,3.803
283.0,veh_044,car,12.944874,77.684632,3.768
283.0,veh_045,car,12.941952,77.670555,8.237
283.0,veh_047,car,12.945767,77.68972,8.354
283.0,veh_049,bus,12.943464,77.674768,5.026
284.0,veh_000,car,12.944414,77.679446,3.321
284.0,veh_001,car,12.946385,77.692482,11.1
284.0,veh_002,car,12.92134,77.631238,8.014
284.0,veh_003,car,12.923471,77.634473,5.742
284.0,veh_004,car,12.936604,77.655241,4.703
284.0,veh_005,car,12.943487,77.674941,7.623
284.0,veh_006,car,12.93099,77.64519,9.488
284.0,veh_007,car,12.928751,77.641859,7.089
284.0,veh_008,car,12.94072,77.667024,7.317
284.0,veh_009,car,12.939673,77.663727,6.626
284.0,veh_010,bus,12.936056,77.653839,5.35
284.0,veh_011,motorcycle,12.938373,77.66006,11.166
284.0,veh_012,motorcycle,12.925482,77.63707,7.683
284.0,veh_013,car,12.944709,77.682759,0.1
284.0,veh_015,bus,12.946307,77.692183,4.117
284.0,veh_016,car,12.930184,77.643923,7.485
284.0,veh_017,bus,12.928114,77.640996,5.506
284.0,veh_018,car,12.92411,77.635196,7.559
284.0,veh_019,bus,12.929477,77.64272,5.715
284.0,veh_020,car,12.941844,77.670237,1.921
284.0,veh_021,car,12.938346,77.660239,2.953
284.0,veh_022,car,12.920133,77.629675,8.778
284.0,veh_023,truck,12.938449,77.660075,2.991
284.0,veh_025,bus,12.933834,77.649841,6.544
284.0,veh_026,car,12.940225,77.665228,2.858
284.0,veh_027,motorcycle,12.931467,77.645729,14.27
284.0,veh_028,car,12.938662,77.661174,7.279
284.0,veh_029,car,12.946105,77.691045,9.716
284.0,veh_030,bus,12.935516,77.652882,5.151
284.0,veh_031,car,12.939377,77.66278,6.485
284.0,veh_033,car,12.944762,77.682254,7.821
284.0,veh_035,car,12.929671,77.643105,6.367
284.0,veh_036,motorcycle,12.941555,77.668989,11.464
284.0,veh_037,car,12.922989,77.633615,3.592
284.0,veh_038,motorcycle,12.943517,77.674988,3.027
284.0,veh_039,bus,12.939296,77.662504,5.395
284.0,veh_040,car,12.921922,77.632182,9.713
284.0,veh_041,motorcycle,12.92665,77.638822,10.35
284.0,veh_042,car,12.929317,77.642697,6.981
284.0,veh_043,car,12.921462,77.63153,5.506
284.0,veh_044,car,12.944904,77.684654,3.906
284.0,veh_045,car,12.941984,77.670566,2.538
284.0,veh_047,car,12.945798,77.689779,6.685
284.0,veh_049,bus,12.943423,77.674826,4.75
285.0,veh_000,car,12.944408,77.679511,6.2
285.0,veh_001,car,12.946335,77.692576,4.012
285.0,veh_002,car,12.921375,77.631323,6.501
285.0,veh_003,car,12.923578,77.63447,4.192
285.0,veh_004,car,12.936635,77.655349,7.742
285.0,veh_005,car,12.943559,77.675014,7.526
285.0,veh_006,car,12.931096,77.645198,2.489
285.0,veh_007,car,12.928695,77.641854,1.561
285.0,veh_008,car,12.940823,77.667158,10.631
285.0,veh_009,car,12.939722,77.663816,11.768
285.0,veh_010,bus,12.936151,77.653887,3.586
285.0,veh_011,motorcycle,12.938398,77.660123,5.822
285.0,veh_012,motorcycle,12.925548,77.637181,10.699
285.0,veh_013,car,12.94475,77.682803,7.202
285.0,veh_015,bus,12.946325,77.692183,5.002
285.0,veh_016,car,12.930205,77.643944,6.701
285.0,veh_017,bus,12.928202,77.641164,4.447
285.0,veh_018,car,12.924086,77.635178,6.82
285.0,veh_019,bus,12.929451,77.642788,5.766
285.0,veh_020,car,12.941933,77.670249,5.793
285.0,veh_021,car,12.938453,77.660209,5.852
285.0,veh_022,car,12.920061,77.629578,6.567
285.0,veh_023,truck,12.93832,77.660144,1.874
285.0,veh_025,bus,12.933766,77.649878,7.708
285.0,veh_026,car,12.940202,77.665247,9.695
285.0,veh_027,motorcycle,12.931491,77.645857,7.791
285.0,veh_028,car,12.938771,77.661285,10.168
285.0,veh_029,car,12.946072,77.691119,7.941
285.0,veh_030,bus,12.935716,77.652968,4.274
285.0,veh_031,car,12.939365,77.662868,8.308
285.0,veh_033,car,12.944691,77.682222,6.577
285.0,veh_035,car,12.92974,77.643186,8.123
285.0,veh_036,motorcycle,12.941487,77.669145,12.721
285.0,veh_037,car,12.923002,77.633669,10.0
285.0,veh_038,motorcycle,12.943615,77.675193,11.975
285.0,veh_039,bus,12.939184,77.662548,2.766
285.0,veh_040,car,12.921855,77.632116,2.196
285.0,veh_041,motorcycle,12.926677,77.638977,12.534
285.0,veh_042,car,12.92951,77.642796,7.951
285.0,veh_043,car,12.92148,77.63149,5.902
285.0,veh_044,car,12.944901,77.684688,7.882
285.0,veh_045,car,12.942161,77.670585,9.47
285.0,veh_047,car,12.945768,77.689852,8.788
285.0,veh_049,bus,12.943481,77.674883,3.496
286.0,veh_000,car,12.944452,77.679478,3.431
286.0,veh_001,car,12.946361,77.692596,7.999
286.0,veh_002,car,12.921403,77.63135,9.315
286.0,veh_003,car,12.923679,77.634509,7.085
286.0,veh_004,car,12.936752,77.655489,10.85
286.0,veh_005,car,12.943532,77.675015,6.798
286.0,veh_006,car,12.93108,77.645147,5.273
286.0,veh_007,car,12.928811,77.642004,8.035
286.0,veh_008,car,12.940817,77.667174,7.878
286.0,veh_009,car,12.93964,77.66384,7.291
286.0,veh_010,bus,12.936246,77.653967,3.095
286.0,veh_011,motorcycle,12.938452,77.660165,4.766
286.0,veh_012,motorcycle,12.925663,77.637264,8.981
286.0,veh_013,car,12.944678,77.682843,5.671
286.0,veh_015,bus,12.946285,77.692236,5.912
286.0,veh_016,car,12.930269,77.644025,5.15
286.0,veh_017,bus,12.928207,77.641127,5.256
286.0,veh_018,car,12.924186,77.635177,8.209
286.0,veh_019,bus,12.929557,77.642843,4.266
286.0,veh_020,car,12.941937,77.670348,7.299
286.0,veh_021,car,12.938516,77.660396,13.265
286.0,veh_022,car,12.920195,77.629711,10.285
286.0,veh_023,truck,12.938363,77.660157,5.216
286.0,veh_025,bus,12.933825,77.6499,4.457
286.0,veh_026,car,12.940176,77.665358,3.544
286.0,veh_027,motorcycle,12.931508,77.646043,7.699
286.0,veh_028,car,12.938712,77.661336,4.642
286.0,veh_029,car,12.94613,77.691112,7.718
286.0,veh_030,bus,12.935586,77.652954,1.556
286.0,veh_031,car,12.939345,77.66286,6.586
286.0,veh_033,car,12.944741,77.682372,8.918
286.0,veh_035,car,12.929703,77.643265,3.972
286.0,veh_036,motorcycle,12.94152,77.669172,6.51
286.0,veh_037,car,12.923013,77.633774,6.824
286.0,veh_038,motorcycle,12.943581,77.675217,6.565
286.0,veh_039,bus,12.939194,77.662526,2.971
286.0,veh_040,car,12.921894,77.632091,6.301
286.0,veh_041,motorcycle,12.926806,77.639031,6.35
286.0,veh_042,car,12.929489,77.642873,7.953
286.0,veh_043,car,12.921505,77.631557,6.992
286.0,veh_044,car,12.945001,77.684835,5.616
286.0,veh_045,car,12.941987,77.670688,6.568
286.0,veh_047,car,12.945819,77.689952,6.775
286.0,veh_049,bus,12.943433,77.674852,5.172
287.0,veh_000,car,12.944437,77.679588,5.22
287.0,veh_001,car,12.946383,77.692801,8.813
287.0,veh_002,car,12.921415,77.631446,10.265
287.0,veh_003,car,12.923682,77.634566,9.131
287.0,veh_004,car,12.936646,77.655457,5.803
287.0,veh_005,car,12.943523,77.675202,11.662
287.0,veh_006,car,12.931193,77.645267,6.994
287.0,veh_007,car,12.928869,77.641855,5.037
287.0,veh_008,car,12.940829,77.667221,4.836
287.0,veh_009,car,12.93972,77.663926,9.151
287.0,veh_010,bus,12.936205,77.653875,5.646
287.0,veh_011,motorcycle,12.938388,77.660131,9.128
287.0,veh_012,motorcycle,12.925538,77.637317,2.07
287.0,veh_013,car,12.944731,77.682826,4.052
287.0,veh_015,bus,12.946325,77.692405,5.817
287.0,veh_016,car,12.930148,77.644034,7.57
287.0,veh_017,bus,12.928176,77.641066,6.561
287.0,veh_018,car,12.92417,77.635245,2.937
287.0,veh_019,bus,12.929524,77.642921,3.24
287.0,veh_020,car,12.941946,77.670446,9.753
287.0,veh_021,car,12.938541,77.660504,9.028
287.0,veh_022,car,12.92023,77.629688,6.27
287.0,veh_023,truck,12.938395,77.660164,4.259
287.0,veh_025,bus,12.933897,77.649967,5.906
287.0,veh_026,car,12.940245,77.665337,0.991
287.0,veh_027,motorcycle,12.931597,77.645944,4.922
287.0,veh_028,car,12.938657,77.661419,4.817
287.0,veh_029,car,12.946172,77.691139,6.355
287.0,veh_030,bus,12.935594,77.652954,4.362
287.0,veh_031,car,12.939387,77.663044,6.744
287.0,veh_033,car,12.944703,77.682359,6.801
287.0,veh_035,car,12.929812,77.643249,4.138
287.0,veh_036,motorcycle,12.941468,77.669273,11.149
287.0,veh_037,car,12.923113,77.633738,8.007
287.0,veh_038,motorcycle,12.94355,77.675301,10.928
287.0,veh_039,bus,12.939299,77.662573,5.126
287.0,veh_040,car,12.921974,77.632202,8.634
287.0,veh_041,motorcycle,12.926874,77.639205,9.558
287.0,veh_042,car,12.929562,77.642927,8.55
287.0,veh_043,car,12.921602,77.631632,4.722
287.0,veh_044,car,12.944958,77.684858,6.284
287.0,veh_045,car,12.942044,77.670626,6.303
287.0,veh_047,car,12.945857,77.689906,4.123
287.0,veh_049,bus,12.943495,77.674937,2.642
288.0,veh_000,car,12.944466,77.679669,9.357
288.0,veh_001,car,12.946408,77.692791,6.018
288.0,veh_002,car,12.92145,77.631505,2.179
288.0,veh_003,car,12.923715,77.634619,6.054
288.0,veh_004,car,12.936711,77.655579,5.323
288.0,veh_005,car,12.943561,77.675277,5.004
288.0,veh_006,car,12.931158,77.64528,6.772
288.0,veh_007,car,12.928871,77.641979,9.612
288.0,veh_008,car,12.940854,77.667322,4.609
288.0,veh_009,car,12.93979,77.663948,8.363
288.0,veh_010,bus,12.936096,77.65396,3.316
288.0,veh_011,motorcycle,12.938456,77.660215,9.195
288.0,veh_012,motorcycle,12.925644,77.63736,8.439
288.0,veh_013,car,12.944734,77.682918,6.826
288.0,veh_015,bus,12.946373,77.692404,7.542
288.0,veh_016,car,12.930299,77.644053,1.472
288.0,veh_017,bus,12.92825,77.641229,4.347
288.0,veh_018,car,12.92418,77.635317,2.226
288.0,veh_019,bus,12.929444,77.642919,3.914
288.0,veh_020,car,12.941916,77.670526,6.758
288.0,veh_021,car,12.938467,77.660551,5.086
288.0,veh_022,car,12.920157,77.629802,5.196
288.0,veh_023,truck,12.938457,77.66029,3.264
288.0,veh_025,bus,12.933928,77.649983,4.16
288.0,veh_026,car,12.940141,77.665334,5.842
288.0,veh_027,motorcycle,12.931623,77.645953,5.17
288.0,veh_028,car,12.93886,77.6613,6.914
288.0,veh_029,car,12.94607,77.691315,7.609
288.0,veh_030,bus,12.935708,77.653135,4.644
288.0,veh_031,car,12.939381,77.662956,5.843
288.0,veh_033,car,12.944691,77.682464,5.236
288.0,veh_035,car,12.929747,77.643344,7.594
288.0,veh_036,motorcycle,12.941585,77.669357,9.013
288.0,veh_037,car,12.923125,77.633768,6.965
288.0,veh_038,motorcycle,12.9436,77.675383,6.6
288.0,veh_039,bus,12.939253,77.662647,3.886
288.0,veh_040,car,12.922024,77.632191,7.625
288.0,veh_041,motorcycle,12.926903,77.639181,4.989
288.0,veh_042,car,12.929561,77.642967,6.767
288.0,veh_043,car,12.921543,77.631618,1.539
288.0,veh_044,car,12.944826,77.684882,7.166
288.0,veh_045,car,12.942111,77.670915,7.897
288.0,veh_047,car,12.945817,77.689974,4.302
288.0,veh_049,bus,12.943559,77.674897,3.952
289.0,veh_000,car,12.944442,77.679695,4.955
289.0,veh_001,car,12.946429,77.692831,8.25
289.0,veh_002,car,12.921513,77.631539,8.006
289.0,veh_003,car,12.92374,77.634748,15.554
289.0,veh_004,car,12.936898,77.655574,5.897
289.0,veh_005,car,12.943577,77.675289,9.811
289.0,veh_006,car,12.931283,77.645434,8.545
289.0,veh_007,car,12.928864,77.641988,5.279
289.0,veh_008,car,12.94083,77.667335,7.27
289.0,veh_009,car,12.939767,77.664067,6.227
289.0,veh_010,bus,12.936259,77.654043,4.44
289.0,veh_011,motorcycle,12.938429,77.660319,3.738
289.0,veh_012,motorcycle,12.925684,77.63751,8.509
289.0,veh_013,car,12.94468,77.682947,6.555
289.0,veh_015,bus,12.94634,77.692382,5.049
289.0,veh_016,car,12.930257,77.644064,4.833
289.0,veh_017,bus,12.92832,77.641197,4.868
289.0,veh_018,car,12.924386,77.635329,8.109
289.0,veh_019,bus,12.92949,77.642912,4.75
289.0,veh_020,car,12.941991,77.670537,9.077
289.0,veh_021,car,12.938468,77.660518,5.232
289.0,veh_022,car,12.920332,77.629774,1.091
289.0,veh_023,truck,12.938446,77.660229,3.539
289.0,veh_025,bus,12.933913,77.649999,4.409
289.0,veh_026,car,12.940165,77.66547,7.545
289.0,veh_027,motorcycle,12.93171,77.646027,3.167
289.0,veh_028,car,12.938761,77.661501,3.252
289.0,veh_029,car,12.946125,77.691377,5.485
289.0,veh_030,bus,12.93572,77.653049,3.998
289.0,veh_031,car,12.93939,77.663098,5.037
289.0,veh_033,car,12.94469,77.682503,4.862
289.0,veh_035,car,12.929805,77.643344,6.829
289.0,veh_036,motorcycle,12.941556,77.669417,10.202
289.0,veh_037,car,12.923235,77.633894,5.337
289.0,veh_038,motorcycle,12.943672,77.675315,3.161
289.0,veh_039,bus,12.939272,77.66257,2.916
289.0,veh_040,car,12.922059,77.63241,7.458
289.0,veh_041,motorcycle,12.926923,77.63926,8.661
289.0,veh_042,car,12.929594,77.643015,3.5
289.0,veh_043,car,12.921555,77.631649,0.1
289.0,veh_044,car,12.944865,77.685057,3.524
289.0,veh_045,car,12.942036,77.670865,2.536
289.0,veh_047,car,12.945809,77.690015,0.924
289.0,veh_049,bus,12.943511,77.675069,4.898
290.0,veh_000,car,12.944431,77.679764,8.826
290.0,veh_001,car,12.946451,77.692935,9.791
290.0,veh_002,car,12.921525,77.631603,7.347
290.0,veh_003,car,12.923844,77.634864,8.715
290.0,veh_004,car,12.936761,77.655636,4.196
290.0,veh_005,car,12.943576,77.675283,4.805
290.0,veh_006,car,12.931335,77.645376,2.834
290.0,veh_007,car,12.92895,77.642062,5.3
290.0,veh_008,car,12.940905,77.66734,5.859
290.0,veh_009,car,12.939808,77.664075,6.812
290.0,veh_010,bus,12.936229,77.654032,4.517
290.0,veh_011,motorcycle,12.93838,77.660276,3.426
290.0,veh_012,motorcycle,12.925685,77.637491,6.062
290.0,veh_013,car,12.944656,77.683074,5.587
290.0,veh_015,bus,12.946309,77.692428,3.988
290.0,veh_016,car,12.930382,77.644227,8.589
290.0,veh_017,bus,12.928347,77.64116,3.839
290.0,veh_018,car,12.924324,77.635419,8.066
290.0,veh_019,bus,12.929635,77.642946,3.737
290.0,veh_020,car,12.941939,77.670663,8.154
290.0,veh_021,car,12.938506,77.660669,4.325
290.0,veh_022,car,12.920262,77.629751,7.115
290.0,veh_023,truck,12.938368,77.660286,4.045
290.0,veh_025,bus,12.933949,77.650093,4.419
290.0,veh_026,car,12.940184,77.665435,5.507
290.0,veh_027,motorcycle,12.931627,77.646086,10.51
290.0,veh_028,car,12.938846,77.661448,4.628
290.0,veh_029,car,12.946174,77.691365,3.973
290.0,veh_030,bus,12.935644,77.653148,4.582
290.0,veh_031,car,12.939505,77.663136,9.337
290.0,veh_033,car,12.944623,77.682617,7.854
290.0,veh_035,car,12.929823,77.643447,4.825
290.0,veh_036,motorcycle,12.941583,77.669489,3.934
290.0,veh_037,car,12.923158,77.633932,7.696
290.0,veh_038,motorcycle,12.943735,77.675411,7.315
290.0,veh_039,bus,12.939254,77.662609,3.669
290.0,veh_040,car,12.922102,77.632448,6.795
290.0,veh_041,motorcycle,12.926986,77.639199,7.629
290.0,veh_042,car,12.929552,77.642872,0.1
290.0,veh_043,car,12.92161,77.63167,2.986
290.0,veh_044,car,12.944978,77.685076,5.834
290.0,veh_045,car,12.942066,77.670838,5.007
290.0,veh_047,car,12.945846,77.690053,5.278
290.0,veh_049,bus,12.943453,77.675043,3.342
291.0,veh_000,car,12.944451,77.679786,5.189
291.0,veh_001,car,12.946401,77.692907,7.484
291.0,veh_002,car,12.921515,77.631664,8.878
291.0,veh_003,car,12.923767,77.63489,7.947
291.0,veh_004,car,12.936882,77.655684,2.795
291.0,veh_005,car,12.943645,77.67535,6.451
291.0,veh_006,car,12.931294,77.645478,3.502
291.0,veh_007,car,12.928942,77.642208,4.248
291.0,veh_008,car,12.940859,77.667338,5.516
291.0,veh_009,car,12.939688,77.664095,4.298
291.0,veh_010,bus,12.936201,77.654078,2.881
291.0,veh_011,motorcycle,12.938429,77.660443,6.62
291.0,veh_012,motorcycle,12.925714,77.637524,9.422
291.0,veh_013,car,12.944654,77.683149,11.806
291.0,veh_015,bus,12.946448,77.692504,4.159
291.0,veh_016,car,12.930364,77.64422,12.614
291.0,veh_017,bus,12.928457,77.64138,3.982
291.0,veh_018,car,12.924249,77.635492,6.808
291.0,veh_019,bus,12.929513,77.643071,4.99
291.0,veh_020,car,12.942002,77.670647,0.1
291.0,veh_021,car,12.938504,77.660696,5.206
291.0,veh_022,car,12.920249,77.629882,3.55
291.0,veh_023,truck,12.938375,77.660383,3.335
291.0,veh_025,bus,12.933897,77.650095,3.962
291.0,veh_026,car,12.940262,77.66562,9.398
291.0,veh_027,motorcycle,12.931656,77.646127,4.879
291.0,veh_028,car,12.938876,77.661481,6.851
291.0,veh_029,car,12.94606,77.691445,7.118
291.0,veh_030,bus,12.935609,77.652989,2.442
291.0,veh_031,car,12.939564,77.663316,9.862
291.0,veh_033,car,12.944733,77.682571,10.664
291.0,veh_035,car,12.929857,77.643473,7.716
291.0,veh_036,motorcycle,12.941582,77.669476,6.12
291.0,veh_037,car,12.923208,77.634049,4.784
291.0,veh_038,motorcycle,12.94363,77.675556,1.889
291.0,veh_039,bus,12.939317,77.662717,3.617
291.0,veh_040,car,12.922144,77.6324,9.305
291.0,veh_041,motorcycle,12.926986,77.639341,11.61
291.0,veh_042,car,12.929565,77.643042,2.273
291.0,veh_043,car,12.921596,77.631632,7.621
291.0,veh_044,car,12.944932,77.685175,12.699
291.0,veh_045,car,12.942144,77.671012,10.325
291.0,veh_047,car,12.945758,77.690126,6.877
291.0,veh_049,bus,12.943583,77.67503,3.978
292.0,veh_000,car,12.944518,77.679849,2.417
292.0,veh_001,car,12.946521,77.693022,2.29
292.0,veh_002,car,12.921609,77.631665,3.3
292.0,veh_003,car,12.923912,77.634957,9.346
292.0,veh_004,car,12.936778,77.655552,5.964
292.0,veh_005,car,12.943657,77.675481,9.135
292.0,veh_006,car,12.93127,77.645418,7.455
292.0,veh_007,car,12.928947,77.642182,6.105
292.0,veh_008,car,12.941026,77.667516,9.219
292.0,veh_009,car,12.939846,77.664138,7.401
292.0,veh_010,bus,12.936285,77.654072,3.043
292.0,veh_011,motorcycle,12.938539,77.6605,8.162
292.0,veh_012,motorcycle,12.925762,77.637548,5.592
292.0,veh_013,car,12.94475,77.683142,3.035
292.0,veh_015,bus,12.946446,77.692522,3.995
292.0,veh_016,car,12.930501,77.644261,6.301
292.0,veh_017,bus,12.928347,77.641301,4.016
292.0,veh_018,car,12.924391,77.635567,1.901
292.0,veh_019,bus,12.929493,77.643118,4.62
292.0,veh_020,car,12.942081,77.670681,3.479
292.0,veh_021,car,12.938639,77.660798,5.477
292.0,veh_022,car,12.920427,77.629909,5.098
292.0,veh_023,truck,12.938474,77.660374,4.061
292.0,veh_025,bus,12.933986,77.650117,3.695
292.0,veh_026,car,12.940378,77.665687,3.346
292.0,veh_027,motorcycle,12.931571,77.646115,0.565
292.0,veh_028,car,12.938895,77.661658,5.285
292.0,veh_029,car,12.946083,77.691602,9.403
292.0,veh_030,bus,12.935693,77.653083,4.823
292.0,veh_031,car,12.939545,77.663342,9.535
292.0,veh_033,car,12.944642,77.682827,9.058
292.0,veh_035,car,12.929891,77.643509,4.99
292.0,veh_036,motorcycle,12.941714,77.669597,7.692
292.0,veh_037,car,12.923289,77.634,8.5
292.0,veh_038,motorcycle,12.943668,77.675467,6.986
292.0,veh_039,bus,12.939253,77.662744,4.16
292.0,veh_040,car,12.922166,77.632503,2.285
292.0,veh_041,motorcycle,12.927108,77.639414,11.752
292.0,veh_042,car,12.929674,77.643105,4.018
292.0,veh_043,car,12.921652,77.631797,8.798
292.0,veh_044,car,12.944872,77.685142,7.876
292.0,veh_045,car,12.942074,77.671077,6.854
292.0,veh_047,car,12.945876,77.690219,10.172
292.0,veh_049,bus,12.943561,77.675083,4.517
293.0,veh_000,car,12.944444,77.679912,6.799
293.0,veh_001,car,12.946433,77.693049,5.348
293.0,veh_002,car,12.921615,77.631734,4.8
293.0,veh_003,car,12.923945,77.635058,7.263
293.0,veh_004,car,12.93682,77.655753,6.337
293.0,veh_005,car,12.943709,77.675524,3.336
293.0,veh_006,car,12.931313,77.645477,3.737
293.0,veh_007,car,12.929029,77.64226,4.18
293.0,veh_008,car,12.94099,77.667494,9.841
293.0,veh_009,car,12.939783,77.664238,7.887
293.0,veh_010,bus,12.936245,77.654128,4.323
293.0,veh_011,motorcycle,12.938571,77.660476,2.752
293.0,veh_012,motorcycle,12.925881,77.637664,7.923
293.0,veh_013,car,12.944749,77.68318,6.19
293.0,veh_015,bus,12.946374,77.692531,3.51
293.0,veh_016,car,12.930498,77.644301,8.651
293.0,veh_017,bus,12.928379,77.641383,3.246
293.0,veh_018,car,12.924376,77.635445,3.038
293.0,veh_019,bus,12.929622,77.643117,4.311
293.0,veh_020,car,12.942072,77.670687,11.119
293.0,veh_021,car,12.938522,77.660739,0.952
293.0,veh_022,car,12.920342,77.629944,6.073
293.0,veh_023,truck,12.938455,77.660427,3.218
293.0,veh_025,bus,12.934007,77.650153,4.109
293.0,veh_026,car,12.940249,77.665534,7.922
293.0,veh_027,motorcycle,12.931715,77.646268,10.281
293.0,veh_028,car,12.93884,77.661607,4.968
293.0,veh_029,car,12.946204,77.691594,5.605
293.0,veh_030,bus,12.935703,77.653106,4.914
293.0,veh_031,car,12.939522,77.663444,3.792
293.0,veh_033,car,12.944684,77.68272,4.799
293.0,veh_035,car,12.929945,77.643571,7.561
293.0,veh_036,motorcycle,12.941715,77.669695,9.58
293.0,veh_037,car,12.9233,77.634086,3.664
293.0,veh_038,motorcycle,12.943664,77.67559,10.835
293.0,veh_039,bus,12.939342,77.662843,3.741
293.0,veh_040,car,12.922073,77.632431,6.181
293.0,veh_041,motorcycle,12.927168,77.63946,14.619
293.0,veh_042,car,12.929709,77.643103,10.679
293.0,veh_043,car,12.92161,77.631831,5.476
293.0,veh_044,car,12.945031,77.685313,8.559
293.0,veh_045,car,12.942101,77.671131,9.052
293.0,veh_047,car,12.945925,77.690253,8.974
293.0,veh_049,bus,12.943443,77.675147,3.526
294.0,veh_000,car,12.944391,77.679987,2.664
294.0,veh_001,car,12.946505,77.693119,10.43
294.0,veh_002,car,12.921638,77.631822,8.504
294.0,veh_003,car,12.923933,77.635057,2.49
294.0,veh_004,car,12.936772,77.655813,7.441
294.0,veh_005,car,12.943697,77.675522,5.939
294.0,veh_006,car,12.931276,77.645515,8.572
294.0,veh_007,car,12.929013,77.642267,8.008
294.0,veh_008,car,12.940993,77.667608,5.523
294.0,veh_009,car,12.939791,77.664216,1.513
294.0,veh_010,bus,12.936143,77.654201,5.723
294.0,veh_011,motorcycle,12.938495,77.66047,8.149
294.0,veh_012,motorcycle,12.925923,77.637757,13.683
294.0,veh_013,car,12.944803,77.683174,7.107
294.0,veh_015,bus,12.946474,77.692653,4.185
294.0,veh_016,car,12.93058,77.64438,7.359
294.0,veh_017,bus,12.928386,77.641288,4.043
294.0,veh_018,car,12.92434,77.635576,9.01
294.0,veh_019,bus,12.92971,77.64312,4.337
294.0,veh_020,car,12.942099,77.670835,5.474
294.0,veh_021,car,12.938635,77.66071,7.702
294.0,veh_022,car,12.920336,77.630024,4.25
294.0,veh_023,truck,12.938409,77.660439,2.852
294.0,veh_025,bus,12.933977,77.650302,6.272
294.0,veh_026,car,12.940357,77.66566,4.164
294.0,veh_027,motorcycle,12.931743,77.646224,4.027
294.0,veh_028,car,12.938852,77.661715,5.62
294.0,veh_029,car,12.946157,77.691679,2.253
294.0,veh_030,bus,12.935709,77.65318,4.11
294.0,veh_031,car,12.939484,77.663415,4.548
294.0,veh_033,car,12.94477,77.682787,2.0
294.0,veh_035,car,12.929954,77.643638,6.137
294.0,veh_036,motorcycle,12.941673,77.669659,5.452
294.0,veh_037,car,12.923326,77.634035,4.312
294.0,veh_038,motorcycle,12.943757,77.675575,5.51
294.0,veh_039,bus,12.93926,77.662821,5.488
294.0,veh_040,car,12.922214,77.632543,10.004
294.0,veh_041,motorcycle,12.92716,77.639599,8.489
294.0,veh_042,car,12.929603,77.643246,5.793
294.0,veh_043,car,12.921761,77.631777,7.706
294.0,veh_044,car,12.944902,77.685414,9.31
294.0,veh_045,car,12.942247,77.671092,5.579
294.0,veh_047,car,12.9459,77.690351,9.039
294.0,veh_049,bus,12.943541,77.67514,4.796
295.0,veh_000,car,12.944354,77.679985,9.563
295.0,veh_001,car,12.94647,77.693086,0.1
295.0,veh_002,car,12.921674,77.631732,2.547
295.0,veh_003,car,12.923955,77.635099,2.892
295.0,veh_004,car,12.936887,77.655799,5.906
295.0,veh_005,car,12.943607,77.675542,6.653
295.0,veh_006,car,12.931392,77.645545,6.474
295.0,veh_007,car,12.929108,77.642316,4.155
295.0,veh_008,car,12.941005,77.667676,6.377
295.0,veh_009,car,12.939797,77.664378,8.56
295.0,veh_010,bus,12.936233,77.654137,4.981
295.0,veh_011,motorcycle,12.938499,77.66054,9.637
295.0,veh_012,motorcycle,12.925934,77.637733,11.989
295.0,veh_013,car,12.944772,77.683275,6.186
295.0,veh_015,bus,12.946329,77.692631,3.429
295.0,veh_016,car,12.930593,77.64443,7.346
295.0,veh_017,bus,12.928428,77.641408,3.016
295.0,veh_018,car,12.924485,77.635612,7.689
295.0,veh_019,bus,12.929601,77.64313,4.083
295.0,veh_020,car,12.942116,77.671047,8.016
295.0,veh_021,car,12.938695,77.660939,11.777
295.0,veh_022,car,12.920383,77.630053,7.128
295.0,veh_023,truck,12.938464,77.660388,4.449
295.0,veh_025,bus,12.933994,77.650202,4.876
295.0,veh_026,car,12.940344,77.665718,7.036
295.0,veh_027,motorcycle,12.931789,77.646341,10.071
295.0,veh_028,car,12.938867,77.661727,6.536
295.0,veh_029,car,12.946137,77.691685,8.996
295.0,veh_030,bus,12.935731,77.653285,3.415
295.0,veh_031,car,12.939563,77.663517,12.088
295.0,veh_033,car,12.94475,77.682886,7.02
295.0,veh_035,car,12.930142,77.643637,8.796
295.0,veh_036,motorcycle,12.941726,77.669864,15.144
295.0,veh_037,car,12.923355,77.634126,3.906
295.0,veh_038,motorcycle,12.943653,77.675662,6.181
295.0,veh_039,bus,12.939272,77.662911,1.859
295.0,veh_040,car,12.922288,77.632634,9.51
295.0,veh_041,motorcycle,12.92724,77.63964,7.02
295.0,veh_042,car,12.929776,77.643305,5.227
295.0,veh_043,car,12.921728,77.631914,9.089
295.0,veh_044,car,12.945,77.685456,10.451
295.0,veh_045,car,12.942274,77.671136,5.741
295.0,veh_047,car,12.945966,77.690427,9.483
295.0,veh_049,bus,12.943693,77.675192,3.134
296.0,veh_000,car,12.944505,77.680043,6.03
296.0,veh_001,car,12.946499,77.69312,6.287
296.0,veh_002,car,12.921652,77.631789,6.478
296.0,veh_003,car,12.924035,77.635077,8.025
296.0,veh_004,car,12.936886,77.655851,4.067
296.0,veh_005,car,12.94372,77.675625,6.28
296.0,veh_006,car,12.931378,77.645588,4.05
296.0,veh_007,car,12.929061,77.642255,6.335
296.0,veh_008,car,12.941118,77.667693,4.788
296.0,veh_009,car,12.939872,77.664412,8.995
296.0,veh_010,bus,12.93632,77.654243,4.4
296.0,veh_011,motorcycle,12.9386,77.660783,10.946
296.0,veh_012,motorcycle,12.925959,77.637903,6.196
296.0,veh_013,car,12.944732,77.683406,4.278
296.0,veh_015,bus,12.9464,77.692668,3.964
296.0,veh_016,car,12.930616,77.644518,5.771
296.0,veh_017,bus,12.928481,77.641376,4.715
296.0,veh_018,car,12.92441,77.635578,4.261
296.0,veh_019,bus,12.929729,77.643151,2.913
296.0,veh_020,car,12.942062,77.670939,5.988
296.0,veh_021,car,12.938646,77.660905,8.213
296.0,veh_022,car,12.920357,77.630137,5.948
296.0,veh_023,truck,12.938462,77.660477,4.433
296.0,veh_025,bus,12.934028,77.650316,4.073
296.0,veh_026,car,12.940395,77.665806,6.47
296.0,veh_027,motorcycle,12.931884,77.646504,9.272
296.0,veh_028,car,12.938955,77.661735,2.332
296.0,veh_029,car,12.946249,77.691755,6.737
296.0,veh_030,bus,12.935786,77.653226,3.689
296.0,veh_031,car,12.939555,77.663543,4.778
296.0,veh_033,car,12.944695,77.682901,3.261
296.0,veh_035,car,12.930032,77.643663,5.056
296.0,veh_036,motorcycle,12.941756,77.669851,8.8
296.0,veh_037,car,12.923294,77.634296,4.966
296.0,veh_038,motorcycle,12.943842,77.675872,5.47
296.0,veh_039,bus,12.939314,77.662877,1.888
296.0,veh_040,car,12.922299,77.632768,10.443
296.0,veh_041,motorcycle,12.927375,77.639724,12.037
296.0,veh_042,car,12.929668,77.643232,6.458
296.0,veh_043,car,12.92174,77.632059,8.055
296.0,veh_044,car,12.944881,77.685497,2.29
296.0,veh_045,car,12.942322,77.671208,6.224
296.0,veh_047,car,12.94595,77.690583,8.472
296.0,veh_049,bus,12.943546,77.675181,4.012
297.0,veh_000,car,12.94448,77.680099,5.507
297.0,veh_001,car,12.946439,77.693203,5.294
297.0,veh_002,car,12.921655,77.63192,7.919
297.0,veh_003,car,12.92409,77.635217,7.542
297.0,veh_004,car,12.936782,77.65584,4.704
297.0,veh_005,car,12.943795,77.675699,7.707
297.0,veh_006,car,12.93133,77.645602,6.991
297.0,veh_007,car,12.929152,77.642409,11.892
297.0,veh_008,car,12.94101,77.667712,5.532
297.0,veh_009,car,12.939917,77.664407,6.886
297.0,veh_010,bus,12.936364,77.654338,6.68
297.0,veh_011,motorcycle,12.938616,77.660748,5.149
297.0,veh_012,motorcycle,12.925939,77.637895,4.519
297.0,veh_013,car,12.944816,77.683421,10.85
297.0,veh_015,bus,12.946523,77.692708,3.538
297.0,veh_016,car,12.930595,77.644568,4.263
297.0,veh_017,bus,12.92838,77.641429,5.079
297.0,veh_018,car,12.924438,77.635762,9.629
297.0,veh_019,bus,12.929696,77.643176,4.498
297.0,veh_020,car,12.94219,77.671002,3.706
297.0,veh_021,car,12.938748,77.661011,7.746
297.0,veh_022,car,12.92054,77.63012,9.514
297.0,veh_023,truck,12.938509,77.660523,2.75
297.0,veh_025,bus,12.934015,77.650272,4.084
297.0,veh_026,car,12.940358,77.665769,2.256
297.0,veh_027,motorcycle,12.931855,77.646567,10.211
297.0,veh_028,car,12.939054,77.66185,7.156
297.0,veh_029,car,12.946208,77.691786,4.368
297.0,veh_030,bus,12.935868,77.6533,5.411
297.0,veh_031,car,12.939537,77.663573,6.054
297.0,veh_033,car,12.944773,77.682925,6.877
297.0,veh_035,car,12.930029,77.643737,5.336
297.0,veh_036,motorcycle,12.941854,77.669877,8.089
297.0,veh_037,car,12.923438,77.634251,9.199
297.0,veh_038,motorcycle,12.943786,77.675778,4.273
297.0,veh_039,bus,12.939407,77.662969,5.066
297.0,veh_040,car,12.922365,77.632777,9.512
297.0,veh_041,motorcycle,12.927268,77.639772,8.094
297.0,veh_042,car,12.929775,77.643294,3.023
297.0,veh_043,car,12.921768,77.632038,4.809
297.0,veh_044,car,12.944908,77.685464,4.831
297.0,veh_045,car,12.942303,77.67126,6.105
297.0,veh_047,car,12.946008,77.690519,2.883
297.0,veh_049,bus,12.943576,77.675218,5.426
298.0,veh_000,car,12.944438,77.680148,4.046
298.0,veh_001,car,12.94649,77.693359,7.223
298.0,veh_002,car,12.921767,77.631887,9.561
298.0,veh_003,car,12.924196,77.635233,6.273
298.0,veh_004,car,12.93689,77.65602,6.831
298.0,veh_005,car,12.943725,77.675849,5.916
298.0,veh_006,car,12.931393,77.645653,7.582
298.0,veh_007,car,12.929132,77.642524,13.326
298.0,veh_008,car,12.941161,77.667848,12.525
298.0,veh_009,car,12.939873,77.664557,9.547
298.0,veh_010,bus,12.936242,77.654299,3.279
298.0,veh_011,motorcycle,12.93858,77.660856,5.294
298.0,veh_012,motorcycle,12.926004,77.638063,10.962
298.0,veh_013,car,12.944742,77.683498,7.645
298.0,veh_015,bus,12.946411,77.692708,4.534
298.0,veh_016,car,12.930563,77.644477,3.909
298.0,veh_017,bus,12.928461,77.641514,4.287
298.0,veh_018,car,12.924593,77.635795,5.92
298.0,veh_019,bus,12.92982,77.64322,4.618
298.0,veh_020,car,12.942149,77.670992,4.877
298.0,veh_021,car,12.938654,77.66104,2.61
298.0,veh_022,car,12.920569,77.630188,9.988
298.0,veh_023,truck,12.938519,77.660639,3.639
298.0,veh_025,bus,12.934206,77.650325,3.088
298.0,veh_026,car,12.940414,77.665854,5.22
298.0,veh_027,motorcycle,12.931924,77.646538,14.662
298.0,veh_028,car,12.939057,77.661729,5.933
298.0,veh_029,car,12.946288,77.691905,6.452
298.0,veh_030,bus,12.935779,77.653267,3.453
298.0,veh_031,car,12.939559,77.663664,2.536
298.0,veh_033,car,12.944713,77.683009,7.58
298.0,veh_035,car,12.930085,77.643727,6.032
298.0,veh_036,motorcycle,12.941823,77.670044,3.396
298.0,veh_037,car,12.923445,77.634307,9.396
298.0,veh_038,motorcycle,12.943848,77.675911,7.11
298.0,veh_039,bus,12.93939,77.662867,3.868
298.0,veh_040,car,12.92239,77.632783,2.265
298.0,veh_041,motorcycle,12.927409,77.639809,6.275
298.0,veh_042,car,12.929709,77.643292,6.012
298.0,veh_043,car,12.921842,77.632066,11.687
298.0,veh_044,car,12.94486,77.685483,6.102
298.0,veh_045,car,12.942203,77.67129,9.293
298.0,veh_047,car,12.945907,77.69057,7.181
298.0,veh_049,bus,12.94364,77.675297,3.315
299.0,veh_000,car,12.944602,77.680173,9.765
299.0,veh_001,car,12.94653,77.693344,3.232
299.0,veh_002,car,12.92186,77.632002,9.407
299.0,veh_003,car,12.924177,77.635278,6.391
299.0,veh_004,car,12.936964,77.656059,8.61
299.0,veh_005,car,12.943733,77.67587,7.599
299.0,veh_006,car,12.931498,77.645662,4.833
299.0,veh_007,car,12.929209,77.642514,4.234
299.0,veh_008,car,12.941149,77.66789,4.174
299.0,veh_009,car,12.939948,77.664605,8.631
299.0,veh_010,bus,12.936401,77.654333,6.056
299.0,veh_011,motorcycle,12.938634,77.660997,10.085
299.0,veh_012,motorcycle,12.926149,77.638032,7.96
299.0,veh_013,car,12.94473,77.683695,13.786
299.0,veh_015,bus,12.94641,77.692784,4.393
299.0,veh_016,car,12.930722,77.644604,4.811
299.0,veh_017,bus,12.928528,77.641504,5.825
299.0,veh_018,car,12.924526,77.635794,5.906
299.0,veh_019,bus,12.929741,77.643268,5.215
299.0,veh_020,car,12.942096,77.670991,9.141
299.0,veh_021,car,12.938671,77.661079,5.674
299.0,veh_022,car,12.920514,77.630168,5.721
299.0,veh_023,truck,12.938582,77.660618,5.088
299.0,veh_025,bus,12.93408,77.650331,3.293
299.0,veh_026,car,12.94041,77.665995,2.606
299.0,veh_027,motorcycle,12.931991,77.646784,13.542
299.0,veh_028,car,12.93895,77.661846,6.947
299.0,veh_029,car,12.946135,77.691958,11.003
299.0,veh_030,bus,12.935825,77.653322,4.737
299.0,veh_031,car,12.939619,77.663781,8.179
299.0,veh_033,car,12.944772,77.683085,8.079
299.0,veh_035,car,12.930099,77.643839,9.286
299.0,veh_036,motorcycle,12.941753,77.670024,3.999
299.0,veh_037,car,12.923545,77.634385,7.616
299.0,veh_038,motorcycle,12.94383,77.675915,5.597
299.0,veh_039,bus,12.939365,77.663054,4.767
299.0,veh_040,car,12.922508,77.63287,7.97
299.0,veh_041,motorcycle,12.927524,77.639829,10.507
299.0,veh_042,car,12.929869,77.643348,5.332
299.0,veh_043,car,12.922007,77.632062,4.225
299.0,veh_044,car,12.944945,77.685706,10.699
299.0,veh_045,car,12.942347,77.671412,6.788
299.0,veh_047,car,12.945952,77.690646,4.373
299.0,veh_049,bus,12.943588,77.675299,3.397
300.0,veh_000,car,12.944519,77.680292,6.155
300.0,veh_001,car,12.946464,77.693335,4.373
300.0,veh_002,car,12.921935,77.632074,8.816
300.0,veh_003,car,12.92419,77.635255,8.46
300.0,veh_004,car,12.936896,77.656077,4.297
300.0,veh_005,car,12.943779,77.675934,1.174
300.0,veh_006,car,12.931517,77.645779,6.282
300.0,veh_007,car,12.929297,77.642609,7.946
300.0,veh_008,car,12.941135,77.667955,10.34
300.0,veh_009,car,12.939933,77.664668,4.033
300.0,veh_010,bus,12.936341,77.654326,4.219
300.0,veh_011,motorcycle,12.938695,77.661056,8.26
300.0,veh_012,motorcycle,12.926225,77.638086,8.466
300.0,veh_013,car,12.944794,77.683619,7.824
300.0,veh_015,bus,12.946368,77.692841,5.469
300.0,veh_016,car,12.930708,77.644584,3.575
300.0,veh_017,bus,12.928495,77.641557,3.531
300.0,veh_018,car,12.924449,77.63586,5.967
300.0,veh_019,bus,12.92967,77.643307,3.812
300.0,veh_020,car,12.942202,77.671102,4.72
300.0,veh_021,car,12.938754,77.661186,13.303
300.0,veh_022,car,12.920684,77.630337,7.817
300.0,veh_023,truck,12.938487,77.660557,3.206
300.0,veh_025,bus,12.93398,77.650357,4.638
300.0,veh_026,car,12.940422,77.666033,4.603
300.0,veh_027,motorcycle,12.932172,77.646885,11.501
300.0,veh_028,car,12.939057,77.661919,9.879
300.0,veh_029,car,12.946231,77.692002,6.324
300.0,veh_030,bus,12.935787,77.653402,5.436
300.0,veh_031,car,12.939656,77.663778,5.581
300.0,veh_033,car,12.944746,77.683095,8.537
300.0,veh_035,car,12.930237,77.64394,8.781
300.0,veh_036,motorcycle,12.941838,77.670055,2.369
300.0,veh_037,car,12.923451,77.634469,5.324
300.0,veh_038,motorcycle,12.943876,77.676013,9.135
300.0,veh_039,bus,12.939453,77.662964,4.204
300.0,veh_040,car,12.922408,77.632762,3.708
300.0,veh_041,motorcycle,12.927373,77.64006,9.722
300.0,veh_042,car,12.929851,77.643444,6.085
300.0,veh_043,car,12.92194,77.632154,3.206
300.0,veh_044,car,12.944987,77.685663,5.703
300.0,veh_045,car,12.942275,77.67152,6.939
300.0,veh_047,car,12.945877,77.69067,4.377
300.0,veh_049,bus,12.943647,77.67536,5.723
301.0,veh_000,car,12.944554,77.680311,5.119
301.0,veh_001,car,12.946529,77.693429,8.325
301.0,veh_002,car,12.921922,77.632157,3.807
301.0,veh_003,car,12.924334,77.635415,8.692
301.0,veh_004,car,12.936914,77.656124,6.157
301.0,veh_005,car,12.943781,77.675838,0.822
301.0,veh_006,car,12.931554,77.645749,6.641
301.0,veh_007,car,12.929394,77.642716,6.741
301.0,veh_008,car,12.941054,77.667973,5.232
301.0,veh_009,car,12.93999,77.664778,9.126
301.0,veh_010,bus,12.936321,77.654416,4.813
301.0,veh_011,motorcycle,12.938711,77.66104,8.167
301.0,veh_012,motorcycle,12.92623,77.638133,7.448
301.0,veh_013,car,12.944793,77.683743,2.509
301.0,veh_015,bus,12.946331,77.692904,7.675
301.0,veh_016,car,12.930746,77.644639,4.179
301.0,veh_017,bus,12.928555,77.641559,5.913
301.0,veh_018,car,12.924585,77.635993,9.911
301.0,veh_019,bus,12.929832,77.643352,5.29
301.0,veh_020,car,12.94218,77.671162,7.235
301.0,veh_021,car,12.938756,77.661331,11.133
301.0,veh_022,car,12.920729,77.630326,9.107
301.0,veh_023,truck,12.93839,77.660701,3.964
301.0,veh_025,bus,12.934122,77.65037,5.656
301.0,veh_026,car,12.940332,77.666022,8.007
301.0,veh_027,motorcycle,12.932055,77.646917,6.452
301.0,veh_028,car,12.939007,77.662074,5.917
301.0,veh_029,car,12.946256,77.692007,7.079
301.0,veh_030,bus,12.935899,77.653541,6.859
301.0,veh_031,car,12.939739,77.663839,9.219
301.0,veh_033,car,12.944652,77.683224,7.135
301.0,veh_035,car,12.930225,77.643999,8.553
301.0,veh_036,motorcycle,12.941838,77.67016,8.837
301.0,veh_037,car,12.923638,77.634402,4.855
301.0,veh_038,motorcycle,12.943872,77.676003,5.144
301.0,veh_039,bus,12.939433,77.662922,2.699
301.0,veh_040,car,12.922536,77.633002,5.18
301.0,veh_041,motorcycle,12.927529,77.640077,5.577
301.0,veh_042,car,12.929872,77.643429,3.953
301.0,veh_043,car,12.921929,77.632187,7.739
301.0,veh_044,car,12.945035,77.685863,8.585
301.0,veh_045,car,12.94237,77.671623,11.058
301.0,veh_047,car,12.945998,77.690666,9.255
301.0,veh_049,bus,12.943666,77.675421,4.259
302.0,veh_000,car,12.944493,77.68037,3.257
302.0,veh_001,car,12.946517,77.693543,7.596
302.0,veh_002,car,12.922026,77.63213,5.264
302.0,veh_003,car,12.924239,77.635439,6.346
302.0,veh_004,car,12.936957,77.656128,6.489
302.0,veh_005,car,12.943832,77.675901,9.297
302.0,veh_006,car,12.931558,77.645859,11.303
302.0,veh_007,car,12.929427,77.642786,10.432
302.0,veh_008,car,12.941235,77.668115,8.25
302.0,veh_009,car,12.93998,77.664713,5.206
302.0,veh_010,bus,12.936388,77.654503,3.807
302.0,veh_011,motorcycle,12.938698,77.661138,11.12
302.0,veh_012,motorcycle,12.926265,77.638145,7.083
302.0,veh_013,car,12.94478,77.683794,8.411
302.0,veh_015,bus,12.946457,77.692933,4.862
302.0,veh_016,car,12.930737,77.644721,7.761
302.0,veh_017,bus,12.928594,77.641572,2.521
302.0,veh_018,car,12.924608,77.635962,7.8
302.0,veh_019,bus,12.92977,77.64334,4.704
302.0,veh_020,car,12.942239,77.671161,5.033
302.0,veh_021,car,12.938854,77.661374,7.29
302.0,veh_022,car,12.920733,77.630434,6.166
302.0,veh_023,truck,12.938581,77.660618,3.351
302.0,veh_025,bus,12.934118,77.65032,6.069
302.0,veh_026,car,12.940499,77.666061,6.378
302.0,veh_027,motorcycle,12.932089,77.646986,10.456
302.0,veh_028,car,12.93902,77.66206,9.223
302.0,veh_029,car,12.946203,77.692034,3.987
302.0,veh_030,bus,12.935896,77.653544,3.63
302.0,veh_031,car,12.939792,77.663939,8.346
302.0,veh_033,car,12.94471,77.683279,8.644
302.0,veh_035,car,12.930293,77.643972,8.156
302.0,veh_036,motorcycle,12.941888,77.67019,15.389
302.0,veh_037,car,12.923695,77.63452,11.974
302.0,veh_038,motorcycle,12.943931,77.676077,11.248
302.0,veh_039,bus,12.939442,77.663196,5.594
302.0,veh_040,car,12.922624,77.632953,4.098
302.0,veh_041,motorcycle,12.927621,77.640141,13.346
302.0,veh_042,car,12.929864,77.643496,9.722
302.0,veh_043,car,12.921966,77.632259,10.03
302.0,veh_044,car,12.944991,77.685838,6.601
302.0,veh_045,car,12.9424,77.671679,6.629
302.0,veh_047,car,12.946047,77.690855,10.225
302.0,veh_049,bus,12.943614,77.675358,5.085
303.0,veh_000,car,12.944599,77.680486,9.325
303.0,veh_001,car,12.946575,77.693633,3.957
303.0,veh_002,car,12.921907,77.632246,7.996
303.0,veh_003,car,12.924391,77.635481,8.852
303.0,veh_004,car,12.937036,77.656259,5.293
303.0,veh_005,car,12.943826,77.676012,6.492
303.0,veh_006,car,12.931503,77.645977,6.803
303.0,veh_007,car,12.92939,77.642853,6.363
303.0,veh_008,car,12.941191,77.668143,5.85
303.0,veh_009,car,12.939964,77.664742,7.035
303.0,veh_010,bus,12.936425,77.654552,5.503
303.0,veh_011,motorcycle,12.938702,77.661231,10.618
303.0,veh_012,motorcycle,12.926184,77.638305,6.118
303.0,veh_013,car,12.944819,77.683852,8.898
303.0,veh_015,bus,12.946369,77.692924,3.737
303.0,veh_016,car,12.930805,77.644723,3.353
303.0,veh_017,bus,12.92867,77.641654,6.633
303.0,veh_018,car,12.924698,77.635958,6.186
303.0,veh_019,bus,12.929817,77.643503,4.657
303.0,veh_020,car,12.942182,77.671296,7.194
303.0,veh_021,car,12.938786,77.66134,5.807
303.0,veh_022,car,12.920775,77.630454,7.054
303.0,veh_023,truck,12.938603,77.660687,5.714
303.0,veh_025,bus,12.934144,77.650502,6.305
303.0,veh_026,car,12.940434,77.666135,11.714
303.0,veh_027,motorcycle,12.93228,77.647061,10.17
303.0,veh_028,car,12.939094,77.662172,9.1
303.0,veh_029,car,12.946259,77.692042,5.042
303.0,veh_030,bus,12.936011,77.653482,4.144
303.0,veh_031,car,12.939768,77.664034,8.113
303.0,veh_033,car,12.944651,77.683502,5.079
303.0,veh_035,car,12.930371,77.644145,9.281
303.0,veh_036,motorcycle,12.941921,77.670363,10.637
303.0,veh_037,car,12.923704,77.634622,7.016
303.0,veh_038,motorcycle,12.943914,77.676204,3.509
303.0,veh_039,bus,12.939426,77.663128,3.743
303.0,veh_040,car,12.922608,77.632928,4.854
303.0,veh_041,motorcycle,12.927742,77.640194,10.674
303.0,veh_042,car,12.929943,77.643522,6.388
303.0,veh_043,car,12.922065,77.632207,3.595
303.0,veh_044,car,12.944986,77.685987,9.414
303.0,veh_045,car,12.942383,77.671683,2.441
303.0,veh_047,car,12.946024,77.6909,7.616
303.0,veh_049,bus,12.943704,77.675455,4.066
304.0,veh_000,car,12.944464,77.680512,11.3
304.0,veh_001,car,12.946592,77.693629,8.508
304.0,veh_002,car,12.922088,77.63232,6.512
304.0,veh_003,car,12.924447,77.635519,5.966
304.0,veh_004,car,12.937049,77.65633,7.729
304.0,veh_005,car,12.94392,77.676087,7.104
304.0,veh_006,car,12.931592,77.646051,7.661
304.0,veh_007,car,12.929451,77.642839,6.037
304.0,veh_008,car,12.941259,77.668258,8.936
304.0,veh_009,car,12.940098,77.664867,3.027
304.0,veh_010,bus,12.936394,77.654536,3.404
304.0,veh_011,motorcycle,12.938781,77.661359,14.891
304.0,veh_012,motorcycle,12.926378,77.63833,10.779
304.0,veh_013,car,12.944704,77.684076,6.648
304.0,veh_015,bus,12.946512,77.693005,3.357
304.0,veh_016,car,12.930823,77.644823,8.277
304.0,veh_017,bus,12.928669,77.641655,4.759
304.0,veh_018,car,12.924707,77.636048,5.703
304.0,veh_019,bus,12.929846,77.643385,6.012
304.0,veh_020,car,12.942278,77.671376,8.397
304.0,veh_021,car,12.938799,77.661418,6.583
304.0,veh_022,car,12.920783,77.630562,8.023
304.0,veh_023,truck,12.93864,77.660739,1.498
304.0,veh_025,bus,12.934152,77.650517,2.141
304.0,veh_026,car,12.940455,77.666109,2.841
304.0,veh_027,motorcycle,12.93214,77.647116,8.38
304.0,veh_028,car,12.93905,77.662198,4.075
304.0,veh_029,car,12.946195,77.692219,3.627
304.0,veh_030,bus,12.935925,77.653514,4.163
304.0,veh_031,car,12.939752,77.664037,9.975
304.0,veh_033,car,12.944757,77.683443,11.082
304.0,veh_035,car,12.930248,77.644151,4.206
304.0,veh_036,motorcycle,12.941988,77.670511,8.173
304.0,veh_037,car,12.923607,77.634626,7.837
304.0,veh_038,motorcycle,12.943914,77.676238,0.1
304.0,veh_039,bus,12.939403,77.663196,3.412
304.0,veh_040,car,12.922539,77.633081,10.543
304.0,veh_041,motorcycle,12.927689,77.640333,11.235
304.0,veh_042,car,12.92993,77.643641,0.967
304.0,veh_043,car,12.922133,77.632321,4.433
304.0,veh_044,car,12.945037,77.685989,8.09
304.0,veh_045,car,12.942354,77.671655,4.573
304.0,veh_047,car,12.946103,77.690854,5.532
304.0,veh_049,bus,12.943646,77.675502,4.589
305.0,veh_000,car,12.944529,77.680517,0.1
305.0,veh_001,car,12.946641,77.693701,4.848
305.0,veh_002,car,12.922135,77.632299,6.286
305.0,veh_003,car,12.924421,77.635681,12.598
305.0,veh_004,car,12.93699,77.656347,3.697
305.0,veh_005,car,12.943898,77.676046,2.804
305.0,veh_006,car,12.931626,77.646101,10.813
305.0,veh_007,car,12.929383,77.642841,4.336
305.0,veh_008,car,12.941234,77.668203,3.33
305.0,veh_009,car,12.940045,77.664914,9.199
305.0,veh_010,bus,12.936512,77.654587,4.632
305.0,veh_011,motorcycle,12.938852,77.661304,11.213
305.0,veh_012,motorcycle,12.92644,77.638457,9.706
305.0,veh_013,car,12.944771,77.683959,3.88
305.0,veh_015,bus,12.946536,77.693096,5.719
305.0,veh_016,car,12.930856,77.644966,8.559
305.0,veh_017,bus,12.928622,77.641701,4.564
305.0,veh_018,car,12.924865,77.63615,11.532
305.0,veh_019,bus,12.929994,77.643449,6.365
305.0,veh_020,car,12.942251,77.6714,7.254
305.0,veh_021,car,12.938956,77.661513,7.75
305.0,veh_022,car,12.920784,77.630489,2.932
305.0,veh_023,truck,12.938634,77.660709,4.081
305.0,veh_025,bus,12.934178,77.650534,5.801
305.0,veh_026,car,12.940508,77.666205,5.057
305.0,veh_027,motorcycle,12.932357,77.647144,12.247
305.0,veh_028,car,12.939192,77.66227,9.128
305.0,veh_029,car,12.946254,77.692149,7.673
305.0,veh_030,bus,12.935962,77.653574,3.577
305.0,veh_031,car,12.939738,77.664029,0.1
305.0,veh_033,car,12.944847,77.68346,6.688
305.0,veh_035,car,12.93049,77.644221,5.498
305.0,veh_036,motorcycle,12.941951,77.67047,6.375
305.0,veh_037,car,12.923742,77.6347,5.645
305.0,veh_038,motorcycle,12.943875,77.676254,6.824
305.0,veh_039,bus,12.93944,77.663269,9.501
305.0,veh_040,car,12.922624,77.633054,5.019
305.0,veh_041,motorcycle,12.927698,77.640364,8.482
305.0,veh_042,car,12.929845,77.643595,1.257
305.0,veh_043,car,12.922039,77.632476,8.059
305.0,veh_044,car,12.94502,77.685903,3.976
305.0,veh_045,car,12.942463,77.671749,7.771
305.0,veh_047,car,12.946018,77.691079,3.587
305.0,veh_049,bus,12.943711,77.675654,6.09
306.0,veh_000,car,12.944496,77.68059,6.647
306.0,veh_001,car,12.946635,77.693734,7.738
306.0,veh_002,car,12.922156,77.632409,7.57
306.0,veh_003,car,12.924368,77.635658,7.205
306.0,veh_004,car,12.937075,77.656435,6.07
306.0,veh_005,car,12.943899,77.676085,7.471
306.0,veh_006,car,12.93169,77.646154,8.007
306.0,veh_007,car,12.929518,77.642901,1.337
306.0,veh_008,car,12.941236,77.668346,3.803
306.0,veh_009,car,12.940099,77.664957,9.469
306.0,veh_010,bus,12.936461,77.654604,5.306
306.0,veh_011,motorcycle,12.938862,77.661554,13.414
306.0,veh_012,motorcycle,12.926386,77.638394,7.876
306.0,veh_013,car,12.944835,77.683965,10.965
306.0,veh_015,bus,12.946382,77.693111,2.498
306.0,veh_016,car,12.930863,77.644801,2.03
306.0,veh_017,bus,12.928691,77.641647,4.319
306.0,veh_018,car,12.924784,77.636233,5.779
306.0,veh_019,bus,12.929965,77.643583,2.976
306.0,veh_020,car,12.942248,77.671619,8.924
306.0,veh_021,car,12.938917,77.66156,8.04
306.0,veh_022,car,12.920816,77.63055,3.039
306.0,veh_023,truck,12.93857,77.660807,2.603
306.0,veh_025,bus,12.934269,77.65059,3.339
306.0,veh_026,car,12.940469,77.666326,3.237
306.0,veh_027,motorcycle,12.932248,77.647262,9.342
306.0,veh_028,car,12.939154,77.662388,8.936
306.0,veh_029,car,12.946311,77.692267,4.12
306.0,veh_030,bus,12.935936,77.653641,6.822
306.0,veh_031,car,12.939792,77.664005,3.268
306.0,veh_033,car,12.944897,77.683578,6.594
306.0,veh_035,car,12.930431,77.64424,8.736
306.0,veh_036,motorcycle,12.94203,77.670522,2.396
306.0,veh_037,car,12.923837,77.634742,8.105
306.0,veh_038,motorcycle,12.944009,77.676329,7.706
306.0,veh_039,bus,12.939395,77.663202,3.12
306.0,veh_040,car,12.922646,77.633235,11.92
306.0,veh_041,motorcycle,12.927838,77.64041,8.112
306.0,veh_042,car,12.930086,77.643626,5.896
306.0,veh_043,car,12.922074,77.6325,8.491
306.0,veh_044,car,12.944993,77.686144,7.187
306.0,veh_045,car,12.942483,77.67179,4.473
306.0,veh_047,car,12.946029,77.691091,9.186
306.0,veh_049,bus,12.943785,77.675559,3.671
307.0,veh_000,car,12.944516,77.680655,6.988
307.0,veh_001,car,12.946571,77.693817,6.111
307.0,veh_002,car,12.922106,77.632324,5.038
307.0,veh_003,car,12.924468,77.635758,5.12
307.0,veh_004,car,12.93708,77.656497,8.69
307.0,veh_005,car,12.944029,77.676206,10.297
307.0,veh_006,car,12.931774,77.646202,5.108
307.0,veh_007,car,12.9295,77.64292,1.12
307.0,veh_008,car,12.941197,77.668304,2.392
307.0,veh_009,car,12.94017,77.66507,4.773
307.0,veh_010,bus,12.936456,77.654759,5.173
307.0,veh_011,motorcycle,12.938823,77.661621,8.424
307.0,veh_012,motorcycle,12.926444,77.638485,7.632
307.0,veh_013,car,12.944803,77.68416,5.449
307.0,veh_015,bus,12.946438,77.69313,4.061
307.0,veh_016,car,12.930997,77.644932,8.558
307.0,veh_017,bus,12.928657,77.641723,5.239
307.0,veh_018,car,12.924847,77.636186,3.34
307.0,veh_019,bus,12.929991,77.643572,5.983
307.0,veh_020,car,12.942244,77.671515,3.199
307.0,veh_021,car,12.938855,77.661648,6.274
307.0,veh_022,car,12.920783,77.630574,2.624
307.0,veh_023,truck,12.938691,77.660802,3.205
307.0,veh_025,bus,12.934272,77.650609,3.24
307.0,veh_026,car,12.940594,77.666233,3.819
307.0,veh_027,motorcycle,12.932375,77.647299,5.504
307.0,veh_028,car,12.939168,77.662325,4.406
307.0,veh_029,car,12.946352,77.692332,9.085
307.0,veh_030,bus,12.935934,77.65368,2.402
307.0,veh_031,car,12.939793,77.664129,5.976
307.0,veh_033,car,12.944806,77.683617,7.991
307.0,veh_035,car,12.930464,77.644276,13.355
307.0,veh_036,motorcycle,12.941979,77.670558,9.635
307.0,veh_037,car,12.923811,77.634729,9.693
307.0,veh_038,motorcycle,12.943937,77.676308,6.275
307.0,veh_039,bus,12.939522,77.663178,1.821
307.0,veh_040,car,12.922677,77.633165,7.715
307.0,veh_041,motorcycle,12.927788,77.640441,7.297
307.0,veh_042,car,12.930092,77.643723,7.966
307.0,veh_043,car,12.922094,77.632462,6.805
307.0,veh_044,car,12.945021,77.686182,7.731
307.0,veh_045,car,12.942429,77.671826,6.315
307.0,veh_047,car,12.94597,77.69121,8.873
307.0,veh_049,bus,12.943702,77.675655,3.809
308.0,veh_000,car,12.944509,77.680687,5.951
308.0,veh_001,car,12.946677,77.693885,5.778
308.0,veh_002,car,12.922093,77.632435,7.815
308.0,veh_003,car,12.924528,77.635693,5.27
308.0,veh_004,car,12.937154,77.65654,4.466
308.0,veh_005,car,12.943997,77.676238,6.867
308.0,veh_006,car,12.931747,77.646331,11.407
308.0,veh_007,car,12.929561,77.642823,5.036
308.0,veh_008,car,12.941226,77.6684,9.952
308.0,veh_009,car,12.940083,77.665055,5.373
308.0,veh_010,bus,12.936426,77.654794,4.031
308.0,veh_011,motorcycle,12.93894,77.661669,12.096
308.0,veh_012,motorcycle,12.926513,77.638665,12.639
308.0,veh_013,car,12.944768,77.684217,7.273
308.0,veh_015,bus,12.946452,77.693167,6.017
308.0,veh_016,car,12.930982,77.645065,10.657
308.0,veh_017,bus,12.928749,77.641719,5.66
308.0,veh_018,car,12.924882,77.636246,8.981
308.0,veh_019,bus,12.930042,77.643614,6.012
308.0,veh_020,car,12.942393,77.671568,2.964
308.0,veh_021,car,12.938987,77.661837,10.535
308.0,veh_022,car,12.920982,77.630604,8.247
308.0,veh_023,truck,12.93862,77.660858,4.329
308.0,veh_025,bus,12.934281,77.650699,4.544
308.0,veh_026,car,12.940524,77.666315,7.354
308.0,veh_027,motorcycle,12.932359,77.647357,4.619
308.0,veh_028,car,12.93907,77.662504,6.48
308.0,veh_029,car,12.946279,77.692391,6.515
308.0,veh_030,bus,12.936046,77.653653,6.693
308.0,veh_031,car,12.939764,77.664115,2.944
308.0,veh_033,car,12.944741,77.683635,3.867
308.0,veh_035,car,12.930576,77.64436,6.029
308.0,veh_036,motorcycle,12.942062,77.670587,8.384
308.0,veh_037,car,12.923813,77.634862,4.086
308.0,veh_038,motorcycle,12.944061,77.67635,6.559
308.0,veh_039,bus,12.939443,77.66331,3.622
308.0,veh_040,car,12.922723,77.633347,6.422
308.0,veh_041,motorcycle,12.927887,77.640466,7.953
308.0,veh_042,car,12.93005,77.643853,7.947
308.0,veh_043,car,12.922154,77.63262,7.654
308.0,veh_044,car,12.945057,77.686116,5.941
308.0,veh_045,car,12.942372,77.671947,6.417
308.0,veh_047,car,12.946016,77.691216,5.79
308.0,veh_049,bus,12.943712,77.675612,3.904
309.0,veh_000,car,12.94449,77.680815,13.06
309.0,veh_001,car,12.9466,77.693893,7.276
309.0,veh_002,car,12.922115,77.632502,6.958
309.0,veh_003,car,12.924514,77.635749,0.1
309.0,veh_004,car,12.937078,77.656648,11.397
309.0,veh_005,car,12.943991,77.676318,4.7
309.0,veh_006,car,12.931825,77.646406,7.339
309.0,veh_007,car,12.929552,77.64301,7.071
309.0,veh_008,car,12.941292,77.668375,3.681
309.0,veh_009,car,12.940183,77.665094,3.767
309.0,veh_010,bus,12.936488,77.654854,3.822
309.0,veh_011,motorcycle,12.938999,77.661752,8.198
309.0,veh_012,motorcycle,12.926605,77.638689,9.567
309.0,veh_013,car,12.944875,77.684312,8.581
309.0,veh_015,bus,12.94649,77.693214,4.813
309.0,veh_016,car,12.93097,77.645074,4.863
309.0,veh_017,bus,12.928764,77.641917,3.602
309.0,veh_018,car,12.924912,77.636422,9.5
309.0,veh_019,bus,12.93002,77.6437,5.16
309.0,veh_020,car,12.942387,77.671616,1.303
309.0,veh_021,car,12.938986,77.661818,9.621
309.0,veh_022,car,12.921003,77.63081,8.725
309.0,veh_023,truck,12.938635,77.660815,4.415
309.0,veh_025,bus,12.934326,77.650655,3.673
309.0,veh_026,car,12.940569,77.666353,10.344
309.0,veh_027,motorcycle,12.932326,77.64741,6.518
309.0,veh_028,car,12.939226,77.662466,6.143
309.0,veh_029,car,12.946403,77.692475,5.199
309.0,veh_030,bus,12.936092,77.653719,5.863
309.0,veh_031,car,12.939766,77.664226,6.018
309.0,veh_033,car,12.944768,77.683827,7.706
309.0,veh_035,car,12.930543,77.64435,6.661
309.0,veh_036,motorcycle,12.941959,77.670707,4.937
309.0,veh_037,car,12.923935,77.634948,14.729
309.0,veh_038,motorcycle,12.944065,77.676368,7.092
309.0,veh_039,bus,12.939501,77.663254,4.983
309.0,veh_040,car,12.922738,77.633319,5.084
309.0,veh_041,motorcycle,12.927868,77.640566,13.068
309.0,veh_042,car,12.93011,77.643757,4.518
309.0,veh_043,car,12.922242,77.632628,9.763
309.0,veh_044,car,12.94504,77.686291,5.892
309.0,veh_045,car,12.942542,77.672009,10.598
309.0,veh_047,car,12.946137,77.691237,4.859
309.0,veh_049,bus,12.943786,77.675738,3.178
310.0,veh_000,car,12.944482,77.680872,3.654
310.0,veh_001,car,12.946595,77.694011,4.333
310.0,veh_002,car,12.922232,77.632515,10.738
310.0,veh_003,car,12.924545,77.635951,11.484
310.0,veh_004,car,12.937215,77.656496,2.994
310.0,veh_005,car,12.944014,77.676401,12.498
310.0,veh_006,car,12.931926,77.646458,3.192
310.0,veh_007,car,12.929668,77.643049,7.519
310.0,veh_008,car,12.941263,77.668468,7.394
310.0,veh_009,car,12.940215,77.665274,8.864
310.0,veh_010,bus,12.936477,77.654875,3.818
310.0,veh_011,motorcycle,12.93897,77.661831,13.741
310.0,veh_012,motorcycle,12.926669,77.638732,8.618
310.0,veh_013,car,12.944898,77.684256,4.412
310.0,veh_015,bus,12.946506,77.693271,6.013
310.0,veh_016,car,12.931021,77.645187,5.809
310.0,veh_017,bus,12.928815,77.641935,3.05
310.0,veh_018,car,12.924987,77.636463,7.999
310.0,veh_019,bus,12.930094,77.643714,4.824
310.0,veh_020,car,12.942366,77.671674,9.156
310.0,veh_021,car,12.938977,77.661845,7.642
310.0,veh_022,car,12.921002,77.630802,8.686
310.0,veh_023,truck,12.938682,77.66095,3.654
310.0,veh_025,bus,12.934222,77.650719,4.295
310.0,veh_026,car,12.940643,77.666399,2.151
310.0,veh_027,motorcycle,12.932399,77.647487,6.119
310.0,veh_028,car,12.939167,77.66253,7.464
310.0,veh_029,car,12.946288,77.692542,7.027
310.0,veh_030,bus,12.936091,77.653762,4.393
310.0,veh_031,car,12.93975,77.664235,7.843
310.0,veh_033,car,12.944775,77.683781,8.973
310.0,veh_035,car,12.930508,77.644452,2.573
310.0,veh_036,motorcycle,12.942028,77.670744,8.344
310.0,veh_037,car,12.92403,77.635018,10.109
310.0,veh_038,motorcycle,12.944027,77.676513,7.132
310.0,veh_039,bus,12.939549,77.663405,4.88
310.0,veh_040,car,12.922793,77.633343,1.528
310.0,veh_041,motorcycle,12.928038,77.640731,12.104
310.0,veh_042,car,12.930175,77.64373,0.395
310.0,veh_043,car,12.922396,77.632712,6.524
310.0,veh_044,car,12.945115,77.686233,1.874
310.0,veh_045,car,12.942451,77.672054,5.499
310.0,veh_047,car,12.946118,77.691227,7.053
310.0,veh_049,bus,12.94384,77.675754,4.381
311.0,veh_000,car,12.944496,77.681029,10.036
311.0,veh_001,car,12.946674,77.694072,10.615
311.0,veh_002,car,12.922328,77.632598,4.694
311.0,veh_003,car,12.924618,77.635923,5.417
311.0,veh_004,car,12.937092,77.656709,5.921
311.0,veh_005,car,12.944092,77.676393,7.304
311.0,veh_006,car,12.931825,77.646428,5.184
311.0,veh_007,car,12.92968,77.643061,6.445
311.0,veh_008,car,12.941278,77.668495,8.86
311.0,veh_009,car,12.940229,77.665399,5.998
311.0,veh_010,bus,12.936443,77.654843,2.722
311.0,veh_011,motorcycle,12.939054,77.66197,7.08
311.0,veh_012,motorcycle,12.926557,77.638806,3.868
311.0,veh_013,car,12.944789,77.684348,2.325
311.0,veh_015,bus,12.94661,77.693366,3.818
311.0,veh_016,car,12.931047,77.645083,9.658
311.0,veh_017,bus,12.928923,77.642026,4.352
311.0,veh_018,car,12.924977,77.636402,5.419
311.0,veh_019,bus,12.9302,77.64374,4.432
311.0,veh_020,car,12.942382,77.671671,9.174
311.0,veh_021,car,12.938986,77.66193,4.807
311.0,veh_022,car,12.921012,77.630824,5.515
311.0,veh_023,truck,12.938701,77.660964,2.991
311.0,veh_025,bus,12.934324,77.65079,4.069
311.0,veh_026,car,12.9405,77.666449,4.122
311.0,veh_027,motorcycle,12.932479,77.647531,12.916
311.0,veh_028,car,12.93922,77.662658,6.711
311.0,veh_029,car,12.946299,77.692624,8.957
311.0,veh_030,bus,12.936157,77.653914,3.639
311.0,veh_031,car,12.93981,77.664346,7.981
311.0,veh_033,car,12.944854,77.683881,7.458
311.0,veh_035,car,12.930722,77.644461,5.631
311.0,veh_036,motorcycle,12.942097,77.670764,10.505
311.0,veh_037,car,12.924024,77.635123,8.957
311.0,veh_038,motorcycle,12.944019,77.676569,2.552
311.0,veh_039,bus,12.939562,77.663385,5.408
311.0,veh_040,car,12.922832,77.63345,10.556
311.0,veh_041,motorcycle,12.927914,77.640769,2.861
311.0,veh_042,car,12.930139,77.643791,5.195
311.0,veh_043,car,12.922383,77.632746,8.173
311.0,veh_044,car,12.945,77.686283,6.387
311.0,veh_045,car,12.9426,77.672105,7.117
311.0,veh_047,car,12.946113,77.691367,8.004
311.0,veh_049,bus,12.94372,77.675838,2.463
312.0,veh_000,car,12.944646,77.680947,4.982
312.0,veh_001,car,12.946704,77.694149,6.828
312.0,veh_002,car,12.922273,77.632624,1.297
312.0,veh_003,car,12.924587,77.635872,9.759
312.0,veh_004,car,12.937124,77.656713,5.521
312.0,veh_005,car,12.944001,77.676547,11.013
312.0,veh_006,car,12.931894,77.646419,3.217
312.0,veh_007,car,12.929617,77.643128,6.753
312.0,veh_008,car,12.941401,77.668702,6.063
312.0,veh_009,car,12.940222,77.665282,3.708
312.0,veh_010,bus,12.936463,77.654827,5.566
312.0,veh_011,motorcycle,12.938966,77.662035,5.672
312.0,veh_012,motorcycle,12.926697,77.638849,8.741
312.0,veh_013,car,12.944812,77.684405,5.543
312.0,veh_015,bus,12.946388,77.693421,4.042
312.0,veh_016,car,12.931066,77.645206,2.989
312.0,veh_017,bus,12.928807,77.641895,2.37
312.0,veh_018,car,12.925042,77.636485,0.1
312.0,veh_019,bus,12.930115,77.643704,1.997
312.0,veh_020,car,12.942372,77.671711,6.881
312.0,veh_021,car,12.939052,77.662045,6.173
312.0,veh_022,car,12.921013,77.630838,2.914
312.0,veh_023,truck,12.938711,77.661069,4.748
312.0,veh_025,bus,12.934385,77.650917,4.841
312.0,veh_026,car,12.940578,77.666428,2.471
312.0,veh_027,motorcycle,12.932488,77.647624,5.156
312.0,veh_028,car,12.939236,77.66273,6.446
312.0,veh_029,car,12.946366,77.692631,3.509
312.0,veh_030,bus,12.936116,77.653911,4.675
312.0,veh_031,car,12.939911,77.664326,1.224
312.0,veh_033,car,12.944688,77.683896,3.475
312.0,veh_035,car,12.930698,77.644551,5.372
312.0,veh_036,motorcycle,12.942111,77.670873,4.777
312.0,veh_037,car,12.924019,77.635196,5.018
312.0,veh_038,motorcycle,12.944092,77.676722,10.762
312.0,veh_039,bus,12.939535,77.663542,2.948
312.0,veh_040,car,12.922884,77.633446,9.406
312.0,veh_041,motorcycle,12.928094,77.64078,11.965
312.0,veh_042,car,12.930188,77.643862,6.906
312.0,veh_043,car,12.922355,77.632883,7.159
312.0,veh_044,car,12.945133,77.686408,6.755
312.0,veh_045,car,12.942586,77.672212,6.265
312.0,veh_047,car,12.946042,77.691417,10.287
312.0,veh_049,bus,12.943839,77.675808,3.76
313.0,veh_000,car,12.944643,77.681113,8.436
313.0,veh_001,car,12.946676,77.694241,7.358
313.0,veh_002,car,12.922353,77.632806,10.265
313.0,veh_003,car,12.924652,77.63606,10.195
313.0,veh_004,car,12.937118,77.656796,5.998
313.0,veh_005,car,12.944079,77.676671,7.242
313.0,veh_006,car,12.931861,77.646488,7.163
313.0,veh_007,car,12.929738,77.643106,5.506
313.0,veh_008,car,12.941334,77.668606,9.81
313.0,veh_009,car,12.940143,77.665321,5.881
313.0,veh_010,bus,12.936615,77.654962,3.045
313.0,veh_011,motorcycle,12.939061,77.662044,6.88
313.0,veh_012,motorcycle,12.926703,77.638835,0.539
313.0,veh_013,car,12.944848,77.684406,5.273
313.0,veh_015,bus,12.946425,77.693414,4.076
313.0,veh_016,car,12.931087,77.645178,3.573
313.0,veh_017,bus,12.928898,77.641982,7.253
313.0,veh_018,car,12.925082,77.636535,7.842
313.0,veh_019,bus,12.930112,77.643805,6.446
313.0,veh_020,car,12.942428,77.671759,6.974
313.0,veh_021,car,12.939128,77.662023,7.891
313.0,veh_022,car,12.920995,77.630844,10.59
313.0,veh_023,truck,12.938654,77.66102,3.708
313.0,veh_025,bus,12.934388,77.650824,2.067
313.0,veh_026,car,12.940651,77.666634,9.598
313.0,veh_027,motorcycle,12.932456,77.647691,13.974
313.0,veh_028,car,12.939274,77.662694,6.988
313.0,veh_029,car,12.946384,77.692747,8.068
313.0,veh_030,bus,12.936191,77.653969,3.327
313.0,veh_031,car,12.939961,77.664388,8.356
313.0,veh_033,car,12.944837,77.683956,6.325
313.0,veh_035,car,12.930626,77.644616,8.36
313.0,veh_036,motorcycle,12.942101,77.670949,7.465
313.0,veh_037,car,12.92409,77.635131,4.04
313.0,veh_038,motorcycle,12.944112,77.676757,5.744
313.0,veh_039,bus,12.939534,77.663485,6.426
313.0,veh_040,car,12.92298,77.633508,9.372
313.0,veh_041,motorcycle,12.92808,77.640817,7.505
313.0,veh_042,car,12.930134,77.644003,8.903
313.0,veh_043,car,12.922354,77.632819,0.1
313.0,veh_044,car,12.945075,77.686439,7.652
313.0,veh_045,car,12.942573,77.672231,9.879
313.0,veh_047,car,12.946164,77.691511,3.192
313.0,veh_049,bus,12.943798,77.675957,6.561
314.0,veh_000,car,12.94455,77.681154,6.11
314.0,veh_001,car,12.946725,77.694258,6.569
314.0,veh_002,car,12.922283,77.632756,3.488
314.0,veh_003,car,12.924735,77.636024,2.541
314.0,veh_004,car,12.937295,77.656824,10.595
314.0,veh_005,car,12.944218,77.676758,6.565
314.0,veh_006,car,12.931916,77.64652,8.952
314.0,veh_007,car,12.929692,77.643275,10.562
314.0,veh_008,car,12.941352,77.66865,2.296
314.0,veh_009,car,12.94025,77.665385,6.612
314.0,veh_010,bus,12.936545,77.654974,6.406
314.0,veh_011,motorcycle,12.939036,77.662185,8.278
314.0,veh_012,motorcycle,12.926689,77.638883,6.203
314.0,veh_013,car,12.944895,77.684415,4.389
314.0,veh_015,bus,12.946494,77.693393,4.739
314.0,veh_016,car,12.931115,77.645265,5.705
314.0,veh_017,bus,12.928705,77.642035,3.674
314.0,veh_018,car,12.925128,77.636616,8.868
314.0,veh_019,bus,12.930177,77.643802,0.3
314.0,veh_020,car,12.942436,77.671817,4.51
314.0,veh_021,car,12.939095,77.662124,7.943
314.0,veh_022,car,12.921037,77.630907,3.517
314.0,veh_023,truck,12.938699,77.661078,4.063
314.0,veh_025,bus,12.934405,77.650831,5.123
314.0,veh_026,car,12.940656,77.666629,5.134
314.0,veh_027,motorcycle,12.932678,77.647717,6.854
314.0,veh_028,car,12.939261,77.662751,7.722
314.0,veh_029,car,12.946469,77.692768,6.408
314.0,veh_030,bus,12.936137,77.653802,4.673
314.0,veh_031,car,12.939994,77.664531,11.752
314.0,veh_033,car,12.944822,77.68405,0.934
314.0,veh_035,car,12.930665,77.644561,4.849
314.0,veh_036,motorcycle,12.942048,77.670919,3.664
314.0,veh_037,car,12.92418,77.635177,3.48
314.0,veh_038,motorcycle,12.944177,77.676782,12.838
314.0,veh_039,bus,12.939577,77.663553,5.875
314.0,veh_040,car,12.922974,77.633608,4.383
314.0,veh_041,motorcycle,12.928106,77.640958,7.244
314.0,veh_042,car,12.930178,77.643971,2.379
314.0,veh_043,car,12.922461,77.632783,6.935
314.0,veh_044,car,12.945067,77.686539,10.267
314.0,veh_045,car,12.94263,77.672214,7.81
314.0,veh_047,car,12.946242,77.69168,12.484
314.0,veh_049,bus,12.943787,77.675873,3.895
315.0,veh_000,car,12.944626,77.681245,3.305
315.0,veh_001,car,12.946721,77.694228,5.365
315.0,veh_002,car,12.922312,77.63271,4.595
315.0,veh_003,car,12.924754,77.636056,3.606
315.0,veh_004,car,12.937256,77.656859,5.475
315.0,veh_005,car,12.944059,77.676713,8.131
315.0,veh_006,car,12.931896,77.646616,6.541
315.0,veh_007,car,12.929703,77.64327,4.539
315.0,veh_008,car,12.941388,77.668718,5.966
315.0,veh_009,car,12.940226,77.6654,5.266
315.0,veh_010,bus,12.936652,77.654981,5.744
315.0,veh_011,motorcycle,12.939033,77.662224,10.616
315.0,veh_012,motorcycle,12.926759,77.638942,10.237
315.0,veh_013,car,12.944839,77.684556,7.992
315.0,veh_015,bus,12.946524,77.69347,4.386
315.0,veh_016,car,12.931179,77.645195,4.211
315.0,veh_017,bus,12.928961,77.642014,5.775
315.0,veh_018,car,12.925068,77.636647,8.395
315.0,veh_019,bus,12.930103,77.643775,3.067
315.0,veh_020,car,12.942393,77.671806,3.055
315.0,veh_021,car,12.939074,77.662065,1.367
315.0,veh_022,car,12.921057,77.631033,9.333
315.0,veh_023,truck,12.938808,77.661065,5.966
315.0,veh_025,bus,12.934345,77.6509,3.403
315.0,veh_026,car,12.940642,77.666731,7.102
315.0,veh_027,motorcycle,12.932706,77.647793,10.345
315.0,veh_028,car,12.93937,77.662805,5.903
315.0,veh_029,car,12.946468,77.69276,2.274
315.0,veh_030,bus,12.9362,77.653928,3.871
315.0,veh_031,car,12.939906,77.664464,7.513
315.0,veh_033,car,12.944834,77.683979,4.559
315.0,veh_035,car,12.930737,77.644704,8.605
315.0,veh_036,motorcycle,12.942151,77.671144,13.289
315.0,veh_037,car,12.924207,77.635263,8.288
315.0,veh_038,motorcycle,12.944053,77.676955,10.364
315.0,veh_039,bus,12.939592,77.663585,2.637
315.0,veh_040,car,12.922973,77.633687,11.267
315.0,veh_041,motorcycle,12.928229,77.641025,13.671
315.0,veh_042,car,12.930267,77.643976,9.135
315.0,veh_043,car,12.922619,77.632917,10.26
315.0,veh_044,car,12.945202,77.686681,7.329
315.0,veh_045,car,12.942587,77.672281,8.665
315.0,veh_047,car,12.946114,77.691695,6.119
315.0,veh_049,bus,12.943942,77.675998,5.442
316.0,veh_000,car,12.94455,77.681176,5.32
316.0,veh_001,car,12.946739,77.694424,11.385
316.0,veh_002,car,12.922399,77.632762,3.572
316.0,veh_003,car,12.924698,77.636183,10.589
316.0,veh_004,car,12.937261,77.656884,5.682
316.0,veh_005,car,12.944183,77.676829,6.472
316.0,veh_006,car,12.932051,77.646675,7.399
316.0,veh_007,car,12.929771,77.64333,7.114
316.0,veh_008,car,12.941367,77.668779,6.305
316.0,veh_009,car,12.940263,77.665429,3.406
316.0,veh_010,bus,12.936596,77.655055,3.043
316.0,veh_011,motorcycle,12.939122,77.662201,3.578
316.0,veh_012,motorcycle,12.926757,77.639052,9.065
316.0,veh_013,car,12.944878,77.684673,12.027
316.0,veh_015,bus,12.946552,77.693598,4.762
316.0,veh_016,car,12.931183,77.645282,2.998
316.0,veh_017,bus,12.92892,77.642114,7.898
316.0,veh_018,car,12.92527,77.636739,3.18
316.0,veh_019,bus,12.930158,77.643767,3.632
316.0,veh_020,car,12.942488,77.671862,5.243
316.0,veh_021,car,12.939135,77.662133,7.569
316.0,veh_022,car,12.921177,77.630985,3.939
316.0,veh_023,truck,12.93879,77.661123,4.186
316.0,veh_025,bus,12.934401,77.650922,7.665
316.0,veh_026,car,12.940671,77.666626,5.531
316.0,veh_027,motorcycle,12.932643,77.647955,10.857
316.0,veh_028,car,12.939366,77.663001,8.927
316.0,veh_029,car,12.94634,77.692814,0.789
316.0,veh_030,bus,12.936191,77.653955,4.529
316.0,veh_031,car,12.939948,77.664706,9.38
316.0,veh_033,car,12.944791,77.684151,5.539
316.0,veh_035,car,12.930763,77.644663,6.764
316.0,veh_036,motorcycle,12.942144,77.671092,5.35
316.0,veh_037,car,12.924136,77.635355,8.121
316.0,veh_038,motorcycle,12.944158,77.676953,3.983
316.0,veh_039,bus,12.939609,77.663659,6.285
316.0,veh_040,car,12.923022,77.633756,2.657
316.0,veh_041,motorcycle,12.928365,77.641096,6.985
316.0,veh_042,car,12.930216,77.644052,4.882
316.0,veh_043,car,12.922517,77.632995,3.92
316.0,veh_044,car,12.945134,77.686654,3.76
316.0,veh_045,car,12.942678,77.672456,6.159
316.0,veh_047,car,12.946198,77.691748,7.933
316.0,veh_049,bus,12.943894,77.676038,5.768
317.0,veh_000,car,12.9446,77.681162,4.371
317.0,veh_001,car,12.946733,77.694405,7.387
317.0,veh_002,car,12.922369,77.632844,5.593
317.0,veh_003,car,12.924773,77.6362,6.627
317.0,veh_004,car,12.937271,77.657041,8.779
317.0,veh_005,car,12.944124,77.676816,3.47
317.0,veh_006,car,12.932044,77.64681,10.754
317.0,veh_007,car,12.929895,77.643281,8.172
317.0,veh_008,car,12.941339,77.668924,8.059
317.0,veh_009,car,12.940252,77.665457,7.409
317.0,veh_010,bus,12.936607,77.655087,3.1
317.0,veh_011,motorcycle,12.939266,77.662374,10.031
317.0,veh_012,motorcycle,12.926929,77.639079,8.462
317.0,veh_013,car,12.944903,77.684767,5.258
317.0,veh_015,bus,12.946648,77.693468,4.936
317.0,veh_016,car,12.931272,77.645235,2.351
317.0,veh_017,bus,12.929005,77.642174,7.519
317.0,veh_018,car,12.92515,77.636716,3.759
317.0,veh_019,bus,12.930173,77.643853,3.677
317.0,veh_020,car,12.942545,77.672019,7.978
317.0,veh_021,car,12.939201,77.662338,6.425
317.0,veh_022,car,12.921159,77.630989,5.261
317.0,veh_023,truck,12.938788,77.661184,3.209
317.0,veh_025,bus,12.934537,77.650918,5.3
317.0,veh_026,car,12.940714,77.66671,5.882
317.0,veh_027,motorcycle,12.932755,77.64796,5.019
317.0,veh_028,car,12.93936,77.662979,5.858
317.0,veh_029,car,12.946357,77.692854,5.491
317.0,veh_030,bus,12.936241,77.65399,4.45
317.0,veh_031,car,12.940049,77.664748,6.015
317.0,veh_033,car,12.944836,77.684076,5.42
317.0,veh_035,car,12.930807,77.644819,4.99
317.0,veh_036,motorcycle,12.942259,77.671235,0.651
317.0,veh_037,car,12.924267,77.635328,4.766
317.0,veh_038,motorcycle,12.944185,77.677015,14.333
317.0,veh_039,bus,12.939661,77.66366,5.109
317.0,veh_040,car,12.923092,77.633678,2.595
317.0,veh_041,motorcycle,12.928301,77.641064,7.773
317.0,veh_042,car,12.930331,77.644149,12.014
317.0,veh_043,car,12.922581,77.632943,4.196
317.0,veh_044,car,12.945157,77.686609,2.453
317.0,veh_045,car,12.942726,77.672503,11.82
317.0,veh_047,car,12.946225,77.691785,5.612
317.0,veh_049,bus,12.943903,77.676043,2.78
318.0,veh_000,car,12.944554,77.681366,4.621
318.0,veh_001,car,12.946792,77.694456,5.516
318.0,veh_002,car,12.922452,77.632847,6.275
318.0,veh_003,car,12.924827,77.636288,3.359
318.0,veh_004,car,12.937296,77.657118,9.529
318.0,veh_005,car,12.944126,77.676857,3.196
318.0,veh_006,car,12.932193,77.646891,10.837
318.0,veh_007,car,12.929916,77.643379,12.875
318.0,veh_008,car,12.94143,77.669009,9.943
318.0,veh_009,car,12.940211,77.66559,5.225
318.0,veh_010,bus,12.936575,77.655114,7.289
318.0,veh_011,motorcycle,12.939232,77.66248,13.286
318.0,veh_012,motorcycle,12.926867,77.63919,9.504
318.0,veh_013,car,12.944917,77.684635,1.886
318.0,veh_015,bus,12.946558,77.693623,2.453
318.0,veh_016,car,12.931248,77.645365,7.654
318.0,veh_017,bus,12.928985,77.642203,4.029
318.0,veh_018,car,12.925283,77.636768,5.863
318.0,veh_019,bus,12.930171,77.643897,3.274
318.0,veh_020,car,12.942505,77.672104,2.489
318.0,veh_021,car,12.939093,77.662229,2.682
318.0,veh_022,car,12.921169,77.631151,8.439
318.0,veh_023,truck,12.938748,77.661287,2.913
318.0,veh_025,bus,12.93446,77.65109,5.826
318.0,veh_026,car,12.940711,77.666914,9.711
318.0,veh_027,motorcycle,12.932734,77.647992,9.01
318.0,veh_028,car,12.939408,77.663077,9.847
318.0,veh_029,car,12.946481,77.692846,8.155
318.0,veh_030,bus,12.936228,77.653998,5.32
318.0,veh_031,car,12.94004,77.664778,7.828
318.0,veh_033,car,12.944873,77.684226,5.19
318.0,veh_035,car,12.930884,77.644887,3.609
318.0,veh_036,motorcycle,12.942294,77.671184,5.852
318.0,veh_037,car,12.92426,77.635432,7.091
318.0,veh_038,motorcycle,12.944248,77.677062,5.409
318.0,veh_039,bus,12.939644,77.663749,5.882
318.0,veh_040,car,12.923022,77.633884,8.938
318.0,veh_041,motorcycle,12.928298,77.641189,10.493
318.0,veh_042,car,12.930512,77.644313,7.404
318.0,veh_043,car,12.922561,77.63308,10.536
318.0,veh_044,car,12.945214,77.686755,11.295
318.0,veh_045,car,12.942691,77.672616,11.209
318.0,veh_047,car,12.946244,77.691796,7.175
318.0,veh_049,bus,12.943837,77.676083,4.764
319.0,veh_000,car,12.944635,77.681329,3.381
319.0,veh_001,car,12.946763,77.694526,6.277
319.0,veh_002,car,12.922564,77.6329,7.288
319.0,veh_003,car,12.924831,77.636313,2.456
319.0,veh_004,car,12.937294,77.657194,9.107
319.0,veh_005,car,12.944202,77.677029,4.68
319.0,veh_006,car,12.932108,77.646895,8.551
319.0,veh_007,car,12.929982,77.643619,10.425
319.0,veh_008,car,12.941537,77.669021,7.524
319.0,veh_009,car,12.940304,77.665541,4.233
319.0,veh_010,bus,12.936646,77.655136,1.323
319.0,veh_011,motorcycle,12.939192,77.662552,8.253
319.0,veh_012,motorcycle,12.92697,77.639212,8.838
319.0,veh_013,car,12.944927,77.684864,7.893
319.0,veh_015,bus,12.946545,77.693529,5.147
319.0,veh_016,car,12.931122,77.645355,5.049
319.0,veh_017,bus,12.929147,77.642274,5.356
319.0,veh_018,car,12.925148,77.636706,3.876
319.0,veh_019,bus,12.930088,77.643911,4.197
319.0,veh_020,car,12.942524,77.672062,7.701
319.0,veh_021,car,12.939109,77.662425,6.358
319.0,veh_022,car,12.921262,77.6312,5.561
319.0,veh_023,truck,12.938728,77.661242,2.302
319.0,veh_025,bus,12.934454,77.651119,6.759
319.0,veh_026,car,12.940706,77.66688,2.573
319.0,veh_027,motorcycle,12.932758,77.648115,7.403
319.0,veh_028,car,12.939395,77.663183,10.959
319.0,veh_029,car,12.946525,77.692963,9.673
319.0,veh_030,bus,12.936234,77.654178,7.161
319.0,veh_031,car,12.940115,77.664872,8.138
319.0,veh_033,car,12.944868,77.684219,9.455
319.0,veh_035,car,12.930858,77.644808,2.318
319.0,veh_036,motorcycle,12.942229,77.671235,9.393
319.0,veh_037,car,12.92424,77.635406,7.766
319.0,veh_038,motorcycle,12.944168,77.677144,6.78
319.0,veh_039,bus,12.939739,77.663805,7.368
319.0,veh_040,car,12.923181,77.633955,11.677
319.0,veh_041,motorcycle,12.928328,77.641299,5.818
319.0,veh_042,car,12.93046,77.644217,8.039
319.0,veh_043,car,12.922584,77.633074,5.719
319.0,veh_044,car,12.945124,77.686832,13.041
319.0,veh_045,car,12.942722,77.672624,6.383
319.0,veh_047,car,12.946164,77.691967,5.544
319.0,veh_049,bus,12.943863,77.676047,3.577
320.0,veh_000,car,12.944684,77.681383,2.486
320.0,veh_001,car,12.946765,77.694584,4.972
320.0,veh_002,car,12.92253,77.632932,3.756
320.0,veh_003,car,12.92483,77.63632,7.272
320.0,veh_004,car,12.937303,77.657272,5.752
320.0,veh_005,car,12.944207,77.676941,7.093
320.0,veh_006,car,12.932133,77.646902,7.139
320.0,veh_007,car,12.930014,77.643616,9.266
320.0,veh_008,car,12.941397,77.669135,4.975
320.0,veh_009,car,12.940173,77.665697,4.567
320.0,veh_010,bus,12.936616,77.655278,4.364
320.0,veh_011,motorcycle,12.939208,77.662539,8.791
320.0,veh_012,motorcycle,12.927073,77.63928,12.095
320.0,veh_013,car,12.944911,77.684872,4.158
320.0,veh_015,bus,12.946673,77.69361,2.0
320.0,veh_016,car,12.93127,77.645432,4.165
320.0,veh_017,bus,12.929052,77.642292,4.318
320.0,veh_018,car,12.92516,77.636783,6.17
320.0,veh_019,bus,12.930162,77.643984,3.552
320.0,veh_020,car,12.942535,77.672278,8.713
320.0,veh_021,car,12.939169,77.662366,5.552
320.0,veh_022,car,12.921301,77.631203,4.988
320.0,veh_023,truck,12.938775,77.661302,4.313
320.0,veh_025,bus,12.934561,77.651202,5.803
320.0,veh_026,car,12.940738,77.666984,8.894
320.0,veh_027,motorcycle,12.93272,77.648158,6.636
320.0,veh_028,car,12.939529,77.663263,8.298
320.0,veh_029,car,12.946431,77.692995,3.77
320.0,veh_030,bus,12.936264,77.654083,2.987
320.0,veh_031,car,12.940034,77.664848,5.368
320.0,veh_033,car,12.944829,77.684426,11.566
320.0,veh_035,car,12.930725,77.644906,1.054
320.0,veh_036,motorcycle,12.942248,77.671272,4.759
320.0,veh_037,car,12.924295,77.635379,11.96
320.0,veh_038,motorcycle,12.944243,77.677288,13.945
320.0,veh_039,bus,12.939644,77.663839,2.92
320.0,veh_040,car,12.923197,77.633929,5.352
320.0,veh_041,motorcycle,12.928433,77.641274,1.899
320.0,veh_042,car,12.930541,77.644275,3.546
320.0,veh_043,car,12.922644,77.633179,5.994
320.0,veh_044,car,12.945158,77.686973,9.728
320.0,veh_045,car,12.942712,77.67279,9.93
320.0,veh_047,car,12.946259,77.691905,4.791
320.0,veh_049,bus,12.943896,77.676163,4.517
321.0,veh_000,car,12.944576,77.681335,4.252
321.0,veh_001,car,12.94682,77.694631,5.877
321.0,veh_002,car,12.922506,77.633156,8.218
321.0,veh_003,car,12.924924,77.636358,7.115
321.0,veh_004,car,12.937286,77.657298,6.652
321.0,veh_005,car,12.944152,77.67701,6.63
321.0,veh_006,car,12.932282,77.647065,9.569
321.0,veh_007,car,12.92998,77.643767,12.735
321.0,veh_008,car,12.941475,77.669166,8.915
321.0,veh_009,car,12.940315,77.665875,11.388
321.0,veh_010,bus,12.936642,77.655324,7.82
321.0,veh_011,motorcycle,12.939293,77.662654,10.554
321.0,veh_012,motorcycle,12.927046,77.639392,5.786
321.0,veh_013,car,12.944926,77.684852,4.375
321.0,veh_015,bus,12.946598,77.693715,4.971
321.0,veh_016,car,12.931226,77.645494,12.61
321.0,veh_017,bus,12.929092,77.642276,4.973
321.0,veh_018,car,12.925341,77.636757,5.632
321.0,veh_019,bus,12.930316,77.643951,6.26
321.0,veh_020,car,12.942615,77.672186,2.041
321.0,veh_021,car,12.939174,77.662375,5.252
321.0,veh_022,car,12.921358,77.631412,13.615
321.0,veh_023,truck,12.938882,77.661232,2.938
321.0,veh_025,bus,12.934565,77.651133,4.356
321.0,veh_026,car,12.940872,77.666993,5.629
321.0,veh_027,motorcycle,12.932857,77.648112,9.497
321.0,veh_028,car,12.939418,77.663303,6.016
321.0,veh_029,car,12.946501,77.6931,7.259
321.0,veh_030,bus,12.936303,77.654275,7.151
321.0,veh_031,car,12.93997,77.665048,7.149
321.0,veh_033,car,12.944855,77.684475,7.326
321.0,veh_035,car,12.930834,77.644949,4.7
321.0,veh_036,motorcycle,12.942251,77.671507,11.475
321.0,veh_037,car,12.924351,77.635625,9.598
321.0,veh_038,motorcycle,12.944223,77.677328,14.324
321.0,veh_039,bus,12.939727,77.663857,5.236
321.0,veh_040,car,12.923168,77.63393,4.212
321.0,veh_041,motorcycle,12.928404,77.641365,10.843
321.0,veh_042,car,12.930489,77.644301,7.144
321.0,veh_043,car,12.922634,77.63328,9.191
321.0,veh_044,car,12.945207,77.687052,8.444
321.0,veh_045,car,12.942788,77.672831,6.41
321.0,veh_047,car,12.946262,77.691949,8.935
321.0,veh_049,bus,12.943969,77.676173,4.957
322.0,veh_000,car,12.944509,77.681447,6.464
322.0,veh_001,car,12.946822,77.694647,6.223
322.0,veh_002,car,12.922539,77.633043,5.922
322.0,veh_003,car,12.92502,77.636434,6.224
322.0,veh_004,car,12.937398,77.657341,6.659
322.0,veh_005,car,12.944187,77.676963,6.038
322.0,veh_006,car,12.932234,77.647068,7.963
322.0,veh_007,car,12.930125,77.643749,8.095
322.0,veh_008,car,12.941575,77.66926,1.491
322.0,veh_009,car,12.940344,77.665829,7.751
322.0,veh_010,bus,12.936694,77.65522,7.638
322.0,veh_011,motorcycle,12.939359,77.662827,12.183
322.0,veh_012,motorcycle,12.927019,77.639401,5.438
322.0,veh_013,car,12.944873,77.684892,4.699
322.0,veh_015,bus,12.946634,77.6937,5.218
322.0,veh_016,car,12.931265,77.645619,5.478
322.0,veh_017,bus,12.92919,77.642343,5.142
322.0,veh_018,car,12.925227,77.63683,5.74
322.0,veh_019,bus,12.930226,77.643984,3.493
322.0,veh_020,car,12.942648,77.672211,6.838
322.0,veh_021,car,12.93923,77.662431,6.912
322.0,veh_022,car,12.921371,77.63135,3.495
322.0,veh_023,truck,12.938779,77.661363,3.3
322.0,veh_025,bus,12.934501,77.651158,4.05
322.0,veh_026,car,12.940815,77.667165,14.926
322.0,veh_027,motorcycle,12.932831,77.648313,7.852
322.0,veh_028,car,12.939566,77.663338,5.687
322.0,veh_029,car,12.94647,77.693132,9.248
322.0,veh_030,bus,12.936208,77.654307,6.046
322.0,veh_031,car,12.940106,77.664948,1.292
322.0,veh_033,car,12.944897,77.684496,8.155
322.0,veh_035,car,12.930954,77.644939,9.835
322.0,veh_036,motorcycle,12.942401,77.671585,8.785
322.0,veh_037,car,12.924381,77.635616,4.97
322.0,veh_038,motorcycle,12.944271,77.677401,0.1
322.0,veh_039,bus,12.939709,77.664032,4.915
322.0,veh_040,car,12.923344,77.63397,12.299
322.0,veh_041,motorcycle,12.928466,77.641375,7.877
322.0,veh_042,car,12.930519,77.644368,3.856
322.0,veh_043,car,12.922682,77.633326,3.067
322.0,veh_044,car,12.945293,77.687128,8.437
322.0,veh_045,car,12.942806,77.672984,5.406
322.0,veh_047,car,12.946288,77.692026,7.714
322.0,veh_049,bus,12.943918,77.676142,3.243
323.0,veh_000,car,12.944638,77.681512,6.967
323.0,veh_001,car,12.946855,77.69468,5.55
323.0,veh_002,car,12.922657,77.633122,7.727
323.0,veh_003,car,12.925057,77.636443,4.773
323.0,veh_004,car,12.937353,77.657404,3.15
323.0,veh_005,car,12.9442,77.677057,9.678
323.0,veh_006,car,12.932192,77.647192,1.563
323.0,veh_007,car,12.930124,77.643794,5.565
323.0,veh_008,car,12.941638,77.669239,5.882
323.0,veh_009,car,12.940383,77.665885,7.906
323.0,veh_010,bus,12.936727,77.655282,6.07
323.0,veh_011,motorcycle,12.939295,77.662786,3.099
323.0,veh_012,motorcycle,12.927046,77.639462,8.838
323.0,veh_013,car,12.944922,77.684947,7.161
323.0,veh_015,bus,12.946569,77.693761,4.767
323.0,veh_016,car,12.931304,77.645585,8.015
323.0,veh_017,bus,12.929075,77.642366,4.077
323.0,veh_018,car,12.925307,77.636891,6.408
323.0,veh_019,bus,12.930338,77.644045,4.785
323.0,veh_020,car,12.942601,77.672332,4.875
323.0,veh_021,car,12.939157,77.662439,3.95
323.0,veh_022,car,12.921452,77.631403,5.076
323.0,veh_023,truck,12.938759,77.6614,4.801
323.0,veh_025,bus,12.934611,77.651184,4.064
323.0,veh_026,car,12.940901,77.667175,10.557
323.0,veh_027,motorcycle,12.932965,77.648355,11.216
323.0,veh_028,car,12.939575,77.663455,10.668
323.0,veh_029,car,12.946497,77.693088,3.23
323.0,veh_030,bus,12.936266,77.654256,3.299
323.0,veh_031,car,12.940114,77.664974,6.839
323.0,veh_033,car,12.944812,77.684534,5.327
323.0,veh_035,car,12.930978,77.644952,10.554
323.0,veh_036,motorcycle,12.942336,77.671477,7.369
323.0,veh_037,car,12.924471,77.635681,5.39
323.0,veh_038,motorcycle,12.944231,77.677406,6.373
323.0,veh_039,bus,12.939705,77.663897,3.859
323.0,veh_040,car,12.923282,77.634074,5.833
323.0,veh_041,motorcycle,12.928537,77.641418,8.918
323.0,veh_042,car,12.930568,77.644484,4.618
323.0,veh_043,car,12.922775,77.633378,8.201
323.0,veh_044,car,12.945268,77.68721,5.98
323.0,veh_045,car,12.942821,77.672805,3.981
323.0,veh_047,car,12.946318,77.69218,9.248
323.0,veh_049,bus,12.943875,77.676251,3.548
324.0,veh_000,car,12.94464,77.681475,4.087
324.0,veh_001,car,12.94691,77.694704,9.07
324.0,veh_002,car,12.922659,77.633095,7.242
324.0,veh_003,car,12.924995,77.636494,4.016
324.0,veh_004,car,12.937417,77.65745,12.583
324.0,veh_005,car,12.944191,77.677193,5.628
324.0,veh_006,car,12.932368,77.64727,12.991
324.0,veh_007,car,12.930165,77.643773,6.111
324.0,veh_008,car,12.941536,77.669252,3.747
324.0,veh_009,car,12.94043,77.665939,6.702
324.0,veh_010,bus,12.936673,77.655329,3.465
324.0,veh_011,motorcycle,12.939212,77.662866,1.63
324.0,veh_012,motorcycle,12.927204,77.639631,12.47
324.0,veh_013,car,12.944939,77.685037,4.592
324.0,veh_015,bus,12.946674,77.693785,3.421
324.0,veh_016,car,12.931399,77.645621,6.602
324.0,veh_017,bus,12.929168,77.642349,4.282
324.0,veh_018,car,12.92538,77.637069,8.648
324.0,veh_019,bus,12.93037,77.644122,6.237
324.0,veh_020,car,12.94255,77.672338,9.772
324.0,veh_021,car,12.939242,77.662577,5.635
324.0,veh_022,car,12.921414,77.63146,5.642
324.0,veh_023,truck,12.938801,77.661388,3.953
324.0,veh_025,bus,12.934599,77.651166,2.895
324.0,veh_026,car,12.940874,77.667299,9.711
324.0,veh_027,motorcycle,12.932987,77.648507,13.74
324.0,veh_028,car,12.939461,77.663552,4.055
324.0,veh_029,car,12.946559,77.693282,5.362
324.0,veh_030,bus,12.936321,77.654299,2.037
324.0,veh_031,car,12.940106,77.665077,6.644
324.0,veh_033,car,12.944822,77.684685,9.59
324.0,veh_035,car,12.930945,77.645062,10.363
324.0,veh_036,motorcycle,12.94237,77.671654,15.862
324.0,veh_037,car,12.924583,77.635732,4.729
324.0,veh_038,motorcycle,12.944247,77.677481,6.651
324.0,veh_039,bus,12.939767,77.664005,5.066
324.0,veh_040,car,12.923384,77.634085,11.043
324.0,veh_041,motorcycle,12.928522,77.641536,7.526
324.0,veh_042,car,12.930488,77.644479,9.026
324.0,veh_043,car,12.922748,77.633329,6.81
324.0,veh_044,car,12.945248,77.687274,8.9
324.0,veh_045,car,12.94281,77.672931,10.432
324.0,veh_047,car,12.946287,77.692287,12.033
324.0,veh_049,bus,12.943905,77.676276,4.018
325.0,veh_000,car,12.944519,77.681538,4.834
325.0,veh_001,car,12.946947,77.694904,9.418
325.0,veh_002,car,12.922673,77.63326,6.737
325.0,veh_003,car,12.925102,77.636532,10.255
325.0,veh_004,car,12.937471,77.6575,2.351
325.0,veh_005,car,12.944245,77.67724,6.484
325.0,veh_006,car,12.932227,77.647285,7.681
325.0,veh_007,car,12.930227,77.643936,5.727
325.0,veh_008,car,12.941606,77.669268,3.884
325.0,veh_009,car,12.940465,77.666014,8.193
325.0,veh_010,bus,12.936705,77.655419,6.055
325.0,veh_011,motorcycle,12.939318,77.662748,0.1
325.0,veh_012,motorcycle,12.927177,77.639643,3.771
325.0,veh_013,car,12.944874,77.685127,6.95
325.0,veh_015,bus,12.946664,77.693865,6.085
325.0,veh_016,car,12.931419,77.645739,5.171
325.0,veh_017,bus,12.929181,77.64241,5.215
325.0,veh_018,car,12.925457,77.637033,7.316
325.0,veh_019,bus,12.930326,77.644071,4.426
325.0,veh_020,car,12.942699,77.672398,8.745
325.0,veh_021,car,12.939232,77.662619,4.795
325.0,veh_022,car,12.921427,77.63144,6.827
325.0,veh_023,truck,12.938801,77.661322,4.008
325.0,veh_025,bus,12.934601,77.651276,3.202
325.0,veh_026,car,12.940913,77.667392,8.431
325.0,veh_027,motorcycle,12.933072,77.648533,9.649
325.0,veh_028,car,12.939564,77.663516,5.55
325.0,veh_029,car,12.94656,77.693314,12.384
325.0,veh_030,bus,12.936183,77.65437,3.082
325.0,veh_031,car,12.940124,77.665029,3.521
325.0,veh_033,car,12.944813,77.684702,8.992
325.0,veh_035,car,12.93108,77.645154,7.871
325.0,veh_036,motorcycle,12.942379,77.671708,6.503
325.0,veh_037,car,12.924382,77.635829,3.534
325.0,veh_038,motorcycle,12.944232,77.677571,5.924
325.0,veh_039,bus,12.939737,77.664069,4.321
325.0,veh_040,car,12.923417,77.634116,5.533
325.0,veh_041,motorcycle,12.928583,77.641618,7.457
325.0,veh_042,car,12.930524,77.644519,7.812
325.0,veh_043,car,12.92287,77.633423,7.332
325.0,veh_044,car,12.94533,77.687409,3.852
325.0,veh_045,car,12.942909,77.673167,5.969
325.0,veh_047,car,12.946306,77.69229,3.868
325.0,veh_049,bus,12.943881,77.676303,4.444
326.0,veh_000,car,12.94454,77.681715,8.517
326.0,veh_001,car,12.946787,77.694947,0.1
326.0,veh_002,car,12.922737,77.633444,14.276
326.0,veh_003,car,12.925113,77.636662,12.348
326.0,veh_004,car,12.937457,77.657587,9.677
326.0,veh_005,car,12.944241,77.677278,4.277
326.0,veh_006,car,12.932401,77.647343,8.19
326.0,veh_007,car,12.930257,77.64396,13.183
326.0,veh_008,car,12.941493,77.66931,2.971
326.0,veh_009,car,12.940425,77.666121,10.293
326.0,veh_010,bus,12.936795,77.655448,4.158
326.0,veh_011,motorcycle,12.939333,77.66295,11.377
326.0,veh_012,motorcycle,12.927196,77.639664,7.172
326.0,veh_013,car,12.944832,77.685183,8.246
326.0,veh_015,bus,12.946637,77.693895,5.104
326.0,veh_016,car,12.931356,77.645836,8.206
326.0,veh_017,bus,12.929233,77.642426,5.019
326.0,veh_018,car,12.925398,77.637194,11.466
326.0,veh_019,bus,12.930398,77.644162,6.707
326.0,veh_020,car,12.942715,77.672494,6.346
326.0,veh_021,car,12.939263,77.662572,7.797
326.0,veh_022,car,12.921462,77.63146,2.837
326.0,veh_023,truck,12.938889,77.661385,3.442
326.0,veh_025,bus,12.934641,77.651342,6.836
326.0,veh_026,car,12.940935,77.667442,10.266
326.0,veh_027,motorcycle,12.932998,77.648632,4.807
326.0,veh_028,car,12.939509,77.663556,12.303
326.0,veh_029,car,12.946424,77.693322,2.502
326.0,veh_030,bus,12.936251,77.654359,3.09
326.0,veh_031,car,12.940135,77.66523,3.729
326.0,veh_033,car,12.94488,77.68485,6.206
326.0,veh_035,car,12.9312,77.645132,7.486
326.0,veh_036,motorcycle,12.942496,77.671869,9.526
326.0,veh_037,car,12.924544,77.635799,5.484
326.0,veh_038,motorcycle,12.944222,77.677502,3.236
326.0,veh_039,bus,12.939704,77.664047,3.874
326.0,veh_040,car,12.923425,77.634262,8.975
326.0,veh_041,motorcycle,12.928651,77.641725,12.033
326.0,veh_042,car,12.930598,77.644559,3.673
326.0,veh_043,car,12.922794,77.633446,6.249
326.0,veh_044,car,12.945264,77.6874,4.559
326.0,veh_045,car,12.942783,77.673078,2.226
326.0,veh_047,car,12.946289,77.692435,9.213
326.0,veh_049,bus,12.943971,77.676406,5.462
327.0,veh_000,car,12.944665,77.681734,8.322
327.0,veh_001,car,12.94693,77.694916,5.905
327.0,veh_002,car,12.922799,77.633417,4.772
327.0,veh_003,car,12.92514,77.636647,6.824
327.0,veh_004,car,12.93757,77.65771,8.628
327.0,veh_005,car,12.944163,77.677364,8.779
327.0,veh_006,car,12.932372,77.647401,3.078
327.0,veh_007,car,12.930317,77.643961,3.404
327.0,veh_008,car,12.941574,77.6693,11.725
327.0,veh_009,car,12.940507,77.666159,9.619
327.0,veh_010,bus,12.936747,77.655607,5.397
327.0,veh_011,motorcycle,12.939385,77.663029,10.456
327.0,veh_012,motorcycle,12.927351,77.639675,2.646
327.0,veh_013,car,12.944892,77.685149,6.632
327.0,veh_015,bus,12.946667,77.693912,4.878
327.0,veh_016,car,12.931509,77.645854,6.959
327.0,veh_017,bus,12.929138,77.642515,3.611
327.0,veh_018,car,12.925463,77.637257,11.504
327.0,veh_019,bus,12.930486,77.644202,4.75
327.0,veh_020,car,12.942776,77.672612,7.911
327.0,veh_021,car,12.939195,77.66276,8.976
327.0,veh_022,car,12.921466,77.631547,10.362
327.0,veh_023,truck,12.938867,77.661599,3.008
327.0,veh_025,bus,12.934734,77.651334,4.269
327.0,veh_026,car,12.941043,77.667412,2.7
327.0,veh_027,motorcycle,12.933209,77.648642,13.599
327.0,veh_028,car,12.939596,77.663654,7.705
327.0,veh_029,car,12.946467,77.693479,10.421
327.0,veh_030,bus,12.93624,77.65431,5.363
327.0,veh_031,car,12.94031,77.665316,7.424
327.0,veh_033,car,12.944863,77.684789,1.349
327.0,veh_035,car,12.931222,77.645249,7.135
327.0,veh_036,motorcycle,12.942554,77.671861,5.144
327.0,veh_037,car,12.924541,77.635823,6.549
327.0,veh_038,motorcycle,12.944337,77.677758,16.018
327.0,veh_039,bus,12.939835,77.66406,4.848
327.0,veh_040,car,12.923485,77.63431,6.071
327.0,veh_041,motorcycle,12.928702,77.641762,9.442
327.0,veh_042,car,12.930685,77.644678,7.733
327.0,veh_043,car,12.922894,77.633475,5.448
327.0,veh_044,car,12.945238,77.68745,9.703
327.0,veh_045,car,12.942849,77.673067,3.005
327.0,veh_047,car,12.946396,77.692474,5.553
327.0,veh_049,bus,12.94394,77.67639,2.355
328.0,veh_000,car,12.944632,77.681786,5.363
328.0,veh_001,car,12.947002,77.69494,7.759
328.0,veh_002,car,12.922856,77.633462,6.909
328.0,veh_003,car,12.925249,77.636759,9.092
328.0,veh_004,car,12.937613,77.657729,7.193
328.0,veh_005,car,12.944239,77.677423,7.282
328.0,veh_006,car,12.932429,77.647498,8.62
328.0,veh_007,car,12.930316,77.644097,9.784
328.0,veh_008,car,12.941494,77.669495,7.662
328.0,veh_009,car,12.940586,77.666218,9.361
328.0,veh_010,bus,12.936692,77.6556,3.132
328.0,veh_011,motorcycle,12.939435,77.663096,12.055
328.0,veh_012,motorcycle,12.927284,77.639686,4.914
328.0,veh_013,car,12.944919,77.685277,2.241
328.0,veh_015,bus,12.946599,77.693929,3.691
328.0,veh_016,car,12.931458,77.64578,1.824
328.0,veh_017,bus,12.929246,77.642444,5.21
328.0,veh_018,car,12.925571,77.637212,8.125
328.0,veh_019,bus,12.930463,77.644285,5.045
328.0,veh_020,car,12.942681,77.672535,3.563
328.0,veh_021,car,12.939252,77.662696,5.163
328.0,veh_022,car,12.921599,77.631664,10.005
328.0,veh_023,truck,12.938895,77.661547,4.928
328.0,veh_025,bus,12.93475,77.651482,3.919
328.0,veh_026,car,12.941038,77.66758,4.716
328.0,veh_027,motorcycle,12.93317,77.648694,2.932
328.0,veh_028,car,12.93967,77.663751,10.204
328.0,veh_029,car,12.946553,77.693531,10.359
328.0,veh_030,bus,12.936337,77.654399,5.479
328.0,veh_031,car,12.940162,77.665297,5.985
328.0,veh_033,car,12.944826,77.684816,3.381
328.0,veh_035,car,12.931157,77.645384,7.94
328.0,veh_036,motorcycle,12.942477,77.671996,7.751
328.0,veh_037,car,12.924633,77.635867,8.51
328.0,veh_038,motorcycle,12.944285,77.677841,11.107
328.0,veh_039,bus,12.939817,77.664114,5.031
328.0,veh_040,car,12.923539,77.634334,6.044
328.0,veh_041,motorcycle,12.92878,77.641774,6.825
328.0,veh_042,car,12.930776,77.644688,7.267
328.0,veh_043,car,12.922841,77.633528,3.755
328.0,veh_044,car,12.94531,77.687528,10.173
328.0,veh_045,car,12.942861,77.673117,8.903
328.0,veh_047,car,12.946346,77.692403,3.339
328.0,veh_049,bus,12.944114,77.67644,4.456
329.0,veh_000,car,12.944684,77.681796,4.432
329.0,veh_001,car,12.946947,77.694885,4.508
329.0,veh_002,car,12.922931,77.633438,8.308
329.0,veh_003,car,12.925156,77.636851,8.907
329.0,veh_004,car,12.937533,77.657672,10.618
329.0,veh_005,car,12.944164,77.67752,8.283
329.0,veh_006,car,12.93247,77.647431,7.021
329.0,veh_007,car,12.930379,77.644177,9.08
329.0,veh_008,car,12.941505,77.669503,3.082
329.0,veh_009,car,12.940553,77.66634,11.653
329.0,veh_010,bus,12.936691,77.655607,5.432
329.0,veh_011,motorcycle,12.939457,77.663214,7.651
329.0,veh_012,motorcycle,12.927412,77.639683,7.712
329.0,veh_013,car,12.944934,77.685303,10.338
329.0,veh_015,bus,12.946552,77.694063,5.117
329.0,veh_016,car,12.931572,77.645902,8.607
329.0,veh_017,bus,12.92933,77.642563,3.656
329.0,veh_018,car,12.925566,77.637309,5.687
329.0,veh_019,bus,12.930513,77.644166,5.1
329.0,veh_020,car,12.942706,77.672666,3.791
329.0,veh_021,car,12.939289,77.662903,7.047
329.0,veh_022,car,12.921544,77.631711,5.454
329.0,veh_023,truck,12.938858,77.661577,5.827
329.0,veh_025,bus,12.934665,77.651455,5.891
329.0,veh_026,car,12.940934,77.667529,3.354
329.0,veh_027,motorcycle,12.933159,77.648805,11.87
329.0,veh_028,car,12.939697,77.663893,5.974
329.0,veh_029,car,12.946707,77.6936,6.397
329.0,veh_030,bus,12.9363,77.654489,4.755
329.0,veh_031,car,12.940166,77.665288,9.206
329.0,veh_033,car,12.944846,77.684912,6.054
329.0,veh_035,car,12.931215,77.645379,6.747
329.0,veh_036,motorcycle,12.942561,77.671972,6.865
329.0,veh_037,car,12.92467,77.635952,9.935
329.0,veh_038,motorcycle,12.94429,77.677871,5.428
329.0,veh_039,bus,12.939859,77.664154,4.693
329.0,veh_040,car,12.923525,77.634409,8.696
329.0,veh_041,motorcycle,12.928767,77.641874,3.747
329.0,veh_042,car,12.930788,77.644711,4.998
329.0,veh_043,car,12.922922,77.633607,9.378
329.0,veh_044,car,12.945305,77.687655,11.875
329.0,veh_045,car,12.942869,77.673302,5.924
329.0,veh_047,car,12.946363,77.692487,6.03
329.0,veh_049,bus,12.944039,77.676494,3.938
330.0,veh_000,car,12.944637,77.681873,3.984
330.0,veh_001,car,12.947014,77.695127,6.199
330.0,veh_002,car,12.922941,77.633538,8.379
330.0,veh_003,car,12.925347,77.636836,8.63
330.0,veh_004,car,12.937517,77.657905,7.03
330.0,veh_005,car,12.944255,77.677596,7.559
330.0,veh_006,car,12.932524,77.647543,5.641
330.0,veh_007,car,12.930512,77.644252,9.718
330.0,veh_008,car,12.941686,77.669529,3.997
330.0,veh_009,car,12.940488,77.666337,7.015
330.0,veh_010,bus,12.936752,77.655663,4.058
330.0,veh_011,motorcycle,12.939528,77.663326,10.779
330.0,veh_012,motorcycle,12.927362,77.639754,7.58
330.0,veh_013,car,12.944918,77.685423,5.21
330.0,veh_015,bus,12.946706,77.694083,6.715
330.0,veh_016,car,12.931526,77.64588,7.998
330.0,veh_017,bus,12.929348,77.642581,5.712
330.0,veh_018,car,12.925722,77.637378,8.799
330.0,veh_019,bus,12.930503,77.644328,2.925
330.0,veh_020,car,12.94268,77.672732,9.045
330.0,veh_021,car,12.939432,77.662886,4.98
330.0,veh_022,car,12.921692,77.631735,8.583
330.0,veh_023,truck,12.938888,77.661624,4.673
330.0,veh_025,bus,12.934823,77.651529,5.375
330.0,veh_026,car,12.940958,77.66757,5.87
330.0,veh_027,motorcycle,12.933244,77.648884,9.066
330.0,veh_028,car,12.939747,77.663792,4.63
330.0,veh_029,car,12.946583,77.693704,3.233
330.0,veh_030,bus,12.936346,77.654514,3.511
330.0,veh_031,car,12.940314,77.66536,6.601
330.0,veh_033,car,12.944939,77.68502,8.289
330.0,veh_035,car,12.931234,77.645389,3.739
330.0,veh_036,motorcycle,12.942527,77.672175,14.237
330.0,veh_037,car,12.924651,77.635988,7.452
330.0,veh_038,motorcycle,12.944335,77.67797,10.892
330.0,veh_039,bus,12.939863,77.664192,3.535
330.0,veh_040,car,12.92357,77.634511,6.781
330.0,veh_041,motorcycle,12.928801,77.641895,13.238
330.0,veh_042,car,12.930809,77.644825,8.861
330.0,veh_043,car,12.923097,77.633678,7.679
330.0,veh_044,car,12.945324,77.687643,6.844
330.0,veh_045,car,12.942918,77.673296,7.073
330.0,veh_047,car,12.946397,77.692574,7.712
330.0,veh_049,bus,12.944035,77.676457,2.146
331.0,veh_000,car,12.944635,77.681917,14.509
331.0,veh_001,car,12.947048,77.695251,11.358
331.0,veh_002,car,12.922867,77.633512,8.836
331.0,veh_003,car,12.925445,77.636928,7.808
331.0,veh_004,car,12.937556,77.657909,3.797
331.0,veh_005,car,12.944245,77.677741,9.39
331.0,veh_006,car,12.932493,77.647548,5.037
331.0,veh_007,car,12.930507,77.644332,8.859
331.0,veh_008,car,12.941757,77.669629,7.41
331.0,veh_009,car,12.940462,77.666472,6.875
331.0,veh_010,bus,12.936753,77.655587,3.687
331.0,veh_011,motorcycle,12.939508,77.663372,10.723
331.0,veh_012,motorcycle,12.927365,77.639878,10.264
331.0,veh_013,car,12.944914,77.685504,6.089
331.0,veh_015,bus,12.94665,77.694096,6.283
331.0,veh_016,car,12.931608,77.646037,5.05
331.0,veh_017,bus,12.929292,77.642555,4.303
331.0,veh_018,car,12.925659,77.637381,6.276
331.0,veh_019,bus,12.930548,77.644395,5.272
331.0,veh_020,car,12.942777,77.672758,7.363
331.0,veh_021,car,12.939348,77.662835,4.697
331.0,veh_022,car,12.921771,77.631805,9.66
331.0,veh_023,truck,12.938957,77.661705,4.038
331.0,veh_025,bus,12.934759,77.651503,5.497
331.0,veh_026,car,12.941083,77.667582,5.791
331.0,veh_027,motorcycle,12.933276,77.648844,6.693
331.0,veh_028,car,12.9397,77.663848,9.653
331.0,veh_029,car,12.946613,77.693704,6.765
331.0,veh_030,bus,12.936377,77.654513,3.471
331.0,veh_031,car,12.940291,77.665313,8.29
331.0,veh_033,car,12.944957,77.684999,6.696
331.0,veh_035,car,12.93125,77.645492,10.896
331.0,veh_036,motorcycle,12.942536,77.672154,4.276
331.0,veh_037,car,12.924684,77.636012,7.256
331.0,veh_038,motorcycle,12.944347,77.678102,4.807
331.0,veh_039,bus,12.939818,77.664299,2.662
331.0,veh_040,car,12.923688,77.634503,10.495
331.0,veh_041,motorcycle,12.928835,77.641961,8.883
331.0,veh_042,car,12.930811,77.644919,5.19
331.0,veh_043,car,12.923104,77.63371,7.41
331.0,veh_044,car,12.945376,77.687649,5.661
331.0,veh_045,car,12.942937,77.673245,4.988
331.0,veh_047,car,12.946421,77.692766,9.143
331.0,veh_049,bus,12.944041,77.6765,4.605
332.0,veh_000,car,12.944621,77.682059,7.024
332.0,veh_001,car,12.947151,77.695133,6.638
332.0,veh_002,car,12.922972,77.633576,2.015
332.0,veh_003,car,12.925348,77.636935,9.849
332.0,veh_004,car,12.93763,77.657955,10.196
332.0,veh_005,car,12.944263,77.677674,4.295
332.0,veh_006,car,12.932588,77.647646,8.552
332.0,veh_007,car,12.930527,77.644406,10.492
332.0,veh_008,car,12.941713,77.669755,10.224
332.0,veh_009,car,12.940594,77.66647,4.531
332.0,veh_010,bus,12.936805,77.655743,4.979
332.0,veh_011,motorcycle,12.939521,77.663524,9.486
332.0,veh_012,motorcycle,12.927554,77.639945,7.77
332.0,veh_013,car,12.944975,77.685465,6.728
332.0,veh_015,bus,12.946761,77.694118,6.006
332.0,veh_016,car,12.931563,77.646084,5.693
332.0,veh_017,bus,12.929279,77.642605,4.14
332.0,veh_018,car,12.925752,77.637491,8.462
332.0,veh_019,bus,12.930488,77.644358,4.765
332.0,veh_020,car,12.942836,77.672827,8.565
332.0,veh_021,car,12.939423,77.663029,6.069
332.0,veh_022,car,12.921703,77.631888,1.624
332.0,veh_023,truck,12.938927,77.661845,4.0
332.0,veh_025,bus,12.934734,77.651567,4.28
332.0,veh_026,car,12.94105,77.667801,5.459
332.0,veh_027,motorcycle,12.933221,77.649055,11.097
332.0,veh_028,car,12.93969,77.663982,4.848
332.0,veh_029,car,12.946619,77.693722,4.003
332.0,veh_030,bus,12.936432,77.654656,4.206
332.0,veh_031,car,12.940241,77.665497,3.648
332.0,veh_033,car,12.944944,77.684997,1.605
332.0,veh_035,car,12.931319,77.645543,9.196
332.0,veh_036,motorcycle,12.942565,77.672398,13.675
332.0,veh_037,car,12.924759,77.636049,7.695
332.0,veh_038,motorcycle,12.944249,77.678069,7.933
332.0,veh_039,bus,12.939789,77.664245,4.353
332.0,veh_040,car,12.923697,77.634608,9.818
332.0,veh_041,motorcycle,12.928963,77.642026,5.235
332.0,veh_042,car,12.93078,77.644793,7.686
332.0,veh_043,car,12.923108,77.633708,7.848
332.0,veh_044,car,12.94533,77.687832,8.113
332.0,veh_045,car,12.942941,77.673406,0.1
332.0,veh_047,car,12.946386,77.692848,10.623
332.0,veh_049,bus,12.944071,77.676624,7.218
333.0,veh_000,car,12.944643,77.682165,4.963
333.0,veh_001,car,12.947036,77.695269,10.513
333.0,veh_002,car,12.92303,77.633679,1.333
333.0,veh_003,car,12.925468,77.63709,3.846
333.0,veh_004,car,12.937649,77.658092,5.299
333.0,veh_005,car,12.944318,77.677841,6.262
333.0,veh_006,car,12.932553,77.647624,2.285
333.0,veh_007,car,12.930574,77.644365,6.897
333.0,veh_008,car,12.94168,77.669661,5.489
333.0,veh_009,car,12.94059,77.666578,2.763
333.0,veh_010,bus,12.936833,77.655676,3.243
333.0,veh_011,motorcycle,12.939611,77.663591,7.224
333.0,veh_012,motorcycle,12.927573,77.640057,10.947
333.0,veh_013,car,12.94494,77.6856,9.756
333.0,veh_015,bus,12.946756,77.694182,6.041
333.0,veh_016,car,12.93158,77.64601,4.072
333.0,veh_017,bus,12.929353,77.642777,5.436
333.0,veh_018,car,12.92586,77.637596,13.774
333.0,veh_019,bus,12.930591,77.644392,5.791
333.0,veh_020,car,12.942873,77.672751,6.51
333.0,veh_021,car,12.939415,77.662953,1.219
333.0,veh_022,car,12.921871,77.631857,7.055
333.0,veh_023,truck,12.938948,77.661712,3.918
333.0,veh_025,bus,12.93479,77.651546,4.206
333.0,veh_026,car,12.941084,77.667766,11.056
333.0,veh_027,motorcycle,12.933331,77.649006,8.803
333.0,veh_028,car,12.93969,77.664001,8.698
333.0,veh_029,car,12.946548,77.693861,9.322
333.0,veh_030,bus,12.936494,77.654591,4.491
333.0,veh_031,car,12.940282,77.66548,5.067
333.0,veh_033,car,12.944952,77.685149,9.64
333.0,veh_035,car,12.931326,77.645628,5.165
333.0,veh_036,motorcycle,12.942683,77.672377,11.288
333.0,veh_037,car,12.924852,77.636176,4.716
333.0,veh_038,motorcycle,12.944259,77.678095,5.872
333.0,veh_039,bus,12.939894,77.6643,5.591
333.0,veh_040,car,12.923806,77.634685,9.242
333.0,veh_041,motorcycle,12.928847,77.642135,9.772
333.0,veh_042,car,12.930825,77.644908,5.166
333.0,veh_043,car,12.923131,77.63376,3.77
333.0,veh_044,car,12.945415,77.687948,5.147
333.0,veh_045,car,12.943027,77.673426,12.377
333.0,veh_047,car,12.946407,77.692897,10.868
333.0,veh_049,bus,12.944038,77.676586,3.808
334.0,veh_000,car,12.944599,77.682074,3.521
334.0,veh_001,car,12.947103,77.695384,9.947
334.0,veh_002,car,12.923096,77.633645,3.998
334.0,veh_003,car,12.92541,77.637126,7.867
334.0,veh_004,car,12.937583,77.658158,7.285
334.0,veh_005,car,12.944236,77.677672,7.425
334.0,veh_006,car,12.932614,77.647671,9.89
334.0,veh_007,car,12.93067,77.64448,11.844
334.0,veh_008,car,12.941768,77.66978,7.117
334.0,veh_009,car,12.940631,77.666564,5.869
334.0,veh_010,bus,12.936846,77.655715,2.287
334.0,veh_011,motorcycle,12.93958,77.663623,11.579
334.0,veh_012,motorcycle,12.927519,77.640149,9.628
334.0,veh_013,car,12.944968,77.685655,4.595
334.0,veh_015,bus,12.946807,77.694225,4.906
334.0,veh_016,car,12.931667,77.646169,5.634
334.0,veh_017,bus,12.929403,77.642735,6.75
334.0,veh_018,car,12.925909,77.637627,6.456
334.0,veh_019,bus,12.930613,77.644487,5.633
334.0,veh_020,car,12.942759,77.672902,6.611
334.0,veh_021,car,12.939383,77.66296,7.479
334.0,veh_022,car,12.921862,77.632011,8.79
334.0,veh_023,truck,12.938892,77.661727,5.409
334.0,veh_025,bus,12.934739,77.651654,5.791
334.0,veh_026,car,12.941041,77.667934,5.449
334.0,veh_027,motorcycle,12.93343,77.649255,13.682
334.0,veh_028,car,12.939844,77.664196,10.79
334.0,veh_029,car,12.946673,77.693772,6.396
334.0,veh_030,bus,12.936396,77.65469,4.632
334.0,veh_031,car,12.940278,77.66561,7.238
334.0,veh_033,car,12.945018,77.685219,3.334
334.0,veh_035,car,12.931308,77.645626,5.344
334.0,veh_036,motorcycle,12.942553,77.672419,8.462
334.0,veh_037,car,12.92475,77.636084,1.751
334.0,veh_038,motorcycle,12.944289,77.678278,12.037
334.0,veh_039,bus,12.939934,77.664397,2.323
334.0,veh_040,car,12.923746,77.634633,0.856
334.0,veh_041,motorcycle,12.929012,77.642099,5.593
334.0,veh_042,car,12.930927,77.645099,8.088
334.0,veh_043,car,12.923157,77.633915,9.418
334.0,veh_044,car,12.945483,77.687864,7.159
334.0,veh_045,car,12.943045,77.673478,8.838
334.0,veh_047,car,12.946464,77.693003,9.083
334.0,veh_049,bus,12.944105,77.676591,6.534
335.0,veh_000,car,12.944703,77.682227,6.199
335.0,veh_001,car,12.947122,77.695388,5.41
335.0,veh_002,car,12.923074,77.633743,10.464
335.0,veh_003,car,12.925552,77.637157,10.775
335.0,veh_004,car,12.937697,77.658137,7.566
335.0,veh_005,car,12.94423,77.677865,8.405
335.0,veh_006,car,12.932543,77.647808,3.336
335.0,veh_007,car,12.930682,77.644552,9.61
335.0,veh_008,car,12.941792,77.669811,7.268
335.0,veh_009,car,12.940635,77.666628,5.151
335.0,veh_010,bus,12.936829,77.655805,4.301
335.0,veh_011,motorcycle,12.939619,77.66357,6.174
335.0,veh_012,motorcycle,12.927583,77.640154,5.325
335.0,veh_013,car,12.945029,77.685741,12.477
335.0,veh_015,bus,12.946699,77.694226,3.295
335.0,veh_016,car,12.93175,77.646141,6.92
335.0,veh_017,bus,12.929388,77.642879,6.23
335.0,veh_018,car,12.925927,77.637701,4.732
335.0,veh_019,bus,12.930641,77.644581,5.203
335.0,veh_020,car,12.942827,77.673017,9.318
335.0,veh_021,car,12.939365,77.663172,3.688
335.0,veh_022,car,12.921838,77.632069,12.478
335.0,veh_023,truck,12.938962,77.661782,5.343
335.0,veh_025,bus,12.934909,77.651638,4.937
335.0,veh_026,car,12.941001,77.667837,8.711
335.0,veh_027,motorcycle,12.933609,77.649272,8.51
335.0,veh_028,car,12.939821,77.664125,3.703
335.0,veh_029,car,12.946611,77.69396,9.548
335.0,veh_030,bus,12.936378,77.65459,4.419
335.0,veh_031,car,12.940378,77.66568,4.994
335.0,veh_033,car,12.94486,77.685132,4.53
335.0,veh_035,car,12.931396,77.64572,11.754
335.0,veh_036,motorcycle,12.942659,77.672555,6.485
335.0,veh_037,car,12.924777,77.63608,3.805
335.0,veh_038,motorcycle,12.944277,77.678312,12.389
335.0,veh_039,bus,12.939813,77.664397,7.318
335.0,veh_040,car,12.923857,77.634682,9.844
335.0,veh_041,motorcycle,12.928996,77.642193,3.723
335.0,veh_042,car,12.93097,77.644971,9.927
335.0,veh_043,car,12.923184,77.633919,8.162
335.0,veh_044,car,12.945498,77.687952,5.93
335.0,veh_045,car,12.943022,77.673553,5.841
335.0,veh_047,car,12.946489,77.692973,2.764
335.0,veh_049,bus,12.944019,77.676691,4.481
336.0,veh_000,car,12.944595,77.682226,7.238
336.0,veh_001,car,12.947243,77.695599,10.324
336.0,veh_002,car,12.923114,77.633833,10.861
336.0,veh_003,car,12.925573,77.637181,9.124
336.0,veh_004,car,12.937727,77.658287,10.959
336.0,veh_005,car,12.944283,77.677967,9.175
336.0,veh_006,car,12.932675,77.647844,5.493
336.0,veh_007,car,12.930729,77.644624,3.666
336.0,veh_008,car,12.941778,77.669915,8.886
336.0,veh_009,car,12.940704,77.666707,7.975
336.0,veh_010,bus,12.936848,77.65588,5.415
336.0,veh_011,motorcycle,12.939652,77.663799,8.934
336.0,veh_012,motorcycle,12.927594,77.640306,9.709
336.0,veh_013,car,12.944886,77.685824,7.193
336.0,veh_015,bus,12.946754,77.694339,5.324
336.0,veh_016,car,12.931758,77.646225,6.485
336.0,veh_017,bus,12.929413,77.642853,3.593
336.0,veh_018,car,12.92583,77.637763,7.257
336.0,veh_019,bus,12.930713,77.644551,7.6
336.0,veh_020,car,12.942816,77.673164,9.409
336.0,veh_021,car,12.9394,77.663108,4.391
336.0,veh_022,car,12.921942,77.632104,6.675
336.0,veh_023,truck,12.938984,77.661831,3.75
336.0,veh_025,bus,12.934883,77.651737,2.815
336.0,veh_026,car,12.941121,77.667983,10.693
336.0,veh_027,motorcycle,12.933487,77.649286,13.64
336.0,veh_028,car,12.939837,77.664283,7.241
336.0,veh_029,car,12.946707,77.69404,5.308
336.0,veh_030,bus,12.936382,77.654822,5.166
336.0,veh_031,car,12.940364,77.665702,5.713
336.0,veh_033,car,12.944961,77.685222,5.948
336.0,veh_035,car,12.931455,77.64567,4.703
336.0,veh_036,motorcycle,12.942622,77.672569,12.831
336.0,veh_037,car,12.924783,77.636177,1.986
336.0,veh_038,motorcycle,12.9443,77.678311,6.996
336.0,veh_039,bus,12.939898,77.664481,6.125
336.0,veh_040,car,12.923901,77.63474,6.456
336.0,veh_041,motorcycle,12.929073,77.642265,8.815
336.0,veh_042,car,12.930958,77.645038,7.478
336.0,veh_043,car,12.923231,77.633965,10.915
336.0,veh_044,car,12.945409,77.688087,8.509
336.0,veh_045,car,12.943118,77.673632,8.599
336.0,veh_047,car,12.946525,77.693101,6.046
336.0,veh_049,bus,12.944082,77.6768,5.527
337.0,veh_000,car,12.944783,77.682382,4.903
337.0,veh_001,car,12.947197,77.695563,5.795
337.0,veh_002,car,12.923042,77.633878,4.479
337.0,veh_003,car,12.925594,77.637392,11.754
337.0,veh_004,car,12.937669,77.658364,9.297
337.0,veh_005,car,12.944292,77.678092,7.709
337.0,veh_006,car,12.93262,77.647802,5.737
337.0,veh_007,car,12.930713,77.644648,6.284
337.0,veh_008,car,12.941803,77.669978,1.801
337.0,veh_009,car,12.940737,77.666752,7.455
337.0,veh_010,bus,12.936867,77.655818,7.49
337.0,veh_011,motorcycle,12.93962,77.663825,9.66
337.0,veh_012,motorcycle,12.927693,77.64018,10.415
337.0,veh_013,car,12.944988,77.685838,7.933
337.0,veh_015,bus,12.946793,77.694317,4.279
337.0,veh_016,car,12.931711,77.646308,6.568
337.0,veh_017,bus,12.929527,77.642847,6.278
337.0,veh_018,car,12.925924,77.637736,9.228
337.0,veh_019,bus,12.930732,77.644647,4.304
337.0,veh_020,car,12.942955,77.673169,7.672
337.0,veh_021,car,12.939464,77.66317,7.554
337.0,veh_022,car,12.92197,77.632152,9.706
337.0,veh_023,truck,12.93889,77.661858,3.759
337.0,veh_025,bus,12.934848,77.651691,3.918
337.0,veh_026,car,12.941102,77.668122,7.817
337.0,veh_027,motorcycle,12.933588,77.649363,9.906
337.0,veh_028,car,12.939809,77.664208,0.951
337.0,veh_029,car,12.946726,77.69408,6.54
337.0,veh_030,bus,12.936464,77.654824,5.759
337.0,veh_031,car,12.940227,77.66564,2.533
337.0,veh_033,car,12.944818,77.685233,2.164
337.0,veh_035,car,12.93141,77.645767,7.318
337.0,veh_036,motorcycle,12.942681,77.672684,2.691
337.0,veh_037,car,12.924855,77.636254,4.561
337.0,veh_038,motorcycle,12.944379,77.678473,8.282
337.0,veh_039,bus,12.939832,77.664442,5.517
337.0,veh_040,car,12.923808,77.634905,6.99
337.0,veh_041,motorcycle,12.928998,77.642173,1.322
337.0,veh_042,car,12.931155,77.645172,9.665
337.0,veh_043,car,12.923198,77.63408,3.947
337.0,veh_044,car,12.94539,77.688093,5.083
337.0,veh_045,car,12.94316,77.673696,9.2
337.0,veh_047,car,12.946449,77.693043,3.63
337.0,veh_049,bus,12.944108,77.676802,4.068
338.0,veh_000,car,12.944669,77.682292,5.38
338.0,veh_001,car,12.947184,77.695552,3.3
338.0,veh_002,car,12.92318,77.633934,10.287
338.0,veh_003,car,12.925649,77.637346,4.121
338.0,veh_004,car,12.937802,77.65839,9.265
338.0,veh_005,car,12.944326,77.678081,10.634
338.0,veh_006,car,12.932708,77.64798,7.615
338.0,veh_007,car,12.930824,77.644781,8.545
338.0,veh_008,car,12.941839,77.670094,9.695
338.0,veh_009,car,12.940814,77.66681,10.513
338.0,veh_010,bus,12.936913,77.655971,3.217
338.0,veh_011,motorcycle,12.939742,77.663888,13.832
338.0,veh_012,motorcycle,12.927673,77.640347,0.939
338.0,veh_013,car,12.945023,77.685883,8.454
338.0,veh_015,bus,12.946726,77.694344,5.261
338.0,veh_016,car,12.93183,77.646365,5.196
338.0,veh_017,bus,12.929581,77.642897,4.151
338.0,veh_018,car,12.925914,77.637777,4.403
338.0,veh_019,bus,12.930831,77.644669,6.12
338.0,veh_020,car,12.942921,77.673208,5.489
338.0,veh_021,car,12.939426,77.663292,9.803
338.0,veh_022,car,12.92195,77.6323,6.242
338.0,veh_023,truck,12.938972,77.661837,3.363
338.0,veh_025,bus,12.934969,77.651664,4.283
338.0,veh_026,car,12.94117,77.668035,6.796
338.0,veh_027,motorcycle,12.933624,77.649484,11.494
338.0,veh_028,car,12.939827,77.664265,5.791
338.0,veh_029,car,12.946688,77.694059,5.229
338.0,veh_030,bus,12.93655,77.654904,6.491
338.0,veh_031,car,12.940313,77.665748,7.434
338.0,veh_033,car,12.944942,77.685422,5.359
338.0,veh_035,car,12.931379,77.645895,5.836
338.0,veh_036,motorcycle,12.9427,77.672662,5.34
338.0,veh_037,car,12.924893,77.636314,11.376
338.0,veh_038,motorcycle,12.944354,77.678497,10.561
338.0,veh_039,bus,12.939978,77.664587,4.876
338.0,veh_040,car,12.923881,77.6349,4.935
338.0,veh_041,motorcycle,12.929195,77.642295,15.477
338.0,veh_042,car,12.931103,77.645205,4.295
338.0,veh_043,car,12.923329,77.634088,4.572
338.0,veh_044,car,12.94539,77.688234,11.475
338.0,veh_045,car,12.943076,77.673594,3.624
338.0,veh_047,car,12.946518,77.693125,8.42
338.0,veh_049,bus,12.944241,77.67681,4.887
339.0,veh_000,car,12.944683,77.682522,7.561
339.0,veh_001,car,12.947122,77.695653,7.256
339.0,veh_002,car,12.923304,77.633954,6.196
339.0,veh_003,car,12.925749,77.637392,4.755
339.0,veh_004,car,12.937852,77.658505,9.359
339.0,veh_005,car,12.944285,77.67817,2.824
339.0,veh_006,car,12.932735,77.648,8.303
339.0,veh_007,car,12.930834,77.64475,3.367
339.0,veh_008,car,12.941871,77.670121,9.924
339.0,veh_009,car,12.940662,77.66687,10.125
339.0,veh_010,bus,12.936929,77.655944,4.97
339.0,veh_011,motorcycle,12.939752,77.664138,12.77
339.0,veh_012,motorcycle,12.927755,77.640342,8.504
339.0,veh_013,car,12.944981,77.686013,7.357
339.0,veh_015,bus,12.946777,77.694462,6.522
339.0,veh_016,car,12.931769,77.646382,5.561
339.0,veh_017,bus,12.929571,77.642981,5.379
339.0,veh_018,car,12.925978,77.637902,8.107
339.0,veh_019,bus,12.930808,77.644714,3.929
339.0,veh_020,car,12.942909,77.67328,5.553
339.0,veh_021,car,12.939505,77.663378,7.756
339.0,veh_022,car,12.922005,77.632312,9.789
339.0,veh_023,truck,12.938963,77.661885,4.319
339.0,veh_025,bus,12.934874,77.651896,7.641
339.0,veh_026,car,12.941159,77.668231,9.794
339.0,veh_027,motorcycle,12.933633,77.649701,12.879
339.0,veh_028,car,12.939843,77.664282,7.386
339.0,veh_029,car,12.946627,77.694204,4.001
339.0,veh_030,bus,12.936577,77.654809,5.654
339.0,veh_031,car,12.940326,77.665862,10.882
339.0,veh_033,car,12.944932,77.685418,9.091
339.0,veh_035,car,12.931529,77.64582,11.915
339.0,veh_036,motorcycle,12.942831,77.672821,8.02
339.0,veh_037,car,12.925014,77.636334,5.299
339.0,veh_038,motorcycle,12.944453,77.678777,13.001
339.0,veh_039,bus,12.939989,77.664601,6.983
339.0,veh_040,car,12.923868,77.634947,6.878
339.0,veh_041,motorcycle,12.929179,77.642426,8.768
339.0,veh_042,car,12.931142,77.645409,7.877
339.0,veh_043,car,12.923317,77.634173,6.936
339.0,veh_044,car,12.945477,77.688267,2.245
339.0,veh_045,car,12.94309,77.673797,5.755
339.0,veh_047,car,12.946434,77.693234,5.562
339.0,veh_049,bus,12.944173,77.676899,7.66
340.0,veh_000,car,12.944683,77.682475,5.605
340.0,veh_001,car,12.947294,77.695733,7.468
340.0,veh_002,car,12.923236,77.634019,5.219
340.0,veh_003,car,12.925803,77.63748,10.426
340.0,veh_004,car,12.93785,77.658574,6.221
340.0,veh_005,car,12.944275,77.678256,2.867
340.0,veh_006,car,12.932792,77.64806,13.055
340.0,veh_007,car,12.930853,77.644852,3.823
340.0,veh_008,car,12.941826,77.670229,9.842
340.0,veh_009,car,12.940821,77.667087,9.297
340.0,veh_010,bus,12.936901,77.655932,3.755
340.0,veh_011,motorcycle,12.939849,77.664159,11.551
340.0,veh_012,motorcycle,12.927804,77.640482,9.856
340.0,veh_013,car,12.945043,77.68598,6.955
340.0,veh_015,bus,12.946809,77.694515,5.783
340.0,veh_016,car,12.931813,77.64636,5.974
340.0,veh_017,bus,12.929514,77.643042,1.929
340.0,veh_018,car,12.926113,77.63809,13.732
340.0,veh_019,bus,12.93081,77.644745,5.104
340.0,veh_020,car,12.94293,77.673304,7.208
340.0,veh_021,car,12.939533,77.663393,9.582
340.0,veh_022,car,12.922114,77.632289,6.879
340.0,veh_023,truck,12.939006,77.661967,3.894
340.0,veh_025,bus,12.934912,77.651804,5.247
340.0,veh_026,car,12.941233,77.668302,8.531
340.0,veh_027,motorcycle,12.933679,77.649733,7.014
340.0,veh_028,car,12.939886,77.664455,7.481
340.0,veh_029,car,12.946729,77.694205,13.365
340.0,veh_030,bus,12.936547,77.654919,6.162
340.0,veh_031,car,12.940385,77.66586,9.512
340.0,veh_033,car,12.944844,77.685496,8.09
340.0,veh_035,car,12.931596,77.646066,8.201
340.0,veh_036,motorcycle,12.94274,77.672819,9.529
340.0,veh_037,car,12.924986,77.636419,8.366
340.0,veh_038,motorcycle,12.94436,77.678763,7.161
340.0,veh_039,bus,12.939923,77.664649,7.084
340.0,veh_040,car,12.923954,77.634981,6.793
340.0,veh_041,motorcycle,12.929233,77.642496,11.364
340.0,veh_042,car,12.931137,77.645248,7.621
340.0,veh_043,car,12.923289,77.634145,9.749
340.0,veh_044,car,12.945483,77.688272,7.205
340.0,veh_045,car,12.943151,77.673909,4.284
340.0,veh_047,car,12.946397,77.693181,4.955
340.0,veh_049,bus,12.94412,77.676875,1.667
341.0,veh_000,car,12.944759,77.682456,6.147
341.0,veh_001,car,12.947255,77.695787,7.012
341.0,veh_002,car,12.923266,77.634073,3.217
341.0,veh_003,car,12.925636,77.637426,4.377
341.0,veh_004,car,12.93784,77.658602,5.954
341.0,veh_005,car,12.944436,77.678355,13.818
341.0,veh_006,car,12.932887,77.648097,6.327
341.0,veh_007,car,12.930817,77.644754,2.699
341.0,veh_008,car,12.941987,77.670303,7.682
341.0,veh_009,car,12.940861,77.667087,9.538
341.0,veh_010,bus,12.936944,77.656027,4.296
341.0,veh_011,motorcycle,12.939862,77.664191,11.503
341.0,veh_012,motorcycle,12.927744,77.640564,15.573
341.0,veh_013,car,12.945011,77.686179,7.082
341.0,veh_015,bus,12.946777,77.694519,3.543
341.0,veh_016,car,12.931874,77.646495,14.08
341.0,veh_017,bus,12.929614,77.643076,6.497
341.0,veh_018,car,12.926225,77.638079,10.721
341.0,veh_019,bus,12.930841,77.644714,4.44
341.0,veh_020,car,12.94294,77.673378,5.938
341.0,veh_021,car,12.939527,77.663493,10.646
341.0,veh_022,car,12.922046,77.632508,6.192
341.0,veh_023,truck,12.938961,77.661928,3.866
341.0,veh_025,bus,12.935061,77.651881,5.656
341.0,veh_026,car,12.941252,77.668375,9.736
341.0,veh_027,motorcycle,12.933707,77.649792,7.614
341.0,veh_028,car,12.939861,77.66443,4.65
341.0,veh_029,car,12.946745,77.69424,3.088
341.0,veh_030,bus,12.936496,77.655005,3.778
341.0,veh_031,car,12.94051,77.665981,6.6
341.0,veh_033,car,12.944925,77.685628,10.635
341.0,veh_035,car,12.931562,77.646014,7.782
341.0,veh_036,motorcycle,12.942726,77.672842,3.814
341.0,veh_037,car,12.92497,77.636466,5.525
341.0,veh_038,motorcycle,12.944362,77.678944,6.463
341.0,veh_039,bus,12.939932,77.664791,6.701
341.0,veh_040,car,12.924043,77.634981,2.36
341.0,veh_041,motorcycle,12.929285,77.642552,9.998
341.0,veh_042,car,12.931215,77.645347,8.011
341.0,veh_043,car,12.923384,77.634159,6.496
341.0,veh_044,car,12.945485,77.688429,10.098
341.0,veh_045,car,12.943232,77.673798,2.865
341.0,veh_047,car,12.946532,77.693243,8.482
341.0,veh_049,bus,12.94422,77.676928,2.356
342.0,veh_000,car,12.94469,77.682638,9.999
342.0,veh_001,car,12.947311,77.695821,4.132
342.0,veh_002,car,12.923319,77.634031,1.208
342.0,veh_003,car,12.92572,77.637602,11.596
342.0,veh_004,car,12.937795,77.658744,7.725
342.0,veh_005,car,12.944476,77.678338,6.234
342.0,veh_006,car,12.932915,77.648301,10.566
342.0,veh_007,car,12.930796,77.644809,4.704
342.0,veh_008,car,12.941939,77.670317,12.348
342.0,veh_009,car,12.940813,77.66716,1.013
342.0,veh_010,bus,12.937012,77.656146,5.83
342.0,veh_011,motorcycle,12.939914,77.664231,7.872
342.0,veh_012,motorcycle,12.927861,77.640543,3.602
342.0,veh_013,car,12.944976,77.686173,2.099
342.0,veh_015,bus,12.946795,77.694586,4.887
342.0,veh_016,car,12.93203,77.646505,8.42
342.0,veh_017,bus,12.929549,77.643102,2.963
342.0,veh_018,car,12.926148,77.638151,8.067
342.0,veh_019,bus,12.930792,77.644806,4.54
342.0,veh_020,car,12.94306,77.673461,2.463
342.0,veh_021,car,12.939625,77.663515,8.632
342.0,veh_022,car,12.922063,77.632406,1.333
342.0,veh_023,truck,12.939136,77.662008,4.032
342.0,veh_025,bus,12.935,77.651931,3.914
342.0,veh_026,car,12.941314,77.668393,0.1
342.0,veh_027,motorcycle,12.933831,77.649784,10.749
342.0,veh_028,car,12.939944,77.664507,13.628
342.0,veh_029,car,12.946594,77.694298,3.75
342.0,veh_030,bus,12.93655,77.654854,4.49
342.0,veh_031,car,12.940359,77.666,2.871
342.0,veh_033,car,12.944893,77.685651,6.715
342.0,veh_035,car,12.931674,77.645987,3.572
342.0,veh_036,motorcycle,12.942799,77.67295,13.373
342.0,veh_037,car,12.925053,77.636567,4.765
342.0,veh_038,motorcycle,12.944398,77.678836,12.336
342.0,veh_039,bus,12.940005,77.66482,3.31
342.0,veh_040,car,12.924003,77.635056,5.964
342.0,veh_041,motorcycle,12.929388,77.642644,13.831
342.0,veh_042,car,12.931276,77.645432,8.053
342.0,veh_043,car,12.923449,77.63426,7.151
342.0,veh_044,car,12.945495,77.6884,5.236
342.0,veh_045,car,12.943158,77.67395,7.029
342.0,veh_047,car,12.946438,77.693315,5.33
342.0,veh_049,bus,12.944154,77.676989,2.531
343.0,veh_000,car,12.944707,77.682683,6.273
343.0,veh_001,car,12.947265,77.695879,7.957
343.0,veh_002,car,12.923328,77.634031,7.798
343.0,veh_003,car,12.925883,77.63767,6.302
343.0,veh_004,car,12.937868,77.658619,3.9
343.0,veh_005,car,12.944252,77.678356,8.929
343.0,veh_006,car,12.932968,77.648389,8.759
343.0,veh_007,car,12.930838,77.644874,5.674
343.0,veh_008,car,12.94196,77.670452,9.275
343.0,veh_009,car,12.940836,77.66715,1.699
343.0,veh_010,bus,12.936903,77.656117,6.883
343.0,veh_011,motorcycle,12.939835,77.66434,7.831
343.0,veh_012,motorcycle,12.927982,77.640644,11.632
343.0,veh_013,car,12.944975,77.686144,2.451
343.0,veh_015,bus,12.94681,77.694583,8.753
343.0,veh_016,car,12.932041,77.64656,8.149
343.0,veh_017,bus,12.929559,77.643087,5.103
343.0,veh_018,car,12.926248,77.638155,9.486
343.0,veh_019,bus,12.93086,77.644757,5.169
343.0,veh_020,car,12.942968,77.673467,8.193
343.0,veh_021,car,12.939585,77.663687,7.244
343.0,veh_022,car,12.922183,77.632408,10.707
343.0,veh_023,truck,12.939015,77.66205,3.188
343.0,veh_025,bus,12.934946,77.651985,5.305
343.0,veh_026,car,12.941291,77.668586,8.018
343.0,veh_027,motorcycle,12.933831,77.649914,7.749
343.0,veh_028,car,12.939926,77.664629,9.039
343.0,veh_029,car,12.946698,77.694282,5.201
343.0,veh_030,bus,12.936521,77.655044,2.232
343.0,veh_031,car,12.940358,77.665957,4.322
343.0,veh_033,car,12.944965,77.685728,10.911
343.0,veh_035,car,12.931671,77.646091,7.528
343.0,veh_036,motorcycle,12.942864,77.673072,8.478
343.0,veh_037,car,12.925135,77.636587,5.53
343.0,veh_038,motorcycle,12.944395,77.678958,6.28
343.0,veh_039,bus,12.940091,77.664835,4.628
343.0,veh_040,car,12.924066,77.635042,8.047
343.0,veh_041,motorcycle,12.929427,77.642693,6.995
343.0,veh_042,car,12.931264,77.645456,11.42
343.0,veh_043,car,12.923484,77.634273,2.691
343.0,veh_044,car,12.945409,77.688492,6.644
343.0,veh_045,car,12.943124,77.674017,12.753
343.0,veh_047,car,12.946578,77.693353,4.6
343.0,veh_049,bus,12.944145,77.676983,6.101
344.0,veh_000,car,12.944693,77.682596,2.519
344.0,veh_001,car,12.947318,77.696059,6.246
344.0,veh_002,car,12.92335,77.634041,4.746
344.0,veh_003,car,12.925893,77.637658,2.686
344.0,veh_004,car,12.937833,77.658666,6.324
344.0,veh_005,car,12.944239,77.678564,7.876
344.0,veh_006,car,12.932906,77.648299,4.054
344.0,veh_007,car,12.930979,77.644959,6.442
344.0,veh_008,car,12.941998,77.67046,4.633
344.0,veh_009,car,12.940794,77.667124,4.725
344.0,veh_010,bus,12.937028,77.656128,3.266
344.0,veh_011,motorcycle,12.939991,77.664465,12.609
344.0,veh_012,motorcycle,12.927974,77.640706,5.726
344.0,veh_013,car,12.945008,77.686144,2.638
344.0,veh_015,bus,12.946909,77.694692,6.833
344.0,veh_016,car,12.932016,77.646626,3.084
344.0,veh_017,bus,12.929686,77.643074,5.193
344.0,veh_018,car,12.926385,77.638292,15.201
344.0,veh_019,bus,12.930768,77.644854,3.226
344.0,veh_020,car,12.943071,77.673482,5.118
344.0,veh_021,car,12.939622,77.663611,8.301
344.0,veh_022,car,12.92221,77.632525,8.067
344.0,veh_023,truck,12.939079,77.662064,4.429
344.0,veh_025,bus,12.935048,77.651967,5.382
344.0,veh_026,car,12.941244,77.668509,6.517
344.0,veh_027,motorcycle,12.933832,77.650047,3.409
344.0,veh_028,car,12.940004,77.664639,1.563
344.0,veh_029,car,12.946815,77.694351,7.746
344.0,veh_030,bus,12.93654,77.655044,7.133
344.0,veh_031,car,12.940396,77.666153,8.803
344.0,veh_033,car,12.945062,77.685771,7.718
344.0,veh_035,car,12.93167,77.646186,6.64
344.0,veh_036,motorcycle,12.942929,77.673136,5.801
344.0,veh_037,car,12.925177,77.636597,7.088
344.0,veh_038,motorcycle,12.944386,77.679053,7.613
344.0,veh_039,bus,12.940019,77.664847,4.212
344.0,veh_040,car,12.924041,77.635187,13.217
344.0,veh_041,motorcycle,12.929407,77.642697,7.97
344.0,veh_042,car,12.931181,77.645543,3.924
344.0,veh_043,car,12.923489,77.634305,10.112
344.0,veh_044,car,12.945527,77.688579,7.914
344.0,veh_045,car,12.943145,77.674056,7.382
344.0,veh_047,car,12.946499,77.693563,9.515
344.0,veh_049,bus,12.944303,77.676931,5.75
345.0,veh_000,car,12.944737,77.682669,6.993
345.0,veh_001,car,12.947398,77.696017,8.545
345.0,veh_002,car,12.92343,77.634192,5.762
345.0,veh_003,car,12.925932,77.637732,7.797
345.0,veh_004,car,12.937839,77.658827,12.172
345.0,veh_005,car,12.944401,77.678659,9.969
345.0,veh_006,car,12.933029,77.64845,13.457
345.0,veh_007,car,12.930921,77.645041,7.065
345.0,veh_008,car,12.941947,77.670614,6.534
345.0,veh_009,car,12.940858,77.6672,5.558
345.0,veh_010,bus,12.937,77.656161,6.478
345.0,veh_011,motorcycle,12.939964,77.664597,6.347
345.0,veh_012,motorcycle,12.928099,77.640857,11.621
345.0,veh_013,car,12.945106,77.686218,5.94
345.0,veh_015,bus,12.947014,77.694697,5.229
345.0,veh_016,car,12.932005,77.646757,10.629
345.0,veh_017,bus,12.929671,77.643149,9.218
345.0,veh_018,car,12.926304,77.638392,11.427
345.0,veh_019,bus,12.930858,77.644875,5.105
345.0,veh_020,car,12.942979,77.673579,2.256
345.0,veh_021,car,12.939639,77.663716,5.814
345.0,veh_022,car,12.922158,77.632536,6.806
345.0,veh_023,truck,12.939005,77.662167,5.392
345.0,veh_025,bus,12.935141,77.652011,5.917
345.0,veh_026,car,12.941324,77.668494,6.293
345.0,veh_027,motorcycle,12.933938,77.650042,13.071
345.0,veh_028,car,12.940082,77.664668,3.747
345.0,veh_029,car,12.946792,77.694404,6.356
345.0,veh_030,bus,12.936523,77.655073,3.815
345.0,veh_031,car,12.940462,77.666197,6.397
345.0,veh_033,car,12.945164,77.68582,4.664
345.0,veh_035,car,12.931733,77.646248,2.677
345.0,veh_036,motorcycle,12.942946,77.673217,13.734
345.0,veh_037,car,12.925145,77.636747,8.796
345.0,veh_038,motorcycle,12.944442,77.679002,1.486
345.0,veh_039,bus,12.940094,77.664831,3.715
345.0,veh_040,car,12.924191,77.635282,9.998
345.0,veh_041,motorcycle,12.929397,77.642786,3.398
345.0,veh_042,car,12.931444,77.645604,5.57
345.0,veh_043,car,12.923598,77.634516,6.113
345.0,veh_044,car,12.945525,77.688573,8.88
345.0,veh_045,car,12.943212,77.674197,2.319
345.0,veh_047,car,12.946554,77.69341,5.312
345.0,veh_049,bus,12.944188,77.677016,4.811
346.0,veh_000,car,12.944609,77.682796,3.183
346.0,veh_001,car,12.947362,77.69612,11.069
346.0,veh_002,car,12.923378,77.634296,11.526
346.0,veh_003,car,12.925946,77.637762,8.127
346.0,veh_004,car,12.937869,77.658908,6.724
346.0,veh_005,car,12.944272,77.678661,8.62
346.0,veh_006,car,12.93293,77.648505,8.595
346.0,veh_007,car,12.930967,77.645042,4.771
346.0,veh_008,car,12.942112,77.670578,10.148
346.0,veh_009,car,12.94082,77.66729,10.386
346.0,veh_010,bus,12.93703,77.656212,3.329
346.0,veh_011,motorcycle,12.939997,77.664741,11.343
346.0,veh_012,motorcycle,12.927998,77.640948,11.034
346.0,veh_013,car,12.945087,77.686248,9.536
346.0,veh_015,bus,12.946868,77.694837,5.413
346.0,veh_016,car,12.932081,77.646644,2.235
346.0,veh_017,bus,12.929846,77.64316,7.099
346.0,veh_018,car,12.926379,77.638439,4.389
346.0,veh_019,bus,12.930883,77.644914,3.569
346.0,veh_020,car,12.943011,77.673616,4.626
346.0,veh_021,car,12.939694,77.663805,9.115
346.0,veh_022,car,12.922328,77.63267,7.796
346.0,veh_023,truck,12.939096,77.662227,4.199
346.0,veh_025,bus,12.935127,77.652075,5.698
346.0,veh_026,car,12.941325,77.668626,8.887
346.0,veh_027,motorcycle,12.934016,77.650149,11.95
346.0,veh_028,car,12.940003,77.664693,5.337
346.0,veh_029,car,12.946737,77.69446,9.465
346.0,veh_030,bus,12.936594,77.655219,6.042
346.0,veh_031,car,12.940462,77.666193,7.19
346.0,veh_033,car,12.945009,77.68593,5.304
346.0,veh_035,car,12.931726,77.64629,8.005
346.0,veh_036,motorcycle,12.942942,77.673358,12.785
346.0,veh_037,car,12.925122,77.636702,2.27
346.0,veh_038,motorcycle,12.944426,77.67911,14.036
346.0,veh_039,bus,12.940076,77.664921,4.308
346.0,veh_040,car,12.924159,77.635339,7.151
346.0,veh_041,motorcycle,12.92947,77.642963,13.785
346.0,veh_042,car,12.931465,77.64563,8.924
346.0,veh_043,car,12.923657,77.634513,11.592
346.0,veh_044,car,12.945623,77.688652,5.493
346.0,veh_045,car,12.943191,77.674114,8.514
346.0,veh_047,car,12.946668,77.693622,11.399
346.0,veh_049,bus,12.944215,77.677108,5.081
347.0,veh_000,car,12.944743,77.682937,9.87
347.0,veh_001,car,12.947364,77.696123,4.374
347.0,veh_002,car,12.923479,77.634242,5.51
347.0,veh_003,car,12.925966,77.637818,7.181
347.0,veh_004,car,12.937974,77.658964,7.48
347.0,veh_005,car,12.944334,77.678774,8.157
347.0,veh_006,car,12.933126,77.648626,9.04
347.0,veh_007,car,12.931056,77.645177,8.545
347.0,veh_008,car,12.942048,77.670718,0.823
347.0,veh_009,car,12.94097,77.667398,10.316
347.0,veh_010,bus,12.937057,77.65629,2.338
347.0,veh_011,motorcycle,12.939969,77.664797,7.806
347.0,veh_012,motorcycle,12.928051,77.640907,7.091
347.0,veh_013,car,12.945111,77.686325,2.327
347.0,veh_015,bus,12.946767,77.69482,3.184
347.0,veh_016,car,12.932067,77.646826,11.229
347.0,veh_017,bus,12.929717,77.643222,4.626
347.0,veh_018,car,12.926452,77.638485,8.349
347.0,veh_019,bus,12.930917,77.644885,4.281
347.0,veh_020,car,12.94304,77.673707,7.323
347.0,veh_021,car,12.939654,77.66389,5.614
347.0,veh_022,car,12.922353,77.632622,3.58
347.0,veh_023,truck,12.939038,77.662205,3.458
347.0,veh_025,bus,12.935248,77.652142,6.899
347.0,veh_026,car,12.941355,77.668752,10.17
347.0,veh_027,motorcycle,12.934003,77.650232,12.652
347.0,veh_028,car,12.940009,77.664766,7.661
347.0,veh_029,car,12.946835,77.694576,12.511
347.0,veh_030,bus,12.936606,77.655183,5.048
347.0,veh_031,car,12.940468,77.666313,6.923
347.0,veh_033,car,12.944942,77.686029,8.921
347.0,veh_035,car,12.931772,77.646195,3.0
347.0,veh_036,motorcycle,12.942939,77.673404,11.985
347.0,veh_037,car,12.925124,77.636733,9.199
347.0,veh_038,motorcycle,12.944355,77.679282,7.367
347.0,veh_039,bus,12.940118,77.665028,7.319
347.0,veh_040,car,12.924245,77.635432,11.13
347.0,veh_041,motorcycle,12.929515,77.643029,11.456
347.0,veh_042,car,12.931369,77.64567,3.406
347.0,veh_043,car,12.923514,77.634537,5.933
347.0,veh_044,car,12.945572,77.68875,10.486
347.0,veh_045,car,12.943207,77.674212,6.541
347.0,veh_047,car,12.946559,77.693711,10.279
347.0,veh_049,bus,12.94424,77.677229,6.208
348.0,veh_000,car,12.94464,77.682983,10.006
348.0,veh_001,car,12.947475,77.696262,11.136
348.0,veh_002,car,12.923596,77.634337,8.466
348.0,veh_003,car,12.926061,77.637875,10.012
348.0,veh_004,car,12.938055,77.659012,9.137
348.0,veh_005,car,12.944382,77.678907,12.716
348.0,veh_006,car,12.933147,77.648582,8.928
348.0,veh_007,car,12.93111,77.645122,5.914
348.0,veh_008,car,12.942074,77.670632,4.945
348.0,veh_009,car,12.940818,77.667486,11.355
348.0,veh_010,bus,12.937097,77.656222,4.567
348.0,veh_011,motorcycle,12.939998,77.664739,4.84
348.0,veh_012,motorcycle,12.928158,77.640883,8.108
348.0,veh_013,car,12.945118,77.686505,13.065
348.0,veh_015,bus,12.946854,77.694808,3.219
348.0,veh_016,car,12.932054,77.646933,7.029
348.0,veh_017,bus,12.929746,77.643198,5.757
348.0,veh_018,car,12.926436,77.638621,7.723
348.0,veh_019,bus,12.930968,77.645057,4.249
348.0,veh_020,car,12.943052,77.673723,10.475
348.0,veh_021,car,12.939674,77.663954,8.755
348.0,veh_022,car,12.922414,77.632721,11.019
348.0,veh_023,truck,12.939104,77.66218,3.316
348.0,veh_025,bus,12.935212,77.652283,8.234
348.0,veh_026,car,12.9415,77.66883,10.341
348.0,veh_027,motorcycle,12.934123,77.650303,9.408
348.0,veh_028,car,12.940086,77.664929,13.746
348.0,veh_029,car,12.946886,77.694688,13.436
348.0,veh_030,bus,12.936503,77.655262,4.031
348.0,veh_031,car,12.940586,77.666315,0.715
348.0,veh_033,car,12.944989,77.686036,10.079
348.0,veh_035,car,12.931889,77.646303,8.137
348.0,veh_036,motorcycle,12.942991,77.673532,11.703
348.0,veh_037,car,12.925245,77.636704,7.001
348.0,veh_038,motorcycle,12.944369,77.679365,12.505
348.0,veh_039,bus,12.940075,77.664952,5.605
348.0,veh_040,car,12.924294,77.635526,8.921
348.0,veh_041,motorcycle,12.929613,77.643073,3.96
348.0,veh_042,car,12.93138,77.645696,8.138
348.0,veh_043,car,12.923628,77.634689,7.021
348.0,veh_044,car,12.945548,77.688757,6.675
348.0,veh_045,car,12.943268,77.674365,11.592
348.0,veh_047,car,12.946665,77.69377,7.967
348.0,veh_049,bus,12.944287,77.677139,6.971
349.0,veh_000,car,12.944784,77.683126,14.205
349.0,veh_001,car,12.947506,77.696292,9.605
349.0,veh_002,car,12.923647,77.634417,8.363
349.0,veh_003,car,12.926028,77.637917,10.592
349.0,veh_004,car,12.937972,77.659184,5.815
349.0,veh_005,car,12.944325,77.678981,7.678
349.0,veh_006,car,12.933044,77.64868,3.745
349.0,veh_007,car,12.931086,77.645169,8.212
349.0,veh_008,car,12.942069,77.670723,6.689
349.0,veh_009,car,12.941026,77.66752,8.009
349.0,veh_010,bus,12.937102,77.656312,6.301
349.0,veh_011,motorcycle,12.939965,77.664765,4.653
349.0,veh_012,motorcycle,12.928246,77.641063,15.341
349.0,veh_013,car,12.945037,77.686425,0.393
349.0,veh_015,bus,12.94695,77.694955,4.622
349.0,veh_016,car,12.932199,77.646895,5.604
349.0,veh_017,bus,12.929837,77.643388,5.033
349.0,veh_018,car,12.926535,77.638687,9.534
349.0,veh_019,bus,12.930954,77.645093,4.273
349.0,veh_020,car,12.943172,77.67391,8.985
349.0,veh_021,car,12.939747,77.664033,11.673
349.0,veh_022,car,12.922331,77.632804,7.294
349.0,veh_023,truck,12.939113,77.662342,4.152
349.0,veh_025,bus,12.935293,77.652247,4.463
349.0,veh_026,car,12.941366,77.668832,10.032
349.0,veh_027,motorcycle,12.934133,77.650387,13.87
349.0,veh_028,car,12.940014,77.664937,5.59
349.0,veh_029,car,12.946754,77.694715,3.526
349.0,veh_030,bus,12.936708,77.655291,5.982
349.0,veh_031,car,12.940641,77.66634,9.498
349.0,veh_033,car,12.94503,77.686052,5.982
349.0,veh_035,car,12.931942,77.646385,9.229
349.0,veh_036,motorcycle,12.942967,77.673604,13.394
349.0,veh_037,car,12.925281,77.636784,5.183
349.0,veh_038,motorcycle,12.944407,77.679415,9.302
349.0,veh_039,bus,12.940099,77.665004,3.325
349.0,veh_040,car,12.92436,77.635466,8.087
349.0,veh_041,motorcycle,12.929536,77.6431,3.737
349.0,veh_042,car,12.931484,77.645834,3.093
349.0,veh_043,car,12.923742,77.634662,7.238
349.0,veh_044,car,12.945653,77.688843,7.196
349.0,veh_045,car,12.943293,77.674386,5.799
349.0,veh_047,car,12.946686,77.69392,12.825
349.0,veh_049,bus,12.944245,77.677266,3.884
350.0,veh_000,car,12.944725,77.683123,4.598
350.0,veh_001,car,12.947509,77.696468,10.097
350.0,veh_002,car,12.923557,77.634447,4.149
350.0,veh_003,car,12.926129,77.638094,9.186
350.0,veh_004,car,12.938076,77.659134,5.507
350.0,veh_005,car,12.944342,77.678975,7.924
350.0,veh_006,car,12.933201,77.648724,10.301
350.0,veh_007,car,12.931093,77.645298,8.18
350.0,veh_008,car,12.942056,77.670791,7.42
350.0,veh_009,car,12.940971,77.667616,8.382
350.0,veh_010,bus,12.937088,77.656359,3.401
350.0,veh_011,motorcycle,12.940124,77.664928,4.582
350.0,veh_012,motorcycle,12.928287,77.641281,11.791
350.0,veh_013,car,12.945111,77.686457,4.974
350.0,veh_015,bus,12.94694,77.694982,6.689
350.0,veh_016,car,12.932191,77.646963,6.058
350.0,veh_017,bus,12.92987,77.643332,5.441
350.0,veh_018,car,12.926566,77.638767,10.46
350.0,veh_019,bus,12.931027,77.645098,7.263
350.0,veh_020,car,12.943079,77.673963,9.335
350.0,veh_021,car,12.939798,77.66405,6.248
350.0,veh_022,car,12.922533,77.632908,12.353
350.0,veh_023,truck,12.939046,77.662344,3.453
350.0,veh_025,bus,12.935165,77.652286,5.436
350.0,veh_026,car,12.941385,77.669012,9.258
350.0,veh_027,motorcycle,12.934151,77.650395,7.619
350.0,veh_028,car,12.940101,77.664903,10.276
350.0,veh_029,car,12.946862,77.694699,0.1
350.0,veh_030,bus,12.936677,77.65535,4.549
350.0,veh_031,car,12.940567,77.666416,5.243
350.0,veh_033,car,12.945028,77.68608,8.077
350.0,veh_035,car,12.931857,77.646512,8.063
350.0,veh_036,motorcycle,12.943072,77.673656,7.176
350.0,veh_037,car,12.925351,77.636898,7.793
350.0,veh_038,motorcycle,12.944452,77.679596,12.909
350.0,veh_039,bus,12.94012,77.665075,6.351
350.0,veh_040,car,12.924426,77.635617,9.652
350.0,veh_041,motorcycle,12.929603,77.643149,13.378
350.0,veh_042,car,12.931522,77.645744,1.635
350.0,veh_043,car,12.92377,77.634739,4.265
350.0,veh_044,car,12.945651,77.688813,7.364
350.0,veh_045,car,12.943334,77.674518,11.868
350.0,veh_047,car,12.946593,77.693993,5.42
350.0,veh_049,bus,12.944176,77.677348,4.996
351.0,veh_000,car,12.944683,77.683227,12.79
351.0,veh_001,car,12.947435,77.696449,4.377
351.0,veh_002,car,12.923598,77.634453,3.904
351.0,veh_003,car,12.926145,77.638071,8.745
351.0,veh_004,car,12.937977,77.659179,7.56
351.0,veh_005,car,12.944448,77.678982,6.514
351.0,veh_006,car,12.933235,77.648872,9.189
351.0,veh_007,car,12.93109,77.645337,1.966
351.0,veh_008,car,12.942139,77.670901,4.658
351.0,veh_009,car,12.941011,77.66772,8.376
351.0,veh_010,bus,12.937119,77.656361,1.48
351.0,veh_011,motorcycle,12.940139,77.665048,12.468
351.0,veh_012,motorcycle,12.928401,77.641251,8.673
351.0,veh_013,car,12.945176,77.686548,4.649
351.0,veh_015,bus,12.947015,77.694987,7.362
351.0,veh_016,car,12.932227,77.647087,5.92
351.0,veh_017,bus,12.929817,77.643524,3.38
351.0,veh_018,car,12.926575,77.63887,12.06
351.0,veh_019,bus,12.93106,77.645116,6.282
351.0,veh_020,car,12.943162,77.673967,6.624
351.0,veh_021,car,12.93983,77.664192,6.231
351.0,veh_022,car,12.922533,77.632901,6.057
351.0,veh_023,truck,12.939068,77.662362,3.71
351.0,veh_025,bus,12.935229,77.65229,3.683
351.0,veh_026,car,12.9415,77.668983,8.246
351.0,veh_027,motorcycle,12.934191,77.650527,6.807
351.0,veh_028,car,12.940139,77.665084,11.882
351.0,veh_029,car,12.946943,77.694724,2.313
351.0,veh_030,bus,12.936594,77.655466,6.004
351.0,veh_031,car,12.940662,77.666563,7.945
351.0,veh_033,car,12.945095,77.686092,8.539
351.0,veh_035,car,12.931904,77.646556,7.449
351.0,veh_036,motorcycle,12.943051,77.673823,11.603
351.0,veh_037,car,12.925289,77.63685,8.241
351.0,veh_038,motorcycle,12.944413,77.679643,13.736
351.0,veh_039,bus,12.940161,77.665196,5.881
351.0,veh_040,car,12.924429,77.635681,7.561
351.0,veh_041,motorcycle,12.929776,77.643291,10.591
351.0,veh_042,car,12.931598,77.645821,5.02
351.0,veh_043,car,12.923719,77.634667,6.296
351.0,veh_044,car,12.945649,77.688896,5.001
351.0,veh_045,car,12.943318,77.674541,6.027
351.0,veh_047,car,12.946674,77.693976,7.791
351.0,veh_049,bus,12.944168,77.677392,6.39
352.0,veh_000,car,12.94476,77.683288,3.823
352.0,veh_001,car,12.947406,77.696479,6.193
352.0,veh_002,car,12.923626,77.634569,8.56
352.0,veh_003,car,12.926176,77.638144,7.216
352.0,veh_004,car,12.938069,77.65935,12.621
352.0,veh_005,car,12.944395,77.679072,11.29
352.0,veh_006,car,12.933281,77.648847,9.027
352.0,veh_007,car,12.931236,77.645412,9.16
352.0,veh_008,car,12.942082,77.670873,9.72
352.0,veh_009,car,12.941031,77.667631,6.041
352.0,veh_010,bus,12.937059,77.656466,7.791
352.0,veh_011,motorcycle,12.940084,77.665068,7.958
352.0,veh_012,motorcycle,12.928347,77.641337,2.995
352.0,veh_013,car,12.945082,77.686559,5.173
352.0,veh_015,bus,12.946916,77.695042,4.194
352.0,veh_016,car,12.932302,77.647071,11.412
352.0,veh_017,bus,12.929929,77.643455,6.869
352.0,veh_018,car,12.926687,77.638827,10.113
352.0,veh_019,bus,12.93101,77.645275,3.748
352.0,veh_020,car,12.943155,77.674067,8.625
352.0,veh_021,car,12.939787,77.664167,1.629
352.0,veh_022,car,12.922611,77.63302,9.115
352.0,veh_023,truck,12.939136,77.662369,4.929
352.0,veh_025,bus,12.935303,77.652407,4.928
352.0,veh_026,car,12.941518,77.669016,4.448
352.0,veh_027,motorcycle,12.934243,77.650625,12.64
352.0,veh_028,car,12.940201,77.665194,10.254
352.0,veh_029,car,12.946774,77.694743,2.435
352.0,veh_030,bus,12.936729,77.655365,3.207
352.0,veh_031,car,12.940674,77.666582,10.179
352.0,veh_033,car,12.945066,77.686305,9.23
352.0,veh_035,car,12.93189,77.646552,7.392
352.0,veh_036,motorcycle,12.943125,77.673953,7.214
352.0,veh_037,car,12.925498,77.637051,10.284
352.0,veh_038,motorcycle,12.94442,77.679807,4.509
352.0,veh_039,bus,12.940165,77.665188,5.107
352.0,veh_040,car,12.924437,77.635638,3.844
352.0,veh_041,motorcycle,12.929819,77.643348,5.386
352.0,veh_042,car,12.931563,77.645875,8.325
352.0,veh_043,car,12.923852,77.634781,9.581
352.0,veh_044,car,12.94566,77.689037,7.351
352.0,veh_045,car,12.943352,77.674667,5.842
352.0,veh_047,car,12.946675,77.694006,5.968
352.0,veh_049,bus,12.944313,77.677372,5.353
353.0,veh_000,car,12.944864,77.683428,13.563
353.0,veh_001,car,12.947516,77.696597,6.942
353.0,veh_002,car,12.923672,77.634584,3.209
353.0,veh_003,car,12.926184,77.638138,7.332
353.0,veh_004,car,12.938104,77.65931,4.093
353.0,veh_005,car,12.944526,77.679227,8.115
353.0,veh_006,car,12.933428,77.648923,11.879
353.0,veh_007,car,12.931179,77.645344,6.311
353.0,veh_008,car,12.942153,77.671025,5.107
353.0,veh_009,car,12.94115,77.667749,6.655
353.0,veh_010,bus,12.937053,77.656492,4.534
353.0,veh_011,motorcycle,12.940094,77.664941,13.024
353.0,veh_012,motorcycle,12.928372,77.641349,3.485
353.0,veh_013,car,12.945162,77.686622,7.253
353.0,veh_015,bus,12.947014,77.695037,3.652
353.0,veh_016,car,12.932333,77.647289,12.296
353.0,veh_017,bus,12.929895,77.643511,4.387
353.0,veh_018,car,12.926663,77.638909,2.481
353.0,veh_019,bus,12.931087,77.64523,5.553
353.0,veh_020,car,12.943253,77.674063,10.363
353.0,veh_021,car,12.939749,77.664237,7.463
353.0,veh_022,car,12.922528,77.632967,3.184
353.0,veh_023,truck,12.939182,77.662492,4.548
353.0,veh_025,bus,12.935312,77.652397,7.28
353.0,veh_026,car,12.941583,77.669121,9.985
353.0,veh_027,motorcycle,12.934263,77.650638,12.475
353.0,veh_028,car,12.940204,77.665243,13.108
353.0,veh_029,car,12.946858,77.694765,7.961
353.0,veh_030,bus,12.936688,77.655482,7.008
353.0,veh_031,car,12.94067,77.666606,6.492
353.0,veh_033,car,12.945059,77.6864,12.966
353.0,veh_035,car,12.931968,77.646711,8.575
353.0,veh_036,motorcycle,12.943104,77.673903,8.694
353.0,veh_037,car,12.925532,77.637118,10.352
353.0,veh_038,motorcycle,12.944518,77.679809,11.954
353.0,veh_039,bus,12.940179,77.665229,6.055
353.0,veh_040,car,12.924497,77.635782,9.962
353.0,veh_041,motorcycle,12.929735,77.643262,4.24
353.0,veh_042,car,12.931625,77.646016,7.542
353.0,veh_043,car,12.923865,77.634807,5.131
353.0,veh_044,car,12.945632,77.689083,6.874
353.0,veh_045,car,12.943448,77.674682,8.289
353.0,veh_047,car,12.946681,77.694208,8.275
353.0,veh_049,bus,12.944258,77.677344,6.245
354.0,veh_000,car,12.944826,77.683535,7.701
354.0,veh_001,car,12.947515,77.696638,9.202
354.0,veh_002,car,12.923783,77.634599,6.941
354.0,veh_003,car,12.926319,77.638299,4.775
354.0,veh_004,car,12.938136,77.659424,10.596
354.0,veh_005,car,12.944286,77.6793,2.566
354.0,veh_006,car,12.933302,77.649043,10.85
354.0,veh_007,car,12.931329,77.64545,7.603
354.0,veh_008,car,12.942109,77.670979,7.456
354.0,veh_009,car,12.941042,77.667904,8.492
354.0,veh_010,bus,12.937026,77.656544,4.902
354.0,veh_011,motorcycle,12.940032,77.665122,4.643
354.0,veh_012,motorcycle,12.928449,77.641369,10.079
354.0,veh_013,car,12.945149,77.686789,10.413
354.0,veh_015,bus,12.947035,77.695082,5.574
354.0,veh_016,car,12.932293,77.647344,9.641
354.0,veh_017,bus,12.929878,77.643603,4.708
354.0,veh_018,car,12.926765,77.638953,9.125
354.0,veh_019,bus,12.930991,77.645229,4.783
354.0,veh_020,car,12.94328,77.67412,2.131
354.0,veh_021,car,12.939937,77.664305,5.936
354.0,veh_022,car,12.922637,77.633099,12.457
354.0,veh_023,truck,12.939231,77.662404,3.114
354.0,veh_025,bus,12.935231,77.652556,3.109
354.0,veh_026,car,12.941626,77.669193,8.352
354.0,veh_027,motorcycle,12.934313,77.650803,12.095
354.0,veh_028,car,12.940197,77.665341,4.152
354.0,veh_029,car,12.94682,77.694894,5.84
354.0,veh_030,bus,12.936711,77.65556,4.752
354.0,veh_031,car,12.940717,77.666699,7.479
354.0,veh_033,car,12.945084,77.686545,5.779
354.0,veh_035,car,12.932008,77.646675,3.805
354.0,veh_036,motorcycle,12.943269,77.673916,4.827
354.0,veh_037,car,12.92553,77.637079,3.279
354.0,veh_038,motorcycle,12.944576,77.679926,4.388
354.0,veh_039,bus,12.94014,77.665352,6.099
354.0,veh_040,car,12.92458,77.635778,11.018
354.0,veh_041,motorcycle,12.929792,77.643424,11.159
354.0,veh_042,car,12.931512,77.645948,6.315
354.0,veh_043,car,12.923951,77.634976,12.697
354.0,veh_044,car,12.94572,77.689217,7.801
354.0,veh_045,car,12.943353,77.674666,5.595
354.0,veh_047,car,12.946665,77.694208,9.613
354.0,veh_049,bus,12.944205,77.677441,4.742
355.0,veh_000,car,12.944812,77.68356,8.067
355.0,veh_001,car,12.947474,77.696738,0.179
355.0,veh_002,car,12.923679,77.634708,7.976
355.0,veh_003,car,12.926366,77.63832,7.117
355.0,veh_004,car,12.938147,77.659489,6.631
355.0,veh_005,car,12.944441,77.679431,11.636
355.0,veh_006,car,12.933366,77.649141,7.95
355.0,veh_007,car,12.931135,77.645544,8.668
355.0,veh_008,car,12.942196,77.671092,8.197
355.0,veh_009,car,12.941033,77.667959,7.707
355.0,veh_010,bus,12.937117,77.656561,6.322
355.0,veh_011,motorcycle,12.940097,77.665029,3.756
355.0,veh_012,motorcycle,12.928574,77.641573,14.31
355.0,veh_013,car,12.94513,77.686763,7.138
355.0,veh_015,bus,12.947055,77.695101,4.186
355.0,veh_016,car,12.932356,77.647404,9.473
355.0,veh_017,bus,12.929896,77.643525,3.083
355.0,veh_018,car,12.926754,77.639039,8.376
355.0,veh_019,bus,12.931105,77.645318,3.929
355.0,veh_020,car,12.943306,77.674087,3.083
355.0,veh_021,car,12.93994,77.664333,8.133
355.0,veh_022,car,12.922535,77.633142,6.206
355.0,veh_023,truck,12.939277,77.662505,4.385
355.0,veh_025,bus,12.935399,77.652489,5.806
355.0,veh_026,car,12.941559,77.669264,4.686
355.0,veh_027,motorcycle,12.934399,77.650747,2.748
355.0,veh_028,car,12.940256,77.665453,8.172
355.0,veh_029,car,12.946939,77.694969,7.396
355.0,veh_030,bus,12.936771,77.655564,6.07
355.0,veh_031,car,12.940687,77.666796,9.636
355.0,veh_033,car,12.945096,77.68654,6.955
355.0,veh_035,car,12.932077,77.646803,10.796
355.0,veh_036,motorcycle,12.943235,77.674092,5.366
355.0,veh_037,car,12.925515,77.637195,8.644
355.0,veh_038,motorcycle,12.944546,77.679976,11.965
355.0,veh_039,bus,12.940216,77.665339,3.542
355.0,veh_040,car,12.924753,77.635959,14.326
355.0,veh_041,motorcycle,12.929855,77.643454,8.848
355.0,veh_042,car,12.931583,77.645917,5.643
355.0,veh_043,car,12.923913,77.634941,6.48
355.0,veh_044,car,12.945713,77.689205,6.847
355.0,veh_045,car,12.943486,77.674757,1.853
355.0,veh_047,car,12.946816,77.694324,12.471
355.0,veh_049,bus,12.94436,77.67741,3.719
356.0,veh_000,car,12.944792,77.683658,12.32
356.0,veh_001,car,12.947517,77.696638,0.1
356.0,veh_002,car,12.92379,77.634772,10.554
356.0,veh_003,car,12.926423,77.638406,6.18
356.0,veh_004,car,12.938183,77.65955,7.012
356.0,veh_005,car,12.944485,77.679369,8.404
356.0,veh_006,car,12.933403,77.649294,11.274
356.0,veh_007,car,12.931359,77.645544,4.72
356.0,veh_008,car,12.942221,77.671219,13.103
356.0,veh_009,car,12.940997,77.667953,0.933
356.0,veh_010,bus,12.937191,77.656731,7.953
356.0,veh_011,motorcycle,12.940199,77.66515,14.962
356.0,veh_012,motorcycle,12.928526,77.641581,10.325
356.0,veh_013,car,12.945142,77.686861,5.825
356.0,veh_015,bus,12.947111,77.695309,4.172
356.0,veh_016,car,12.932503,77.647514,11.619
356.0,veh_017,bus,12.929945,77.643672,4.917
356.0,veh_018,car,12.926835,77.639079,10.475
356.0,veh_019,bus,12.931138,77.645275,5.306
356.0,veh_020,car,12.943238,77.674262,6.231
356.0,veh_021,car,12.93994,77.664384,6.729
356.0,veh_022,car,12.922733,77.633229,8.055
356.0,veh_023,truck,12.939105,77.662462,3.191
356.0,veh_025,bus,12.935317,77.652479,4.264
356.0,veh_026,car,12.941612,77.669397,11.549
356.0,veh_027,motorcycle,12.934449,77.650946,11.572
356.0,veh_028,car,12.94022,77.66551,7.137
356.0,veh_029,car,12.947065,77.694964,2.471
356.0,veh_030,bus,12.936709,77.655573,4.1
356.0,veh_031,car,12.940709,77.666928,9.014
356.0,veh_033,car,12.945082,77.686658,10.001
356.0,veh_035,car,12.931995,77.646768,2.338
356.0,veh_036,motorcycle,12.94313,77.673962,4.117
356.0,veh_037,car,12.925591,77.637239,6.047
356.0,veh_038,motorcycle,12.94447,77.680095,11.677
356.0,veh_039,bus,12.94024,77.665338,4.387
356.0,veh_040,car,12.924762,77.636046,6.354
356.0,veh_041,motorcycle,12.929937,77.643464,15.732
356.0,veh_042,car,12.931706,77.646132,9.607
356.0,veh_043,car,12.923974,77.634961,3.779
356.0,veh_044,car,12.945697,77.68926,6.188
356.0,veh_045,car,12.943402,77.674836,7.999
356.0,veh_047,car,12.946709,77.694397,3.379
356.0,veh_049,bus,12.944189,77.677485,4.09
357.0,veh_000,car,12.944886,77.683783,7.479
357.0,veh_001,car,12.947556,77.696691,6.181
357.0,veh_002,car,12.923801,77.634938,10.057
357.0,veh_003,car,12.926327,77.638393,8.309
357.0,veh_004,car,12.938256,77.659701,8.702
357.0,veh_005,car,12.944321,77.679535,8.866
357.0,veh_006,car,12.93346,77.649244,6.458
357.0,veh_007,car,12.931337,77.645544,8.653
357.0,veh_008,car,12.942194,77.671239,7.027
357.0,veh_009,car,12.941076,77.66807,4.576
357.0,veh_010,bus,12.937055,77.656632,5.842
357.0,veh_011,motorcycle,12.940248,77.665284,8.698
357.0,veh_012,motorcycle,12.928536,77.641502,5.743
357.0,veh_013,car,12.945112,77.686967,4.054
357.0,veh_015,bus,12.947094,77.695189,3.298
357.0,veh_016,car,12.93245,77.647479,0.655
357.0,veh_017,bus,12.930013,77.643658,7.435
357.0,veh_018,car,12.926857,77.639106,2.024
357.0,veh_019,bus,12.931237,77.645226,4.948
357.0,veh_020,car,12.943251,77.674229,3.618
357.0,veh_021,car,12.939895,77.664571,9.161
357.0,veh_022,car,12.922747,77.633283,6.865
357.0,veh_023,truck,12.939224,77.662521,3.911
357.0,veh_025,bus,12.935454,77.65258,2.556
357.0,veh_026,car,12.941546,77.669492,14.454
357.0,veh_027,motorcycle,12.934462,77.650861,2.768
357.0,veh_028,car,12.940358,77.665489,5.052
357.0,veh_029,car,12.946995,77.695053,8.586
357.0,veh_030,bus,12.936684,77.655676,3.291
357.0,veh_031,car,12.940754,77.667015,8.385
357.0,veh_033,car,12.945238,77.686561,4.144
357.0,veh_035,car,12.932011,77.64688,9.679
357.0,veh_036,motorcycle,12.943202,77.674068,10.138
357.0,veh_037,car,12.925622,77.63728,5.248
357.0,veh_038,motorcycle,12.944573,77.680245,14.586
357.0,veh_039,bus,12.940292,77.6653,4.899
357.0,veh_040,car,12.924647,77.635999,5.224
357.0,veh_041,motorcycle,12.930027,77.643642,8.106
357.0,veh_042,car,12.93168,77.64616,7.515
357.0,veh_043,car,12.924086,77.635046,8.027
357.0,veh_044,car,12.945634,77.689416,10.362
357.0,veh_045,car,12.943446,77.674821,1.012
357.0,veh_047,car,12.946713,77.694492,9.347
357.0,veh_049,bus,12.944221,77.677632,6.885
358.0,veh_000,car,12.944763,77.683772,9.603
358.0,veh_001,car,12.947585,77.696704,9.282
358.0,veh_002,car,12.923831,77.634928,7.249
358.0,veh_003,car,12.926431,77.638418,5.111
358.0,veh_004,car,12.938197,77.659571,6.997
358.0,veh_005,car,12.944409,77.679676,8.644
358.0,veh_006,car,12.933494,77.649287,4.05
358.0,veh_007,car,12.931409,77.645805,16.492
358.0,veh_008,car,12.942193,77.671267,2.255
358.0,veh_009,car,12.941249,77.667948,7.094
358.0,veh_010,bus,12.937149,77.65671,6.696
358.0,veh_011,motorcycle,12.940122,77.665352,12.088
358.0,veh_012,motorcycle,12.928623,77.641672,10.843
358.0,veh_013,car,12.945123,77.686983,7.17
358.0,veh_015,bus,12.947062,77.695366,4.331
358.0,veh_016,car,12.93249,77.647539,9.283
358.0,veh_017,bus,12.930057,77.643744,7.755
358.0,veh_018,car,12.926846,77.639111,5.035
358.0,veh_019,bus,12.931138,77.645358,6.561
358.0,veh_020,car,12.943294,77.674281,11.276
358.0,veh_021,car,12.939978,77.66463,10.163
358.0,veh_022,car,12.922699,77.633343,2.946
358.0,veh_023,truck,12.939258,77.662602,4.023
358.0,veh_025,bus,12.935384,77.652614,4.511
358.0,veh_026,car,12.941688,77.66957,9.647
358.0,veh_027,motorcycle,12.934551,77.650947,10.378
358.0,veh_028,car,12.940344,77.665495,0.1
358.0,veh_029,car,12.947017,77.695102,3.611
358.0,veh_030,bus,12.936848,77.655745,1.522
358.0,veh_031,car,12.940752,77.667073,12.397
358.0,veh_033,car,12.945196,77.686748,9.899
358.0,veh_035,car,12.932216,77.646919,14.138
358.0,veh_036,motorcycle,12.943184,77.674322,10.991
358.0,veh_037,car,12.925657,77.637319,9.21
358.0,veh_038,motorcycle,12.944407,77.680291,5.755
358.0,veh_039,bus,12.940211,77.665523,4.514
358.0,veh_040,car,12.924742,77.636126,7.075
358.0,veh_041,motorcycle,12.930118,77.643759,14.122
358.0,veh_042,car,12.931694,77.646144,9.265
358.0,veh_043,car,12.924055,77.635024,3.383
358.0,veh_044,car,12.945702,77.689448,8.737
358.0,veh_045,car,12.943486,77.674851,3.58
358.0,veh_047,car,12.946722,77.69448,6.723
358.0,veh_049,bus,12.94418,77.677729,5.116
359.0,veh_000,car,12.944814,77.683882,9.774
359.0,veh_001,car,12.947632,77.696838,7.571
359.0,veh_002,car,12.923902,77.634905,1.658
359.0,veh_003,car,12.926489,77.638467,10.46
359.0,veh_004,car,12.938206,77.659721,7.946
359.0,veh_005,car,12.944537,77.679685,8.336
359.0,veh_006,car,12.933533,77.64936,4.921
359.0,veh_007,car,12.931517,77.645775,7.907
359.0,veh_008,car,12.942316,77.671319,8.44
359.0,veh_009,car,12.941164,77.66804,5.539
359.0,veh_010,bus,12.93719,77.656799,5.486
359.0,veh_011,motorcycle,12.940267,77.665395,14.106
359.0,veh_012,motorcycle,12.928696,77.641757,7.768
359.0,veh_013,car,12.945191,77.687043,10.486
359.0,veh_015,bus,12.947067,77.695276,5.271
359.0,veh_016,car,12.932611,77.647599,7.975
359.0,veh_017,bus,12.930022,77.643726,3.358
359.0,veh_018,car,12.927008,77.639274,5.724
359.0,veh_019,bus,12.931204,77.645354,5.35
359.0,veh_020,car,12.943277,77.674484,10.615
359.0,veh_021,car,12.939959,77.664671,3.966
359.0,veh_022,car,12.922751,77.63335,7.951
359.0,veh_023,truck,12.939193,77.662657,4.008
359.0,veh_025,bus,12.935374,77.65258,4.92
359.0,veh_026,car,12.941686,77.669703,5.392
359.0,veh_027,motorcycle,12.93461,77.651192,19.283
359.0,veh_028,car,12.940338,77.665589,6.281
359.0,veh_029,car,12.946958,77.695112,5.163
359.0,veh_030,bus,12.936792,77.655621,4.449
359.0,veh_031,car,12.940826,77.667205,3.177
359.0,veh_033,car,12.94509,77.686781,11.162
359.0,veh_035,car,12.932237,77.647126,7.954
359.0,veh_036,motorcycle,12.943302,77.67425,5.167
359.0,veh_037,car,12.925567,77.637322,6.305
359.0,veh_038,motorcycle,12.94459,77.680497,14.407
359.0,veh_039,bus,12.940307,77.665483,6.515
359.0,veh_040,car,12.924821,77.636117,5.5
359.0,veh_041,motorcycle,12.930105,77.643795,7.694
359.0,veh_042,car,12.931712,77.64631,9.287
359.0,veh_043,car,12.924074,77.635173,5.729
359.0,veh_044,car,12.945761,77.689471,5.338
359.0,veh_045,car,12.943411,77.674837,7.672
359.0,veh_047,car,12.946786,77.694519,4.933
359.0,veh_049,bus,12.944271,77.677753,3.078
360.0,veh_000,car,12.944831,77.684001,12.131
360.0,veh_001,car,12.947589,77.696909,7.015
360.0,veh_002,car,12.923927,77.635,6.029
360.0,veh_003,car,12.92651,77.638588,4.774
360.0,veh_004,car,12.938313,77.65985,7.972
360.0,veh_005,car,12.944431,77.679798,6.117
360.0,veh_006,car,12.933531,77.649298,3.61
360.0,veh_007,car,12.93149,77.645783,6.25
360.0,veh_008,car,12.942306,77.671315,3.19
360.0,veh_009,car,12.941193,77.668155,11.932
360.0,veh_010,bus,12.937173,77.656747,4.118
360.0,veh_011,motorcycle,12.940366,77.66549,8.008
360.0,veh_012,motorcycle,12.928671,77.641726,9.334
360.0,veh_013,car,12.945165,77.687077,6.6
360.0,veh_015,bus,12.947054,77.6953,5.958
360.0,veh_016,car,12.932524,77.647831,8.099
360.0,veh_017,bus,12.930132,77.643806,6.424
360.0,veh_018,car,12.926953,77.639278,2.61
360.0,veh_019,bus,12.931288,77.645417,5.952
360.0,veh_020,car,12.943303,77.674489,7.433
360.0,veh_021,car,12.939951,77.664725,10.406
360.0,veh_022,car,12.92282,77.63338,4.159
360.0,veh_023,truck,12.939291,77.662612,6.144
360.0,veh_025,bus,12.935398,77.652703,5.778
360.0,veh_026,car,12.941703,77.669694,5.266
360.0,veh_027,motorcycle,12.93466,77.651188,7.16
360.0,veh_028,car,12.940426,77.665631,7.806
360.0,veh_029,car,12.947106,77.695187,12.853
360.0,veh_030,bus,12.936889,77.655717,3.005
360.0,veh_031,car,12.940874,77.667142,11.01
360.0,veh_033,car,12.945274,77.686739,6.952
360.0,veh_035,car,12.932252,77.646994,3.722
360.0,veh_036,motorcycle,12.943326,77.67435,12.025
360.0,veh_037,car,12.925785,77.63746,10.588
360.0,veh_038,motorcycle,12.944594,77.680548,7.982
360.0,veh_039,bus,12.940314,77.665479,4.858
360.0,veh_040,car,12.92486,77.636118,9.51
360.0,veh_041,motorcycle,12.93013,77.643846,8.541
360.0,veh_042,car,12.931892,77.646334,8.895
360.0,veh_043,car,12.924036,77.635172,3.155
360.0,veh_044,car,12.945659,77.689579,5.578
360.0,veh_045,car,12.943516,77.674922,5.864
360.0,veh_047,car,12.946797,77.694541,4.023
360.0,veh_049,bus,12.944287,77.677721,6.737
361.0,veh_000,car,12.944751,77.684001,7.033
361.0,veh_001,car,12.947606,77.696964,8.583
361.0,veh_002,car,12.923961,77.634955,2.508
361.0,veh_003,car,12.926497,77.638553,6.791
361.0,veh_004,car,12.938221,77.659814,4.673
361.0,veh_005,car,12.944416,77.679804,6.293
361.0,veh_006,car,12.933618,77.649311,4.416
361.0,veh_007,car,12.931566,77.645844,5.05
361.0,veh_008,car,12.942319,77.671414,11.188
361.0,veh_009,car,12.941248,77.668227,11.009
361.0,veh_010,bus,12.937084,77.657021,7.755
361.0,veh_011,motorcycle,12.940347,77.665608,12.189
361.0,veh_012,motorcycle,12.928912,77.642001,12.472
361.0,veh_013,car,12.945258,77.687168,6.587
361.0,veh_015,bus,12.947031,77.695435,6.719
361.0,veh_016,car,12.932588,77.647708,11.811
361.0,veh_017,bus,12.930158,77.64376,2.752
361.0,veh_018,car,12.927037,77.639229,11.389
361.0,veh_019,bus,12.931302,77.645398,7.337
361.0,veh_020,car,12.943305,77.674484,6.059
361.0,veh_021,car,12.940002,77.664773,4.109
361.0,veh_022,car,12.922845,77.633436,10.383
361.0,veh_023,truck,12.939295,77.662649,3.923
361.0,veh_025,bus,12.93541,77.652642,5.123
361.0,veh_026,car,12.941701,77.669784,8.432
361.0,veh_027,motorcycle,12.934565,77.65126,3.951
361.0,veh_028,car,12.940365,77.665756,7.62
361.0,veh_029,car,12.947027,77.695274,4.157
361.0,veh_030,bus,12.9368,77.655801,4.738
361.0,veh_031,car,12.940858,77.667348,14.205
361.0,veh_033,car,12.945165,77.686931,7.583
361.0,veh_035,car,12.932212,77.64717,6.864
361.0,veh_036,motorcycle,12.94328,77.674432,8.35
361.0,veh_037,car,12.925754,77.637545,7.285
361.0,veh_038,motorcycle,12.944457,77.680544,10.333
361.0,veh_039,bus,12.940326,77.665605,6.663
361.0,veh_040,car,12.924856,77.636247,8.121
361.0,veh_041,motorcycle,12.930284,77.643915,8.226
361.0,veh_042,car,12.931758,77.646378,6.487
361.0,veh_043,car,12.924053,77.635139,7.389
361.0,veh_044,car,12.945705,77.689626,1.798
361.0,veh_045,car,12.943585,77.674996,9.856
361.0,veh_047,car,12.946782,77.694603,8.509
361.0,veh_049,bus,12.944182,77.677816,3.675
362.0,veh_000,car,12.944838,77.68408,6.189
362.0,veh_001,car,12.947739,77.697049,10.395
362.0,veh_002,car,12.923966,77.63502,3.426
362.0,veh_003,car,12.926553,77.638625,10.843
362.0,veh_004,car,12.938368,77.659984,8.859
362.0,veh_005,car,12.944541,77.679838,9.17
362.0,veh_006,car,12.933542,77.649443,5.591
362.0,veh_007,car,12.931514,77.645881,4.848
362.0,veh_008,car,12.942321,77.67157,5.04
362.0,veh_009,car,12.941271,77.668411,11.703
362.0,veh_010,bus,12.937252,77.656839,4.475
362.0,veh_011,motorcycle,12.940408,77.665726,12.138
362.0,veh_012,motorcycle,12.928852,77.641993,13.25
362.0,veh_013,car,12.945241,77.687209,4.862
362.0,veh_015,bus,12.947196,77.695407,2.431
362.0,veh_016,car,12.932595,77.647832,7.295
362.0,veh_017,bus,12.93013,77.643844,5.286
362.0,veh_018,car,12.926983,77.639392,3.45
362.0,veh_019,bus,12.931257,77.645531,3.391
362.0,veh_020,car,12.943377,77.674555,9.539
362.0,veh_021,car,12.939942,77.664827,8.891
362.0,veh_022,car,12.922779,77.633436,6.421
362.0,veh_023,truck,12.939308,77.662699,5.854
362.0,veh_025,bus,12.935447,77.652765,5.228
362.0,veh_026,car,12.941713,77.669845,9.779
362.0,veh_027,motorcycle,12.934548,77.651258,0.1
362.0,veh_028,car,12.94039,77.665768,10.526
362.0,veh_029,car,12.946984,77.695275,9.166
362.0,veh_030,bus,12.936767,77.655794,6.453
362.0,veh_031,car,12.9409,77.667347,7.427
362.0,veh_033,car,12.945146,77.68701,9.727
362.0,veh_035,car,12.932415,77.647302,7.621
362.0,veh_036,motorcycle,12.943396,77.674584,11.748
362.0,veh_037,car,12.925837,77.637536,5.583
362.0,veh_038,motorcycle,12.944464,77.680692,10.753
362.0,veh_039,bus,12.940264,77.665577,6.524
362.0,veh_040,car,12.924903,77.636447,9.09
362.0,veh_041,motorcycle,12.930242,77.644019,6.125
362.0,veh_042,car,12.931789,77.646442,6.811
362.0,veh_043,car,12.924141,77.635256,10.904
362.0,veh_044,car,12.945752,77.689568,6.537
362.0,veh_045,car,12.943492,77.675025,6.809
362.0,veh_047,car,12.946835,77.694662,10.385
362.0,veh_049,bus,12.944259,77.677745,2.509
363.0,veh_000,car,12.944792,77.684075,7.209
363.0,veh_001,car,12.947657,77.69715,9.6
363.0,veh_002,car,12.923997,77.635052,12.632
363.0,veh_003,car,12.926733,77.638719,6.778
363.0,veh_004,car,12.938355,77.659962,0.62
363.0,veh_005,car,12.944427,77.679938,8.8
363.0,veh_006,car,12.933573,77.649518,9.254
363.0,veh_007,car,12.931558,77.645966,5.759
363.0,veh_008,car,12.942304,77.671604,10.079
363.0,veh_009,car,12.941326,77.668434,3.337
363.0,veh_010,bus,12.937307,77.656999,1.945
363.0,veh_011,motorcycle,12.940354,77.665784,4.719
363.0,veh_012,motorcycle,12.928975,77.642043,12.557
363.0,veh_013,car,12.945264,77.687318,8.868
363.0,veh_015,bus,12.947131,77.695487,6.976
363.0,veh_016,car,12.932715,77.647892,11.009
363.0,veh_017,bus,12.930214,77.64392,6.388
363.0,veh_018,car,12.927085,77.639445,6.131
363.0,veh_019,bus,12.931373,77.645585,5.631
363.0,veh_020,car,12.943435,77.67459,6.743
363.0,veh_021,car,12.940056,77.66483,10.521
363.0,veh_022,car,12.922947,77.633583,9.245
363.0,veh_023,truck,12.939393,77.662753,7.002
363.0,veh_025,bus,12.935462,77.652829,5.259
363.0,veh_026,car,12.941816,77.670017,13.115
363.0,veh_027,motorcycle,12.934598,77.651369,5.666
363.0,veh_028,car,12.940378,77.66582,5.116
363.0,veh_029,car,12.94716,77.695316,3.096
363.0,veh_030,bus,12.936889,77.655873,5.094
363.0,veh_031,car,12.94093,77.66736,10.773
363.0,veh_033,car,12.945188,77.687056,7.649
363.0,veh_035,car,12.932284,77.647228,8.409
363.0,veh_036,motorcycle,12.943415,77.674688,4.838
363.0,veh_037,car,12.925813,77.637635,6.54
363.0,veh_038,motorcycle,12.944451,77.680677,7.147
363.0,veh_039,bus,12.940232,77.665706,4.682
363.0,veh_040,car,12.924877,77.63633,4.855
363.0,veh_041,motorcycle,12.930305,77.644048,13.178
363.0,veh_042,car,12.932011,77.646562,9.719
363.0,veh_043,car,12.92425,77.635348,11.327
363.0,veh_044,car,12.945845,77.689737,10.114
363.0,veh_045,car,12.943541,77.675018,5.969
363.0,veh_047,car,12.946965,77.694724,2.323
363.0,veh_049,bus,12.94428,77.677926,5.749
364.0,veh_000,car,12.944823,77.684149,5.622
364.0,veh_001,car,12.94776,77.697196,9.03
364.0,veh_002,car,12.924059,77.63517,7.92
364.0,veh_003,car,12.926675,77.638825,6.126
364.0,veh_004,car,12.938314,77.660014,8.669
364.0,veh_005,car,12.944479,77.679926,5.514
364.0,veh_006,car,12.933625,77.64947,5.773
364.0,veh_007,car,12.93167,77.645999,10.083
364.0,veh_008,car,12.942447,77.671621,8.548
364.0,veh_009,car,12.941246,77.668546,9.254
364.0,veh_010,bus,12.937263,77.657015,5.534
364.0,veh_011,motorcycle,12.940437,77.665894,7.312
364.0,veh_012,motorcycle,12.929033,77.642187,13.284
364.0,veh_013,car,12.945319,77.687277,4.186
364.0,veh_015,bus,12.947168,77.69561,5.386
364.0,veh_016,car,12.93277,77.647934,3.892
364.0,veh_017,bus,12.930141,77.643978,1.189
364.0,veh_018,car,12.927048,77.639406,9.18
364.0,veh_019,bus,12.931377,77.645554,5.633
364.0,veh_020,car,12.943479,77.674641,5.842
364.0,veh_021,car,12.940092,77.664906,5.697
364.0,veh_022,car,12.922957,77.633616,9.737
364.0,veh_023,truck,12.939382,77.662801,5.469
364.0,veh_025,bus,12.935568,77.652907,5.84
364.0,veh_026,car,12.941794,77.67003,6.423
364.0,veh_027,motorcycle,12.934707,77.651407,11.027
364.0,veh_028,car,12.940403,77.665885,5.117
364.0,veh_029,car,12.947121,77.695494,10.114
364.0,veh_030,bus,12.936864,77.656007,6.635
364.0,veh_031,car,12.941052,77.667523,9.032
364.0,veh_033,car,12.94528,77.687098,2.448
364.0,veh_035,car,12.932401,77.647252,9.292
364.0,veh_036,motorcycle,12.94346,77.674708,11.309
364.0,veh_037,car,12.925827,77.637558,0.1
364.0,veh_038,motorcycle,12.944558,77.680746,11.643
364.0,veh_039,bus,12.940302,77.665724,5.188
364.0,veh_040,car,12.925062,77.636387,7.506
364.0,veh_041,motorcycle,12.930295,77.644141,6.908
364.0,veh_042,car,12.931978,77.646599,6.455
364.0,veh_043,car,12.924344,77.635445,9.318
364.0,veh_044,car,12.945733,77.68971,3.932
364.0,veh_045,car,12.943619,77.675294,11.181
364.0,veh_047,car,12.946864,77.694764,4.566
364.0,veh_049,bus,12.94433,77.677905,4.201
365.0,veh_000,car,12.944833,77.684232,2.216
365.0,veh_001,car,12.947757,77.697375,9.8
365.0,veh_002,car,12.924139,77.635223,10.832
365.0,veh_003,car,12.926665,77.638792,0.311
365.0,veh_004,car,12.938379,77.660077,3.508
365.0,veh_005,car,12.944468,77.680071,5.915
365.0,veh_006,car,12.933709,77.649609,1.925
365.0,veh_007,car,12.931506,77.646085,2.039
365.0,veh_008,car,12.942451,77.671768,9.658
365.0,veh_009,car,12.941269,77.668637,5.953
365.0,veh_010,bus,12.937263,77.657124,5.952
365.0,veh_011,motorcycle,12.940455,77.665972,14.027
365.0,veh_012,motorcycle,12.92899,77.642252,7.848
365.0,veh_013,car,12.945251,77.687494,10.595
365.0,veh_015,bus,12.947138,77.695672,5.665
365.0,veh_016,car,12.932701,77.647937,5.495
365.0,veh_017,bus,12.930253,77.643871,3.219
365.0,veh_018,car,12.927122,77.639443,6.535
365.0,veh_019,bus,12.931328,77.645676,2.83
365.0,veh_020,car,12.943468,77.674791,4.58
365.0,veh_021,car,12.940066,77.665035,5.56
365.0,veh_022,car,12.922983,77.633661,7.253
365.0,veh_023,truck,12.939298,77.662953,4.314
365.0,veh_025,bus,12.935459,77.652868,5.597
365.0,veh_026,car,12.941762,77.669962,5.389
365.0,veh_027,motorcycle,12.934639,77.651334,3.58
365.0,veh_028,car,12.940421,77.665945,9.924
365.0,veh_029,car,12.947161,77.695511,8.147
365.0,veh_030,bus,12.936952,77.655932,6.717
365.0,veh_031,car,12.941108,77.667612,6.232
365.0,veh_033,car,12.945248,77.687078,5.233
365.0,veh_035,car,12.9324,77.64736,3.762
365.0,veh_036,motorcycle,12.943499,77.674761,7.411
365.0,veh_037,car,12.925891,77.637605,9.834
365.0,veh_038,motorcycle,12.944527,77.680896,7.141
365.0,veh_039,bus,12.940256,77.665754,6.817
365.0,veh_040,car,12.924981,77.636501,7.376
365.0,veh_041,motorcycle,12.93035,77.644152,4.228
365.0,veh_042,car,12.932012,77.646618,7.938
365.0,veh_043,car,12.924324,77.635481,6.355
365.0,veh_044,car,12.945839,77.689841,8.588
365.0,veh_045,car,12.943705,77.675232,4.294
365.0,veh_047,car,12.946894,77.694851,8.513
365.0,veh_049,bus,12.944259,77.677996,5.862
366.0,veh_000,car,12.944806,77.684298,9.405
366.0,veh_001,car,12.947869,77.697422,10.191
366.0,veh_002,car,12.924028,77.63516,0.478
366.0,veh_003,car,12.926615,77.638903,8.496
366.0,veh_004,car,12.93832,77.660144,6.175
366.0,veh_005,car,12.944423,77.680061,4.491
366.0,veh_006,car,12.933636,77.649621,5.226
366.0,veh_007,car,12.931722,77.646092,8.32
366.0,veh_008,car,12.942335,77.671865,6.099
366.0,veh_009,car,12.941444,77.668648,10.665
366.0,veh_010,bus,12.937331,77.65708,4.152
366.0,veh_011,motorcycle,12.940502,77.666136,12.158
366.0,veh_012,motorcycle,12.929095,77.642268,9.547
366.0,veh_013,car,12.945322,77.687428,5.21
366.0,veh_015,bus,12.947189,77.695622,6.977
366.0,veh_016,car,12.932748,77.647996,9.909
366.0,veh_017,bus,12.930215,77.643973,3.824
366.0,veh_018,car,12.927094,77.639594,5.606
366.0,veh_019,bus,12.931478,77.645624,3.301
366.0,veh_020,car,12.943437,77.674713,5.28
366.0,veh_021,car,12.940145,77.665051,7.191
366.0,veh_022,car,12.923005,77.633702,9.398
366.0,veh_023,truck,12.939438,77.66289,4.952
366.0,veh_025,bus,12.935609,77.652874,4.83
366.0,veh_026,car,12.94183,77.670055,7.877
366.0,veh_027,motorcycle,12.934714,77.651371,7.872
366.0,veh_028,car,12.940458,77.666036,9.618
366.0,veh_029,car,12.947253,77.695646,9.585
366.0,veh_030,bus,12.936937,77.656042,6.077
366.0,veh_031,car,12.94103,77.667674,4.561
366.0,veh_033,car,12.945248,77.687189,12.982
366.0,veh_035,car,12.932438,77.647464,7.996
366.0,veh_036,motorcycle,12.943417,77.674946,12.819
366.0,veh_037,car,12.925861,77.637787,4.95
366.0,veh_038,motorcycle,12.944491,77.680879,5.682
366.0,veh_039,bus,12.94035,77.665758,6.079
366.0,veh_040,car,12.925067,77.636559,12.117
366.0,veh_041,motorcycle,12.930391,77.644219,13.293
366.0,veh_042,car,12.932034,77.646725,7.109
366.0,veh_043,car,12.924382,77.635548,10.054
366.0,veh_044,car,12.94577,77.689834,8.133
366.0,veh_045,car,12.943687,77.675393,8.262
366.0,veh_047,car,12.94698,77.694978,10.58
366.0,veh_049,bus,12.944299,77.67801,4.125
367.0,veh_000,car,12.944781,77.684411,6.352
367.0,veh_001,car,12.947813,77.69735,4.478
367.0,veh_002,car,12.92417,77.635145,3.113
367.0,veh_003,car,12.926649,77.638872,2.411
367.0,veh_004,car,12.938299,77.660154,3.743
367.0,veh_005,car,12.944415,77.680206,7.477
367.0,veh_006,car,12.933711,77.649764,10.569
367.0,veh_007,car,12.931642,77.646079,7.877
367.0,veh_008,car,12.942302,77.671887,7.706
367.0,veh_009,car,12.941295,77.668664,9.774
367.0,veh_010,bus,12.937301,77.657088,6.194
367.0,veh_011,motorcycle,12.940441,77.666199,14.707
367.0,veh_012,motorcycle,12.929105,77.642431,12.2
367.0,veh_013,car,12.945308,77.687509,2.38
367.0,veh_015,bus,12.947262,77.695751,5.307
367.0,veh_016,car,12.932715,77.648061,8.435
367.0,veh_017,bus,12.930234,77.644033,5.395
367.0,veh_018,car,12.927174,77.639571,10.662
367.0,veh_019,bus,12.931451,77.645727,4.986
367.0,veh_020,car,12.943472,77.674921,14.376
367.0,veh_021,car,12.940151,77.665064,3.895
367.0,veh_022,car,12.923124,77.633816,6.981
367.0,veh_023,truck,12.939403,77.662976,5.048
367.0,veh_025,bus,12.935564,77.652997,3.757
367.0,veh_026,car,12.941779,77.670071,3.263
367.0,veh_027,motorcycle,12.934777,77.651488,10.273
367.0,veh_028,car,12.94047,77.666105,11.488
367.0,veh_029,car,12.947199,77.695619,0.952
367.0,veh_030,bus,12.936965,77.655963,6.051
367.0,veh_031,car,12.940996,77.667614,6.322
367.0,veh_033,car,12.945323,77.687311,2.869
367.0,veh_035,car,12.932515,77.647457,9.327
367.0,veh_036,motorcycle,12.943531,77.67497,11.341
367.0,veh_037,car,12.925902,77.637793,11.098
367.0,veh_038,motorcycle,12.944616,77.680975,5.92
367.0,veh_039,bus,12.94038,77.66591,4.536
367.0,veh_040,car,12.925077,77.636556,6.173
367.0,veh_041,motorcycle,12.93037,77.644397,6.424
367.0,veh_042,car,12.932089,77.646795,2.725
367.0,veh_043,car,12.924414,77.635584,7.443
367.0,veh_044,car,12.94581,77.689965,7.963
367.0,veh_045,car,12.943696,77.675325,5.911
367.0,veh_047,car,12.94697,77.694969,4.851
367.0,veh_049,bus,12.944345,77.678036,6.536
368.0,veh_000,car,12.944919,77.68445,7.308
368.0,veh_001,car,12.947884,77.697421,3.804
368.0,veh_002,car,12.924204,77.635299,8.821
368.0,veh_003,car,12.926708,77.638941,4.401
368.0,veh_004,car,12.938468,77.660173,9.061
368.0,veh_005,car,12.944524,77.680213,8.697
368.0,veh_006,car,12.933772,77.649758,8.18
368.0,veh_007,car,12.931652,77.646272,6.149
368.0,veh_008,car,12.942437,77.67191,5.127
368.0,veh_009,car,12.941415,77.668892,13.707
368.0,veh_010,bus,12.937294,77.657295,7.919
368.0,veh_011,motorcycle,12.940514,77.666306,7.733
368.0,veh_012,motorcycle,12.92908,77.642335,4.829
368.0,veh_013,car,12.945305,77.687539,10.611
368.0,veh_015,bus,12.94718,77.695681,5.087
368.0,veh_016,car,12.932749,77.648163,6.225
368.0,veh_017,bus,12.930299,77.644064,4.843
368.0,veh_018,car,12.927285,77.639703,9.399
368.0,veh_019,bus,12.931462,77.645728,6.977
368.0,veh_020,car,12.943469,77.674998,3.481
368.0,veh_021,car,12.940145,77.66516,11.968
368.0,veh_022,car,12.923085,77.633836,2.564
368.0,veh_023,truck,12.939422,77.662985,6.148
368.0,veh_025,bus,12.935574,77.652999,5.386
368.0,veh_026,car,12.941795,77.670192,8.678
368.0,veh_027,motorcycle,12.934844,77.651578,7.029
368.0,veh_028,car,12.940546,77.666111,7.137
368.0,veh_029,car,12.94716,77.695662,3.091
368.0,veh_030,bus,12.93683,77.656199,6.76
368.0,veh_031,car,12.941,77.667752,8.565
368.0,veh_033,car,12.94525,77.687315,5.082
368.0,veh_035,car,12.932511,77.647565,13.005
368.0,veh_036,motorcycle,12.943523,77.67506,11.295
368.0,veh_037,car,12.925949,77.637838,9.894
368.0,veh_038,motorcycle,12.944491,77.681036,9.12
368.0,veh_039,bus,12.940477,77.666016,7.161
368.0,veh_040,car,12.925197,77.636602,10.859
368.0,veh_041,motorcycle,12.930536,77.644439,14.722
368.0,veh_042,car,12.932058,77.646892,7.457
368.0,veh_043,car,12.924464,77.635629,5.237
368.0,veh_044,car,12.945878,77.690048,7.703
368.0,veh_045,car,12.943704,77.675424,13.512
368.0,veh_047,car,12.947001,77.694952,0.1
368.0,veh_049,bus,12.944305,77.678143,8.679
369.0,veh_000,car,12.944886,77.684529,9.036
369.0,veh_001,car,12.947815,77.697489,6.353
369.0,veh_002,car,12.92424,77.635321,8.995
369.0,veh_003,car,12.926753,77.638939,9.433
369.0,veh_004,car,12.93853,77.660213,9.149
369.0,veh_005,car,12.9445,77.680239,7.579
369.0,veh_006,car,12.933857,77.649884,8.146
369.0,veh_007,car,12.931785,77.646248,6.511
369.0,veh_008,car,12.942491,77.671913,6.529
369.0,veh_009,car,12.941389,77.668814,5.601
369.0,veh_010,bus,12.937354,77.657254,4.54
369.0,veh_011,motorcycle,12.940496,77.666347,12.22
369.0,veh_012,motorcycle,12.929259,77.642457,11.016
369.0,veh_013,car,12.945388,77.687675,9.144
369.0,veh_015,bus,12.947318,77.695847,7.197
369.0,veh_016,car,12.932909,77.648292,7.577
369.0,veh_017,bus,12.930392,77.644095,6.583
369.0,veh_018,car,12.927181,77.639758,10.209
369.0,veh_019,bus,12.931481,77.645785,3.795
369.0,veh_020,car,12.943554,77.675028,3.234
369.0,veh_021,car,12.940185,77.66523,7.781
369.0,veh_022,car,12.923155,77.63389,9.83
369.0,veh_023,truck,12.939374,77.663048,6.069
369.0,veh_025,bus,12.935673,77.653092,6.37
369.0,veh_026,car,12.94196,77.670256,11.27
369.0,veh_027,motorcycle,12.934766,77.651598,3.717
369.0,veh_028,car,12.94049,77.666266,3.236
369.0,veh_029,car,12.947268,77.695812,10.066
369.0,veh_030,bus,12.936935,77.656059,4.585
369.0,veh_031,car,12.941024,77.667813,2.103
369.0,veh_033,car,12.945265,77.687437,11.072
369.0,veh_035,car,12.932532,77.647647,6.048
369.0,veh_036,motorcycle,12.943586,77.675136,7.568
369.0,veh_037,car,12.926057,77.637887,7.3
369.0,veh_038,motorcycle,12.94467,77.681115,4.745
369.0,veh_039,bus,12.940426,77.666055,6.776
369.0,veh_040,car,12.925229,77.636772,9.447
369.0,veh_041,motorcycle,12.930478,77.644498,8.488
369.0,veh_042,car,12.931976,77.646798,5.9
369.0,veh_043,car,12.924413,77.635636,6.198
369.0,veh_044,car,12.945854,77.690167,13.263
369.0,veh_045,car,12.943763,77.675567,4.523
369.0,veh_047,car,12.94704,77.694993,7.513
369.0,veh_049,bus,12.944193,77.678094,6.177
370.0,veh_000,car,12.94483,77.684644,11.162
370.0,veh_001,car,12.947948,77.697654,9.112
370.0,veh_002,car,12.924232,77.635465,10.368
370.0,veh_003,car,12.926762,77.638952,10.205
370.0,veh_004,car,12.938473,77.660355,6.673
370.0,veh_005,car,12.944457,77.680397,14.587
370.0,veh_006,car,12.933878,77.649871,8.002
370.0,veh_007,car,12.931771,77.646395,8.535
370.0,veh_008,car,12.942465,77.671996,9.467
370.0,veh_009,car,12.941529,77.668936,5.052
370.0,veh_010,bus,12.937339,77.657185,2.876
370.0,veh_011,motorcycle,12.940535,77.666406,0.1
370.0,veh_012,motorcycle,12.929238,77.6426,7.766
370.0,veh_013,car,12.945433,77.687701,6.851
370.0,veh_015,bus,12.947281,77.695861,7.293
370.0,veh_016,car,12.933002,77.648228,11.866
370.0,veh_017,bus,12.93028,77.644024,5.735
370.0,veh_018,car,12.927453,77.639807,11.481
370.0,veh_019,bus,12.931504,77.64582,5.083
370.0,veh_020,car,12.943583,77.674965,0.1
370.0,veh_021,car,12.940219,77.665255,12.184
370.0,veh_022,car,12.92321,77.633954,4.448
370.0,veh_023,truck,12.93952,77.663093,6.476
370.0,veh_025,bus,12.935727,77.653074,7.115
370.0,veh_026,car,12.941977,77.670334,6.019
370.0,veh_027,motorcycle,12.934885,77.65169,8.379
370.0,veh_028,car,12.940532,77.6663,5.006
370.0,veh_029,car,12.947241,77.695737,8.669
370.0,veh_030,bus,12.936944,77.656185,6.439
370.0,veh_031,car,12.941083,77.667743,2.764
370.0,veh_033,car,12.945396,77.687557,5.509
370.0,veh_035,car,12.932558,77.647566,0.1
370.0,veh_036,motorcycle,12.943538,77.675108,1.864
370.0,veh_037,car,12.926085,77.63792,1.927
370.0,veh_038,motorcycle,12.944526,77.681104,10.704
370.0,veh_039,bus,12.940419,77.666064,2.432
370.0,veh_040,car,12.925182,77.636856,8.424
370.0,veh_041,motorcycle,12.930575,77.644517,8.933
370.0,veh_042,car,12.932134,77.646856,8.478
370.0,veh_043,car,12.924507,77.635741,9.833
370.0,veh_044,car,12.945895,77.690164,4.977
370.0,veh_045,car,12.943759,77.675551,6.924
370.0,veh_047,car,12.946991,77.695056,7.48
370.0,veh_049,bus,12.944248,77.678189,3.993
371.0,veh_000,car,12.944886,77.684629,6.045
371.0,veh_001,car,12.947908,77.697687,10.091
371.0,veh_002,car,12.924412,77.635461,5.745
371.0,veh_003,car,12.926925,77.63911,12.29
371.0,veh_004,car,12.938438,77.660394,2.371
371.0,veh_005,car,12.944517,77.680526,11.318
371.0,veh_006,car,12.933862,77.649885,7.675
371.0,veh_007,car,12.931747,77.646339,4.714
371.0,veh_008,car,12.942597,77.672114,5.239
371.0,veh_009,car,12.941471,77.668975,7.772
371.0,veh_010,bus,12.937332,77.657363,3.072
371.0,veh_011,motorcycle,12.940595,77.666368,4.136
371.0,veh_012,motorcycle,12.929292,77.642656,8.902
371.0,veh_013,car,12.945379,77.687861,6.706
371.0,veh_015,bus,12.947219,77.695856,4.417
371.0,veh_016,car,12.932984,77.648412,8.035
371.0,veh_017,bus,12.930289,77.644104,4.984
371.0,veh_018,car,12.927444,77.639903,11.933
371.0,veh_019,bus,12.931539,77.645764,2.076
371.0,veh_020,car,12.943591,77.675,8.992
371.0,veh_021,car,12.940347,77.665349,2.458
371.0,veh_022,car,12.923277,77.634086,12.411
371.0,veh_023,truck,12.939476,77.663249,4.923
371.0,veh_025,bus,12.935772,77.65324,6.532
371.0,veh_026,car,12.941953,77.670488,12.202
371.0,veh_027,motorcycle,12.934852,77.651737,2.855
371.0,veh_028,car,12.940582,77.666311,6.075
371.0,veh_029,car,12.947302,77.695816,4.764
371.0,veh_030,bus,12.936996,77.656236,7.523
371.0,veh_031,car,12.940984,77.667888,11.721
371.0,veh_033,car,12.945348,77.687605,6.508
371.0,veh_035,car,12.932675,77.647769,13.237
371.0,veh_036,motorcycle,12.943629,77.675295,10.616
371.0,veh_037,car,12.926069,77.637939,5.806
371.0,veh_038,motorcycle,12.944554,77.681236,12.949
371.0,veh_039,bus,12.940543,77.666044,6.346
371.0,veh_040,car,12.925335,77.636909,5.17
371.0,veh_041,motorcycle,12.930734,77.644617,10.558
371.0,veh_042,car,12.932219,77.647046,10.885
371.0,veh_043,car,12.924548,77.63576,3.489
371.0,veh_044,car,12.945976,77.690283,6.36
371.0,veh_045,car,12.943791,77.675585,5.625
371.0,veh_047,car,12.946953,77.695232,2.523
371.0,veh_049,bus,12.944263,77.678371,7.459
372.0,veh_000,car,12.944839,77.684811,7.555
372.0,veh_001,car,12.947836,77.697655,7.229
372.0,veh_002,car,12.924351,77.635511,7.675
372.0,veh_003,car,12.926998,77.639125,6.011
372.0,veh_004,car,12.938462,77.660448,7.724
372.0,veh_005,car,12.944509,77.68051,3.316
372.0,veh_006,car,12.933928,77.650006,9.609
372.0,veh_007,car,12.931861,77.646479,8.803
372.0,veh_008,car,12.942533,77.672165,10.15
372.0,veh_009,car,12.941508,77.669022,7.861
372.0,veh_010,bus,12.93746,77.65733,5.388
372.0,veh_011,motorcycle,12.940653,77.666557,10.25
372.0,veh_012,motorcycle,12.929278,77.642696,8.496
372.0,veh_013,car,12.94546,77.687867,6.326
372.0,veh_015,bus,12.947303,77.695927,5.864
372.0,veh_016,car,12.933032,77.648508,7.735
372.0,veh_017,bus,12.9304,77.644286,5.598
372.0,veh_018,car,12.927424,77.639892,11.976
372.0,veh_019,bus,12.931526,77.645807,5.808
372.0,veh_020,car,12.943619,77.675136,6.154
372.0,veh_021,car,12.940289,77.665378,5.528
372.0,veh_022,car,12.92338,77.634091,3.774
372.0,veh_023,truck,12.939444,77.663187,4.296
372.0,veh_025,bus,12.935731,77.653232,5.932
372.0,veh_026,car,12.941994,77.670534,2.98
372.0,veh_027,motorcycle,12.934925,77.651852,9.386
372.0,veh_028,car,12.940527,77.666399,7.371
372.0,veh_029,car,12.94727,77.695867,6.65
372.0,veh_030,bus,12.937014,77.656386,5.828
372.0,veh_031,car,12.941056,77.667891,2.683
372.0,veh_033,car,12.945299,77.687638,7.721
372.0,veh_035,car,12.932521,77.647786,3.804
372.0,veh_036,motorcycle,12.943682,77.675319,4.56
372.0,veh_037,car,12.92611,77.637942,3.28
372.0,veh_038,motorcycle,12.944574,77.681441,7.28
372.0,veh_039,bus,12.940527,77.66596,4.66
372.0,veh_040,car,12.925448,77.636923,8.117
372.0,veh_041,motorcycle,12.930723,77.644757,11.855
372.0,veh_042,car,12.93226,77.646959,6.223
372.0,veh_043,car,12.924554,77.635869,6.175
372.0,veh_044,car,12.945855,77.690261,10.007
372.0,veh_045,car,12.94371,77.675617,2.931
372.0,veh_047,car,12.947042,77.69516,7.196
372.0,veh_049,bus,12.944298,77.678207,6.268
373.0,veh_000,car,12.944907,77.684703,8.459
373.0,veh_001,car,12.947899,77.697771,2.624
373.0,veh_002,car,12.924347,77.635671,8.622
373.0,veh_003,car,12.927039,77.639286,12.532
373.0,veh_004,car,12.938492,77.660417,5.443
373.0,veh_005,car,12.944532,77.680647,10.569
373.0,veh_006,car,12.93388,77.649996,4.324
373.0,veh_007,car,12.931895,77.646449,3.336
373.0,veh_008,car,12.942588,77.67225,8.867
373.0,veh_009,car,12.941513,77.669209,6.295
373.0,veh_010,bus,12.937372,77.657492,7.598
373.0,veh_011,motorcycle,12.940659,77.666624,11.773
373.0,veh_012,motorcycle,12.929446,77.64286,10.773
373.0,veh_013,car,12.945454,77.687959,7.929
373.0,veh_015,bus,12.947315,77.695967,6.033
373.0,veh_016,car,12.932986,77.648502,3.581
373.0,veh_017,bus,12.9304,77.644236,5.366
373.0,veh_018,car,12.927533,77.640117,7.987
373.0,veh_019,bus,12.931585,77.645968,5.113
373.0,veh_020,car,12.943535,77.675215,8.537
373.0,veh_021,car,12.940232,77.665388,4.612
373.0,veh_022,car,12.923343,77.634069,5.336
373.0,veh_023,truck,12.939559,77.663166,4.586
373.0,veh_025,bus,12.935788,77.653239,6.713
373.0,veh_026,car,12.941996,77.670556,8.919
373.0,veh_027,motorcycle,12.934927,77.651892,8.448
373.0,veh_028,car,12.940557,77.666372,0.835
373.0,veh_029,car,12.947323,77.696076,10.743
373.0,veh_030,bus,12.937037,77.656318,7.94
373.0,veh_031,car,12.941107,77.667919,2.068
373.0,veh_033,car,12.945358,77.687766,7.377
373.0,veh_035,car,12.932632,77.647845,7.365
373.0,veh_036,motorcycle,12.943563,77.675289,8.769
373.0,veh_037,car,12.926128,77.638139,10.537
373.0,veh_038,motorcycle,12.944592,77.681375,2.184
373.0,veh_039,bus,12.940531,77.665959,1.859
373.0,veh_040,car,12.925374,77.636933,10.847
373.0,veh_041,motorcycle,12.930857,77.644792,14.32
373.0,veh_042,car,12.932313,77.647193,17.443
373.0,veh_043,car,12.924681,77.63592,14.59
373.0,veh_044,car,12.945953,77.690385,8.465
373.0,veh_045,car,12.94372,77.675569,6.526
373.0,veh_047,car,12.947145,77.695262,8.367
373.0,veh_049,bus,12.94435,77.678355,7.562
374.0,veh_000,car,12.944844,77.684819,3.24
374.0,veh_001,car,12.948043,77.697869,7.825
374.0,veh_002,car,12.924444,77.635736,7.835
374.0,veh_003,car,12.927028,77.639322,7.257
374.0,veh_004,car,12.938462,77.66054,3.785
374.0,veh_005,car,12.944487,77.6807,2.295
374.0,veh_006,car,12.933909,77.650112,5.172
374.0,veh_007,car,12.932015,77.646607,7.132
374.0,veh_008,car,12.942647,77.672347,8.05
374.0,veh_009,car,12.941562,77.669129,2.531
374.0,veh_010,bus,12.9374,77.657473,6.932
374.0,veh_011,motorcycle,12.940616,77.666661,8.485
374.0,veh_012,motorcycle,12.929435,77.642885,9.851
374.0,veh_013,car,12.945375,77.688029,10.648
374.0,veh_015,bus,12.947288,77.696074,6.211
374.0,veh_016,car,12.933056,77.648535,6.408
374.0,veh_017,bus,12.930412,77.644292,5.658
374.0,veh_018,car,12.92768,77.640239,15.35
374.0,veh_019,bus,12.931648,77.646036,6.703
374.0,veh_020,car,12.943656,77.675186,4.775
374.0,veh_021,car,12.940319,77.665544,10.26
374.0,veh_022,car,12.92333,77.634229,5.442
374.0,veh_023,truck,12.939407,77.663332,6.197
374.0,veh_025,bus,12.935729,77.653302,6.791
374.0,veh_026,car,12.942013,77.670613,11.758
374.0,veh_027,motorcycle,12.93492,77.652013,11.478
374.0,veh_028,car,12.940661,77.666383,6.702
374.0,veh_029,car,12.947318,77.696212,8.207
374.0,veh_030,bus,12.937077,77.656532,6.213
374.0,veh_031,car,12.94109,77.667914,7.046
374.0,veh_033,car,12.945388,77.687799,8.387
374.0,veh_035,car,12.932699,77.647863,5.308
374.0,veh_036,motorcycle,12.943632,77.675483,12.14
374.0,veh_037,car,12.926243,77.637976,2.659
374.0,veh_038,motorcycle,12.944632,77.681563,8.757
374.0,veh_039,bus,12.94054,77.666188,7.177
374.0,veh_040,car,12.925414,77.636901,11.061
374.0,veh_041,motorcycle,12.930816,77.64495,13.155
374.0,veh_042,car,12.932279,77.647299,4.304
374.0,veh_043,car,12.924589,77.636034,5.348
374.0,veh_044,car,12.945904,77.690382,5.873
374.0,veh_045,car,12.943791,77.675763,2.907
374.0,veh_047,car,12.947149,77.695233,7.34
374.0,veh_049,bus,12.944388,77.678589,4.696
375.0,veh_000,car,12.944906,77.684887,3.035
375.0,veh_001,car,12.947905,77.697944,5.946
375.0,veh_002,car,12.92446,77.635737,2.678
375.0,veh_003,car,12.927014,77.639459,11.483
375.0,veh_004,car,12.938451,77.660567,11.66
375.0,veh_005,car,12.94453,77.68069,3.669
375.0,veh_006,car,12.933972,77.650183,4.833
375.0,veh_007,car,12.931827,77.646501,4.017
375.0,veh_008,car,12.94253,77.672361,8.664
375.0,veh_009,car,12.941535,77.669187,6.651
375.0,veh_010,bus,12.93742,77.657601,8.235
375.0,veh_011,motorcycle,12.940668,77.666703,11.572
375.0,veh_012,motorcycle,12.929494,77.642935,12.404
375.0,veh_013,car,12.945445,77.687934,4.468
375.0,veh_015,bus,12.947349,77.696037,6.942
375.0,veh_016,car,12.933099,77.648616,8.857
375.0,veh_017,bus,12.930462,77.644359,6.602
375.0,veh_018,car,12.927696,77.640201,5.106
375.0,veh_019,bus,12.931537,77.646042,4.794
375.0,veh_020,car,12.943547,77.675277,10.819
375.0,veh_021,car,12.940292,77.665505,6.982
375.0,veh_022,car,12.923386,77.634137,6.91
375.0,veh_023,truck,12.939509,77.66331,5.679
375.0,veh_025,bus,12.935788,77.653291,6.829
375.0,veh_026,car,12.941963,77.670673,0.11
375.0,veh_027,motorcycle,12.935003,77.651986,13.101
375.0,veh_028,car,12.940629,77.666494,8.014
375.0,veh_029,car,12.947395,77.696229,12.847
375.0,veh_030,bus,12.937101,77.65646,3.875
375.0,veh_031,car,12.941214,77.668012,2.62
375.0,veh_033,car,12.945352,77.68786,7.673
375.0,veh_035,car,12.932685,77.647952,6.927
375.0,veh_036,motorcycle,12.943638,77.675442,4.45
375.0,veh_037,car,12.926189,77.638012,4.955
375.0,veh_038,motorcycle,12.944622,77.681691,17.711
375.0,veh_039,bus,12.940462,77.666205,8.188
375.0,veh_040,car,12.925426,77.636971,6.66
375.0,veh_041,motorcycle,12.930881,77.644997,6.918
375.0,veh_042,car,12.932273,77.647262,3.169
375.0,veh_043,car,12.924733,77.63605,6.265
375.0,veh_044,car,12.945959,77.69057,11.851
375.0,veh_045,car,12.943766,77.675785,5.003
375.0,veh_047,car,12.947048,77.695404,7.941
375.0,veh_049,bus,12.944307,77.678444,5.188
376.0,veh_000,car,12.944935,77.684963,4.251
376.0,veh_001,car,12.948016,77.697919,5.871
376.0,veh_002,car,12.924485,77.635674,7.173
376.0,veh_003,car,12.927225,77.639517,6.529
376.0,veh_004,car,12.938671,77.660701,12.749
376.0,veh_005,car,12.944547,77.680759,10.607
376.0,veh_006,car,12.934083,77.65022,9.451
376.0,veh_007,car,12.93188,77.646625,8.103
376.0,veh_008,car,12.9427,77.672557,5.872
376.0,veh_009,car,12.941484,77.669244,2.995
376.0,veh_010,bus,12.937463,77.657606,5.205
376.0,veh_011,motorcycle,12.940727,77.666822,1.985
376.0,veh_012,motorcycle,12.929569,77.64305,5.249
376.0,veh_013,car,12.945365,77.688116,8.421
376.0,veh_015,bus,12.947491,77.696268,6.496
376.0,veh_016,car,12.933109,77.648675,6.527
376.0,veh_017,bus,12.930492,77.644317,5.916
376.0,veh_018,car,12.927716,77.640288,13.227
376.0,veh_019,bus,12.931586,77.64603,5.449
376.0,veh_020,car,12.943698,77.675375,10.887
376.0,veh_021,car,12.940267,77.665642,10.924
376.0,veh_022,car,12.923418,77.634213,5.484
376.0,veh_023,truck,12.939494,77.663378,4.572
376.0,veh_025,bus,12.935771,77.653429,5.345
376.0,veh_026,car,12.942124,77.670794,4.001
376.0,veh_027,motorcycle,12.935105,77.652118,6.333
376.0,veh_028,car,12.940651,77.666532,4.74
376.0,veh_029,car,12.947331,77.696272,8.332
376.0,veh_030,bus,12.937068,77.656447,5.354
376.0,veh_031,car,12.941048,77.668,3.303
376.0,veh_033,car,12.945369,77.687827,6.555
376.0,veh_035,car,12.932821,77.647979,5.515
376.0,veh_036,motorcycle,12.943733,77.675584,9.397
376.0,veh_037,car,12.926212,77.638191,3.575
376.0,veh_038,motorcycle,12.944594,77.681791,11.301
376.0,veh_039,bus,12.940538,77.666345,7.452
376.0,veh_040,car,12.925486,77.637199,7.876
376.0,veh_041,motorcycle,12.930951,77.644939,9.044
376.0,veh_042,car,12.932438,77.647336,13.042
376.0,veh_043,car,12.924701,77.636088,6.141
376.0,veh_044,car,12.945967,77.690732,14.704
376.0,veh_045,car,12.943729,77.675767,5.371
376.0,veh_047,car,12.947132,77.695318,12.23
376.0,veh_049,bus,12.944298,77.678547,6.681
377.0,veh_000,car,12.944905,77.684975,9.696
377.0,veh_001,car,12.947926,77.697938,4.596
377.0,veh_002,car,12.924702,77.635835,11.951
377.0,veh_003,car,12.927203,77.639546,8.972
377.0,veh_004,car,12.938637,77.660763,3.116
377.0,veh_005,car,12.944565,77.680899,7.892
377.0,veh_006,car,12.934076,77.650232,8.338
377.0,veh_007,car,12.93202,77.646638,9.344
377.0,veh_008,car,12.942706,77.672453,6.044
377.0,veh_009,car,12.941485,77.669259,5.432
377.0,veh_010,bus,12.937445,77.657692,6.98
377.0,veh_011,motorcycle,12.940745,77.666802,3.317
377.0,veh_012,motorcycle,12.929525,77.643044,7.576
377.0,veh_013,car,12.945432,77.68809,5.389
377.0,veh_015,bus,12.947457,77.696098,3.768
377.0,veh_016,car,12.933156,77.648624,4.196
377.0,veh_017,bus,12.93044,77.644391,5.509
377.0,veh_018,car,12.927774,77.640317,9.74
377.0,veh_019,bus,12.931668,77.646083,6.114
377.0,veh_020,car,12.94372,77.675466,4.541
377.0,veh_021,car,12.940358,77.665661,5.035
377.0,veh_022,car,12.923401,77.634336,7.416
377.0,veh_023,truck,12.939568,77.663458,5.146
377.0,veh_025,bus,12.935955,77.65353,5.083
377.0,veh_026,car,12.942046,77.670756,7.828
377.0,veh_027,motorcycle,12.935103,77.652175,9.556
377.0,veh_028,car,12.940754,77.66664,5.331
377.0,veh_029,car,12.947438,77.696345,4.69
377.0,veh_030,bus,12.937036,77.656613,4.707
377.0,veh_031,car,12.94117,77.668088,7.048
377.0,veh_033,car,12.945428,77.687981,9.558
377.0,veh_035,car,12.932715,77.648,11.113
377.0,veh_036,motorcycle,12.943702,77.675653,8.812
377.0,veh_037,car,12.926191,77.638156,11.472
377.0,veh_038,motorcycle,12.944618,77.681765,9.898
377.0,veh_039,bus,12.940565,77.666373,7.603
377.0,veh_040,car,12.925569,77.637147,9.495
377.0,veh_041,motorcycle,12.931017,77.645047,8.295
377.0,veh_042,car,12.932406,77.647424,7.559
377.0,veh_043,car,12.924749,77.636223,17.379
377.0,veh_044,car,12.945948,77.690755,4.9
377.0,veh_045,car,12.943757,77.675844,3.002
377.0,veh_047,car,12.947159,77.695543,6.494
377.0,veh_049,bus,12.94424,77.678541,3.354
378.0,veh_000,car,12.944996,77.685109,6.314
378.0,veh_001,car,12.947951,77.698017,1.951
378.0,veh_002,car,12.924581,77.63577,6.703
378.0,veh_003,car,12.927193,77.639637,7.608
378.0,veh_004,car,12.938568,77.660899,9.292
378.0,veh_005,car,12.944484,77.681012,1.812
378.0,veh_006,car,12.934086,77.650367,9.769
378.0,veh_007,car,12.932007,77.646732,9.751
378.0,veh_008,car,12.942679,77.672631,7.336
378.0,veh_009,car,12.941612,77.669449,11.123
378.0,veh_010,bus,12.937541,77.657673,1.449
378.0,veh_011,motorcycle,12.940809,77.666973,16.669
378.0,veh_012,motorcycle,12.929584,77.64299,0.521
378.0,veh_013,car,12.945571,77.688287,3.847
378.0,veh_015,bus,12.947374,77.696216,3.195
378.0,veh_016,car,12.933171,77.648742,10.953
378.0,veh_017,bus,12.930649,77.644388,4.717
378.0,veh_018,car,12.92767,77.640407,10.036
378.0,veh_019,bus,12.931659,77.646154,5.359
378.0,veh_020,car,12.943782,77.675517,4.446
378.0,veh_021,car,12.940387,77.665787,5.296
378.0,veh_022,car,12.923513,77.634377,9.985
378.0,veh_023,truck,12.939558,77.663491,5.579
378.0,veh_025,bus,12.935875,77.653471,4.301
378.0,veh_026,car,12.942086,77.670714,4.004
378.0,veh_027,motorcycle,12.93514,77.652238,9.3
378.0,veh_028,car,12.940615,77.666671,8.999
378.0,veh_029,car,12.94742,77.696308,2.193
378.0,veh_030,bus,12.93714,77.656571,7.138
378.0,veh_031,car,12.941213,77.668182,4.943
378.0,veh_033,car,12.945373,77.68794,6.293
378.0,veh_035,car,12.932839,77.648043,5.43
378.0,veh_036,motorcycle,12.943754,77.675658,7.746
378.0,veh_037,car,12.926298,77.638327,13.674
378.0,veh_038,motorcycle,12.944678,77.682003,15.223
378.0,veh_039,bus,12.940585,77.666364,7.793
378.0,veh_040,car,12.925546,77.637115,2.731
378.0,veh_041,motorcycle,12.931033,77.645094,3.756
378.0,veh_042,car,12.932422,77.647473,7.368
378.0,veh_043,car,12.92488,77.636185,6.832
378.0,veh_044,car,12.945926,77.690867,8.94
378.0,veh_045,car,12.943889,77.67602,9.174
378.0,veh_047,car,12.947123,77.695582,2.465
378.0,veh_049,bus,12.944397,77.678581,5.251
379.0,veh_000,car,12.944894,77.685221,6.187
379.0,veh_001,car,12.947989,77.698035,10.534
379.0,veh_002,car,12.924643,77.635952,10.129
379.0,veh_003,car,12.927235,77.639626,6.481
379.0,veh_004,car,12.938623,77.660894,10.764
379.0,veh_005,car,12.944528,77.680976,11.298
379.0,veh_006,car,12.934096,77.650398,4.821
379.0,veh_007,car,12.932074,77.646881,9.79
379.0,veh_008,car,12.942693,77.672617,3.615
379.0,veh_009,car,12.941608,77.669374,7.075
379.0,veh_010,bus,12.937433,77.65779,2.472
379.0,veh_011,motorcycle,12.940738,77.66715,7.939
379.0,veh_012,motorcycle,12.929704,77.643089,9.403
379.0,veh_013,car,12.945509,77.688238,8.652
379.0,veh_015,bus,12.947461,77.696327,6.545
379.0,veh_016,car,12.933204,77.648902,10.642
379.0,veh_017,bus,12.930617,77.644511,5.762
379.0,veh_018,car,12.927751,77.640552,6.771
379.0,veh_019,bus,12.931677,77.646303,7.603
379.0,veh_020,car,12.943714,77.675498,7.558
379.0,veh_021,car,12.940386,77.66579,3.527
379.0,veh_022,car,12.923551,77.634402,12.373
379.0,veh_023,truck,12.939611,77.663621,3.573
379.0,veh_025,bus,12.935932,77.653487,1.337
379.0,veh_026,car,12.942037,77.670848,6.593
379.0,veh_027,motorcycle,12.935315,77.652297,12.211
379.0,veh_028,car,12.9407,77.666812,10.901
379.0,veh_029,car,12.947446,77.696277,1.505
379.0,veh_030,bus,12.937052,77.656656,6.869
379.0,veh_031,car,12.9412,77.668209,9.44
379.0,veh_033,car,12.945408,77.688086,4.838
379.0,veh_035,car,12.932803,77.648121,4.506
379.0,veh_036,motorcycle,12.943735,77.675713,1.592
379.0,veh_037,car,12.926346,77.638382,3.146
379.0,veh_038,motorcycle,12.944666,77.681976,1.973
379.0,veh_039,bus,12.940637,77.666497,7.42
379.0,veh_040,car,12.925567,77.637278,4.294
379.0,veh_041,motorcycle,12.931107,77.645182,7.263
379.0,veh_042,car,12.932498,77.64755,6.621
379.0,veh_043,car,12.924907,77.636282,6.704
379.0,veh_044,car,12.945919,77.69083,5.911
379.0,veh_045,car,12.943856,77.675948,11.296
379.0,veh_047,car,12.94723,77.695756,11.314
379.0,veh_049,bus,12.944381,77.67871,7.796
380.0,veh_000,car,12.944901,77.685243,13.635
380.0,veh_001,car,12.94805,77.698178,8.259
380.0,veh_002,car,12.924698,77.636036,9.762
380.0,veh_003,car,12.927192,77.639704,0.625
380.0,veh_004,car,12.938727,77.660982,8.112
380.0,veh_005,car,12.94451,77.681122,8.659
380.0,veh_006,car,12.934146,77.65045,14.951
380.0,veh_007,car,12.932069,77.646886,12.352
380.0,veh_008,car,12.9428,77.672599,7.143
380.0,veh_009,car,12.941489,77.669446,7.849
380.0,veh_010,bus,12.937501,77.657758,4.064
380.0,veh_011,motorcycle,12.940942,77.667197,6.882
380.0,veh_012,motorcycle,12.92969,77.643089,7.374
380.0,veh_013,car,12.945497,77.688396,7.679
380.0,veh_015,bus,12.947435,77.696421,5.376
380.0,veh_016,car,12.933209,77.648992,10.085
380.0,veh_017,bus,12.930589,77.644418,5.333
380.0,veh_018,car,12.927874,77.640548,6.749
380.0,veh_019,bus,12.931722,77.646221,8.302
380.0,veh_020,car,12.943725,77.675598,7.373
380.0,veh_021,car,12.940474,77.665878,13.766
380.0,veh_022,car,12.923614,77.634545,12.363
380.0,veh_023,truck,12.939557,77.663545,4.204
380.0,veh_025,bus,12.935867,77.653546,4.196
380.0,veh_026,car,12.94213,77.670971,10.423
380.0,veh_027,motorcycle,12.935361,77.652428,11.307
380.0,veh_028,car,12.940708,77.666801,4.941
380.0,veh_029,car,12.947373,77.696321,11.526
380.0,veh_030,bus,12.9372,77.65669,4.267
380.0,veh_031,car,12.941209,77.66821,1.075
380.0,veh_033,car,12.945431,77.688194,7.593
380.0,veh_035,car,12.93286,77.648221,9.369
380.0,veh_036,motorcycle,12.943828,77.675823,12.013
380.0,veh_037,car,12.926406,77.638388,6.83
380.0,veh_038,motorcycle,12.944634,77.682089,10.632
380.0,veh_039,bus,12.940546,77.666602,7.096
380.0,veh_040,car,12.925608,77.63732,9.419
380.0,veh_041,motorcycle,12.931062,77.64516,10.633
380.0,veh_042,car,12.932499,77.64757,8.433
380.0,veh_043,car,12.924952,77.636391,6.258
380.0,veh_044,car,12.946062,77.690951,3.831
380.0,veh_045,car,12.943949,77.676077,7.202
380.0,veh_047,car,12.947214,77.695763,8.634
380.0,veh_049,bus,12.944335,77.678823,8.81
381.0,veh_000,car,12.945062,77.685252,7.658
381.0,veh_001,car,12.948009,77.698182,7.332
381.0,veh_002,car,12.924789,77.636085,11.111
381.0,veh_003,car,12.927244,77.639638,8.177
381.0,veh_004,car,12.938714,77.661013,9.958
381.0,veh_005,car,12.944516,77.681096,1.491
381.0,veh_006,car,12.93416,77.650593,9.779
381.0,veh_007,car,12.932214,77.647018,14.493
381.0,veh_008,car,12.942741,77.672733,5.914
381.0,veh_009,car,12.941655,77.669598,10.495
381.0,veh_010,bus,12.937517,77.657798,7.963
381.0,veh_011,motorcycle,12.94077,77.66722,12.665
381.0,veh_012,motorcycle,12.929786,77.643206,11.602
381.0,veh_013,car,12.945536,77.688444,9.33
381.0,veh_015,bus,12.947445,77.696428,5.285
381.0,veh_016,car,12.933239,77.648916,2.2
381.0,veh_017,bus,12.930592,77.64461,5.765
381.0,veh_018,car,12.92799,77.640739,9.121
381.0,veh_019,bus,12.931735,77.646233,2.995
381.0,veh_020,car,12.943706,77.675616,8.38
381.0,veh_021,car,12.940376,77.666036,10.069
381.0,veh_022,car,12.923563,77.63458,0.1
381.0,veh_023,truck,12.939602,77.663646,4.003
381.0,veh_025,bus,12.935945,77.653524,7.191
381.0,veh_026,car,12.942209,77.670928,4.918
381.0,veh_027,motorcycle,12.935408,77.652529,9.495
381.0,veh_028,car,12.940725,77.666972,8.191
381.0,veh_029,car,12.947572,77.696493,8.989
381.0,veh_030,bus,12.937174,77.65672,3.593
381.0,veh_031,car,12.941217,77.668281,7.361
381.0,veh_033,car,12.945447,77.688137,8.174
381.0,veh_035,car,12.93288,77.648282,5.257
381.0,veh_036,motorcycle,12.943836,77.675843,9.63
381.0,veh_037,car,12.926421,77.638387,4.877
381.0,veh_038,motorcycle,12.944687,77.682104,8.727
381.0,veh_039,bus,12.940699,77.666542,3.42
381.0,veh_040,car,12.925599,77.63736,8.384
381.0,veh_041,motorcycle,12.931174,77.645319,5.613
381.0,veh_042,car,12.932567,77.647639,7.983
381.0,veh_043,car,12.925007,77.636292,11.229
381.0,veh_044,car,12.946061,77.691064,6.355
381.0,veh_045,car,12.943936,77.676258,10.867
381.0,veh_047,car,12.947224,77.695814,10.62
381.0,veh_049,bus,12.944366,77.67881,4.85
382.0,veh_000,car,12.944831,77.685342,4.953
382.0,veh_001,car,12.948083,77.69821,7.78
382.0,veh_002,car,12.924825,77.636067,7.435
382.0,veh_003,car,12.927319,77.639627,5.935
382.0,veh_004,car,12.938708,77.661086,9.377
382.0,veh_005,car,12.944484,77.681072,3.943
382.0,veh_006,car,12.934305,77.650633,6.526
382.0,veh_007,car,12.932194,77.64713,9.921
382.0,veh_008,car,12.942645,77.67273,3.179
382.0,veh_009,car,12.941746,77.669615,9.807
382.0,veh_010,bus,12.937525,77.657903,8.165
382.0,veh_011,motorcycle,12.940925,77.667332,8.805
382.0,veh_012,motorcycle,12.929798,77.643243,7.423
382.0,veh_013,car,12.945497,77.688463,6.162
382.0,veh_015,bus,12.947415,77.696405,7.538
382.0,veh_016,car,12.933316,77.64905,7.31
382.0,veh_017,bus,12.930655,77.644619,6.699
382.0,veh_018,car,12.927888,77.640723,6.959
382.0,veh_019,bus,12.931774,77.646294,4.615
382.0,veh_020,car,12.943755,77.67562,4.321
382.0,veh_021,car,12.940457,77.665973,4.359
382.0,veh_022,car,12.92368,77.634606,9.78
382.0,veh_023,truck,12.939595,77.663678,7.027
382.0,veh_025,bus,12.935868,77.653572,4.128
382.0,veh_026,car,12.942176,77.671066,5.368
382.0,veh_027,motorcycle,12.935313,77.652628,6.972
382.0,veh_028,car,12.940767,77.666903,8.501
382.0,veh_029,car,12.947563,77.696584,14.086
382.0,veh_030,bus,12.937157,77.656746,4.101
382.0,veh_031,car,12.941186,77.668317,5.237
382.0,veh_033,car,12.945455,77.688222,7.227
382.0,veh_035,car,12.933051,77.648342,11.491
382.0,veh_036,motorcycle,12.943864,77.675887,3.263
382.0,veh_037,car,12.926517,77.638568,11.099
382.0,veh_038,motorcycle,12.94482,77.682247,5.837
382.0,veh_039,bus,12.940711,77.666637,7.682
382.0,veh_040,car,12.925684,77.637416,11.064
382.0,veh_041,motorcycle,12.931163,77.645433,8.892
382.0,veh_042,car,12.932605,77.647716,10.27
382.0,veh_043,car,12.925016,77.636493,4.879
382.0,veh_044,car,12.946009,77.691007,7.353
382.0,veh_045,car,12.943905,77.676275,7.231
382.0,veh_047,car,12.947211,77.695852,4.548
382.0,veh_049,bus,12.944353,77.678834,5.262
383.0,veh_000,car,12.944924,77.685411,4.226
383.0,veh_001,car,12.94807,77.698345,2.022
383.0,veh_002,car,12.924813,77.636311,6.08
383.0,veh_003,car,12.927349,77.639837,7.627
383.0,veh_004,car,12.938725,77.661351,9.819
383.0,veh_005,car,12.944628,77.681208,10.294
383.0,veh_006,car,12.934254,77.65071,4.177
383.0,veh_007,car,12.932222,77.647101,5.828
383.0,veh_008,car,12.942809,77.672889,12.623
383.0,veh_009,car,12.941665,77.669739,8.374
383.0,veh_010,bus,12.937461,77.65781,6.198
383.0,veh_011,motorcycle,12.941045,77.667351,14.875
383.0,veh_012,motorcycle,12.929917,77.643424,11.709
383.0,veh_013,car,12.945629,77.68861,15.101
383.0,veh_015,bus,12.947517,77.696563,6.442
383.0,veh_016,car,12.933342,77.649062,11.142
383.0,veh_017,bus,12.930782,77.644649,3.706
383.0,veh_018,car,12.927916,77.64072,9.547
383.0,veh_019,bus,12.931773,77.646378,3.543
383.0,veh_020,car,12.943753,77.675732,6.229
383.0,veh_021,car,12.940476,77.66609,3.598
383.0,veh_022,car,12.923735,77.634664,6.456
383.0,veh_023,truck,12.939561,77.663684,5.73
383.0,veh_025,bus,12.936046,77.653693,8.551
383.0,veh_026,car,12.942234,77.671156,11.864
383.0,veh_027,motorcycle,12.935378,77.652647,9.476
383.0,veh_028,car,12.940747,77.667089,9.396
383.0,veh_029,car,12.947576,77.696773,12.482
383.0,veh_030,bus,12.937269,77.65676,6.644
383.0,veh_031,car,12.941244,77.668385,7.094
383.0,veh_033,car,12.945472,77.688323,6.485
383.0,veh_035,car,12.932958,77.64842,8.702
383.0,veh_036,motorcycle,12.94379,77.676075,9.691
383.0,veh_037,car,12.926462,77.638542,5.385
383.0,veh_038,motorcycle,12.944671,77.682317,11.949
383.0,veh_039,bus,12.94075,77.666798,7.962
383.0,veh_040,car,12.92578,77.637527,3.249
383.0,veh_041,motorcycle,12.93123,77.6454,5.957
383.0,veh_042,car,12.932595,77.647739,2.964
383.0,veh_043,car,12.925019,77.636491,6.471
383.0,veh_044,car,12.946022,77.691015,4.923
383.0,veh_045,car,12.943951,77.676367,10.73
383.0,veh_047,car,12.947157,77.695926,6.782
383.0,veh_049,bus,12.944415,77.678857,6.207
384.0,veh_000,car,12.945008,77.685458,11.077
384.0,veh_001,car,12.948171,77.698454,11.654
384.0,veh_002,car,12.924836,77.636195,9.02
384.0,veh_003,car,12.927398,77.639829,9.055
384.0,veh_004,car,12.938786,77.661288,7.721
384.0,veh_005,car,12.944593,77.68134,8.133
384.0,veh_006,car,12.934345,77.650768,7.992
384.0,veh_007,car,12.932309,77.647181,2.911
384.0,veh_008,car,12.942771,77.672899,13.428
384.0,veh_009,car,12.941746,77.669708,6.209
384.0,veh_010,bus,12.937545,77.65804,6.333
384.0,veh_011,motorcycle,12.940953,77.667574,12.266
384.0,veh_012,motorcycle,12.929872,77.643466,5.506
384.0,veh_013,car,12.945568,77.688621,6.133
384.0,veh_015,bus,12.947448,77.696616,6.776
384.0,veh_016,car,12.933425,77.649152,15.196
384.0,veh_017,bus,12.930693,77.644746,4.936
384.0,veh_018,car,12.92797,77.640688,1.222
384.0,veh_019,bus,12.93189,77.646423,4.377
384.0,veh_020,car,12.943706,77.675866,4.714
384.0,veh_021,car,12.940406,77.666131,12.276
384.0,veh_022,car,12.923748,77.634841,12.15
384.0,veh_023,truck,12.939553,77.663798,5.293
384.0,veh_025,bus,12.936024,77.653675,5.314
384.0,veh_026,car,12.942276,77.671168,4.037
384.0,veh_027,motorcycle,12.935424,77.652626,3.207
384.0,veh_028,car,12.940845,77.667229,12.724
384.0,veh_029,car,12.947583,77.696815,11.705
384.0,veh_030,bus,12.937107,77.656879,7.505
384.0,veh_031,car,12.941249,77.668467,11.703
384.0,veh_033,car,12.945647,77.6884,1.414
384.0,veh_035,car,12.932959,77.648551,13.525
384.0,veh_036,motorcycle,12.943909,77.676048,13.134
384.0,veh_037,car,12.926511,77.638664,10.65
384.0,veh_038,motorcycle,12.944688,77.682322,2.613
384.0,veh_039,bus,12.940684,77.666792,5.46
384.0,veh_040,car,12.925687,77.637438,4.632
384.0,veh_041,motorcycle,12.93127,77.645423,9.731
384.0,veh_042,car,12.932582,77.647928,5.767
384.0,veh_043,car,12.925057,77.636531,6.261
384.0,veh_044,car,12.946047,77.691117,7.169
384.0,veh_045,car,12.944018,77.676383,8.75
384.0,veh_047,car,12.947207,77.695929,9.884
384.0,veh_049,bus,12.944413,77.679013,8.622
385.0,veh_000,car,12.944957,77.685541,5.171
385.0,veh_001,car,12.948091,77.698425,5.518
385.0,veh_002,car,12.924924,77.636226,7.079
385.0,veh_003,car,12.927391,77.639899,7.572
385.0,veh_004,car,12.938707,77.661421,5.097
385.0,veh_005,car,12.944454,77.681324,1.942
385.0,veh_006,car,12.934354,77.650817,9.708
385.0,veh_007,car,12.93226,77.647253,10.866
385.0,veh_008,car,12.942865,77.673004,7.609
385.0,veh_009,car,12.941747,77.669826,9.772
385.0,veh_010,bus,12.937636,77.658142,7.315
385.0,veh_011,motorcycle,12.940946,77.667625,2.703
385.0,veh_012,motorcycle,12.929841,77.643429,5.407
385.0,veh_013,car,12.945643,77.688759,8.853
385.0,veh_015,bus,12.947546,77.696653,4.59
385.0,veh_016,car,12.933445,77.649263,8.197
385.0,veh_017,bus,12.930829,77.644726,6.187
385.0,veh_018,car,12.928082,77.640749,6.654
385.0,veh_019,bus,12.931766,77.646393,5.416
385.0,veh_020,car,12.943771,77.675819,5.438
385.0,veh_021,car,12.940526,77.666216,7.893
385.0,veh_022,car,12.923866,77.63483,4.622
385.0,veh_023,truck,12.939714,77.663822,4.744
385.0,veh_025,bus,12.936108,77.653831,5.98
385.0,veh_026,car,12.942296,77.671145,5.646
385.0,veh_027,motorcycle,12.935519,77.652728,10.395
385.0,veh_028,car,12.940863,77.667142,7.737
385.0,veh_029,car,12.947656,77.697006,12.415
385.0,veh_030,bus,12.937328,77.656947,5.823
385.0,veh_031,car,12.941263,77.668578,5.569
385.0,veh_033,car,12.945481,77.688371,6.02
385.0,veh_035,car,12.933068,77.648532,9.625
385.0,veh_036,motorcycle,12.943947,77.676144,7.027
385.0,veh_037,car,12.926505,77.638702,9.577
385.0,veh_038,motorcycle,12.944744,77.682511,12.129
385.0,veh_039,bus,12.940679,77.666917,3.399
385.0,veh_040,car,12.925708,77.637576,6.888
385.0,veh_041,motorcycle,12.931274,77.645477,4.936
385.0,veh_042,car,12.93264,77.647842,8.681
385.0,veh_043,car,12.925078,77.636578,8.602
385.0,veh_044,car,12.946065,77.691297,12.167
385.0,veh_045,car,12.944113,77.676386,6.391
385.0,veh_047,car,12.947307,77.696064,6.307
385.0,veh_049,bus,12.944318,77.679054,3.807
386.0,veh_000,car,12.945021,77.685621,9.625
386.0,veh_001,car,12.948151,77.698536,9.734
386.0,veh_002,car,12.924926,77.636417,5.628
386.0,veh_003,car,12.92743,77.639975,12.715
386.0,veh_004,car,12.938863,77.661411,5.528
386.0,veh_005,car,12.944602,77.681389,7.043
386.0,veh_006,car,12.934406,77.650865,8.082
386.0,veh_007,car,12.932337,77.647253,4.451
386.0,veh_008,car,12.942796,77.673131,3.174
386.0,veh_009,car,12.941748,77.669906,0.919
386.0,veh_010,bus,12.937645,77.658014,4.112
386.0,veh_011,motorcycle,12.940887,77.667582,3.215
386.0,veh_012,motorcycle,12.930059,77.643637,17.322
386.0,veh_013,car,12.945591,77.688788,6.464
386.0,veh_015,bus,12.947533,77.696684,4.065
386.0,veh_016,car,12.933454,77.649411,14.865
386.0,veh_017,bus,12.930746,77.644807,7.774
386.0,veh_018,car,12.928063,77.640962,8.554
386.0,veh_019,bus,12.931829,77.64655,2.6
386.0,veh_020,car,12.943852,77.675872,6.195
386.0,veh_021,car,12.94051,77.666271,9.939
386.0,veh_022,car,12.923921,77.634825,11.995
386.0,veh_023,truck,12.939683,77.663785,6.004
386.0,veh_025,bus,12.936077,77.653821,2.337
386.0,veh_026,car,12.942183,77.671238,8.125
386.0,veh_027,motorcycle,12.935568,77.652787,7.147
386.0,veh_028,car,12.940922,77.667227,11.884
386.0,veh_029,car,12.947606,77.696962,4.385
386.0,veh_030,bus,12.9372,77.656864,4.246
386.0,veh_031,car,12.941255,77.668611,7.95
386.0,veh_033,car,12.945527,77.688522,9.819
386.0,veh_035,car,12.933116,77.648689,14.97
386.0,veh_036,motorcycle,12.943824,77.676253,7.142
386.0,veh_037,car,12.926664,77.638812,10.243
386.0,veh_038,motorcycle,12.944651,77.68248,7.014
386.0,veh_039,bus,12.94074,77.666856,7.039
386.0,veh_040,car,12.925785,77.637608,9.016
386.0,veh_041,motorcycle,12.931316,77.645595,8.043
386.0,veh_042,car,12.932664,77.647875,8.059
386.0,veh_043,car,12.925171,77.636655,8.087
386.0,veh_044,car,12.946089,77.691403,8.822
386.0,veh_045,car,12.944084,77.676521,1.198
386.0,veh_047,car,12.947311,77.696173,9.143
386.0,veh_049,bus,12.944391,77.679127,5.222
387.0,veh_000,car,12.944967,77.685676,9.207
387.0,veh_001,car,12.948198,77.69867,12.952
387.0,veh_002,car,12.924958,77.63638,7.703
387.0,veh_003,car,12.927551,77.639991,5.798
387.0,veh_004,car,12.938907,77.661403,12.011
387.0,veh_005,car,12.944643,77.681473,3.67
387.0,veh_006,car,12.934363,77.650867,4.361
387.0,veh_007,car,12.932373,77.647371,8.959
387.0,veh_008,car,12.942808,77.673116,7.772
387.0,veh_009,car,12.941703,77.669968,9.143
387.0,veh_010,bus,12.937627,77.658087,6.321
387.0,veh_011,motorcycle,12.940956,77.667701,13.753
387.0,veh_012,motorcycle,12.930043,77.643705,12.279
387.0,veh_013,car,12.945604,77.688792,6.476
387.0,veh_015,bus,12.94756,77.696784,7.439
387.0,veh_016,car,12.933573,77.649416,1.996
387.0,veh_017,bus,12.930847,77.644724,4.071
387.0,veh_018,car,12.928198,77.641023,9.802
387.0,veh_019,bus,12.931967,77.646537,4.65
387.0,veh_020,car,12.943876,77.676016,4.172
387.0,veh_021,car,12.940556,77.666358,9.23
387.0,veh_022,car,12.923887,77.634952,10.057
387.0,veh_023,truck,12.939654,77.663885,4.326
387.0,veh_025,bus,12.936121,77.653843,6.928
387.0,veh_026,car,12.942233,77.671328,6.918
387.0,veh_027,motorcycle,12.935611,77.652804,13.338
387.0,veh_028,car,12.940837,77.667367,4.976
387.0,veh_029,car,12.947642,77.697009,7.034
387.0,veh_030,bus,12.937212,77.657047,4.809
387.0,veh_031,car,12.941289,77.668593,4.376
387.0,veh_033,car,12.945511,77.688553,6.942
387.0,veh_035,car,12.933242,77.648806,10.183
387.0,veh_036,motorcycle,12.943883,77.67631,8.08
387.0,veh_037,car,12.926658,77.638733,5.123
387.0,veh_038,motorcycle,12.944594,77.682596,10.673
387.0,veh_039,bus,12.940829,77.666858,6.908
387.0,veh_040,car,12.925957,77.637678,8.88
387.0,veh_041,motorcycle,12.931347,77.645669,5.262
387.0,veh_042,car,12.932794,77.648027,15.784
387.0,veh_043,car,12.925196,77.636727,7.53
387.0,veh_044,car,12.946112,77.691365,6.875
387.0,veh_045,car,12.94409,77.676454,6.085
387.0,veh_047,car,12.947493,77.696284,15.624
387.0,veh_049,bus,12.94447,77.679192,6.274
388.0,veh_000,car,12.94503,77.685708,6.606
388.0,veh_001,car,12.948287,77.698683,12.687
388.0,veh_002,car,12.925024,77.636497,11.247
388.0,veh_003,car,12.927574,77.640008,9.508
388.0,veh_004,car,12.938872,77.661482,6.085
388.0,veh_005,car,12.944575,77.681565,11.795
388.0,veh_006,car,12.934451,77.650944,2.817
388.0,veh_007,car,12.932475,77.647503,12.495
388.0,veh_008,car,12.942854,77.673141,8.561
388.0,veh_009,car,12.941743,77.669974,8.626
388.0,veh_010,bus,12.937643,77.658129,6.82
388.0,veh_011,motorcycle,12.941003,77.66776,2.575
388.0,veh_012,motorcycle,12.930084,77.64377,13.037
388.0,veh_013,car,12.945603,77.688921,6.495
388.0,veh_015,bus,12.94757,77.696749,8.184
388.0,veh_016,car,12.933563,77.649465,11.093
388.0,veh_017,bus,12.930863,77.64492,7.757
388.0,veh_018,car,12.928108,77.640967,8.288
388.0,veh_019,bus,12.931866,77.64651,4.998
388.0,veh_020,car,12.943895,77.675924,7.648
388.0,veh_021,car,12.940664,77.666423,5.347
388.0,veh_022,car,12.923982,77.635008,11.959
388.0,veh_023,truck,12.939741,77.663829,3.489
388.0,veh_025,bus,12.936143,77.654013,7.192
388.0,veh_026,car,12.94234,77.671425,7.386
388.0,veh_027,motorcycle,12.935599,77.653014,10.565
388.0,veh_028,car,12.940958,77.667373,7.089
388.0,veh_029,car,12.947596,77.697059,3.688
388.0,veh_030,bus,12.937294,77.656999,5.855
388.0,veh_031,car,12.941332,77.668758,8.974
388.0,veh_033,car,12.945551,77.688595,7.118
388.0,veh_035,car,12.933226,77.648718,10.472
388.0,veh_036,motorcycle,12.943952,77.676371,7.98
388.0,veh_037,car,12.926669,77.638843,6.675
388.0,veh_038,motorcycle,12.94465,77.682549,5.698
388.0,veh_039,bus,12.940823,77.666964,4.615
388.0,veh_040,car,12.925921,77.637778,8.054
388.0,veh_041,motorcycle,12.931444,77.645592,5.01
388.0,veh_042,car,12.932735,77.648121,7.306
388.0,veh_043,car,12.925216,77.636795,6.208
388.0,veh_044,car,12.946096,77.691578,9.875
388.0,veh_045,car,12.944085,77.676592,3.825
388.0,veh_047,car,12.947473,77.696343,9.149
388.0,veh_049,bus,12.944393,77.679204,4.33
389.0,veh_000,car,12.944967,77.685831,7.682
389.0,veh_001,car,12.948347,77.698818,11.736
389.0,veh_002,car,12.925176,77.636526,8.932
389.0,veh_003,car,12.927622,77.64021,11.038
389.0,veh_004,car,12.938819,77.661569,2.945
389.0,veh_005,car,12.944558,77.681571,2.396
389.0,veh_006,car,12.93448,77.651077,10.878
389.0,veh_007,car,12.932496,77.647523,5.817
389.0,veh_008,car,12.9429,77.673276,10.08
389.0,veh_009,car,12.941909,77.67012,7.963
389.0,veh_010,bus,12.937734,77.658181,6.301
389.0,veh_011,motorcycle,12.940984,77.667717,3.889
389.0,veh_012,motorcycle,12.930185,77.643839,5.982
389.0,veh_013,car,12.945577,77.689019,1.459
389.0,veh_015,bus,12.947582,77.696912,5.098
389.0,veh_016,car,12.933685,77.649524,8.537
389.0,veh_017,bus,12.930873,77.644922,5.373
389.0,veh_018,car,12.928246,77.641029,6.927
389.0,veh_019,bus,12.931923,77.646562,7.515
389.0,veh_020,car,12.943966,77.676118,8.175
389.0,veh_021,car,12.940564,77.666566,8.901
389.0,veh_022,car,12.923941,77.635073,9.379
389.0,veh_023,truck,12.939667,77.663915,5.733
389.0,veh_025,bus,12.936133,77.654017,6.531
389.0,veh_026,car,12.942341,77.671443,8.092
389.0,veh_027,motorcycle,12.935694,77.653072,7.1
389.0,veh_028,car,12.940879,77.667471,7.701
389.0,veh_029,car,12.947747,77.697122,6.789
389.0,veh_030,bus,12.937269,77.657146,4.582
389.0,veh_031,car,12.941428,77.668771,5.807
389.0,veh_033,car,12.945552,77.688637,9.525
389.0,veh_035,car,12.93317,77.64896,8.357
389.0,veh_036,motorcycle,12.944114,77.676413,13.864
389.0,veh_037,car,12.926692,77.638884,7.225
389.0,veh_038,motorcycle,12.94462,77.682729,8.715
389.0,veh_039,bus,12.94081,77.667039,5.967
389.0,veh_040,car,12.926025,77.637862,12.341
389.0,veh_041,motorcycle,12.931415,77.645703,1.989
389.0,veh_042,car,12.93288,77.648111,8.87
389.0,veh_043,car,12.925276,77.636837,7.065
389.0,veh_044,car,12.946147,77.691393,1.927
389.0,veh_045,car,12.944004,77.676563,12.833
389.0,veh_047,car,12.947462,77.696342,10.145
389.0,veh_049,bus,12.944375,77.679141,3.112
390.0,veh_000,car,12.945119,77.68601,10.122
390.0,veh_001,car,12.9483,77.698887,11.834
390.0,veh_002,car,12.925183,77.636568,8.378
390.0,veh_003,car,12.927643,77.640323,9.093
390.0,veh_004,car,12.938764,77.661628,14.353
390.0,veh_005,car,12.944536,77.681575,9.167
390.0,veh_006,car,12.934588,77.65102,3.308
390.0,veh_007,car,12.932533,77.647456,3.254
390.0,veh_008,car,12.943005,77.673293,9.227
390.0,veh_009,car,12.941853,77.670104,2.527
390.0,veh_010,bus,12.937771,77.658328,6.676
390.0,veh_011,motorcycle,12.941056,77.667839,11.284
390.0,veh_012,motorcycle,12.930273,77.643901,9.801
390.0,veh_013,car,12.94554,77.689044,8.887
390.0,veh_015,bus,12.947598,77.696807,3.383
390.0,veh_016,car,12.933621,77.649626,3.123
390.0,veh_017,bus,12.930872,77.644992,6.706
390.0,veh_018,car,12.928237,77.64118,9.95
390.0,veh_019,bus,12.931888,77.646586,4.581
390.0,veh_020,car,12.943882,77.67625,5.823
390.0,veh_021,car,12.940611,77.666543,11.147
390.0,veh_022,car,12.924069,77.635173,5.967
390.0,veh_023,truck,12.939798,77.663971,5.517
390.0,veh_025,bus,12.93618,77.653961,5.379
390.0,veh_026,car,12.942285,77.671557,4.387
390.0,veh_027,motorcycle,12.935611,77.653119,11.218
390.0,veh_028,car,12.940951,77.667548,12.214
390.0,veh_029,car,12.947662,77.697139,4.074
390.0,veh_030,bus,12.937348,77.657211,4.112
390.0,veh_031,car,12.941357,77.668804,6.55
390.0,veh_033,car,12.945549,77.688831,9.346
390.0,veh_035,car,12.93327,77.648951,3.815
390.0,veh_036,motorcycle,12.944118,77.676567,9.061
390.0,veh_037,car,12.926746,77.639028,2.502
390.0,veh_038,motorcycle,12.944695,77.682808,6.71
390.0,veh_039,bus,12.940775,77.667057,6.774
390.0,veh_040,car,12.926075,77.637913,12.733
390.0,veh_041,motorcycle,12.931444,77.645772,6.932
390.0,veh_042,car,12.932825,77.648222,7.11
390.0,veh_043,car,12.925274,77.636848,4.304
390.0,veh_044,car,12.946185,77.691693,13.017
390.0,veh_045,car,12.944131,77.676761,8.736
390.0,veh_047,car,12.947508,77.696456,10.845
390.0,veh_049,bus,12.944399,77.679303,8.44
391.0,veh_000,car,12.945083,77.685975,11.596
391.0,veh_001,car,12.948368,77.699021,11.442
391.0,veh_002,car,12.925168,77.636624,4.385
391.0,veh_003,car,12.927684,77.640425,11.474
391.0,veh_004,car,12.938821,77.661782,8.94
391.0,veh_005,car,12.944691,77.681582,5.196
391.0,veh_006,car,12.934549,77.651144,7.312
391.0,veh_007,car,12.932431,77.647594,0.346
391.0,veh_008,car,12.942983,77.673401,9.26
391.0,veh_009,car,12.941889,77.670282,8.425
391.0,veh_010,bus,12.937755,77.658338,4.485
391.0,veh_011,motorcycle,12.941129,77.667834,5.224
391.0,veh_012,motorcycle,12.930262,77.644022,10.686
391.0,veh_013,car,12.945664,77.689055,8.129
391.0,veh_015,bus,12.947608,77.69687,5.471
391.0,veh_016,car,12.933727,77.649714,8.76
391.0,veh_017,bus,12.93091,77.645018,7.776
391.0,veh_018,car,12.928279,77.641188,10.41
391.0,veh_019,bus,12.931961,77.646669,4.819
391.0,veh_020,car,12.943977,77.676242,7.52
391.0,veh_021,car,12.94069,77.666666,10.229
391.0,veh_022,car,12.924104,77.635175,8.845
391.0,veh_023,truck,12.93976,77.664013,4.27
391.0,veh_025,bus,12.936189,77.653923,5.893
391.0,veh_026,car,12.942339,77.671533,4.205
391.0,veh_027,motorcycle,12.935756,77.65319,4.894
391.0,veh_028,car,12.941049,77.667681,10.965
391.0,veh_029,car,12.947729,77.697293,6.994
391.0,veh_030,bus,12.937413,77.65713,5.794
391.0,veh_031,car,12.941472,77.669009,11.254
391.0,veh_033,car,12.945591,77.688794,7.933
391.0,veh_035,car,12.933368,77.648979,3.027
391.0,veh_036,motorcycle,12.944149,77.67667,13.209
391.0,veh_037,car,12.926783,77.63899,9.168
391.0,veh_038,motorcycle,12.944797,77.682898,6.955
391.0,veh_039,bus,12.940823,77.667112,5.599
391.0,veh_040,car,12.926013,77.637842,1.179
391.0,veh_041,motorcycle,12.931487,77.645775,7.59
391.0,veh_042,car,12.932984,77.648268,8.444
391.0,veh_043,car,12.925344,77.636932,5.324
391.0,veh_044,car,12.946197,77.691645,8.857
391.0,veh_045,car,12.944123,77.676942,11.048
391.0,veh_047,car,12.947469,77.696532,9.195
391.0,veh_049,bus,12.944401,77.679348,6.094
392.0,veh_000,car,12.944972,77.686053,9.337
392.0,veh_001,car,12.948412,77.69906,13.594
392.0,veh_002,car,12.925188,77.636648,3.985
392.0,veh_003,car,12.927786,77.640416,10.425
392.0,veh_004,car,12.9389,77.661778,6.171
392.0,veh_005,car,12.944639,77.681689,5.784
392.0,veh_006,car,12.934497,77.65119,6.902
392.0,veh_007,car,12.932462,77.647506,0.139
392.0,veh_008,car,12.942955,77.673469,8.009
392.0,veh_009,car,12.941887,77.67034,8.187
392.0,veh_010,bus,12.937734,77.658416,5.631
392.0,veh_011,motorcycle,12.941053,77.66802,7.439
392.0,veh_012,motorcycle,12.930279,77.644093,10.973
392.0,veh_013,car,12.945691,77.689262,9.992
392.0,veh_015,bus,12.947687,77.696933,5.529
392.0,veh_016,car,12.933624,77.649652,8.536
392.0,veh_017,bus,12.930937,77.64508,7.6
392.0,veh_018,car,12.92832,77.641291,7.251
392.0,veh_019,bus,12.932003,77.646717,4.447
392.0,veh_020,car,12.944005,77.676278,11.277
392.0,veh_021,car,12.940705,77.666758,6.772
392.0,veh_022,car,12.924164,77.635159,9.204
392.0,veh_023,truck,12.939847,77.664057,4.277
392.0,veh_025,bus,12.936197,77.654003,5.847
392.0,veh_026,car,12.942317,77.671632,7.997
392.0,veh_027,motorcycle,12.93574,77.653315,14.892
392.0,veh_028,car,12.94108,77.667699,6.356
392.0,veh_029,car,12.947754,77.697207,7.367
392.0,veh_030,bus,12.937311,77.657201,7.306
392.0,veh_031,car,12.941352,77.66892,4.631
392.0,veh_033,car,12.945623,77.68896,5.938
392.0,veh_035,car,12.933346,77.649085,4.792
392.0,veh_036,motorcycle,12.944028,77.676696,3.932
392.0,veh_037,car,12.926802,77.639123,0.1
392.0,veh_038,motorcycle,12.944724,77.683094,9.825
392.0,veh_039,bus,12.940816,77.667225,3.748
392.0,veh_040,car,12.926017,77.638019,4.036
392.0,veh_041,motorcycle,12.931559,77.64585,9.94
392.0,veh_042,car,12.93293,77.648367,6.421
392.0,veh_043,car,12.925373,77.636919,13.755
392.0,veh_044,car,12.946147,77.691729,8.67
392.0,veh_045,car,12.944199,77.67693,7.143
392.0,veh_047,car,12.947525,77.696664,5.528
392.0,veh_049,bus,12.944406,77.67943,4.963
393.0,veh_000,car,12.94509,77.686187,11.174
393.0,veh_001,car,12.948373,77.699222,5.468
393.0,veh_002,car,12.925264,77.636743,10.317
393.0,veh_003,car,12.927765,77.640481,9.554
393.0,veh_004,car,12.938979,77.661854,6.608
393.0,veh_005,car,12.944615,77.681764,7.913
393.0,veh_006,car,12.934553,77.651264,7.531
393.0,veh_007,car,12.93258,77.647601,11.406
393.0,veh_008,car,12.943041,77.673578,4.88
393.0,veh_009,car,12.941926,77.670252,10.368
393.0,veh_010,bus,12.937796,77.658418,5.575
393.0,veh_011,motorcycle,12.941176,77.668101,10.979
393.0,veh_012,motorcycle,12.930379,77.644144,6.438
393.0,veh_013,car,12.945705,77.689323,10.476
393.0,veh_015,bus,12.947676,77.696946,5.364
393.0,veh_016,car,12.933755,77.649802,11.001
393.0,veh_017,bus,12.930936,77.645217,5.83
393.0,veh_018,car,12.928401,77.641322,6.968
393.0,veh_019,bus,12.932022,77.646752,4.221
393.0,veh_020,car,12.944017,77.676376,8.567
393.0,veh_021,car,12.940646,77.666808,3.501
393.0,veh_022,car,12.924281,77.635463,11.956
393.0,veh_023,truck,12.93969,77.664063,4.047
393.0,veh_025,bus,12.936262,77.654004,3.413
393.0,veh_026,car,12.942414,77.671751,13.855
393.0,veh_027,motorcycle,12.93579,77.6533,11.382
393.0,veh_028,car,12.941184,77.667629,11.017
393.0,veh_029,car,12.9478,77.697357,5.301
393.0,veh_030,bus,12.93736,77.657308,4.044
393.0,veh_031,car,12.941518,77.669012,7.56
393.0,veh_033,car,12.945682,77.688876,6.519
393.0,veh_035,car,12.933434,77.649088,5.874
393.0,veh_036,motorcycle,12.944078,77.676749,4.85
393.0,veh_037,car,12.926796,77.639084,12.515
393.0,veh_038,motorcycle,12.944731,77.683038,8.191
393.0,veh_039,bus,12.940836,77.667183,3.27
393.0,veh_040,car,12.92611,77.63809,6.296
393.0,veh_041,motorcycle,12.931621,77.645972,12.691
393.0,veh_042,car,12.93305,77.648387,9.577
393.0,veh_043,car,12.925316,77.636966,6.946
393.0,veh_044,car,12.946088,77.691825,11.187
393.0,veh_045,car,12.944146,77.676996,10.338
393.0,veh_047,car,12.947516,77.696768,7.108
393.0,veh_049,bus,12.944482,77.679456,6.027
394.0,veh_000,car,12.945073,77.686224,7.779
394.0,veh_001,car,12.948416,77.699367,11.327
394.0,veh_002,car,12.925167,77.636773,4.542
394.0,veh_003,car,12.927987,77.640568,8.746
394.0,veh_004,car,12.938965,77.661967,9.2
394.0,veh_005,car,12.944568,77.681839,8.863
394.0,veh_006,car,12.934531,77.651178,1.841
394.0,veh_007,car,12.932516,77.647745,7.511
394.0,veh_008,car,12.943017,77.673566,2.459
394.0,veh_009,car,12.941986,77.67047,5.601
394.0,veh_010,bus,12.937735,77.658522,4.98
394.0,veh_011,motorcycle,12.941185,77.668303,13.455
394.0,veh_012,motorcycle,12.930401,77.644138,5.0
394.0,veh_013,car,12.945699,77.689319,4.595
394.0,veh_015,bus,12.947662,77.697123,7.602
394.0,veh_016,car,12.933807,77.6499,10.211
394.0,veh_017,bus,12.931023,77.645177,3.922
394.0,veh_018,car,12.92842,77.641373,11.529
394.0,veh_019,bus,12.932007,77.646787,5.068
394.0,veh_020,car,12.944008,77.676421,5.919
394.0,veh_021,car,12.940735,77.666822,10.013
394.0,veh_022,car,12.924232,77.635304,10.561
394.0,veh_023,truck,12.939762,77.66416,3.167
394.0,veh_025,bus,12.936322,77.654205,4.229
394.0,veh_026,car,12.942472,77.671857,12.411
394.0,veh_027,motorcycle,12.935985,77.653398,12.307
394.0,veh_028,car,12.941111,77.668036,10.504
394.0,veh_029,car,12.947732,77.697433,8.417
394.0,veh_030,bus,12.937326,77.65726,3.628
394.0,veh_031,car,12.941512,77.669099,10.628
394.0,veh_033,car,12.945695,77.689064,6.477
394.0,veh_035,car,12.933425,77.649164,9.097
394.0,veh_036,motorcycle,12.944141,77.676859,6.266
394.0,veh_037,car,12.926849,77.639137,5.952
394.0,veh_038,motorcycle,12.944804,77.683105,9.028
394.0,veh_039,bus,12.940902,77.667264,5.344
394.0,veh_040,car,12.926149,77.638118,13.492
394.0,veh_041,motorcycle,12.931604,77.64597,4.723
394.0,veh_042,car,12.933016,77.648439,8.37
394.0,veh_043,car,12.925487,77.637055,2.896
394.0,veh_044,car,12.946173,77.69194,8.113
394.0,veh_045,car,12.944165,77.676986,8.355
394.0,veh_047,car,12.947598,77.696756,9.096
394.0,veh_049,bus,12.944515,77.679509,3.331
395.0,veh_000,car,12.945092,77.686284,5.313
395.0,veh_001,car,12.948369,77.6993,4.665
395.0,veh_002,car,12.925317,77.636898,7.588
395.0,veh_003,car,12.927908,77.640695,2.846
395.0,veh_004,car,12.938974,77.662004,8.337
395.0,veh_005,car,12.944672,77.68199,8.132
395.0,veh_006,car,12.934602,77.651341,10.561
395.0,veh_007,car,12.932602,77.647722,9.255
395.0,veh_008,car,12.942928,77.673643,10.166
395.0,veh_009,car,12.941919,77.670488,12.053
395.0,veh_010,bus,12.937793,77.658496,6.041
395.0,veh_011,motorcycle,12.941202,77.668237,11.307
395.0,veh_012,motorcycle,12.930426,77.644198,13.214
395.0,veh_013,car,12.945648,77.689337,8.451
395.0,veh_015,bus,12.947594,77.697165,5.704
395.0,veh_016,car,12.933817,77.649959,9.094
395.0,veh_017,bus,12.931093,77.645222,3.799
395.0,veh_018,car,12.928519,77.64151,8.261
395.0,veh_019,bus,12.93208,77.646841,6.329
395.0,veh_020,car,12.943965,77.676531,7.513
395.0,veh_021,car,12.940792,77.666921,7.721
395.0,veh_022,car,12.924259,77.63551,8.527
395.0,veh_023,truck,12.939731,77.664117,3.854
395.0,veh_025,bus,12.936286,77.654147,3.98
395.0,veh_026,car,12.942403,77.671936,9.787
395.0,veh_027,motorcycle,12.93594,77.653652,14.245
395.0,veh_028,car,12.94118,77.667986,11.412
395.0,veh_029,car,12.947874,77.697444,11.066
395.0,veh_030,bus,12.937393,77.65733,3.318
395.0,veh_031,car,12.941553,77.669209,10.349
395.0,veh_033,car,12.945606,77.689159,11.753
395.0,veh_035,car,12.933543,77.649232,7.836
395.0,veh_036,motorcycle,12.944187,77.676925,11.421
395.0,veh_037,car,12.926996,77.639287,8.06
395.0,veh_038,motorcycle,12.944757,77.683171,12.117
395.0,veh_039,bus,12.940887,77.66723,7.314
395.0,veh_040,car,12.926211,77.638251,17.086
395.0,veh_041,motorcycle,12.931582,77.646046,8.278
395.0,veh_042,car,12.93304,77.648505,7.779
395.0,veh_043,car,12.925501,77.637156,10.831
395.0,veh_044,car,12.94622,77.691963,9.526
395.0,veh_045,car,12.944153,77.676939,4.971
395.0,veh_047,car,12.947487,77.696799,6.107
395.0,veh_049,bus,12.944424,77.679646,8.156
396.0,veh_000,car,12.94509,77.686236,2.75
396.0,veh_001,car,12.948408,77.699381,5.521
396.0,veh_002,car,12.925357,77.636983,11.83
396.0,veh_003,car,12.927897,77.640635,9.336
396.0,veh_004,car,12.939146,77.66205,7.622
396.0,veh_005,car,12.944655,77.682013,9.629
396.0,veh_006,car,12.934754,77.651429,11.359
396.0,veh_007,car,12.932699,77.647755,4.786
396.0,veh_008,car,12.943068,77.673648,2.953
396.0,veh_009,car,12.942036,77.670583,12.364
396.0,veh_010,bus,12.937798,77.658519,5.469
396.0,veh_011,motorcycle,12.941219,77.668225,0.1
396.0,veh_012,motorcycle,12.930582,77.644359,20.401
396.0,veh_013,car,12.945717,77.689322,10.203
396.0,veh_015,bus,12.947719,77.697129,7.318
396.0,veh_016,car,12.93391,77.649996,9.895
396.0,veh_017,bus,12.931057,77.64525,6.082
396.0,veh_018,car,12.928549,77.641439,6.032
396.0,veh_019,bus,12.932016,77.646841,6.178
396.0,veh_020,car,12.944046,77.676564,5.616
396.0,veh_021,car,12.940714,77.666954,2.509
396.0,veh_022,car,12.924228,77.63558,5.374
396.0,veh_023,truck,12.939791,77.66414,6.899
396.0,veh_025,bus,12.936219,77.654131,5.027
396.0,veh_026,car,12.942407,77.672017,6.073
396.0,veh_027,motorcycle,12.93606,77.653597,7.8
396.0,veh_028,car,12.941168,77.66817,6.489
396.0,veh_029,car,12.947872,77.69751,3.758
396.0,veh_030,bus,12.937425,77.657344,3.882
396.0,veh_031,car,12.941452,77.669223,9.124
396.0,veh_033,car,12.945629,77.689228,7.675
396.0,veh_035,car,12.933353,77.649222,6.357
396.0,veh_036,motorcycle,12.9441,77.676918,10.989
396.0,veh_037,car,12.926959,77.639175,4.58
396.0,veh_038,motorcycle,12.944797,77.683194,8.054
396.0,veh_039,bus,12.940938,77.667277,5.928
396.0,veh_040,car,12.926339,77.638365,6.771
396.0,veh_041,motorcycle,12.93164,77.646138,12.244
396.0,veh_042,car,12.933085,77.648649,10.227
396.0,veh_043,car,12.925475,77.637152,9.346
396.0,veh_044,car,12.946349,77.692059,6.405
396.0,veh_045,car,12.944251,77.677188,9.112
396.0,veh_047,car,12.94771,77.696849,6.808
396.0,veh_049,bus,12.944351,77.679647,5.606
397.0,veh_000,car,12.945007,77.686428,7.036
397.0,veh_001,car,12.948476,77.699486,7.629
397.0,veh_002,car,12.925434,77.636859,4.602
397.0,veh_003,car,12.928032,77.640737,6.609
397.0,veh_004,car,12.939019,77.662093,8.798
397.0,veh_005,car,12.944633,77.682102,11.286
397.0,veh_006,car,12.934781,77.651503,9.754
397.0,veh_007,car,12.932637,77.647885,8.061
397.0,veh_008,car,12.94318,77.673712,4.719
397.0,veh_009,car,12.941976,77.670711,10.81
397.0,veh_010,bus,12.937824,77.658592,8.139
397.0,veh_011,motorcycle,12.941226,77.668283,8.663
397.0,veh_012,motorcycle,12.930534,77.644418,3.163
397.0,veh_013,car,12.945724,77.689587,8.761
397.0,veh_015,bus,12.947682,77.697223,4.921
397.0,veh_016,car,12.933989,77.650043,6.854
397.0,veh_017,bus,12.931208,77.645246,3.983
397.0,veh_018,car,12.928493,77.641551,5.482
397.0,veh_019,bus,12.932021,77.646952,2.736
397.0,veh_020,car,12.944097,77.67661,6.4
397.0,veh_021,car,12.940808,77.666954,12.634
397.0,veh_022,car,12.924458,77.635633,10.863
397.0,veh_023,truck,12.939788,77.664266,4.703
397.0,veh_025,bus,12.93636,77.654291,7.863
397.0,veh_026,car,12.942472,77.671967,1.956
397.0,veh_027,motorcycle,12.936066,77.653804,12.732
397.0,veh_028,car,12.941152,77.668213,8.447
397.0,veh_029,car,12.947883,77.697531,5.328
397.0,veh_030,bus,12.937404,77.657459,4.473
397.0,veh_031,car,12.941479,77.669263,5.471
397.0,veh_033,car,12.945626,77.689293,10.653
397.0,veh_035,car,12.93346,77.649306,9.515
397.0,veh_036,motorcycle,12.944171,77.677074,9.829
397.0,veh_037,car,12.927018,77.639305,11.073
397.0,veh_038,motorcycle,12.94474,77.683396,11.437
397.0,veh_039,bus,12.940861,77.667328,4.005
397.0,veh_040,car,12.926263,77.638384,6.048
397.0,veh_041,motorcycle,12.93166,77.646252,2.857
397.0,veh_042,car,12.933166,77.648702,5.622
397.0,veh_043,car,12.925608,77.637206,6.117
397.0,veh_044,car,12.946328,77.692164,10.328
397.0,veh_045,car,12.94426,77.677158,8.269
397.0,veh_047,car,12.947694,77.697044,8.775
397.0,veh_049,bus,12.944481,77.67966,6.933
398.0,veh_000,car,12.945128,77.686492,11.252
398.0,veh_001,car,12.948402,77.699494,4.101
398.0,veh_002,car,12.925375,77.636967,8.47
398.0,veh_003,car,12.928141,77.640774,9.429
398.0,veh_004,car,12.939162,77.662359,6.616
398.0,veh_005,car,12.944618,77.682134,7.185
398.0,veh_006,car,12.934793,77.651537,9.427
398.0,veh_007,car,12.932748,77.64795,9.081
398.0,veh_008,car,12.943061,77.673731,1.822
398.0,veh_009,car,12.942115,77.670767,7.84
398.0,veh_010,bus,12.937803,77.658705,7.062
398.0,veh_011,motorcycle,12.941342,77.668391,11.339
398.0,veh_012,motorcycle,12.930609,77.644478,6.388
398.0,veh_013,car,12.945783,77.689515,10.4
398.0,veh_015,bus,12.947798,77.697244,6.558
398.0,veh_016,car,12.933916,77.650107,9.37
398.0,veh_017,bus,12.931146,77.645259,3.453
398.0,veh_018,car,12.928572,77.641626,9.943
398.0,veh_019,bus,12.93209,77.646958,6.107
398.0,veh_020,car,12.94402,77.676683,8.594
398.0,veh_021,car,12.940849,77.667089,8.96
398.0,veh_022,car,12.924466,77.635718,7.771
398.0,veh_023,truck,12.939881,77.664272,6.268
398.0,veh_025,bus,12.936367,77.654297,4.884
398.0,veh_026,car,12.942537,77.672002,6.128
398.0,veh_027,motorcycle,12.935991,77.653737,0.581
398.0,veh_028,car,12.941119,77.668239,10.926
398.0,veh_029,car,12.947836,77.697545,1.874
398.0,veh_030,bus,12.937421,77.657456,4.219
398.0,veh_031,car,12.941538,77.669399,8.211
398.0,veh_033,car,12.945748,77.689402,14.708
398.0,veh_035,car,12.933515,77.649286,5.584
398.0,veh_036,motorcycle,12.944246,77.677119,6.13
398.0,veh_037,car,12.927084,77.639392,10.239
398.0,veh_038,motorcycle,12.944786,77.683538,13.642
398.0,veh_039,bus,12.940962,77.667412,6.34
398.0,veh_040,car,12.926359,77.638399,9.32
398.0,veh_041,motorcycle,12.931694,77.646236,6.998
398.0,veh_042,car,12.933045,77.64873,6.178
398.0,veh_043,car,12.925588,77.637243,0.1
398.0,veh_044,car,12.946315,77.692239,6.138
398.0,veh_045,car,12.944189,77.677142,8.517
398.0,veh_047,car,12.947668,77.697022,5.3
398.0,veh_049,bus,12.944496,77.679637,4.734
399.0,veh_000,car,12.945105,77.686518,5.065
399.0,veh_001,car,12.948468,77.699488,6.098
399.0,veh_002,car,12.925484,77.637023,7.957
399.0,veh_003,car,12.928082,77.640816,9.854
399.0,veh_004,car,12.939159,77.662187,4.228
399.0,veh_005,car,12.944708,77.682333,9.126
399.0,veh_006,car,12.934682,77.651481,7.165
399.0,veh_007,car,12.932754,77.648004,12.651
399.0,veh_008,car,12.943092,77.673868,12.284
399.0,veh_009,car,12.942033,77.670763,8.138
399.0,veh_010,bus,12.937899,77.658779,5.7
399.0,veh_011,motorcycle,12.941309,77.668428,3.21
399.0,veh_012,motorcycle,12.930713,77.644498,9.155
399.0,veh_013,car,12.945719,77.689712,8.15
399.0,veh_015,bus,12.947777,77.697288,4.726
399.0,veh_016,car,12.933969,77.650188,7.727
399.0,veh_017,bus,12.931151,77.645342,8.232
399.0,veh_018,car,12.928604,77.6416,5.391
399.0,veh_019,bus,12.932113,77.646975,7.672
399.0,veh_020,car,12.944074,77.676696,8.232
399.0,veh_021,car,12.940902,77.667171,15.577
399.0,veh_022,car,12.924504,77.635761,12.284
399.0,veh_023,truck,12.939839,77.664304,5.315
399.0,veh_025,bus,12.936347,77.654381,7.358
399.0,veh_026,car,12.942559,77.672171,8.089
399.0,veh_027,motorcycle,12.936126,77.653744,9.421
399.0,veh_028,car,12.941303,77.668254,7.657
399.0,veh_029,car,12.947808,77.697561,2.9
399.0,veh_030,bus,12.937433,77.657564,7.938
399.0,veh_031,car,12.941663,77.669383,5.5
399.0,veh_033,car,12.945735,77.689454,4.961
399.0,veh_035,car,12.933594,77.649519,8.912
399.0,veh_036,motorcycle,12.944252,77.6773,13.96
399.0,veh_037,car,12.92711,77.639542,14.138
399.0,veh_038,motorcycle,12.944731,77.683645,11.783
399.0,veh_039,bus,12.941034,77.667413,5.192
399.0,veh_040,car,12.926443,77.638467,8.735
399.0,veh_041,motorcycle,12.931713,77.646341,11.085
399.0,veh_042,car,12.933211,77.648669,3.185
399.0,veh_043,car,12.92563,77.637284,8.601
399.0,veh_044,car,12.946371,77.69228,10.638
399.0,veh_045,car,12.944226,77.677316,8.363
399.0,veh_047,car,12.947655,77.697132,7.077
399.0,veh_049,bus,12.944479,77.679773,4.321
400.0,veh_000,car,12.945146,77.686618,3.712
400.0,veh_001,car,12.948468,77.699578,10.291
400.0,veh_002,car,12.925499,77.637154,11.698
400.0,veh_003,car,12.928149,77.640854,10.231
400.0,veh_004,car,12.939234,77.662258,2.259
400.0,veh_005,car,12.944612,77.682312,5.656
400.0,veh_006,car,12.934845,77.65185,9.127
400.0,veh_007,car,12.93285,77.648021,3.323
400.0,veh_008,car,12.943237,77.673969,10.394
400.0,veh_009,car,12.942081,77.670899,8.544
400.0,veh_010,bus,12.937945,77.658762,4.226
400.0,veh_011,motorcycle,12.941344,77.66853,10.837
400.0,veh_012,motorcycle,12.930607,77.644554,8.035
400.0,veh_013,car,12.945777,77.689865,5.926
400.0,veh_015,bus,12.947791,77.697358,5.197
400.0,veh_016,car,12.934102,77.650309,8.558
400.0,veh_017,bus,12.931178,77.645337,8.621
400.0,veh_018,car,12.928728,77.641711,5.113
400.0,veh_019,bus,12.932258,77.647028,4.76
400.0,veh_020,car,12.944157,77.676838,3.24
400.0,veh_021,car,12.9408,77.667319,7.927
400.0,veh_022,car,12.924687,77.635694,7.952
400.0,veh_023,truck,12.939838,77.664395,4.581
400.0,veh_025,bus,12.936388,77.654427,7.808
400.0,veh_026,car,12.942525,77.67213,8.79
400.0,veh_027,motorcycle,12.9361,77.653906,3.024
400.0,veh_028,car,12.941123,77.66834,8.419
400.0,veh_029,car,12.947864,77.697619,7.361
400.0,veh_030,bus,12.937482,77.657548,8.517
400.0,veh_031,car,12.941656,77.669483,6.865
400.0,veh_033,car,12.945693,77.689484,8.25
400.0,veh_035,car,12.933696,77.649522,14.132
400.0,veh_036,motorcycle,12.944158,77.677314,2.784
400.0,veh_037,car,12.927221,77.639604,9.153
400.0,veh_038,motorcycle,12.944749,77.683703,9.44
400.0,veh_039,bus,12.941046,77.66753,5.868
400.0,veh_040,car,12.926462,77.638488,5.407
400.0,veh_041,motorcycle,12.931829,77.646401,12.861
400.0,veh_042,car,12.933284,77.648786,6.868
400.0,veh_043,car,12.9256,77.637233,7.603
400.0,veh_044,car,12.94637,77.692362,4.529
400.0,veh_045,car,12.944237,77.677463,7.308
400.0,veh_047,car,12.947603,77.697073,4.029
400.0,veh_049,bus,12.944488,77.67978,5.578
401.0,veh_000,car,12.9452,77.686562,3.446
401.0,veh_001,car,12.948606,77.699757,9.555
401.0,veh_002,car,12.925492,77.637266,8.311
401.0,veh_003,car,12.928045,77.640967,5.873
401.0,veh_004,car,12.93918,77.662353,4.816
401.0,veh_005,car,12.944648,77.682403,5.495
401.0,veh_006,car,12.934794,77.651712,2.97
401.0,veh_007,car,12.932743,77.648083,10.767
401.0,veh_008,car,12.943173,77.673946,5.481
401.0,veh_009,car,12.942165,77.671058,12.55
401.0,veh_010,bus,12.937826,77.658819,6.446
401.0,veh_011,motorcycle,12.941305,77.66862,4.811
401.0,veh_012,motorcycle,12.930777,77.644731,16.922
401.0,veh_013,car,12.945759,77.689885,9.503
401.0,veh_015,bus,12.947715,77.697398,8.379
401.0,veh_016,car,12.934091,77.650382,7.38
401.0,veh_017,bus,12.931173,77.645404,3.904
401.0,veh_018,car,12.928639,77.641743,5.019
401.0,veh_019,bus,12.932127,77.647113,3.605
401.0,veh_020,car,12.944132,77.676787,7.655
401.0,veh_021,car,12.94094,77.667378,8.663
401.0,veh_022,car,12.924666,77.635865,5.666
401.0,veh_023,truck,12.939903,77.66445,4.644
401.0,veh_025,bus,12.936409,77.654453,7.086
401.0,veh_026,car,12.94248,77.672224,5.243
401.0,veh_027,motorcycle,12.936188,77.653992,14.332
401.0,veh_028,car,12.941309,77.668418,4.491
401.0,veh_029,car,12.947908,77.697858,14.669
401.0,veh_030,bus,12.937581,77.657582,5.958
401.0,veh_031,car,12.941585,77.669618,14.569
401.0,veh_033,car,12.945715,77.68962,8.492
401.0,veh_035,car,12.933635,77.649502,4.346
401.0,veh_036,motorcycle,12.944274,77.677391,9.614
401.0,veh_037,car,12.927149,77.63965,9.486
401.0,veh_038,motorcycle,12.944733,77.683802,8.815
401.0,veh_039,bus,12.940967,77.667496,4.931
401.0,veh_040,car,12.926471,77.638538,6.735
401.0,veh_041,motorcycle,12.931956,77.646507,12.227
401.0,veh_042,car,12.933249,77.648893,4.229
401.0,veh_043,car,12.925593,77.637321,4.826
401.0,veh_044,car,12.94642,77.692342,4.862
401.0,veh_045,car,12.944282,77.677575,11.767
401.0,veh_047,car,12.947659,77.697213,7.498
401.0,veh_049,bus,12.94445,77.679813,7.327
402.0,veh_000,car,12.945085,77.686666,6.59
402.0,veh_001,car,12.948655,77.699845,11.115
402.0,veh_002,car,12.925689,77.637237,8.251
402.0,veh_003,car,12.928167,77.641022,8.033
402.0,veh_004,car,12.939112,77.66241,6.865
402.0,veh_005,car,12.944678,77.68236,5.927
402.0,veh_006,car,12.934954,77.651804,16.174
402.0,veh_007,car,12.932856,77.648238,10.41
402.0,veh_008,car,12.943127,77.674076,4.98
402.0,veh_009,car,12.942188,77.671008,8.093
402.0,veh_010,bus,12.937992,77.658967,7.488
402.0,veh_011,motorcycle,12.941402,77.668681,9.826
402.0,veh_012,motorcycle,12.930874,77.644813,11.065
402.0,veh_013,car,12.945665,77.689892,7.274
402.0,veh_015,bus,12.947847,77.697465,5.587
402.0,veh_016,car,12.934149,77.650357,0.659
402.0,veh_017,bus,12.931198,77.645482,8.946
402.0,veh_018,car,12.928768,77.641791,9.119
402.0,veh_019,bus,12.932137,77.647128,5.396
402.0,veh_020,car,12.944189,77.676843,12.455
402.0,veh_021,car,12.940985,77.667406,8.923
402.0,veh_022,car,12.924557,77.635842,7.2
402.0,veh_023,truck,12.939915,77.664427,5.252
402.0,veh_025,bus,12.936328,77.654518,3.977
402.0,veh_026,car,12.942526,77.672331,3.963
402.0,veh_027,motorcycle,12.936203,77.654013,8.679
402.0,veh_028,car,12.941257,77.668551,12.929
402.0,veh_029,car,12.947872,77.697872,7.271
402.0,veh_030,bus,12.937513,77.657552,1.962
402.0,veh_031,car,12.941704,77.669799,13.786
402.0,veh_033,car,12.94571,77.689625,8.421
402.0,veh_035,car,12.933658,77.649667,9.043
402.0,veh_036,motorcycle,12.944222,77.677506,5.418
402.0,veh_037,car,12.927288,77.639704,6.347
402.0,veh_038,motorcycle,12.944784,77.683926,4.601
402.0,veh_039,bus,12.941091,77.667688,6.635
402.0,veh_040,car,12.926516,77.63862,8.553
402.0,veh_041,motorcycle,12.93192,77.64662,8.474
402.0,veh_042,car,12.93326,77.648843,8.342
402.0,veh_043,car,12.925744,77.637462,7.662
402.0,veh_044,car,12.946292,77.69243,2.843
402.0,veh_045,car,12.944133,77.677584,6.037
402.0,veh_047,car,12.947787,77.697294,9.555
402.0,veh_049,bus,12.944375,77.679904,6.736
403.0,veh_000,car,12.945173,77.686672,7.114
403.0,veh_001,car,12.948673,77.700027,9.737
403.0,veh_002,car,12.925688,77.637289,5.551
403.0,veh_003,car,12.928207,77.641185,10.519
403.0,veh_004,car,12.939179,77.662366,4.845
403.0,veh_005,car,12.944654,77.682507,13.438
403.0,veh_006,car,12.934883,77.651829,4.475
403.0,veh_007,car,12.932797,77.648297,6.411
403.0,veh_008,car,12.943201,77.674105,8.799
403.0,veh_009,car,12.942288,77.671252,5.708
403.0,veh_010,bus,12.937918,77.658869,7.168
403.0,veh_011,motorcycle,12.941373,77.668804,11.287
403.0,veh_012,motorcycle,12.930869,77.644847,11.986
403.0,veh_013,car,12.945832,77.690129,11.775
403.0,veh_015,bus,12.947793,77.697472,8.072
403.0,veh_016,car,12.934144,77.650392,5.01
403.0,veh_017,bus,12.931356,77.64557,7.026
403.0,veh_018,car,12.928782,77.641835,6.045
403.0,veh_019,bus,12.932332,77.647149,4.884
403.0,veh_020,car,12.944176,77.676947,11.482
403.0,veh_021,car,12.940896,77.667578,7.345
403.0,veh_022,car,12.924704,77.636006,6.972
403.0,veh_023,truck,12.939889,77.664474,4.016
403.0,veh_025,bus,12.936384,77.65453,4.164
403.0,veh_026,car,12.942613,77.672349,5.916
403.0,veh_027,motorcycle,12.936231,77.653914,0.771
403.0,veh_028,car,12.941284,77.668528,6.462
403.0,veh_029,car,12.947959,77.697867,2.642
403.0,veh_030,bus,12.937571,77.657735,3.659
403.0,veh_031,car,12.941759,77.669825,6.196
403.0,veh_033,car,12.945783,77.689833,11.867
403.0,veh_035,car,12.933706,77.649704,8.579
403.0,veh_036,motorcycle,12.944186,77.677455,8.817
403.0,veh_037,car,12.92732,77.639815,12.543
403.0,veh_038,motorcycle,12.944712,77.683989,2.569
403.0,veh_039,bus,12.941056,77.667629,7.295
403.0,veh_040,car,12.926582,77.638678,11.098
403.0,veh_041,motorcycle,12.931989,77.646694,12.627
403.0,veh_042,car,12.933275,77.648893,6.932
403.0,veh_043,car,12.925689,77.637548,7.004
403.0,veh_044,car,12.946321,77.692402,6.935
403.0,veh_045,car,12.94423,77.677654,6.318
403.0,veh_047,car,12.947737,77.697352,4.364
403.0,veh_049,bus,12.944398,77.680032,9.697
404.0,veh_000,car,12.945226,77.686695,3.518
404.0,veh_001,car,12.948662,77.699929,4.255
404.0,veh_002,car,12.925633,77.637278,6.559
404.0,veh_003,car,12.92832,77.641151,4.18
404.0,veh_004,car,12.939262,77.662443,5.903
404.0,veh_005,car,12.944748,77.682665,14.945
404.0,veh_006,car,12.935023,77.651878,6.216
404.0,veh_007,car,12.932898,77.648282,4.955
404.0,veh_008,car,12.9432,77.674086,11.388
404.0,veh_009,car,12.942202,77.671265,3.532
404.0,veh_010,bus,12.937965,77.659036,3.533
404.0,veh_011,motorcycle,12.941482,77.66887,7.778
404.0,veh_012,motorcycle,12.930931,77.645007,11.799
404.0,veh_013,car,12.945818,77.690039,2.815
404.0,veh_015,bus,12.947835,77.697626,7.72
404.0,veh_016,car,12.934125,77.650407,6.211
404.0,veh_017,bus,12.931341,77.645658,6.267
404.0,veh_018,car,12.928701,77.641908,1.763
404.0,veh_019,bus,12.932343,77.647252,8.244
404.0,veh_020,car,12.944179,77.676992,3.984
404.0,veh_021,car,12.940959,77.667592,6.886
404.0,veh_022,car,12.924762,77.636052,10.199
404.0,veh_023,truck,12.939979,77.664525,5.271
404.0,veh_025,bus,12.936462,77.654682,7.47
404.0,veh_026,car,12.942481,77.672408,6.675
404.0,veh_027,motorcycle,12.936237,77.654108,9.563
404.0,veh_028,car,12.941413,77.668591,3.683
404.0,veh_029,car,12.948118,77.697886,7.244
404.0,veh_030,bus,12.937546,77.657733,6.665
404.0,veh_031,car,12.941788,77.669779,4.374
404.0,veh_033,car,12.945801,77.689792,7.618
404.0,veh_035,car,12.93382,77.649804,9.476
404.0,veh_036,motorcycle,12.944203,77.677653,10.296
404.0,veh_037,car,12.927337,77.63983,6.074
404.0,veh_038,motorcycle,12.944798,77.683889,13.823
404.0,veh_039,bus,12.941034,77.667751,5.873
404.0,veh_040,car,12.926576,77.638669,4.706
404.0,veh_041,motorcycle,12.93202,77.646723,13.854
404.0,veh_042,car,12.933305,77.649017,9.798
404.0,veh_043,car,12.925752,77.637546,5.605
404.0,veh_044,car,12.946276,77.692574,10.952
404.0,veh_045,car,12.944328,77.677649,9.328
404.0,veh_047,car,12.947788,77.697343,6.766
404.0,veh_049,bus,12.944497,77.680093,5.501
405.0,veh_000,car,12.945135,77.68676,2.845
405.0,veh_001,car,12.948616,77.700088,11.169
405.0,veh_002,car,12.925648,77.637441,3.983
405.0,veh_003,car,12.928267,77.641119,7.005
405.0,veh_004,car,12.939289,77.66259,11.073
405.0,veh_005,car,12.944699,77.682723,6.575
405.0,veh_006,car,12.935028,77.651841,5.743
405.0,veh_007,car,12.932905,77.648391,3.682
405.0,veh_008,car,12.943284,77.674185,5.003
405.0,veh_009,car,12.942115,77.671167,3.58
405.0,veh_010,bus,12.937886,77.658995,6.648
405.0,veh_011,motorcycle,12.941442,77.668904,11.303
405.0,veh_012,motorcycle,12.931104,77.644974,9.895
405.0,veh_013,car,12.945742,77.69004,5.632
405.0,veh_015,bus,12.947815,77.697722,6.775
405.0,veh_016,car,12.934103,77.650505,3.104
405.0,veh_017,bus,12.93138,77.645719,6.525
405.0,veh_018,car,12.928815,77.641852,8.414
405.0,veh_019,bus,12.932396,77.647263,5.161
405.0,veh_020,car,12.944169,77.677129,10.747
405.0,veh_021,car,12.940939,77.667574,6.014
405.0,veh_022,car,12.924782,77.636067,7.812
405.0,veh_023,truck,12.939912,77.664565,3.955
405.0,veh_025,bus,12.936493,77.65464,6.693
405.0,veh_026,car,12.942681,77.672486,8.447
405.0,veh_027,motorcycle,12.936304,77.654159,7.673
405.0,veh_028,car,12.941387,77.66873,8.305
405.0,veh_029,car,12.948021,77.698018,5.439
405.0,veh_030,bus,12.937554,77.657802,5.513
405.0,veh_031,car,12.941764,77.669953,7.281
405.0,veh_033,car,12.94581,77.689813,3.282
405.0,veh_035,car,12.933817,77.649977,10.3
405.0,veh_036,motorcycle,12.944233,77.677693,9.524
405.0,veh_037,car,12.927422,77.639932,14.157
405.0,veh_038,motorcycle,12.94484,77.683945,3.941
405.0,veh_039,bus,12.941037,77.667778,5.183
405.0,veh_040,car,12.926621,77.638789,5.857
405.0,veh_041,motorcycle,12.932069,77.646864,10.395
405.0,veh_042,car,12.933361,77.649076,3.81
405.0,veh_043,car,12.925771,77.637551,10.87
405.0,veh_044,car,12.946406,77.692711,11.077
405.0,veh_045,car,12.944316,77.677794,13.522
405.0,veh_047,car,12.947787,77.697361,0.1
405.0,veh_049,bus,12.944479,77.680169,8.289
406.0,veh_000,car,12.945219,77.686873,5.783
406.0,veh_001,car,12.948632,77.700077,10.328
406.0,veh_002,car,12.925774,77.637539,13.422
406.0,veh_003,car,12.928417,77.641285,8.746
406.0,veh_004,car,12.939299,77.662687,5.752
406.0,veh_005,car,12.944781,77.682903,9.216
406.0,veh_006,car,12.934959,77.651979,4.347
406.0,veh_007,car,12.932931,77.648441,5.724
406.0,veh_008,car,12.943297,77.674242,10.22
406.0,veh_009,car,12.942226,77.671308,10.71
406.0,veh_010,bus,12.937872,77.659105,4.024
406.0,veh_011,motorcycle,12.941436,77.669036,13.984
406.0,veh_012,motorcycle,12.931022,77.645105,15.274
406.0,veh_013,car,12.945897,77.690173,10.698
406.0,veh_015,bus,12.947832,77.697786,5.234
406.0,veh_016,car,12.934188,77.650496,5.767
406.0,veh_017,bus,12.931377,77.645713,4.693
406.0,veh_018,car,12.9288,77.642036,3.87
406.0,veh_019,bus,12.932295,77.647215,6.531
406.0,veh_020,car,12.944206,77.677152,7.033
406.0,veh_021,car,12.94099,77.66766,8.49
406.0,veh_022,car,12.924872,77.636233,9.569
406.0,veh_023,truck,12.93996,77.66459,3.932
406.0,veh_025,bus,12.93649,77.654632,4.963
406.0,veh_026,car,12.9426,77.672478,6.441
406.0,veh_027,motorcycle,12.936343,77.654223,13.542
406.0,veh_028,car,12.941316,77.668735,7.686
406.0,veh_029,car,12.948004,77.698049,3.733
406.0,veh_030,bus,12.9376,77.657811,5.675
406.0,veh_031,car,12.941749,77.669954,2.709
406.0,veh_033,car,12.945806,77.689935,7.381
406.0,veh_035,car,12.933818,77.650045,11.41
406.0,veh_036,motorcycle,12.944199,77.677739,8.918
406.0,veh_037,car,12.927533,77.640066,4.414
406.0,veh_038,motorcycle,12.944827,77.684172,13.656
406.0,veh_039,bus,12.940992,77.667807,5.735
406.0,veh_040,car,12.926758,77.638948,10.44
406.0,veh_041,motorcycle,12.932171,77.646985,12.021
406.0,veh_042,car,12.933312,77.649128,3.481
406.0,veh_043,car,12.925834,77.637575,2.991
406.0,veh_044,car,12.946389,77.692726,6.952
406.0,veh_045,car,12.944331,77.677921,11.805
406.0,veh_047,car,12.947815,77.69752,7.296
406.0,veh_049,bus,12.944514,77.680072,5.4
407.0,veh_000,car,12.94516,77.68689,1.781
407.0,veh_001,car,12.948733,77.700213,9.604
407.0,veh_002,car,12.925757,77.637492,7.103
407.0,veh_003,car,12.928289,77.641274,3.927
407.0,veh_004,car,12.939217,77.662717,10.286
407.0,veh_005,car,12.944819,77.682814,2.785
407.0,veh_006,car,12.935071,77.651934,1.65
407.0,veh_007,car,12.932987,77.648422,4.44
407.0,veh_008,car,12.9434,77.674475,14.714
407.0,veh_009,car,12.942321,77.671314,8.733
407.0,veh_010,bus,12.938029,77.659092,3.669
407.0,veh_011,motorcycle,12.941493,77.669106,9.816
407.0,veh_012,motorcycle,12.931088,77.645267,2.228
407.0,veh_013,car,12.945958,77.690239,6.016
407.0,veh_015,bus,12.947888,77.697821,5.687
407.0,veh_016,car,12.934237,77.650595,9.699
407.0,veh_017,bus,12.93148,77.645703,6.858
407.0,veh_018,car,12.928903,77.642095,6.596
407.0,veh_019,bus,12.932447,77.647335,5.26
407.0,veh_020,car,12.944108,77.677295,7.98
407.0,veh_021,car,12.941091,77.667754,5.422
407.0,veh_022,car,12.924867,77.63616,6.855
407.0,veh_023,truck,12.940072,77.664615,4.677
407.0,veh_025,bus,12.936529,77.654709,3.93
407.0,veh_026,car,12.94275,77.672578,9.337
407.0,veh_027,motorcycle,12.936295,77.654251,3.785
407.0,veh_028,car,12.941389,77.668882,15.883
407.0,veh_029,car,12.948035,77.698088,9.81
407.0,veh_030,bus,12.937576,77.658004,6.851
407.0,veh_031,car,12.941855,77.669951,8.183
407.0,veh_033,car,12.945824,77.690076,7.833
407.0,veh_035,car,12.933888,77.650086,5.326
407.0,veh_036,motorcycle,12.94426,77.677813,9.804
407.0,veh_037,car,12.927543,77.64,12.527
407.0,veh_038,motorcycle,12.944793,77.68427,13.973
407.0,veh_039,bus,12.941048,77.667926,7.492
407.0,veh_040,car,12.926656,77.638858,4.854
407.0,veh_041,motorcycle,12.932257,77.64707,11.364
407.0,veh_042,car,12.933354,77.649091,5.557
407.0,veh_043,car,12.925904,77.637658,7.572
407.0,veh_044,car,12.946447,77.692895,7.711
407.0,veh_045,car,12.944256,77.677951,6.366
407.0,veh_047,car,12.947865,77.697381,5.018
407.0,veh_049,bus,12.944466,77.680247,5.429
408.0,veh_000,car,12.945169,77.686854,8.004
408.0,veh_001,car,12.948711,77.700285,8.508
408.0,veh_002,car,12.925831,77.637522,5.124
408.0,veh_003,car,12.928432,77.641326,14.227
408.0,veh_004,car,12.939151,77.662809,7.413
408.0,veh_005,car,12.944778,77.682937,8.498
408.0,veh_006,car,12.935093,77.65202,4.392
408.0,veh_007,car,12.932936,77.648357,4.337
408.0,veh_008,car,12.943332,77.674552,12.869
408.0,veh_009,car,12.942287,77.671389,6.639
408.0,veh_010,bus,12.938089,77.659108,5.054
408.0,veh_011,motorcycle,12.941495,77.669261,10.866
408.0,veh_012,motorcycle,12.931105,77.645205,8.838
408.0,veh_013,car,12.945978,77.690283,10.046
408.0,veh_015,bus,12.947897,77.697682,6.278
408.0,veh_016,car,12.934268,77.650698,4.075
408.0,veh_017,bus,12.93149,77.645768,6.197
408.0,veh_018,car,12.929022,77.642172,17.124
408.0,veh_019,bus,12.93241,77.647349,5.737
408.0,veh_020,car,12.944287,77.67739,10.801
408.0,veh_021,car,12.941039,77.667834,2.893
408.0,veh_022,car,12.924931,77.636304,4.324
408.0,veh_023,truck,12.939962,77.664747,4.327
408.0,veh_025,bus,12.936427,77.654792,6.782
408.0,veh_026,car,12.942775,77.67267,8.648
408.0,veh_027,motorcycle,12.936338,77.654374,6.94
408.0,veh_028,car,12.941437,77.668969,3.144
408.0,veh_029,car,12.948075,77.698188,7.266
408.0,veh_030,bus,12.937605,77.658043,8.177
408.0,veh_031,car,12.941854,77.670013,8.877
408.0,veh_033,car,12.945881,77.690094,10.746
408.0,veh_035,car,12.933988,77.650049,4.468
408.0,veh_036,motorcycle,12.944261,77.677968,10.4
408.0,veh_037,car,12.927526,77.640123,7.161
408.0,veh_038,motorcycle,12.944869,77.6843,11.324
408.0,veh_039,bus,12.941094,77.667975,3.933
408.0,veh_040,car,12.92679,77.639002,11.63
408.0,veh_041,motorcycle,12.932338,77.647173,9.192
408.0,veh_042,car,12.933541,77.649246,8.754
408.0,veh_043,car,12.925938,77.637737,12.44
408.0,veh_044,car,12.946415,77.692903,8.173
408.0,veh_045,car,12.944346,77.678153,7.335
408.0,veh_047,car,12.947899,77.697604,19.748
408.0,veh_049,bus,12.944483,77.680256,6.721
409.0,veh_000,car,12.945188,77.686922,9.869
409.0,veh_001,car,12.94873,77.700317,4.609
409.0,veh_002,car,12.925853,77.637659,7.649
409.0,veh_003,car,12.928536,77.641492,4.713
409.0,veh_004,car,12.939368,77.662827,10.481
409.0,veh_005,car,12.944812,77.682896,4.129
409.0,veh_006,car,12.935042,77.65199,8.686
409.0,veh_007,car,12.933059,77.648498,6.304
409.0,veh_008,car,12.943346,77.674581,3.292
409.0,veh_009,car,12.942362,77.671576,14.224
409.0,veh_010,bus,12.938047,77.659248,7.553
409.0,veh_011,motorcycle,12.941565,77.669227,1.539
409.0,veh_012,motorcycle,12.93133,77.645342,17.935
409.0,veh_013,car,12.945814,77.690459,10.168
409.0,veh_015,bus,12.947953,77.697852,6.03
409.0,veh_016,car,12.934292,77.650668,8.05
409.0,veh_017,bus,12.931528,77.645841,7.886
409.0,veh_018,car,12.929039,77.642171,4.998
409.0,veh_019,bus,12.93233,77.647436,6.061
409.0,veh_020,car,12.944278,77.677464,3.015
409.0,veh_021,car,12.941085,77.667901,7.376
409.0,veh_022,car,12.924931,77.636259,6.483
409.0,veh_023,truck,12.939979,77.664734,5.879
409.0,veh_025,bus,12.936538,77.654808,5.499
409.0,veh_026,car,12.942687,77.672705,6.624
409.0,veh_027,motorcycle,12.936347,77.654404,8.446
409.0,veh_028,car,12.941456,77.668959,10.444
409.0,veh_029,car,12.948048,77.698205,9.361
409.0,veh_030,bus,12.937756,77.658,5.299
409.0,veh_031,car,12.94187,77.670063,5.337
409.0,veh_033,car,12.945844,77.690213,6.722
409.0,veh_035,car,12.933943,77.650054,8.578
409.0,veh_036,motorcycle,12.944255,77.678106,10.518
409.0,veh_037,car,12.927637,77.640059,3.642
409.0,veh_038,motorcycle,12.944806,77.684384,8.88
409.0,veh_039,bus,12.941078,77.668055,4.714
409.0,veh_040,car,12.926716,77.639025,5.355
409.0,veh_041,motorcycle,12.932245,77.647196,9.046
409.0,veh_042,car,12.933509,77.64928,10.474
409.0,veh_043,car,12.926003,77.63787,10.142
409.0,veh_044,car,12.946492,77.692958,8.548
409.0,veh_045,car,12.94426,77.678167,2.364
409.0,veh_047,car,12.947868,77.69776,11.614
409.0,veh_049,bus,12.944448,77.680319,3.311
410.0,veh_000,car,12.945192,77.687125,6.639
410.0,veh_001,car,12.948682,77.700438,12.324
410.0,veh_002,car,12.925913,77.637733,10.616
410.0,veh_003,car,12.928567,77.641583,9.769
410.0,veh_004,car,12.939339,77.66285,1.28
410.0,veh_005,car,12.944667,77.683083,8.581
410.0,veh_006,car,12.935179,77.652206,6.828
410.0,veh_007,car,12.933106,77.64861,9.43
410.0,veh_008,car,12.943453,77.674715,8.295
410.0,veh_009,car,12.942359,77.671647,9.401
410.0,veh_010,bus,12.938017,77.659228,6.996
410.0,veh_011,motorcycle,12.941535,77.669302,8.095
410.0,veh_012,motorcycle,12.931233,77.645445,10.978
410.0,veh_013,car,12.946006,77.690491,14.063
410.0,veh_015,bus,12.947847,77.697826,7.889
410.0,veh_016,car,12.934424,77.650813,13.611
410.0,veh_017,bus,12.931514,77.645978,5.563
410.0,veh_018,car,12.929004,77.642152,4.731
410.0,veh_019,bus,12.932519,77.647505,5.695
410.0,veh_020,car,12.944134,77.677419,8.126
410.0,veh_021,car,12.941051,77.667883,5.979
410.0,veh_022,car,12.924994,77.636358,3.049
410.0,veh_023,truck,12.940013,77.664769,4.8
410.0,veh_025,bus,12.936537,77.654958,6.71
410.0,veh_026,car,12.942839,77.672859,6.649
410.0,veh_027,motorcycle,12.936355,77.654529,14.943
410.0,veh_028,car,12.941488,77.669035,11.071
410.0,veh_029,car,12.948082,77.698275,0.582
410.0,veh_030,bus,12.937602,77.658033,3.923
410.0,veh_031,car,12.941802,77.670112,9.761
410.0,veh_033,car,12.945895,77.690187,5.78
410.0,veh_035,car,12.933952,77.650117,7.671
410.0,veh_036,motorcycle,12.94433,77.678243,18.72
410.0,veh_037,car,12.927654,77.640221,8.918
410.0,veh_038,motorcycle,12.944836,77.684544,11.736
410.0,veh_039,bus,12.941109,77.668026,2.806
410.0,veh_040,car,12.926845,77.639206,15.092
410.0,veh_041,motorcycle,12.932385,77.647294,10.663
410.0,veh_042,car,12.933475,77.649257,8.282
410.0,veh_043,car,12.926007,77.638017,9.681
410.0,veh_044,car,12.946508,77.692959,7.455
410.0,veh_045,car,12.944305,77.678206,10.66
410.0,veh_047,car,12.947962,77.697881,10.526
410.0,veh_049,bus,12.944576,77.68032,7.218
411.0,veh_000,car,12.945146,77.687135,11.084
411.0,veh_001,car,12.948785,77.70046,4.172
411.0,veh_002,car,12.92596,77.637808,14.417
411.0,veh_003,car,12.928572,77.641623,6.38
411.0,veh_004,car,12.939399,77.663024,6.926
411.0,veh_005,car,12.944789,77.683126,7.455
411.0,veh_006,car,12.935211,77.652152,10.741
411.0,veh_007,car,12.933102,77.648641,10.088
411.0,veh_008,car,12.943372,77.674645,4.588
411.0,veh_009,car,12.942361,77.671771,8.288
411.0,veh_010,bus,12.938115,77.659302,3.551
411.0,veh_011,motorcycle,12.941628,77.669423,15.159
411.0,veh_012,motorcycle,12.93127,77.645535,14.67
411.0,veh_013,car,12.945932,77.690473,0.1
411.0,veh_015,bus,12.948,77.698003,8.475
411.0,veh_016,car,12.934347,77.650843,7.317
411.0,veh_017,bus,12.931462,77.645991,5.593
411.0,veh_018,car,12.929006,77.642199,3.923
411.0,veh_019,bus,12.932433,77.647576,8.405
411.0,veh_020,car,12.944259,77.677447,3.579
411.0,veh_021,car,12.94118,77.668046,12.239
411.0,veh_022,car,12.924833,77.636345,7.482
411.0,veh_023,truck,12.939958,77.664797,5.563
411.0,veh_025,bus,12.936503,77.655006,3.461
411.0,veh_026,car,12.94284,77.672824,12.713
411.0,veh_027,motorcycle,12.936381,77.65469,9.495
411.0,veh_028,car,12.941553,77.669117,11.515
411.0,veh_029,car,12.947991,77.698337,6.174
411.0,veh_030,bus,12.937604,77.658015,6.055
411.0,veh_031,car,12.941867,77.670207,10.087
411.0,veh_033,car,12.94592,77.6903,10.461
411.0,veh_035,car,12.933965,77.65025,6.118
411.0,veh_036,motorcycle,12.944339,77.678156,6.699
411.0,veh_037,car,12.92758,77.640291,11.631
411.0,veh_038,motorcycle,12.94487,77.684603,4.417
411.0,veh_039,bus,12.941228,77.668063,6.497
411.0,veh_040,car,12.926943,77.639127,10.297
411.0,veh_041,motorcycle,12.932368,77.647324,11.881
411.0,veh_042,car,12.933546,77.64937,9.06
411.0,veh_043,car,12.926093,77.638002,12.467
411.0,veh_044,car,12.946524,77.693045,10.147
411.0,veh_045,car,12.944262,77.678336,13.062
411.0,veh_047,car,12.947975,77.697905,7.912
411.0,veh_049,bus,12.944472,77.680438,6.273
412.0,veh_000,car,12.94532,77.68724,7.082
412.0,veh_001,car,12.948822,77.700537,11.625
412.0,veh_002,car,12.926076,77.637831,7.351
412.0,veh_003,car,12.928731,77.641741,8.479
412.0,veh_004,car,12.93942,77.663053,12.451
412.0,veh_005,car,12.944664,77.683171,7.566
412.0,veh_006,car,12.935177,77.652336,11.413
412.0,veh_007,car,12.933163,77.648661,3.74
412.0,veh_008,car,12.943457,77.67479,5.688
412.0,veh_009,car,12.942396,77.671691,10.137
412.0,veh_010,bus,12.938156,77.65936,6.082
412.0,veh_011,motorcycle,12.941559,77.669504,8.963
412.0,veh_012,motorcycle,12.931308,77.645652,7.681
412.0,veh_013,car,12.946036,77.690546,6.627
412.0,veh_015,bus,12.947992,77.698066,7.167
412.0,veh_016,car,12.934465,77.6509,10.894
412.0,veh_017,bus,12.931629,77.646006,7.583
412.0,veh_018,car,12.928997,77.642203,2.825
412.0,veh_019,bus,12.93252,77.647578,3.269
412.0,veh_020,car,12.944269,77.677594,8.429
412.0,veh_021,car,12.940974,77.667978,5.743
412.0,veh_022,car,12.925061,77.636557,7.095
412.0,veh_023,truck,12.940029,77.664972,5.103
412.0,veh_025,bus,12.936563,77.654924,6.131
412.0,veh_026,car,12.942799,77.673087,9.225
412.0,veh_027,motorcycle,12.936515,77.654769,15.986
412.0,veh_028,car,12.941623,77.669298,8.311
412.0,veh_029,car,12.948099,77.698402,3.969
412.0,veh_030,bus,12.937681,77.658104,5.996
412.0,veh_031,car,12.941861,77.670347,9.689
412.0,veh_033,car,12.945928,77.690513,10.486
412.0,veh_035,car,12.934055,77.650239,7.668
412.0,veh_036,motorcycle,12.94436,77.678419,12.119
412.0,veh_037,car,12.927747,77.640348,9.758
412.0,veh_038,motorcycle,12.944866,77.684713,12.006
412.0,veh_039,bus,12.941176,77.668132,5.188
412.0,veh_040,car,12.927003,77.639214,6.114
412.0,veh_041,motorcycle,12.932445,77.64743,11.836
412.0,veh_042,car,12.933632,77.649512,9.52
412.0,veh_043,car,12.926091,77.638024,5.978
412.0,veh_044,car,12.946592,77.693178,12.012
412.0,veh_045,car,12.944363,77.678405,9.074
412.0,veh_047,car,12.948022,77.69802,14.068
412.0,veh_049,bus,12.944491,77.680519,6.414
413.0,veh_000,car,12.945259,77.687219,8.081
413.0,veh_001,car,12.948874,77.700632,10.812
413.0,veh_002,car,12.926094,77.63789,6.032
413.0,veh_003,car,12.928649,77.641628,2.776
413.0,veh_004,car,12.939373,77.663027,4.624
413.0,veh_005,car,12.944729,77.683282,13.519
413.0,veh_006,car,12.935383,77.652394,8.807
413.0,veh_007,car,12.9331,77.648743,7.599
413.0,veh_008,car,12.943555,77.674721,9.258
413.0,veh_009,car,12.942421,77.671869,12.7
413.0,veh_010,bus,12.938141,77.659337,6.156
413.0,veh_011,motorcycle,12.94166,77.669554,7.204
413.0,veh_012,motorcycle,12.931376,77.645583,4.111
413.0,veh_013,car,12.945942,77.690641,8.448
413.0,veh_015,bus,12.948032,77.698122,2.898
413.0,veh_016,car,12.934437,77.651069,9.716
413.0,veh_017,bus,12.931645,77.646025,6.772
413.0,veh_018,car,12.929133,77.642295,9.768
413.0,veh_019,bus,12.932505,77.647616,4.588
413.0,veh_020,car,12.944277,77.677642,5.944
413.0,veh_021,car,12.941224,77.668124,10.122
413.0,veh_022,car,12.924994,77.636434,5.357
413.0,veh_023,truck,12.940089,77.664922,5.174
413.0,veh_025,bus,12.93667,77.65506,3.609
413.0,veh_026,car,12.942921,77.673137,12.031
413.0,veh_027,motorcycle,12.936541,77.654924,11.5
413.0,veh_028,car,12.94151,77.66934,8.41
413.0,veh_029,car,12.948177,77.698405,8.329
413.0,veh_030,bus,12.937632,77.658209,5.755
413.0,veh_031,car,12.941933,77.6705,9.888
413.0,veh_033,car,12.945937,77.690526,9.46
413.0,veh_035,car,12.933978,77.650331,6.649
413.0,veh_036,motorcycle,12.944374,77.678549,16.07
413.0,veh_037,car,12.927766,77.640436,7.05
413.0,veh_038,motorcycle,12.944875,77.684818,12.346
413.0,veh_039,bus,12.9411,77.668184,5.038
413.0,veh_040,car,12.927037,77.639313,8.356
413.0,veh_041,motorcycle,12.932433,77.647558,10.943
413.0,veh_042,car,12.933573,77.649472,9.186
413.0,veh_043,car,12.926225,77.638194,12.532
413.0,veh_044,car,12.946432,77.693218,6.329
413.0,veh_045,car,12.944321,77.67855,14.187
413.0,veh_047,car,12.947981,77.698021,8.321
413.0,veh_049,bus,12.944483,77.680473,5.553
414.0,veh_000,car,12.945163,77.687311,1.601
414.0,veh_001,car,12.948953,77.700719,8.707
414.0,veh_002,car,12.926087,77.637931,4.721
414.0,veh_003,car,12.928603,77.641718,9.757
414.0,veh_004,car,12.939393,77.66315,7.835
414.0,veh_005,car,12.944768,77.683415,11.403
414.0,veh_006,car,12.935363,77.652433,5.191
414.0,veh_007,car,12.93316,77.648856,6.276
414.0,veh_008,car,12.943507,77.674885,5.726
414.0,veh_009,car,12.942495,77.671857,4.15
414.0,veh_010,bus,12.938087,77.659432,7.498
414.0,veh_011,motorcycle,12.941753,77.669848,20.814
414.0,veh_012,motorcycle,12.931427,77.645633,7.692
414.0,veh_013,car,12.94602,77.690767,11.71
414.0,veh_015,bus,12.94805,77.698143,6.192
414.0,veh_016,car,12.934517,77.6511,8.936
414.0,veh_017,bus,12.931564,77.646005,5.691
414.0,veh_018,car,12.929123,77.642324,7.288
414.0,veh_019,bus,12.932548,77.647597,6.864
414.0,veh_020,car,12.944154,77.677646,7.667
414.0,veh_021,car,12.941139,77.668223,5.455
414.0,veh_022,car,12.925031,77.636528,6.196
414.0,veh_023,truck,12.940023,77.664974,4.354
414.0,veh_025,bus,12.936577,77.655122,6.293
414.0,veh_026,car,12.94284,77.673168,10.499
414.0,veh_027,motorcycle,12.936545,77.655077,22.953
414.0,veh_028,car,12.941615,77.669334,5.503
414.0,veh_029,car,12.948102,77.698595,11.624
414.0,veh_030,bus,12.937641,77.658363,7.428
414.0,veh_031,car,12.941911,77.670529,12.325
414.0,veh_033,car,12.945852,77.690522,7.29
414.0,veh_035,car,12.934154,77.650351,2.527
414.0,veh_036,motorcycle,12.944306,77.678623,9.159
414.0,veh_037,car,12.927828,77.64048,2.372
414.0,veh_038,motorcycle,12.944877,77.684893,6.569
414.0,veh_039,bus,12.941074,77.668216,6.672
414.0,veh_040,car,12.926968,77.639246,6.454
414.0,veh_041,motorcycle,12.932507,77.647645,6.927
414.0,veh_042,car,12.933635,77.649599,6.503
414.0,veh_043,car,12.926238,77.638207,7.077
414.0,veh_044,car,12.946498,77.693329,7.364
414.0,veh_045,car,12.944341,77.678525,8.265
414.0,veh_047,car,12.948053,77.698116,3.709
414.0,veh_049,bus,12.944628,77.680613,5.844
415.0,veh_000,car,12.945221,77.6873,5.004
415.0,veh_001,car,12.948896,77.700739,5.397
415.0,veh_002,car,12.92609,77.637961,4.216
415.0,veh_003,car,12.928713,77.641857,6.931
415.0,veh_004,car,12.939457,77.663232,8.79
415.0,veh_005,car,12.94475,77.683465,5.909
415.0,veh_006,car,12.935266,77.652373,5.434
415.0,veh_007,car,12.93324,77.648871,7.006
415.0,veh_008,car,12.943442,77.674803,7.569
415.0,veh_009,car,12.94238,77.67197,5.577
415.0,veh_010,bus,12.938109,77.65959,6.174
415.0,veh_011,motorcycle,12.94164,77.669872,12.139
415.0,veh_012,motorcycle,12.931446,77.645723,13.069
415.0,veh_013,car,12.945918,77.690742,4.33
415.0,veh_015,bus,12.947953,77.698123,6.96
415.0,veh_016,car,12.934477,77.651079,6.891
415.0,veh_017,bus,12.931645,77.646174,6.897
415.0,veh_018,car,12.929186,77.642474,12.189
415.0,veh_019,bus,12.932453,77.647637,6.643
415.0,veh_020,car,12.944347,77.67779,4.088
415.0,veh_021,car,12.941239,77.668308,7.122
415.0,veh_022,car,12.925063,77.636562,4.929
415.0,veh_023,truck,12.940092,77.665065,3.815
415.0,veh_025,bus,12.936543,77.655152,6.987
415.0,veh_026,car,12.942836,77.673209,1.121
415.0,veh_027,motorcycle,12.936668,77.655277,19.928
415.0,veh_028,car,12.941575,77.669525,9.113
415.0,veh_029,car,12.948186,77.69854,5.337
415.0,veh_030,bus,12.937698,77.658317,6.318
415.0,veh_031,car,12.942095,77.670637,7.868
415.0,veh_033,car,12.945985,77.690604,8.214
415.0,veh_035,car,12.934099,77.650285,0.505
415.0,veh_036,motorcycle,12.944333,77.678826,16.143
415.0,veh_037,car,12.927783,77.640512,6.499
415.0,veh_038,motorcycle,12.944946,77.68495,1.328
415.0,veh_039,bus,12.941224,77.668283,4.157
415.0,veh_040,car,12.927072,77.639416,8.135
415.0,veh_041,motorcycle,12.932607,77.647702,19.231
415.0,veh_042,car,12.933748,77.649639,9.263
415.0,veh_043,car,12.926194,77.638278,5.821
415.0,veh_044,car,12.946482,77.693449,10.264
415.0,veh_045,car,12.944312,77.678673,8.102
415.0,veh_047,car,12.948032,77.698154,5.806
415.0,veh_049,bus,12.944456,77.680625,4.228
416.0,veh_000,car,12.945299,77.687472,7.602
416.0,veh_001,car,12.948968,77.700867,4.862
416.0,veh_002,car,12.926022,77.638106,5.046
416.0,veh_003,car,12.928774,77.6416,3.877
416.0,veh_004,car,12.939461,77.663305,6.307
416.0,veh_005,car,12.944781,77.683522,9.782
416.0,veh_006,car,12.935359,77.652483,2.494
416.0,veh_007,car,12.933199,77.648888,1.665
416.0,veh_008,car,12.943522,77.674984,5.828
416.0,veh_009,car,12.94253,77.672087,14.778
416.0,veh_010,bus,12.938211,77.659569,4.904
416.0,veh_011,motorcycle,12.941761,77.669882,5.004
416.0,veh_012,motorcycle,12.931454,77.645879,10.035
416.0,veh_013,car,12.945923,77.690917,8.584
416.0,veh_015,bus,12.948151,77.698219,5.001
416.0,veh_016,car,12.934625,77.651308,11.999
416.0,veh_017,bus,12.931717,77.646181,9.634
416.0,veh_018,car,12.929177,77.642545,8.12
416.0,veh_019,bus,12.932564,77.64776,7.411
416.0,veh_020,car,12.944272,77.677703,1.053
416.0,veh_021,car,12.941342,77.668387,14.268
416.0,veh_022,car,12.925172,77.636664,6.622
416.0,veh_023,truck,12.940023,77.664948,6.477
416.0,veh_025,bus,12.936657,77.655263,7.981
416.0,veh_026,car,12.94282,77.673272,9.343
416.0,veh_027,motorcycle,12.936677,77.655255,9.105
416.0,veh_028,car,12.94163,77.669667,15.784
416.0,veh_029,car,12.948151,77.698692,10.714
416.0,veh_030,bus,12.937714,77.65831,3.316
416.0,veh_031,car,12.942043,77.670627,5.885
416.0,veh_033,car,12.94603,77.690692,9.668
416.0,veh_035,car,12.934161,77.650466,10.636
416.0,veh_036,motorcycle,12.944355,77.678747,2.963
416.0,veh_037,car,12.927902,77.640572,6.692
416.0,veh_038,motorcycle,12.944974,77.684917,10.91
416.0,veh_039,bus,12.941095,77.668254,4.131
416.0,veh_040,car,12.927123,77.639546,10.418
416.0,veh_041,motorcycle,12.932636,77.647754,7.402
416.0,veh_042,car,12.933713,77.649746,8.983
416.0,veh_043,car,12.926287,77.638339,8.129
416.0,veh_044,car,12.946614,77.693505,5.707
416.0,veh_045,car,12.944287,77.678696,8.466
416.0,veh_047,car,12.94817,77.698323,14.474
416.0,veh_049,bus,12.944503,77.680632,4.407
417.0,veh_000,car,12.945359,77.68739,2.953
417.0,veh_001,car,12.948935,77.70088,12.256
417.0,veh_002,car,12.926085,77.638078,8.789
417.0,veh_003,car,12.928767,77.641825,11.6
417.0,veh_004,car,12.939539,77.663318,8.431
417.0,veh_005,car,12.94477,77.683679,11.412
417.0,veh_006,car,12.935414,77.652528,10.088
417.0,veh_007,car,12.933266,77.648969,7.845
417.0,veh_008,car,12.943593,77.675164,11.386
417.0,veh_009,car,12.942478,77.672118,9.41
417.0,veh_010,bus,12.938089,77.659564,6.245
417.0,veh_011,motorcycle,12.941825,77.669971,6.933
417.0,veh_012,motorcycle,12.93155,77.64601,13.138
417.0,veh_013,car,12.946064,77.690931,7.92
417.0,veh_015,bus,12.947935,77.698278,7.778
417.0,veh_016,car,12.934584,77.651218,4.105
417.0,veh_017,bus,12.931756,77.646353,6.791
417.0,veh_018,car,12.929249,77.642538,6.688
417.0,veh_019,bus,12.932618,77.6478,2.717
417.0,veh_020,car,12.944311,77.677842,7.934
417.0,veh_021,car,12.941325,77.668369,5.78
417.0,veh_022,car,12.925033,77.636576,1.188
417.0,veh_023,truck,12.940164,77.665042,1.787
417.0,veh_025,bus,12.936601,77.655223,4.74
417.0,veh_026,car,12.942936,77.673257,3.945
417.0,veh_027,motorcycle,12.936657,77.655381,12.667
417.0,veh_028,car,12.941744,77.669648,12.543
417.0,veh_029,car,12.948288,77.698787,14.115
417.0,veh_030,bus,12.937736,77.658515,3.703
417.0,veh_031,car,12.942023,77.670775,8.45
417.0,veh_033,car,12.945974,77.690748,11.174
417.0,veh_035,car,12.934108,77.65044,7.204
417.0,veh_036,motorcycle,12.94439,77.678967,17.235
417.0,veh_037,car,12.928004,77.640635,11.871
417.0,veh_038,motorcycle,12.944905,77.684997,2.258
417.0,veh_039,bus,12.94117,77.66824,5.02
417.0,veh_040,car,12.927141,77.639531,11.454
417.0,veh_041,motorcycle,12.93262,77.647781,4.412
417.0,veh_042,car,12.933813,77.649902,7.184
417.0,veh_043,car,12.926419,77.63832,7.899
417.0,veh_044,car,12.946571,77.69352,8.259
417.0,veh_045,car,12.944409,77.678815,5.635
417.0,veh_047,car,12.948077,77.698391,13.312
417.0,veh_049,bus,12.944582,77.680684,3.071
418.0,veh_000,car,12.945264,77.687513,8.727
418.0,veh_001,car,12.94899,77.700956,6.708
418.0,veh_002,car,12.926182,77.638147,2.902
418.0,veh_003,car,12.928673,77.641961,5.174
418.0,veh_004,car,12.939549,77.663324,5.722
418.0,veh_005,car,12.944837,77.683698,3.259
418.0,veh_006,car,12.935413,77.652564,9.402
418.0,veh_007,car,12.933251,77.648946,5.059
418.0,veh_008,car,12.943462,77.675158,3.497
418.0,veh_009,car,12.942625,77.672202,2.141
418.0,veh_010,bus,12.938183,77.659723,6.043
418.0,veh_011,motorcycle,12.941791,77.670015,7.912
418.0,veh_012,motorcycle,12.931726,77.646024,13.764
418.0,veh_013,car,12.946047,77.69101,7.213
418.0,veh_015,bus,12.948109,77.698311,4.947
418.0,veh_016,car,12.934721,77.651264,7.526
418.0,veh_017,bus,12.931752,77.646391,7.347
418.0,veh_018,car,12.929278,77.642619,7.302
418.0,veh_019,bus,12.932507,77.647835,6.484
418.0,veh_020,car,12.944293,77.677918,12.479
418.0,veh_021,car,12.941303,77.668466,9.241
418.0,veh_022,car,12.925181,77.636641,7.139
418.0,veh_023,truck,12.940135,77.665055,7.058
418.0,veh_025,bus,12.936709,77.655289,8.654
418.0,veh_026,car,12.942957,77.673356,7.823
418.0,veh_027,motorcycle,12.936787,77.655555,13.605
418.0,veh_028,car,12.941727,77.669766,8.77
418.0,veh_029,car,12.948229,77.698809,9.575
418.0,veh_030,bus,12.937755,77.658404,5.934
418.0,veh_031,car,12.942061,77.670825,9.572
418.0,veh_033,car,12.946033,77.690811,4.963
418.0,veh_035,car,12.934186,77.650548,6.062
418.0,veh_036,motorcycle,12.944375,77.679009,8.139
418.0,veh_037,car,12.928006,77.640692,8.571
418.0,veh_038,motorcycle,12.944924,77.685035,18.67
418.0,veh_039,bus,12.941225,77.668387,5.915
418.0,veh_040,car,12.927231,77.639708,9.776
418.0,veh_041,motorcycle,12.932759,77.64794,5.956
418.0,veh_042,car,12.933801,77.649837,9.836
418.0,veh_043,car,12.926316,77.638367,2.366
418.0,veh_044,car,12.946653,77.693666,8.353
418.0,veh_045,car,12.944368,77.678873,11.463
418.0,veh_047,car,12.94811,77.698448,6.655
418.0,veh_049,bus,12.94455,77.680799,6.794
419.0,veh_000,car,12.945263,77.687635,6.719
419.0,veh_002,car,12.926104,77.638135,4.904
419.0,veh_003,car,12.928856,77.641945,11.471
419.0,veh_004,car,12.939574,77.663412,9.428
419.0,veh_005,car,12.944728,77.683773,5.56
419.0,veh_006,car,12.935495,77.652732,5.763
419.0,veh_007,car,12.933325,77.649071,9.986
419.0,veh_008,car,12.943555,77.675215,10.522
419.0,veh_009,car,12.942586,77.672289,8.548
419.0,veh_010,bus,12.938201,77.659788,3.094
419.0,veh_011,motorcycle,12.941823,77.670062,7.69
419.0,veh_012,motorcycle,12.931711,77.646139,8.267
419.0,veh_013,car,12.946107,77.691173,9.66
419.0,veh_015,bus,12.948123,77.698328,5.028
419.0,veh_016,car,12.934696,77.651307,3.744
419.0,veh_017,bus,12.931734,77.646342,5.392
419.0,veh_018,car,12.92934,77.642698,6.332
419.0,veh_019,bus,12.932735,77.647894,6.242
419.0,veh_020,car,12.94422,77.678019,7.32
419.0,veh_021,car,12.941436,77.668596,13.132
419.0,veh_022,car,12.925196,77.636798,9.38
419.0,veh_023,truck,12.940208,77.665082,3.482
419.0,veh_025,bus,12.936716,77.655317,4.638
419.0,veh_026,car,12.943055,77.673514,16.939
419.0,veh_027,motorcycle,12.936694,77.655678,9.758
419.0,veh_028,car,12.941764,77.669828,7.509
419.0,veh_029,car,12.9482,77.699056,7.167
419.0,veh_030,bus,12.937757,77.658412,5.812
419.0,veh_031,car,12.942073,77.670971,10.746
419.0,veh_033,car,12.946052,77.691025,10.458
419.0,veh_035,car,12.934221,77.650602,9.884
419.0,veh_036,motorcycle,12.944362,77.679122,9.855
419.0,veh_037,car,12.928086,77.640847,10.13
419.0,veh_038,motorcycle,12.944902,77.685356,15.22
419.0,veh_039,bus,12.9412,77.668366,3.711
419.0,veh_040,car,12.927347,77.639747,6.708
419.0,veh_041,motorcycle,12.932602,77.647808,0.906
419.0,veh_042,car,12.933914,77.64991,4.536
419.0,veh_043,car,12.926331,77.638467,5.67
419.0,veh_044,car,12.946662,77.693727,9.342
419.0,veh_045,car,12.944443,77.679017,6.021
419.0,veh_047,car,12.948243,77.698448,13.175
419.0,veh_049,bus,12.944605,77.680806,4.902
420.0,veh_000,car,12.945328,77.687629,7.365
420.0,veh_002,car,12.926227,77.638214,8.99
420.0,veh_003,car,12.928906,77.642003,7.597
420.0,veh_004,car,12.939579,77.663607,12.799
420.0,veh_005,car,12.944775,77.683767,7.864
420.0,veh_006,car,12.935436,77.652746,5.688
420.0,veh_007,car,12.93336,77.649154,6.309
420.0,veh_008,car,12.943628,77.675306,8.37
420.0,veh_009,car,12.942639,77.672281,5.376
420.0,veh_010,bus,12.938307,77.659812,4.171
420.0,veh_011,motorcycle,12.941843,77.670184,8.993
420.0,veh_012,motorcycle,12.931571,77.64619,11.071
420.0,veh_013,car,12.945983,77.690955,0.687
420.0,veh_015,bus,12.94809,77.698348,2.596
420.0,veh_016,car,12.934692,77.651367,4.142
420.0,veh_017,bus,12.931687,77.646397,7.24
420.0,veh_018,car,12.929366,77.64284,8.146
420.0,veh_019,bus,12.932739,77.648001,4.918
420.0,veh_020,car,12.944263,77.678044,7.79
420.0,veh_021,car,12.941345,77.668639,7.908
420.0,veh_022,car,12.925341,77.636773,12.838
420.0,veh_023,truck,12.94007,77.665227,3.852
420.0,veh_025,bus,12.936662,77.655407,7.738
420.0,veh_026,car,12.942981,77.673524,3.933
420.0,veh_027,motorcycle,12.936753,77.655714,15.463
420.0,veh_028,car,12.941732,77.669901,9.359
420.0,veh_029,car,12.948418,77.698887,8.347
420.0,veh_030,bus,12.937932,77.658591,8.226
420.0,veh_031,car,12.941999,77.670955,6.579
420.0,veh_033,car,12.946014,77.690952,3.043
420.0,veh_035,car,12.934303,77.65073,18.669
420.0,veh_036,motorcycle,12.944419,77.679227,23.254
420.0,veh_037,car,12.928027,77.640804,7.634
420.0,veh_038,motorcycle,12.944859,77.685419,10.742
420.0,veh_039,bus,12.941235,77.668417,4.392
420.0,veh_040,car,12.927189,77.639811,6.285
420.0,veh_041,motorcycle,12.932738,77.648028,10.976
420.0,veh_042,car,12.933852,77.649933,8.092
420.0,veh_043,car,12.926384,77.638483,11.088
420.0,veh_044,car,12.946552,77.693761,6.584
420.0,veh_045,car,12.944379,77.679079,9.18
420.0,veh_047,car,12.948157,77.698592,2.545
420.0,veh_049,bus,12.944479,77.680815,5.996
421.0,veh_000,car,12.945384,77.687687,9.996
421.0,veh_002,car,12.926272,77.638294,12.919
421.0,veh_003,car,12.928914,77.642109,9.871
421.0,veh_004,car,12.939651,77.663633,8.114
421.0,veh_005,car,12.944773,77.683835,9.253
421.0,veh_006,car,12.935494,77.652675,3.755
421.0,veh_007,car,12.933327,77.64911,6.101
421.0,veh_008,car,12.943681,77.675297,8.023
421.0,veh_009,car,12.942587,77.672341,7.238
421.0,veh_010,bus,12.938225,77.659769,6.742
421.0,veh_011,motorcycle,12.941854,77.67026,12.044
421.0,veh_012,motorcycle,12.931823,77.646389,11.55
421.0,veh_013,car,12.945988,77.691247,8.548
421.0,veh_015,bus,12.948236,77.698482,5.374
421.0,veh_016,car,12.93474,77.651478,10.047
421.0,veh_017,bus,12.93185,77.646476,6.715
421.0,veh_018,car,12.929404,77.642882,8.623
421.0,veh_019,bus,12.932695,77.64798,7.452
421.0,veh_020,car,12.944378,77.678063,8.068
421.0,veh_021,car,12.941396,77.668712,4.951
421.0,veh_022,car,12.925222,77.636899,5.453
421.0,veh_023,truck,12.940203,77.665024,5.735
421.0,veh_025,bus,12.936694,77.655542,3.864
421.0,veh_026,car,12.943043,77.673567,4.967
421.0,veh_027,motorcycle,12.936883,77.655855,11.106
421.0,veh_028,car,12.941744,77.670012,7.984
421.0,veh_029,car,12.948421,77.69897,1.354
421.0,veh_030,bus,12.937791,77.658599,4.517
421.0,veh_031,car,12.942242,77.67108,9.015
421.0,veh_033,car,12.945996,77.690992,0.1
421.0,veh_035,car,12.934399,77.650781,7.337
421.0,veh_036,motorcycle,12.944417,77.679391,11.235
421.0,veh_037,car,12.928074,77.640816,3.335
421.0,veh_038,motorcycle,12.944975,77.685532,6.954
421.0,veh_039,bus,12.941239,77.66845,6.996
421.0,veh_040,car,12.927338,77.639795,5.793
421.0,veh_041,motorcycle,12.932661,77.648084,10.459
421.0,veh_042,car,12.933881,77.649995,7.725
421.0,veh_043,car,12.926516,77.638622,8.3
421.0,veh_044,car,12.946687,77.693857,6.98
421.0,veh_045,car,12.944387,77.679088,4.464
421.0,veh_047,car,12.94832,77.698694,7.608
421.0,veh_049,bus,12.944489,77.68095,2.536
422.0,veh_000,car,12.945421,77.687733,5.333
422.0,veh_002,car,12.926265,77.638405,8.016
422.0,veh_003,car,12.929041,77.642216,9.579
422.0,veh_004,car,12.939726,77.663599,2.614
422.0,veh_005,car,12.944818,77.684052,11.425
422.0,veh_006,car,12.935541,77.652847,9.016
422.0,veh_007,car,12.933503,77.649294,11.979
422.0,veh_008,car,12.943654,77.675403,3.484
422.0,veh_009,car,12.942642,77.672449,11.621
422.0,veh_010,bus,12.938284,77.659968,6.027
422.0,veh_011,motorcycle,12.941847,77.670358,4.481
422.0,veh_012,motorcycle,12.931757,77.646345,7.991
422.0,veh_013,car,12.946024,77.691196,8.926
422.0,veh_015,bus,12.948146,77.698506,4.883
422.0,veh_016,car,12.934709,77.651574,7.982
422.0,veh_017,bus,12.931942,77.646523,3.781
422.0,veh_018,car,12.92951,77.642851,10.344
422.0,veh_019,bus,12.932762,77.648055,5.929
422.0,veh_020,car,12.9443,77.678259,9.573
422.0,veh_021,car,12.941414,77.668789,7.615
422.0,veh_022,car,12.925269,77.636957,12.734
422.0,veh_023,truck,12.940202,77.665192,7.178
422.0,veh_025,bus,12.936761,77.655553,8.702
422.0,veh_026,car,12.943045,77.673622,4.456
422.0,veh_027,motorcycle,12.936921,77.655935,8.966
422.0,veh_028,car,12.941827,77.669971,3.672
422.0,veh_029,car,12.948333,77.698983,4.478
422.0,veh_030,bus,12.937852,77.658576,4.684
422.0,veh_031,car,12.942168,77.671092,10.577
422.0,veh_033,car,12.946067,77.691106,10.849
422.0,veh_035,car,12.934393,77.65077,4.155
422.0,veh_036,motorcycle,12.94444,77.679424,7.92
422.0,veh_037,car,12.928125,77.640961,9.163
422.0,veh_038,motorcycle,12.944963,77.685576,10.853
422.0,veh_039,bus,12.941345,77.668488,6.165
422.0,veh_040,car,12.927459,77.639895,15.633
422.0,veh_041,motorcycle,12.932843,77.648151,11.739
422.0,veh_042,car,12.933912,77.650042,12.356
422.0,veh_043,car,12.926572,77.638633,8.701
422.0,veh_044,car,12.946698,77.693993,11.563
422.0,veh_045,car,12.944395,77.679196,5.936
422.0,veh_047,car,12.948306,77.698794,11.644
422.0,veh_049,bus,12.944562,77.680987,6.373
423.0,veh_000,car,12.945381,77.687933,9.363
423.0,veh_002,car,12.926334,77.638371,7.597
423.0,veh_003,car,12.929081,77.642293,7.122
423.0,veh_004,car,12.939659,77.663696,5.125
423.0,veh_005,car,12.944787,77.684017,4.948
423.0,veh_006,car,12.935569,77.652878,5.259
423.0,veh_007,car,12.933518,77.649233,5.316
423.0,veh_008,car,12.943701,77.675461,8.791
423.0,veh_009,car,12.94273,77.672612,11.564
423.0,veh_010,bus,12.938333,77.659878,4.905
423.0,veh_011,motorcycle,12.941985,77.67045,12.536
423.0,veh_012,motorcycle,12.931831,77.646527,16.699
423.0,veh_013,car,12.946065,77.691285,7.626
423.0,veh_015,bus,12.948174,77.698561,7.17
423.0,veh_016,car,12.934867,77.651466,7.193
423.0,veh_017,bus,12.931902,77.646562,5.735
423.0,veh_018,car,12.929466,77.643018,5.919
423.0,veh_019,bus,12.932814,77.648031,7.03
423.0,veh_020,car,12.944357,77.678316,7.96
423.0,veh_021,car,12.941381,77.668866,8.675
423.0,veh_022,car,12.925398,77.636981,5.617
423.0,veh_023,truck,12.94012,77.665347,7.682
423.0,veh_025,bus,12.936786,77.655609,4.249
423.0,veh_026,car,12.943067,77.673586,9.0
423.0,veh_027,motorcycle,12.936885,77.655982,9.528
423.0,veh_028,car,12.941863,77.67009,7.793
423.0,veh_029,car,12.948355,77.6991,4.617
423.0,veh_030,bus,12.937803,77.658719,8.638
423.0,veh_031,car,12.942229,77.671144,4.479
423.0,veh_033,car,12.946037,77.691183,12.962
423.0,veh_035,car,12.934429,77.650891,12.735
423.0,veh_036,motorcycle,12.944476,77.679425,5.255
423.0,veh_037,car,12.928201,77.640971,10.761
423.0,veh_038,motorcycle,12.945008,77.685592,12.659
423.0,veh_039,bus,12.941406,77.668545,5.199
423.0,veh_040,car,12.927402,77.639979,5.898
423.0,veh_041,motorcycle,12.932804,77.648176,12.007
423.0,veh_042,car,12.93394,77.65018,5.037
423.0,veh_043,car,12.926601,77.638681,10.721
423.0,veh_044,car,12.94669,77.69412,5.838
423.0,veh_045,car,12.94441,77.679213,10.031
423.0,veh_047,car,12.948275,77.69883,5.609
423.0,veh_049,bus,12.944579,77.680941,5.073
424.0,veh_000,car,12.945347,77.687878,4.871
424.0,veh_002,car,12.926388,77.638445,7.197
424.0,veh_003,car,12.929051,77.642266,10.316
424.0,veh_004,car,12.939736,77.663693,5.248
424.0,veh_005,car,12.944779,77.684088,8.144
424.0,veh_006,car,12.935656,77.652941,10.729
424.0,veh_007,car,12.933545,77.649318,9.875
424.0,veh_008,car,12.9437,77.6755,6.374
424.0,veh_009,car,12.942715,77.672581,2.451
424.0,veh_010,bus,12.938304,77.659905,5.656
424.0,veh_011,motorcycle,12.94202,77.670542,14.821
424.0,veh_012,motorcycle,12.931958,77.646623,6.279
424.0,veh_013,car,12.946148,77.691412,6.22
424.0,veh_015,bus,12.948188,77.698483,5.189
424.0,veh_016,car,12.934807,77.65168,12.324
424.0,veh_017,bus,12.931956,77.646629,6.805
424.0,veh_018,car,12.929515,77.64297,9.483
424.0,veh_019,bus,12.932762,77.648142,6.884
424.0,veh_020,car,12.944314,77.678299,7.012
424.0,veh_021,car,12.941479,77.668816,6.237
424.0,veh_022,car,12.92546,77.637052,5.145
424.0,veh_023,truck,12.940216,77.665338,7.551
424.0,veh_025,bus,12.936752,77.655644,5.517
424.0,veh_026,car,12.943196,77.673841,8.109
424.0,veh_027,motorcycle,12.936963,77.656119,13.594
424.0,veh_028,car,12.941843,77.670113,9.63
424.0,veh_029,car,12.948362,77.699153,7.371
424.0,veh_030,bus,12.937925,77.658849,8.351
424.0,veh_031,car,12.942287,77.671313,14.26
424.0,veh_033,car,12.945995,77.691201,6.097
424.0,veh_035,car,12.934401,77.651047,12.154
424.0,veh_036,motorcycle,12.944402,77.679608,12.942
424.0,veh_037,car,12.928239,77.641194,11.048
424.0,veh_038,motorcycle,12.944947,77.685774,8.522
424.0,veh_039,bus,12.941321,77.66862,5.072
424.0,veh_040,car,12.927513,77.63997,7.81
424.0,veh_041,motorcycle,12.932855,77.648257,1.113
424.0,veh_042,car,12.934005,77.650279,5.811
424.0,veh_043,car,12.92659,77.638808,6.277
424.0,veh_044,car,12.946717,77.69408,9.271
424.0,veh_045,car,12.9444,77.67926,7.31
424.0,veh_047,car,12.948276,77.698901,4.888
424.0,veh_049,bus,12.944527,77.680967,4.161
425.0,veh_000,car,12.94539,77.688031,14.901
425.0,veh_002,car,12.926459,77.638519,4.221
425.0,veh_003,car,12.929212,77.642446,9.392
425.0,veh_004,car,12.939716,77.663888,14.809
425.0,veh_005,car,12.94495,77.684201,9.386
425.0,veh_006,car,12.935626,77.65303,10.037
425.0,veh_007,car,12.933609,77.649473,7.22
425.0,veh_008,car,12.943688,77.675551,9.005
425.0,veh_009,car,12.942679,77.672561,3.886
425.0,veh_010,bus,12.938311,77.65999,5.18
425.0,veh_011,motorcycle,12.942014,77.6707,12.014
425.0,veh_012,motorcycle,12.931906,77.646685,13.731
425.0,veh_013,car,12.946185,77.691506,11.075
425.0,veh_015,bus,12.94818,77.698659,7.725
425.0,veh_016,car,12.934871,77.651681,10.202
425.0,veh_017,bus,12.931914,77.646621,7.501
425.0,veh_018,car,12.929632,77.643067,11.712
425.0,veh_019,bus,12.932944,77.648164,6.042
425.0,veh_020,car,12.944263,77.678441,5.653
425.0,veh_021,car,12.941533,77.669024,7.924
425.0,veh_022,car,12.925403,77.636961,8.242
425.0,veh_023,truck,12.94028,77.665485,5.037
425.0,veh_025,bus,12.936807,77.65562,2.462
425.0,veh_026,car,12.943036,77.673877,10.05
425.0,veh_027,motorcycle,12.937101,77.656299,14.61
425.0,veh_028,car,12.941852,77.670234,0.1
425.0,veh_029,car,12.948259,77.699228,9.368
425.0,veh_030,bus,12.937806,77.658796,5.473
425.0,veh_031,car,12.942285,77.671337,7.258
425.0,veh_033,car,12.946029,77.691343,7.702
425.0,veh_035,car,12.934493,77.651113,7.893
425.0,veh_036,motorcycle,12.944378,77.679705,13.548
425.0,veh_037,car,12.928313,77.641141,11.464
425.0,veh_038,motorcycle,12.944963,77.685837,11.929
425.0,veh_039,bus,12.941371,77.6686,2.906
425.0,veh_040,car,12.92752,77.640091,6.493
425.0,veh_041,motorcycle,12.933033,77.648276,14.837
425.0,veh_042,car,12.934036,77.650284,3.53
425.0,veh_043,car,12.926632,77.63888,5.365
425.0,veh_044,car,12.946628,77.694104,1.63
425.0,veh_045,car,12.944447,77.679342,5.486
425.0,veh_047,car,12.948342,77.698909,10.239
425.0,veh_049,bus,12.944547,77.681146,2.711
426.0,veh_000,car,12.945425,77.688093,7.165
426.0,veh_002,car,12.92646,77.638593,6.177
426.0,veh_003,car,12.929103,77.642444,8.08
426.0,veh_004,car,12.93967,77.663959,9.322
426.0,veh_005,car,12.944922,77.684373,14.339
426.0,veh_006,car,12.935607,77.653005,2.49
426.0,veh_007,car,12.933587,77.64947,9.824
426.0,veh_008,car,12.943729,77.675648,11.631
426.0,veh_009,car,12.942745,77.672703,10.283
426.0,veh_010,bus,12.938281,77.659975,6.396
426.0,veh_011,motorcycle,12.94204,77.670687,13.982
426.0,veh_012,motorcycle,12.932023,77.646773,14.315
426.0,veh_013,car,12.946255,77.69158,8.197
426.0,veh_015,bus,12.948227,77.698712,5.027
426.0,veh_016,car,12.934954,77.651776,9.36
426.0,veh_017,bus,12.931954,77.646666,6.547
426.0,veh_018,car,12.9296,77.64307,6.339
426.0,veh_019,bus,12.93288,77.648176,8.219
426.0,veh_020,car,12.944314,77.67846,3.535
426.0,veh_021,car,12.941418,77.669099,10.504
426.0,veh_022,car,12.925488,77.637097,9.869
426.0,veh_023,truck,12.940294,77.665486,3.617
426.0,veh_025,bus,12.936797,77.65567,5.451
426.0,veh_026,car,12.94314,77.673763,2.406
426.0,veh_027,motorcycle,12.936988,77.656287,9.084
426.0,veh_028,car,12.941872,77.670135,3.54
426.0,veh_029,car,12.948399,77.699231,1.788
426.0,veh_030,bus,12.937841,77.658938,6.609
426.0,veh_031,car,12.942288,77.671385,8.902
426.0,veh_033,car,12.946084,77.691344,6.462
426.0,veh_035,car,12.934632,77.651127,4.69
426.0,veh_036,motorcycle,12.944475,77.679768,8.742
426.0,veh_037,car,12.928368,77.641264,8.575
426.0,veh_038,motorcycle,12.944923,77.685945,11.574
426.0,veh_039,bus,12.941368,77.668703,3.875
426.0,veh_040,car,12.927426,77.640153,11.553
426.0,veh_041,motorcycle,12.93302,77.648419,13.315
426.0,veh_042,car,12.934054,77.650365,9.516
426.0,veh_043,car,12.926705,77.638813,5.132
426.0,veh_044,car,12.94674,77.694103,12.3
426.0,veh_045,car,12.944503,77.679421,11.8
426.0,veh_047,car,12.948344,77.699031,4.519
426.0,veh_049,bus,12.944611,77.681053,9.335
427.0,veh_000,car,12.945427,77.68813,9.818
427.0,veh_002,car,12.926489,77.63848,6.465
427.0,veh_003,car,12.929227,77.642542,13.95
427.0,veh_004,car,12.939709,77.664,9.791
427.0,veh_005,car,12.944973,77.684429,5.353
427.0,veh_006,car,12.935663,77.653126,10.109
427.0,veh_007,car,12.933603,77.64954,11.935
427.0,veh_008,car,12.943715,77.675724,8.752
427.0,veh_009,car,12.942781,77.672694,10.308
427.0,veh_010,bus,12.938414,77.660021,7.889
427.0,veh_011,motorcycle,12.942086,77.67084,13.765
427.0,veh_012,motorcycle,12.931969,77.646853,2.204
427.0,veh_013,car,12.946191,77.691729,11.063
427.0,veh_015,bus,12.948203,77.698688,3.479
427.0,veh_016,car,12.934871,77.65173,2.527
427.0,veh_017,bus,12.931878,77.646654,3.818
427.0,veh_018,car,12.929707,77.643193,5.136
427.0,veh_019,bus,12.932925,77.648335,6.087
427.0,veh_020,car,12.944406,77.678503,6.364
427.0,veh_021,car,12.94154,77.669143,5.239
427.0,veh_022,car,12.925535,77.63718,7.842
427.0,veh_023,truck,12.940276,77.665544,7.415
427.0,veh_025,bus,12.936745,77.655728,3.21
427.0,veh_026,car,12.943096,77.673935,9.926
427.0,veh_027,motorcycle,12.937154,77.656408,8.583
427.0,veh_028,car,12.941949,77.670214,9.598
427.0,veh_029,car,12.948491,77.69937,11.322
427.0,veh_030,bus,12.937956,77.658875,3.007
427.0,veh_031,car,12.942298,77.671505,3.319
427.0,veh_033,car,12.946154,77.6914,4.627
427.0,veh_035,car,12.934584,77.651176,6.707
427.0,veh_036,motorcycle,12.944512,77.680034,10.674
427.0,veh_037,car,12.928325,77.641215,3.048
427.0,veh_038,motorcycle,12.945008,77.686029,14.044
427.0,veh_039,bus,12.941401,77.668768,6.799
427.0,veh_040,car,12.927698,77.640286,15.981
427.0,veh_041,motorcycle,12.932972,77.648592,5.891
427.0,veh_042,car,12.934131,77.650379,7.647
427.0,veh_043,car,12.926716,77.638853,6.921
427.0,veh_044,car,12.946926,77.694297,4.049
427.0,veh_045,car,12.944513,77.67951,8.868
427.0,veh_047,car,12.948277,77.698964,5.609
427.0,veh_049,bus,12.944501,77.681228,7.952
428.0,veh_000,car,12.945399,77.688224,15.576
428.0,veh_002,car,12.926596,77.638619,9.534
428.0,veh_003,car,12.929274,77.642605,8.466
428.0,veh_004,car,12.939765,77.664112,7.761
428.0,veh_005,car,12.944923,77.684404,7.337
428.0,veh_006,car,12.935687,77.653174,7.696
428.0,veh_007,car,12.933787,77.649583,7.847
428.0,veh_008,car,12.943816,77.675754,7.213
428.0,veh_009,car,12.942771,77.672821,6.665
428.0,veh_010,bus,12.938341,77.66017,3.547
428.0,veh_011,motorcycle,12.942186,77.671056,9.019
428.0,veh_012,motorcycle,12.932042,77.646859,7.572
428.0,veh_013,car,12.946179,77.691669,6.766
428.0,veh_015,bus,12.948358,77.698808,6.829
428.0,veh_016,car,12.934996,77.651951,7.814
428.0,veh_017,bus,12.932095,77.646749,5.294
428.0,veh_018,car,12.929767,77.643237,9.594
428.0,veh_019,bus,12.933014,77.64827,6.065
428.0,veh_020,car,12.944327,77.678534,8.629
428.0,veh_021,car,12.941531,77.669155,6.478
428.0,veh_022,car,12.925484,77.637267,4.576
428.0,veh_023,truck,12.940194,77.665583,6.804
428.0,veh_025,bus,12.936762,77.655768,4.753
428.0,veh_026,car,12.943135,77.674082,8.422
428.0,veh_027,motorcycle,12.937038,77.656436,9.791
428.0,veh_028,car,12.941931,77.670469,11.569
428.0,veh_029,car,12.94845,77.699465,7.583
428.0,veh_030,bus,12.937986,77.658853,6.221
428.0,veh_031,car,12.942246,77.671388,2.165
428.0,veh_033,car,12.946088,77.69133,1.723
428.0,veh_035,car,12.934665,77.651239,9.734
428.0,veh_036,motorcycle,12.944597,77.680101,9.256
428.0,veh_037,car,12.928458,77.641369,8.653
428.0,veh_038,motorcycle,12.944978,77.686104,7.356
428.0,veh_039,bus,12.941344,77.66885,4.453
428.0,veh_040,car,12.927803,77.640287,7.736
428.0,veh_041,motorcycle,12.933097,77.648697,11.138
428.0,veh_042,car,12.934136,77.650474,10.27
428.0,veh_043,car,12.926818,77.639029,14.695
428.0,veh_044,car,12.946758,77.694198,6.597
428.0,veh_045,car,12.94447,77.679614,10.283
428.0,veh_047,car,12.9484,77.699079,7.992
428.0,veh_049,bus,12.944558,77.681273,5.211
429.0,veh_000,car,12.945478,77.688309,7.664
429.0,veh_002,car,12.926645,77.6388,7.875
429.0,veh_003,car,12.929367,77.642699,8.787
429.0,veh_004,car,12.939872,77.664192,12.536
429.0,veh_005,car,12.944959,77.684468,9.434
429.0,veh_006,car,12.935727,77.65329,15.238
429.0,veh_007,car,12.933756,77.649713,5.322
429.0,veh_008,car,12.943819,77.675812,5.525
429.0,veh_009,car,12.942787,77.672809,4.26
429.0,veh_010,bus,12.938367,77.660169,7.55
429.0,veh_011,motorcycle,12.942082,77.671014,8.318
429.0,veh_012,motorcycle,12.932083,77.646962,14.464
429.0,veh_013,car,12.946255,77.691882,9.856
429.0,veh_015,bus,12.948323,77.698833,7.093
429.0,veh_016,car,12.934949,77.651955,13.592
429.0,veh_017,bus,12.932065,77.646886,8.002
429.0,veh_018,car,12.929815,77.643363,7.774
429.0,veh_019,bus,12.932924,77.648388,6.42
429.0,veh_020,car,12.94432,77.67864,8.458
429.0,veh_021,car,12.941563,77.669253,11.509
429.0,veh_022,car,12.925557,77.637289,4.907
429.0,veh_023,truck,12.940299,77.665584,5.786
429.0,veh_025,bus,12.936846,77.655824,4.666
429.0,veh_026,car,12.943207,77.674031,4.237
429.0,veh_027,motorcycle,12.937075,77.656591,14.868
429.0,veh_028,car,12.941953,77.670535,15.298
429.0,veh_029,car,12.948424,77.699462,12.797
429.0,veh_030,bus,12.937938,77.659024,4.834
429.0,veh_031,car,12.942446,77.671558,13.21
429.0,veh_033,car,12.946096,77.691612,10.104
429.0,veh_035,car,12.9347,77.651268,4.464
429.0,veh_036,motorcycle,12.944359,77.680079,4.368
429.0,veh_037,car,12.928453,77.641437,11.256
429.0,veh_038,motorcycle,12.94511,77.686097,7.721
429.0,veh_039,bus,12.941536,77.668844,6.198
429.0,veh_040,car,12.927641,77.640384,3.516
429.0,veh_041,motorcycle,12.933126,77.648624,8.158
429.0,veh_042,car,12.934123,77.650541,4.75
429.0,veh_043,car,12.926701,77.63914,9.036
429.0,veh_044,car,12.946783,77.694362,11.844
429.0,veh_045,car,12.944404,77.679728,8.88
429.0,veh_047,car,12.948365,77.699161,7.134
429.0,veh_049,bus,12.944639,77.681255,7.679
430.0,veh_000,car,12.945483,77.688443,8.186
430.0,veh_002,car,12.926567,77.638817,2.983
430.0,veh_003,car,12.929396,77.642759,10.824
430.0,veh_004,car,12.939807,77.664317,5.528
430.0,veh_005,car,12.944863,77.684639,10.249
430.0,veh_006,car,12.935738,77.653377,5.276
430.0,veh_007,car,12.933711,77.649585,11.971
430.0,veh_008,car,12.943865,77.675846,7.103
430.0,veh_009,car,12.942883,77.672959,8.035
430.0,veh_010,bus,12.938389,77.660229,7.007
430.0,veh_011,motorcycle,12.942131,77.671121,6.548
430.0,veh_012,motorcycle,12.932254,77.647001,8.201
430.0,veh_013,car,12.946303,77.691862,10.394
430.0,veh_015,bus,12.94824,77.698985,6.949
430.0,veh_016,car,12.935096,77.651998,3.893
430.0,veh_017,bus,12.932101,77.646886,5.282
430.0,veh_018,car,12.929805,77.643261,4.083
430.0,veh_019,bus,12.933026,77.648502,5.405
430.0,veh_020,car,12.944285,77.6788,12.072
430.0,veh_021,car,12.941681,77.669333,7.973
430.0,veh_022,car,12.925668,77.637423,12.458
430.0,veh_023,truck,12.940279,77.665615,2.614
430.0,veh_025,bus,12.936937,77.655853,9.383
430.0,veh_026,car,12.943142,77.674123,7.855
430.0,veh_027,motorcycle,12.937147,77.656677,12.934
430.0,veh_028,car,12.941933,77.670647,8.19
430.0,veh_029,car,12.948564,77.699542,6.807
430.0,veh_030,bus,12.937953,77.659032,2.832
430.0,veh_031,car,12.942387,77.671618,6.859
430.0,veh_033,car,12.946087,77.691639,9.69
430.0,veh_035,car,12.934546,77.651278,4.959
430.0,veh_036,motorcycle,12.944533,77.68015,18.352
430.0,veh_037,car,12.928421,77.641449,9.278
430.0,veh_038,motorcycle,12.944959,77.686067,5.776
430.0,veh_039,bus,12.941526,77.668908,4.629
430.0,veh_040,car,12.927832,77.640417,8.532
430.0,veh_041,motorcycle,12.933136,77.648747,13.907
430.0,veh_042,car,12.934242,77.65062,13.059
430.0,veh_043,car,12.926806,77.639141,3.517
430.0,veh_044,car,12.94685,77.694372,5.85
430.0,veh_045,car,12.944463,77.679771,9.367
430.0,veh_047,car,12.948367,77.699186,6.979
430.0,veh_049,bus,12.944569,77.681334,8.457
431.0,veh_000,car,12.945663,77.688517,8.227
431.0,veh_002,car,12.926674,77.638729,6.314
431.0,veh_003,car,12.929522,77.642854,8.759
431.0,veh_004,car,12.939863,77.664364,7.805
431.0,veh_005,car,12.944898,77.68464,7.443
431.0,veh_006,car,12.935871,77.653437,12.203
431.0,veh_007,car,12.933875,77.649848,9.938
431.0,veh_008,car,12.943905,77.675935,6.396
431.0,veh_009,car,12.94281,77.673085,6.372
431.0,veh_010,bus,12.938443,77.660267,4.851
431.0,veh_011,motorcycle,12.942244,77.671124,4.985
431.0,veh_012,motorcycle,12.932166,77.647089,12.601
431.0,veh_013,car,12.946234,77.692007,10.99
431.0,veh_015,bus,12.9483,77.698972,8.422
431.0,veh_016,car,12.935146,77.652058,9.377
431.0,veh_017,bus,12.932111,77.646941,6.991
431.0,veh_018,car,12.929835,77.64338,11.186
431.0,veh_019,bus,12.933032,77.648508,6.931
431.0,veh_020,car,12.94434,77.678738,7.493
431.0,veh_021,car,12.941556,77.669272,2.172
431.0,veh_022,car,12.925711,77.637411,6.319
431.0,veh_023,truck,12.940305,77.665736,3.369
431.0,veh_025,bus,12.936885,77.655869,7.018
431.0,veh_026,car,12.943277,77.674159,12.523
431.0,veh_027,motorcycle,12.937191,77.656809,10.477
431.0,veh_028,car,12.94209,77.670699,9.799
431.0,veh_029,car,12.948546,77.699645,3.822
431.0,veh_030,bus,12.937998,77.65918,6.225
431.0,veh_031,car,12.942274,77.671643,0.1
431.0,veh_033,car,12.946208,77.691659,9.454
431.0,veh_035,car,12.934712,77.65141,10.785
431.0,veh_036,motorcycle,12.944432,77.680285,6.896
431.0,veh_037,car,12.928643,77.641672,16.968
431.0,veh_038,motorcycle,12.944983,77.686249,5.245
431.0,veh_039,bus,12.94139,77.669024,6.453
431.0,veh_040,car,12.927851,77.640508,7.895
431.0,veh_041,motorcycle,12.933222,77.648737,4.091
431.0,veh_042,car,12.934291,77.650548,8.342
431.0,veh_043,car,12.926856,77.639178,8.096
431.0,veh_044,car,12.946762,77.694525,8.469
431.0,veh_045,car,12.944488,77.679764,2.56
431.0,veh_047,car,12.948462,77.699235,6.758
431.0,veh_049,bus,12.944606,77.681448,5.071
432.0,veh_000,car,12.945473,77.688585,10.86
432.0,veh_002,car,12.926641,77.638947,3.855
432.0,veh_003,car,12.929519,77.642848,5.442
432.0,veh_004,car,12.93995,77.664375,15.66
432.0,veh_005,car,12.944893,77.684705,5.142
432.0,veh_006,car,12.935892,77.653548,11.54
432.0,veh_007,car,12.933823,77.649947,7.263
432.0,veh_008,car,12.943929,77.676102,9.095
432.0,veh_009,car,12.942852,77.672924,3.657
432.0,veh_010,bus,12.938444,77.660453,6.732
432.0,veh_011,motorcycle,12.942218,77.671137,7.512
432.0,veh_012,motorcycle,12.932268,77.647095,6.631
432.0,veh_013,car,12.94621,77.692119,8.227
432.0,veh_015,bus,12.948278,77.699043,4.889
432.0,veh_016,car,12.935105,77.652195,8.224
432.0,veh_017,bus,12.932124,77.646936,6.531
432.0,veh_018,car,12.929836,77.643462,4.888
432.0,veh_019,bus,12.933067,77.648528,5.335
432.0,veh_020,car,12.944292,77.678824,8.006
432.0,veh_021,car,12.941575,77.669401,10.045
432.0,veh_022,car,12.925744,77.637501,8.941
432.0,veh_023,truck,12.940333,77.665666,6.299
432.0,veh_025,bus,12.936825,77.655974,8.207
432.0,veh_026,car,12.943318,77.674318,7.172
432.0,veh_027,motorcycle,12.937182,77.656812,4.495
432.0,veh_028,car,12.941962,77.67073,6.459
432.0,veh_029,car,12.948554,77.699674,11.059
432.0,veh_030,bus,12.938063,77.659221,6.87
432.0,veh_031,car,12.942386,77.671703,8.18
432.0,veh_033,car,12.946166,77.69174,6.626
432.0,veh_035,car,12.934761,77.651459,10.038
432.0,veh_036,motorcycle,12.944509,77.680398,15.189
432.0,veh_037,car,12.928597,77.641581,5.83
432.0,veh_038,motorcycle,12.945072,77.686425,17.642
432.0,veh_039,bus,12.941418,77.669032,4.772
432.0,veh_040,car,12.927836,77.640484,10.245
432.0,veh_041,motorcycle,12.933234,77.648895,11.037
432.0,veh_042,car,12.934286,77.650684,7.344
432.0,veh_043,car,12.926862,77.639261,6.5
432.0,veh_044,car,12.946759,77.694478,3.862
432.0,veh_045,car,12.944386,77.67978,7.512
432.0,veh_047,car,12.948515,77.699291,4.978
432.0,veh_049,bus,12.94464,77.681442,7.884
433.0,veh_000,car,12.945544,77.68867,8.858
433.0,veh_002,car,12.926654,77.638947,6.935
433.0,veh_003,car,12.929435,77.642944,5.089
433.0,veh_004,car,12.939862,77.66455,11.426
433.0,veh_005,car,12.944973,77.684855,17.063
433.0,veh_006,car,12.93591,77.653577,7.759
433.0,veh_007,car,12.93393,77.649955,6.812
433.0,veh_008,car,12.943997,77.676185,9.369
433.0,veh_009,car,12.942879,77.673124,6.194
433.0,veh_010,bus,12.938442,77.660359,4.027
433.0,veh_011,motorcycle,12.942217,77.671363,12.263
433.0,veh_012,motorcycle,12.932295,77.647157,9.935
433.0,veh_013,car,12.946325,77.692051,3.287
433.0,veh_015,bus,12.948319,77.699024,4.513
433.0,veh_016,car,12.935218,77.652237,13.222
433.0,veh_017,bus,12.932151,77.647038,4.68
433.0,veh_018,car,12.92987,77.64346,6.914
433.0,veh_019,bus,12.933138,77.648613,4.959
433.0,veh_020,car,12.944441,77.679064,10.743
433.0,veh_021,car,12.941655,77.669461,4.807
433.0,veh_022,car,12.92565,77.637459,2.611
433.0,veh_023,truck,12.940398,77.665727,6.353
433.0,veh_025,bus,12.936968,77.656041,6.401
433.0,veh_026,car,12.943233,77.674413,5.467
433.0,veh_027,motorcycle,12.937182,77.656794,5.624
433.0,veh_028,car,12.942088,77.670653,9.806
433.0,veh_029,car,12.94859,77.699852,14.579
433.0,veh_030,bus,12.937953,77.659239,3.832
433.0,veh_031,car,12.942425,77.671886,13.124
433.0,veh_033,car,12.946186,77.691809,10.868
433.0,veh_035,car,12.934702,77.651591,8.581
433.0,veh_036,motorcycle,12.94453,77.680483,14.333
433.0,veh_037,car,12.928684,77.641751,4.953
433.0,veh_038,motorcycle,12.945056,77.686439,8.846
433.0,veh_039,bus,12.941465,77.66902,7.579
433.0,veh_040,car,12.927796,77.640524,3.169
433.0,veh_041,motorcycle,12.93328,77.649006,13.027
433.0,veh_042,car,12.934295,77.65082,6.842
433.0,veh_043,car,12.926926,77.639349,7.003
433.0,veh_044,car,12.946875,77.694535,9.407
433.0,veh_045,car,12.944459,77.679991,6.498
433.0,veh_047,car,12.948441,77.699398,8.535
433.0,veh_049,bus,12.944693,77.681584,8.137
434.0,veh_000,car,12.945648,77.688746,5.665
434.0,veh_002,car,12.926755,77.638983,7.016
434.0,veh_003,car,12.929516,77.642892,7.086
434.0,veh_004,car,12.939926,77.6647,11.279
434.0,veh_005,car,12.944922,77.684977,6.068
434.0,veh_006,car,12.935962,77.653618,4.611
434.0,veh_007,car,12.933956,77.650027,3.875
434.0,veh_008,car,12.943822,77.6761,7.564
434.0,veh_009,car,12.942929,77.673185,7.002
434.0,veh_010,bus,12.938418,77.660455,4.081
434.0,veh_011,motorcycle,12.942289,77.671355,4.942
434.0,veh_012,motorcycle,12.93228,77.647398,11.447
434.0,veh_013,car,12.946274,77.692137,2.839
434.0,veh_015,bus,12.948399,77.699069,5.858
434.0,veh_016,car,12.935179,77.652227,5.619
434.0,veh_017,bus,12.932187,77.647002,5.804
434.0,veh_018,car,12.929916,77.643571,8.079
434.0,veh_019,bus,12.933078,77.648583,2.974
434.0,veh_020,car,12.944364,77.679054,7.561
434.0,veh_021,car,12.941626,77.669538,7.279
434.0,veh_022,car,12.925778,77.63749,2.041
434.0,veh_023,truck,12.940398,77.665806,5.859
434.0,veh_025,bus,12.936957,77.65617,8.628
434.0,veh_026,car,12.943264,77.674413,5.059
434.0,veh_027,motorcycle,12.937208,77.656957,6.152
434.0,veh_028,car,12.94212,77.67086,7.231
434.0,veh_029,car,12.948681,77.699828,2.311
434.0,veh_030,bus,12.938103,77.65928,4.501
434.0,veh_031,car,12.942478,77.671874,8.739
434.0,veh_033,car,12.946247,77.691895,7.708
434.0,veh_035,car,12.934797,77.651535,4.359
434.0,veh_036,motorcycle,12.944432,77.680744,11.331
434.0,veh_037,car,12.928685,77.641684,7.571
434.0,veh_038,motorcycle,12.94511,77.68652,6.545
434.0,veh_039,bus,12.941509,77.669074,6.901
434.0,veh_040,car,12.92797,77.640573,5.551
434.0,veh_041,motorcycle,12.933358,77.649037,8.182
434.0,veh_042,car,12.934416,77.650827,8.605
434.0,veh_043,car,12.926983,77.639333,9.52
434.0,veh_044,car,12.946876,77.69474,8.902
434.0,veh_045,car,12.944375,77.679871,3.729
434.0,veh_047,car,12.948471,77.699395,4.793
434.0,veh_049,bus,12.944622,77.681661,6.731
435.0,veh_000,car,12.945584,77.688854,8.615
435.0,veh_002,car,12.926665,77.638984,8.849
435.0,veh_003,car,12.929548,77.642943,9.353
435.0,veh_004,car,12.93997,77.664745,9.71
435.0,veh_005,car,12.944875,77.684999,6.255
435.0,veh_006,car,12.936023,77.653648,5.231
435.0,veh_007,car,12.933886,77.650048,8.298
435.0,veh_008,car,12.943962,77.676242,7.231
435.0,veh_009,car,12.943017,77.673127,7.227
435.0,veh_010,bus,12.9386,77.660465,8.308
435.0,veh_011,motorcycle,12.942283,77.67145,8.999
435.0,veh_012,motorcycle,12.932441,77.64737,13.746
435.0,veh_013,car,12.946271,77.692111,3.854
435.0,veh_015,bus,12.948334,77.699078,4.888
435.0,veh_016,car,12.935329,77.652401,7.429
435.0,veh_017,bus,12.932286,77.64708,6.801
435.0,veh_018,car,12.92995,77.643614,8.43
435.0,veh_019,bus,12.933199,77.648659,8.85
435.0,veh_020,car,12.944402,77.679108,5.263
435.0,veh_021,car,12.941723,77.669638,10.711
435.0,veh_022,car,12.9258,77.637546,7.07
435.0,veh_023,truck,12.940322,77.665924,5.851
435.0,veh_025,bus,12.936971,77.656183,3.771
435.0,veh_026,car,12.943324,77.674415,3.067
435.0,veh_027,motorcycle,12.937232,77.656978,15.075
435.0,veh_028,car,12.942108,77.670956,6.953
435.0,veh_029,car,12.94865,77.699948,12.38
435.0,veh_030,bus,12.938064,77.659275,6.105
435.0,veh_031,car,12.94247,77.672094,10.664
435.0,veh_033,car,12.946313,77.692043,11.786
435.0,veh_035,car,12.934778,77.65161,6.874
435.0,veh_036,motorcycle,12.944539,77.68077,9.855
435.0,veh_037,car,12.928693,77.641788,1.261
435.0,veh_038,motorcycle,12.945112,77.686664,15.096
435.0,veh_039,bus,12.941579,77.669129,3.722
435.0,veh_040,car,12.92809,77.64068,9.59
435.0,veh_041,motorcycle,12.933396,77.649153,10.064
435.0,veh_042,car,12.934454,77.651017,12.045
435.0,veh_043,car,12.92711,77.639446,9.656
435.0,veh_044,car,12.946974,77.69472,16.257
435.0,veh_045,car,12.944482,77.680095,10.854
435.0,veh_047,car,12.948507,77.699562,9.78
435.0,veh_049,bus,12.944612,77.68167,6.242
436.0,veh_000,car,12.945509,77.688841,9.04
436.0,veh_002,car,12.92678,77.63912,3.89
436.0,veh_003,car,12.929634,77.643175,3.762
436.0,veh_004,car,12.940172,77.664723,13.728
436.0,veh_005,car,12.944941,77.685106,6.794
436.0,veh_006,car,12.936089,77.653625,4.903
436.0,veh_007,car,12.933975,77.650148,6.563
436.0,veh_008,car,12.944095,77.676301,9.386
436.0,veh_009,car,12.943012,77.673267,7.75
436.0,veh_010,bus,12.938465,77.660501,7.663
436.0,veh_011,motorcycle,12.942236,77.671476,8.527
436.0,veh_012,motorcycle,12.932345,77.647392,0.119
436.0,veh_013,car,12.94636,77.692144,4.708
436.0,veh_015,bus,12.948363,77.699134,4.699
436.0,veh_016,car,12.935342,77.652386,6.76
436.0,veh_017,bus,12.932354,77.647219,5.117
436.0,veh_018,car,12.930068,77.643782,8.24
436.0,veh_019,bus,12.933043,77.648694,5.641
436.0,veh_020,car,12.944383,77.679224,10.129
436.0,veh_021,car,12.941677,77.669734,4.884
436.0,veh_022,car,12.925846,77.63764,10.777
436.0,veh_023,truck,12.940459,77.665836,7.591
436.0,veh_025,bus,12.936989,77.65622,4.18
436.0,veh_026,car,12.943243,77.674565,9.177
436.0,veh_027,motorcycle,12.937323,77.657139,8.441
436.0,veh_028,car,12.942076,77.671013,5.172
436.0,veh_029,car,12.94869,77.700031,7.43
436.0,veh_030,bus,12.938139,77.659377,7.327
436.0,veh_031,car,12.942529,77.672004,8.302
436.0,veh_033,car,12.946252,77.692053,10.927
436.0,veh_035,car,12.934872,77.65171,8.51
436.0,veh_036,motorcycle,12.944542,77.68084,1.159
436.0,veh_037,car,12.928697,77.641869,11.777
436.0,veh_038,motorcycle,12.945128,77.686827,4.553
436.0,veh_039,bus,12.941558,77.669162,3.848
436.0,veh_040,car,12.928135,77.640839,15.765
436.0,veh_041,motorcycle,12.933388,77.649178,4.688
436.0,veh_042,car,12.934537,77.650867,7.285
436.0,veh_043,car,12.927091,77.639547,18.177
436.0,veh_044,car,12.946912,77.694937,7.298
436.0,veh_045,car,12.944487,77.680188,13.803
436.0,veh_047,car,12.948465,77.699534,8.763
436.0,veh_049,bus,12.94458,77.681769,5.68
437.0,veh_000,car,12.94557,77.689047,14.737
437.0,veh_002,car,12.926814,77.639109,7.503
437.0,veh_003,car,12.929658,77.643112,10.03
437.0,veh_004,car,12.940054,77.664884,8.652
437.0,veh_005,car,12.944938,77.685153,9.678
437.0,veh_006,car,12.936071,77.653755,5.596
437.0,veh_007,car,12.934093,77.650176,9.612
437.0,veh_008,car,12.944014,77.676357,5.171
437.0,veh_009,car,12.942812,77.673395,9.935
437.0,veh_010,bus,12.938526,77.660681,5.702
437.0,veh_011,motorcycle,12.942348,77.671691,17.306
437.0,veh_012,motorcycle,12.932455,77.647635,13.276
437.0,veh_013,car,12.946285,77.692208,1.63
437.0,veh_015,bus,12.948419,77.699269,6.257
437.0,veh_016,car,12.935278,77.652514,9.592
437.0,veh_017,bus,12.93238,77.647127,6.757
437.0,veh_018,car,12.930093,77.643778,7.436
437.0,veh_019,bus,12.933259,77.648733,7.612
437.0,veh_020,car,12.944483,77.679306,9.731
437.0,veh_021,car,12.941756,77.669801,9.197
437.0,veh_022,car,12.925909,77.637639,6.108
437.0,veh_023,truck,12.940433,77.66596,5.22
437.0,veh_025,bus,12.93707,77.656243,3.815
437.0,veh_026,car,12.943344,77.674658,9.799
437.0,veh_027,motorcycle,12.937395,77.657156,1.878
437.0,veh_028,car,12.94211,77.670988,3.308
437.0,veh_029,car,12.948732,77.7001,12.163
437.0,veh_030,bus,12.938027,77.659324,7.219
437.0,veh_031,car,12.942582,77.672086,9.024
437.0,veh_033,car,12.94631,77.692168,12.524
437.0,veh_035,car,12.934896,77.651862,9.32
437.0,veh_036,motorcycle,12.944498,77.680941,19.38
437.0,veh_037,car,12.928826,77.641897,3.482
437.0,veh_038,motorcycle,12.945157,77.686853,17.71
437.0,veh_039,bus,12.941583,77.669283,5.16
437.0,veh_040,car,12.928128,77.640863,8.657
437.0,veh_041,motorcycle,12.93349,77.649253,11.004
437.0,veh_042,car,12.934559,77.651059,6.23
437.0,veh_043,car,12.927212,77.639551,0.414
437.0,veh_044,car,12.946941,77.694963,10.382
437.0,veh_045,car,12.944544,77.680147,7.699
437.0,veh_047,car,12.9485,77.699565,2.931
437.0,veh_049,bus,12.944596,77.681849,5.387
438.0,veh_000,car,12.945556,77.688989,3.431
438.0,veh_002,car,12.92691,77.639186,8.496
438.0,veh_003,car,12.929721,77.643166,9.095
438.0,veh_004,car,12.940055,77.665009,11.557
438.0,veh_005,car,12.94494,77.685142,9.547
438.0,veh_006,car,12.936093,77.653853,10.947
438.0,veh_007,car,12.934031,77.650228,5.885
438.0,veh_008,car,12.943979,77.67641,8.097
438.0,veh_009,car,12.942988,77.673323,4.751
438.0,veh_010,bus,12.938581,77.660567,3.965
438.0,veh_011,motorcycle,12.942348,77.67177,8.906
438.0,veh_012,motorcycle,12.932535,77.647461,7.256
438.0,veh_013,car,12.946308,77.692316,8.088
438.0,veh_015,bus,12.948485,77.699241,5.583
438.0,veh_016,car,12.935311,77.652553,11.463
438.0,veh_017,bus,12.932286,77.647252,5.448
438.0,veh_018,car,12.93016,77.643864,10.439
438.0,veh_019,bus,12.933213,77.648852,8.406
438.0,veh_020,car,12.94432,77.679322,6.364
438.0,veh_021,car,12.941797,77.669761,6.389
438.0,veh_022,car,12.925883,77.637686,6.261
438.0,veh_023,truck,12.940357,77.665945,5.837
438.0,veh_025,bus,12.937086,77.656206,6.704
438.0,veh_026,car,12.943386,77.6746,6.155
438.0,veh_027,motorcycle,12.937307,77.657244,11.146
438.0,veh_028,car,12.942192,77.671172,14.72
438.0,veh_029,car,12.948739,77.700073,7.31
438.0,veh_030,bus,12.938148,77.659487,5.698
438.0,veh_031,car,12.942608,77.672115,2.471
438.0,veh_033,car,12.946236,77.692289,11.896
438.0,veh_035,car,12.93495,77.651795,8.879
438.0,veh_036,motorcycle,12.944522,77.681,6.042
438.0,veh_037,car,12.9289,77.64199,11.331
438.0,veh_038,motorcycle,12.945113,77.686865,8.78
438.0,veh_039,bus,12.941592,77.669172,3.724
438.0,veh_040,car,12.928146,77.640939,8.691
438.0,veh_041,motorcycle,12.933465,77.649287,1.939
438.0,veh_042,car,12.934564,77.651075,8.814
438.0,veh_043,car,12.927258,77.639615,7.273
438.0,veh_044,car,12.946993,77.695066,10.912
438.0,veh_045,car,12.94456,77.680272,5.758
438.0,veh_047,car,12.948546,77.699668,3.078
438.0,veh_049,bus,12.944645,77.681836,3.658
439.0,veh_000,car,12.945665,77.689162,5.593
439.0,veh_002,car,12.926931,77.639161,7.278
439.0,veh_003,car,12.929652,77.643228,6.791
439.0,veh_004,car,12.940102,77.665031,1.377
439.0,veh_005,car,12.944948,77.685301,9.338
439.0,veh_006,car,12.936148,77.653987,9.03
439.0,veh_007,car,12.934085,77.650264,11.824
439.0,veh_008,car,12.944019,77.676523,7.612
439.0,veh_009,car,12.942996,77.673423,2.466
439.0,veh_010,bus,12.938482,77.660582,6.902
439.0,veh_011,motorcycle,12.942341,77.671742,12.22
439.0,veh_012,motorcycle,12.932502,77.647677,11.703
439.0,veh_013,car,12.946322,77.692428,9.162
439.0,veh_015,bus,12.948515,77.699286,5.312
439.0,veh_016,car,12.935423,77.652601,7.175
439.0,veh_017,bus,12.932377,77.647327,4.735
439.0,veh_018,car,12.930205,77.643854,4.838
439.0,veh_019,bus,12.933282,77.648818,4.18
439.0,veh_020,car,12.944417,77.679485,8.037
439.0,veh_021,car,12.941764,77.669842,5.141
439.0,veh_022,car,12.925914,77.637831,2.039
439.0,veh_023,truck,12.940474,77.666069,6.567
439.0,veh_025,bus,12.937085,77.656316,7.662
439.0,veh_026,car,12.943472,77.674661,7.383
439.0,veh_027,motorcycle,12.937459,77.657414,6.553
439.0,veh_028,car,12.942259,77.671123,9.886
439.0,veh_029,car,12.948693,77.700288,13.866
439.0,veh_030,bus,12.938155,77.659379,3.643
439.0,veh_031,car,12.942639,77.672312,12.615
439.0,veh_033,car,12.946262,77.692355,6.451
439.0,veh_035,car,12.935066,77.65202,14.001
439.0,veh_036,motorcycle,12.944642,77.681137,13.487
439.0,veh_037,car,12.928854,77.642062,17.782
439.0,veh_038,motorcycle,12.945232,77.687062,12.439
439.0,veh_039,bus,12.941596,77.6693,6.988
439.0,veh_040,car,12.928235,77.640878,1.046
439.0,veh_041,motorcycle,12.933499,77.649293,5.813
439.0,veh_042,car,12.934668,77.651219,8.986
439.0,veh_043,car,12.927273,77.639698,13.934
439.0,veh_044,car,12.946976,77.695189,5.906
439.0,veh_045,car,12.944525,77.680418,5.966
439.0,veh_047,car,12.948585,77.699682,7.328
439.0,veh_049,bus,12.944539,77.681829,5.086
440.0,veh_000,car,12.945734,77.689096,3.235
440.0,veh_002,car,12.927026,77.639227,7.896
440.0,veh_003,car,12.929741,77.64341,11.454
440.0,veh_004,car,12.940241,77.665057,3.777
440.0,veh_005,car,12.944944,77.68547,9.832
440.0,veh_006,car,12.936193,77.653931,6.077
440.0,veh_007,car,12.934082,77.650333,9.908
440.0,veh_008,car,12.94411,77.676672,7.403
440.0,veh_009,car,12.943022,77.673464,6.01
440.0,veh_010,bus,12.938632,77.660716,6.704
440.0,veh_011,motorcycle,12.942434,77.67184,4.585
440.0,veh_012,motorcycle,12.932653,77.647692,13.827
440.0,veh_013,car,12.946349,77.692393,10.169
440.0,veh_015,bus,12.948547,77.69941,4.56
440.0,veh_016,car,12.935424,77.65273,13.133
440.0,veh_017,bus,12.932389,77.647454,5.962
440.0,veh_018,car,12.930148,77.643857,4.886
440.0,veh_019,bus,12.933155,77.648813,4.591
440.0,veh_020,car,12.944426,77.67946,11.514
440.0,veh_021,car,12.941775,77.669968,7.473
440.0,veh_022,car,12.92594,77.637804,13.095
440.0,veh_023,truck,12.940406,77.666037,3.549
440.0,veh_025,bus,12.937019,77.65635,3.687
440.0,veh_026,car,12.943402,77.674657,7.863
440.0,veh_027,motorcycle,12.93733,77.657364,13.771
440.0,veh_028,car,12.942256,77.671278,16.933
440.0,veh_029,car,12.948759,77.700214,3.355
440.0,veh_030,bus,12.938195,77.659533,4.741
440.0,veh_031,car,12.942632,77.672264,7.42
440.0,veh_033,car,12.946358,77.692479,9.906
440.0,veh_035,car,12.935018,77.652022,11.609
440.0,veh_036,motorcycle,12.944673,77.681187,13.996
440.0,veh_037,car,12.929036,77.64209,8.744
440.0,veh_038,motorcycle,12.945158,77.687107,12.297
440.0,veh_039,bus,12.941585,77.669277,6.411
440.0,veh_040,car,12.928227,77.640968,7.281
440.0,veh_041,motorcycle,12.933612,77.649302,15.08
440.0,veh_042,car,12.934564,77.651232,7.098
440.0,veh_043,car,12.92732,77.639745,9.364
440.0,veh_044,car,12.947055,77.695233,12.89
440.0,veh_045,car,12.944429,77.68044,6.288
440.0,veh_047,car,12.948552,77.699723,11.543
440.0,veh_049,bus,12.94458,77.681931,8.597
441.0,veh_000,car,12.945667,77.689279,10.521
441.0,veh_002,car,12.927082,77.639291,7.891
441.0,veh_003,car,12.929889,77.643367,8.884
441.0,veh_004,car,12.940195,77.665175,8.059
441.0,veh_005,car,12.944901,77.685378,3.872
441.0,veh_006,car,12.936152,77.654005,9.832
441.0,veh_007,car,12.934097,77.650359,4.542
441.0,veh_008,car,12.944154,77.676574,0.62
441.0,veh_009,car,12.943017,77.673567,8.146
441.0,veh_010,bus,12.938567,77.660825,8.632
441.0,veh_011,motorcycle,12.94245,77.671897,10.324
441.0,veh_012,motorcycle,12.932698,77.647882,13.295
441.0,veh_013,car,12.946371,77.692558,7.71
441.0,veh_015,bus,12.948468,77.699393,5.069
441.0,veh_016,car,12.93553,77.652837,6.848
441.0,veh_017,bus,12.932391,77.647471,6.286
441.0,veh_018,car,12.930275,77.644044,11.376
441.0,veh_019,bus,12.93324,77.648981,3.157
441.0,veh_020,car,12.944445,77.679523,10.276
441.0,veh_021,car,12.941762,77.669992,4.242
441.0,veh_022,car,12.926028,77.637863,3.203
441.0,veh_023,truck,12.940558,77.666212,2.857
441.0,veh_025,bus,12.937096,77.656373,7.98
441.0,veh_026,car,12.943506,77.674803,4.484
441.0,veh_027,motorcycle,12.937416,77.657549,11.998
441.0,veh_028,car,12.942264,77.671415,8.411
441.0,veh_029,car,12.948808,77.700387,11.423
441.0,veh_030,bus,12.93812,77.659571,6.589
441.0,veh_031,car,12.942635,77.67238,8.402
441.0,veh_033,car,12.946426,77.692421,6.733
441.0,veh_035,car,12.93507,77.652123,12.387
441.0,veh_036,motorcycle,12.944571,77.681306,11.355
441.0,veh_037,car,12.929082,77.64215,8.361
441.0,veh_038,motorcycle,12.945175,77.687184,10.648
441.0,veh_039,bus,12.941564,77.669421,7.132
441.0,veh_040,car,12.928293,77.640953,8.988
441.0,veh_041,motorcycle,12.933622,77.649475,1.927
441.0,veh_042,car,12.934671,77.651241,9.977
441.0,veh_043,car,12.927285,77.639857,9.915
441.0,veh_044,car,12.947087,77.695345,6.514
441.0,veh_045,car,12.944441,77.680508,10.91
441.0,veh_047,car,12.948535,77.699858,7.382
441.0,veh_049,bus,12.944692,77.68198,7.133
442.0,veh_000,car,12.945677,77.68931,6.638
442.0,veh_002,car,12.927009,77.639335,3.522
442.0,veh_003,car,12.929854,77.64346,12.451
442.0,veh_004,car,12.94023,77.665212,5.217
442.0,veh_005,car,12.944986,77.685417,7.042
442.0,veh_006,car,12.936277,77.654105,5.982
442.0,veh_007,car,12.934141,77.650458,6.05
442.0,veh_008,car,12.944072,77.676655,10.673
442.0,veh_009,car,12.943032,77.673513,10.529
442.0,veh_010,bus,12.938643,77.66092,5.971
442.0,veh_011,motorcycle,12.94249,77.672035,13.71
442.0,veh_012,motorcycle,12.932627,77.647926,10.441
442.0,veh_013,car,12.946361,77.692631,9.221
442.0,veh_015,bus,12.948408,77.699455,5.606
442.0,veh_016,car,12.935496,77.652807,4.751
442.0,veh_017,bus,12.932389,77.647458,9.9
442.0,veh_018,car,12.930289,77.643996,9.109
442.0,veh_019,bus,12.933329,77.649051,5.126
442.0,veh_020,car,12.944509,77.679671,5.56
442.0,veh_021,car,12.941783,77.670049,12.041
442.0,veh_022,car,12.925918,77.637808,0.389
442.0,veh_023,truck,12.940575,77.666171,5.667
442.0,veh_025,bus,12.937119,77.656454,6.429
442.0,veh_026,car,12.94344,77.674857,8.21
442.0,veh_027,motorcycle,12.93742,77.657648,7.688
442.0,veh_028,car,12.942313,77.67148,7.407
442.0,veh_029,car,12.948839,77.700486,9.695
442.0,veh_030,bus,12.93823,77.659569,4.636
442.0,veh_031,car,12.942654,77.672474,5.521
442.0,veh_033,car,12.946424,77.692591,7.088
442.0,veh_035,car,12.93515,77.652295,10.921
442.0,veh_036,motorcycle,12.944649,77.681436,7.924
442.0,veh_037,car,12.92901,77.642233,5.784
442.0,veh_038,motorcycle,12.945338,77.687267,7.101
442.0,veh_039,bus,12.941597,77.669384,4.81
442.0,veh_040,car,12.92817,77.641147,1.96
442.0,veh_041,motorcycle,12.933587,77.649604,6.184
442.0,veh_042,car,12.934659,77.651307,8.579
442.0,veh_043,car,12.927347,77.63991,10.395
442.0,veh_044,car,12.947054,77.69536,8.739
442.0,veh_045,car,12.944435,77.680548,1.862
442.0,veh_047,car,12.94865,77.700005,12.708
442.0,veh_049,bus,12.944613,77.68202,7.387
443.0,veh_000,car,12.945635,77.689401,7.041
443.0,veh_002,car,12.927064,77.639433,12.423
443.0,veh_003,car,12.930023,77.64356,9.09
443.0,veh_004,car,12.940091,77.665166,7.258
443.0,veh_005,car,12.944914,77.685579,8.225
443.0,veh_006,car,12.936171,77.654055,5.415
443.0,veh_007,car,12.934041,77.65036,1.207
443.0,veh_008,car,12.944102,77.676667,5.78
443.0,veh_009,car,12.943049,77.673716,5.823
443.0,veh_010,bus,12.938623,77.660905,6.419
443.0,veh_011,motorcycle,12.942518,77.672101,10.074
443.0,veh_012,motorcycle,12.932784,77.648051,16.182
443.0,veh_013,car,12.94638,77.692687,10.217
443.0,veh_015,bus,12.948445,77.699501,4.923
443.0,veh_016,car,12.935477,77.652871,6.23
443.0,veh_017,bus,12.932433,77.647527,3.091
443.0,veh_018,car,12.930237,77.643981,6.093
443.0,veh_019,bus,12.933364,77.64906,4.755
443.0,veh_020,car,12.944461,77.679769,5.48
443.0,veh_021,car,12.94191,77.670173,11.066
443.0,veh_022,car,12.925971,77.637888,10.493
443.0,veh_023,truck,12.940499,77.666207,4.821
443.0,veh_025,bus,12.937146,77.656533,5.422
443.0,veh_026,car,12.943511,77.674983,15.675
443.0,veh_027,motorcycle,12.937419,77.657668,5.511
443.0,veh_028,car,12.942402,77.671485,3.107
443.0,veh_029,car,12.948856,77.700526,5.566
443.0,veh_030,bus,12.938113,77.659679,4.672
443.0,veh_031,car,12.942632,77.672558,9.634
443.0,veh_033,car,12.946353,77.692675,9.587
443.0,veh_035,car,12.935271,77.652393,9.684
443.0,veh_036,motorcycle,12.944595,77.681465,2.053
443.0,veh_037,car,12.929103,77.642269,11.785
443.0,veh_038,motorcycle,12.945317,77.687388,14.918
443.0,veh_039,bus,12.94172,77.669585,11.935
443.0,veh_040,car,12.928274,77.641229,14.876
443.0,veh_041,motorcycle,12.933666,77.649658,14.249
443.0,veh_042,car,12.934701,77.651415,9.154
443.0,veh_043,car,12.927437,77.639953,5.143
443.0,veh_044,car,12.947171,77.695439,9.345
443.0,veh_045,car,12.944541,77.680583,5.685
443.0,veh_047,car,12.948565,77.700111,6.401
443.0,veh_049,bus,12.944656,77.682081,2.47
444.0,veh_000,car,12.945724,77.689448,6.199
444.0,veh_002,car,12.92703,77.639489,5.375
444.0,veh_003,car,12.92999,77.643736,11.587
444.0,veh_004,car,12.940272,77.665264,5.836
444.0,veh_005,car,12.945014,77.68559,8.513
444.0,veh_006,car,12.936253,77.654142,8.097
444.0,veh_007,car,12.934168,77.650502,8.124
444.0,veh_008,car,12.944097,77.676746,4.061
444.0,veh_009,car,12.943041,77.67367,4.027
444.0,veh_010,bus,12.938641,77.660923,3.987
444.0,veh_011,motorcycle,12.942576,77.67219,8.575
444.0,veh_012,motorcycle,12.932787,77.648125,6.289
444.0,veh_013,car,12.946389,77.692772,7.354
444.0,veh_015,bus,12.948507,77.699546,5.14
444.0,veh_016,car,12.935579,77.652902,4.621
444.0,veh_017,bus,12.932506,77.647553,7.74
444.0,veh_018,car,12.930319,77.644125,3.382
444.0,veh_019,bus,12.933362,77.649047,4.581
444.0,veh_020,car,12.944418,77.679689,5.343
444.0,veh_021,car,12.941907,77.670256,9.032
444.0,veh_022,car,12.926097,77.637926,2.259
444.0,veh_023,truck,12.94048,77.666262,4.95
444.0,veh_025,bus,12.937181,77.656632,5.825
444.0,veh_026,car,12.943439,77.675047,10.614
444.0,veh_027,motorcycle,12.937479,77.657781,9.044
444.0,veh_028,car,12.942293,77.671667,9.281
444.0,veh_029,car,12.948876,77.70056,6.432
444.0,veh_030,bus,12.938123,77.659613,2.754
444.0,veh_031,car,12.942752,77.672646,9.733
444.0,veh_033,car,12.946438,77.692801,10.721
444.0,veh_035,car,12.935225,77.652396,5.032
444.0,veh_036,motorcycle,12.944566,77.681384,6.16
444.0,veh_037,car,12.929136,77.642461,9.356
444.0,veh_038,motorcycle,12.94534,77.687584,5.537
444.0,veh_039,bus,12.941667,77.669585,2.203
444.0,veh_040,car,12.928335,77.641259,8.411
444.0,veh_041,motorcycle,12.933723,77.649677,13.906
444.0,veh_042,car,12.934691,77.651527,2.927
444.0,veh_043,car,12.927411,77.64002,7.397
444.0,veh_044,car,12.947207,77.695467,6.804
444.0,veh_045,car,12.944563,77.680705,10.633
444.0,veh_047,car,12.948613,77.700188,16.353
444.0,veh_049,bus,12.944649,77.682177,10.322
445.0,veh_000,car,12.945758,77.689474,10.326
445.0,veh_002,car,12.92712,77.639563,11.938
445.0,veh_003,car,12.929972,77.643705,11.338
445.0,veh_004,car,12.940238,77.665362,10.126
445.0,veh_005,car,12.945041,77.685647,6.453
445.0,veh_006,car,12.936269,77.654223,11.226
445.0,veh_007,car,12.934262,77.650508,4.562
445.0,veh_008,car,12.944065,77.676828,10.626
445.0,veh_009,car,12.943196,77.673806,6.423
445.0,veh_010,bus,12.938727,77.66108,6.453
445.0,veh_011,motorcycle,12.942536,77.672232,6.76
445.0,veh_012,motorcycle,12.932805,77.648124,1.524
445.0,veh_013,car,12.946406,77.692791,8.63
445.0,veh_015,bus,12.948585,77.69957,7.129
445.0,veh_016,car,12.935477,77.653028,6.86
445.0,veh_017,bus,12.932478,77.647646,5.191
445.0,veh_018,car,12.930453,77.644235,11.144
445.0,veh_019,bus,12.933352,77.649087,6.241
445.0,veh_020,car,12.94452,77.679842,8.651
445.0,veh_021,car,12.941955,77.670281,11.39
445.0,veh_022,car,12.926203,77.638098,8.024
445.0,veh_023,truck,12.940618,77.666325,5.379
445.0,veh_025,bus,12.937194,77.656713,6.325
445.0,veh_026,car,12.9436,77.675194,12.205
445.0,veh_027,motorcycle,12.937435,77.657796,7.41
445.0,veh_028,car,12.942383,77.671782,15.488
445.0,veh_029,car,12.948973,77.70062,8.415
445.0,veh_030,bus,12.938177,77.659601,5.652
445.0,veh_031,car,12.942717,77.672721,3.242
445.0,veh_033,car,12.946439,77.69278,5.366
445.0,veh_035,car,12.935234,77.65232,6.446
445.0,veh_036,motorcycle,12.944603,77.681584,15.382
445.0,veh_037,car,12.929178,77.642411,15.494
445.0,veh_038,motorcycle,12.945219,77.687583,11.063
445.0,veh_039,bus,12.941629,77.669556,4.331
445.0,veh_040,car,12.92843,77.641248,8.051
445.0,veh_041,motorcycle,12.933704,77.64983,9.029
445.0,veh_042,car,12.934751,77.651509,5.721
445.0,veh_043,car,12.927581,77.639925,7.09
445.0,veh_044,car,12.947192,77.695526,10.461
445.0,veh_045,car,12.944475,77.680768,5.527
445.0,veh_047,car,12.94876,77.700197,6.412
445.0,veh_049,bus,12.944745,77.68226,6.19
446.0,veh_000,car,12.945669,77.689546,6.86
446.0,veh_002,car,12.927168,77.63975,11.823
446.0,veh_003,car,12.930095,77.643681,4.034
446.0,veh_004,car,12.940243,77.665492,11.477
446.0,veh_005,car,12.94494,77.685678,5.028
446.0,veh_006,car,12.936307,77.654347,6.432
446.0,veh_007,car,12.9342,77.65071,8.546
446.0,veh_008,car,12.944194,77.676984,10.479
446.0,veh_009,car,12.943137,77.673864,9.155
446.0,veh_010,bus,12.938732,77.66104,5.645
446.0,veh_011,motorcycle,12.942568,77.672284,0.1
446.0,veh_012,motorcycle,12.932847,77.648268,10.925
446.0,veh_013,car,12.946392,77.692901,12.092
446.0,veh_015,bus,12.94858,77.699637,8.253
446.0,veh_016,car,12.935647,77.653004,5.129
446.0,veh_017,bus,12.932556,77.647736,7.077
446.0,veh_018,car,12.930349,77.644206,7.524
446.0,veh_019,bus,12.933383,77.649133,5.325
446.0,veh_020,car,12.944517,77.679868,6.044
446.0,veh_021,car,12.941956,77.670385,6.79
446.0,veh_022,car,12.926102,77.638054,4.659
446.0,veh_023,truck,12.94054,77.666408,7.758
446.0,veh_025,bus,12.937125,77.656787,7.105
446.0,veh_026,car,12.943612,77.675314,13.549
446.0,veh_027,motorcycle,12.937561,77.65774,9.752
446.0,veh_028,car,12.942394,77.671801,12.282
446.0,veh_029,car,12.948939,77.700662,5.69
446.0,veh_030,bus,12.938187,77.659677,7.55
446.0,veh_031,car,12.942847,77.672812,15.289
446.0,veh_033,car,12.946419,77.692884,8.985
446.0,veh_035,car,12.935313,77.652439,3.952
446.0,veh_036,motorcycle,12.94452,77.681682,11.413
446.0,veh_037,car,12.929272,77.642637,17.197
446.0,veh_038,motorcycle,12.945314,77.687666,9.37
446.0,veh_039,bus,12.941694,77.669684,7.707
446.0,veh_040,car,12.92849,77.641339,6.85
446.0,veh_041,motorcycle,12.933814,77.649874,13.107
446.0,veh_042,car,12.934767,77.651563,1.214
446.0,veh_043,car,12.927593,77.640022,5.873
446.0,veh_044,car,12.947134,77.695691,9.049
446.0,veh_045,car,12.944521,77.680627,4.406
446.0,veh_047,car,12.948628,77.700255,7.081
446.0,veh_049,bus,12.944694,77.682302,4.983
447.0,veh_000,car,12.945842,77.689651,12.867
447.0,veh_002,car,12.92725,77.639602,7.811
447.0,veh_003,car,12.930107,77.643932,12.9
447.0,veh_004,car,12.940213,77.665523,7.753
447.0,veh_005,car,12.945019,77.685809,8.481
447.0,veh_006,car,12.936418,77.654309,9.428
447.0,veh_007,car,12.934235,77.650636,3.063
447.0,veh_008,car,12.944154,77.676936,5.873
447.0,veh_009,car,12.943182,77.673951,11.057
447.0,veh_010,bus,12.938712,77.661125,6.431
447.0,veh_011,motorcycle,12.94264,77.672207,1.541
447.0,veh_012,motorcycle,12.932928,77.648255,8.692
447.0,veh_013,car,12.946363,77.693055,12.124
447.0,veh_015,bus,12.948558,77.699696,7.722
447.0,veh_016,car,12.935756,77.653097,13.919
447.0,veh_017,bus,12.932518,77.647684,6.029
447.0,veh_018,car,12.930549,77.644375,9.999
447.0,veh_019,bus,12.933328,77.649161,3.69
447.0,veh_020,car,12.944469,77.679916,3.419
447.0,veh_021,car,12.941979,77.670424,4.436
447.0,veh_022,car,12.926107,77.638068,5.647
447.0,veh_023,truck,12.940584,77.666484,5.302
447.0,veh_025,bus,12.937219,77.656712,1.072
447.0,veh_026,car,12.943643,77.675371,10.389
447.0,veh_027,motorcycle,12.937549,77.657899,6.123
447.0,veh_028,car,12.942582,77.671872,7.555
447.0,veh_029,car,12.948967,77.700756,1.052
447.0,veh_030,bus,12.938199,77.659765,4.563
447.0,veh_031,car,12.942744,77.672802,10.378
447.0,veh_033,car,12.946408,77.692975,3.389
447.0,veh_035,car,12.935327,77.65246,5.647
447.0,veh_036,motorcycle,12.944701,77.681745,3.718
447.0,veh_037,car,12.929396,77.642734,10.31
447.0,veh_038,motorcycle,12.945286,77.687736,6.675
447.0,veh_039,bus,12.941758,77.669797,6.213
447.0,veh_040,car,12.928412,77.641411,7.262
447.0,veh_041,motorcycle,12.933852,77.649958,12.252
447.0,veh_042,car,12.934808,77.651517,1.495
447.0,veh_043,car,12.927558,77.640176,6.019
447.0,veh_044,car,12.94727,77.695717,7.484
447.0,veh_045,car,12.944568,77.680793,8.597
447.0,veh_047,car,12.948807,77.700373,11.3
447.0,veh_049,bus,12.944719,77.682358,6.645
448.0,veh_000,car,12.945709,77.689765,3.195
448.0,veh_002,car,12.927249,77.639671,2.593
448.0,veh_003,car,12.930206,77.643928,16.235
448.0,veh_004,car,12.940364,77.665702,12.912
448.0,veh_005,car,12.944971,77.68596,15.024
448.0,veh_006,car,12.93631,77.654418,6.168
448.0,veh_007,car,12.934239,77.650715,9.243
448.0,veh_008,car,12.944196,77.677017,9.411
448.0,veh_009,car,12.943205,77.674043,7.999
448.0,veh_010,bus,12.938661,77.66114,6.165
448.0,veh_011,motorcycle,12.942647,77.672369,6.007
448.0,veh_012,motorcycle,12.932907,77.648384,5.171
448.0,veh_013,car,12.94641,77.693036,4.396
448.0,veh_015,bus,12.948505,77.699813,5.92
448.0,veh_016,car,12.935764,77.6532,14.097
448.0,veh_017,bus,12.932635,77.647711,6.16
448.0,veh_018,car,12.930462,77.644379,9.443
448.0,veh_019,bus,12.933379,77.649214,6.373
448.0,veh_020,car,12.944338,77.679963,6.454
448.0,veh_021,car,12.942079,77.67045,9.927
448.0,veh_022,car,12.926252,77.638142,9.944
448.0,veh_023,truck,12.940632,77.666455,5.257
448.0,veh_025,bus,12.937219,77.656724,7.465
448.0,veh_026,car,12.943599,77.675304,7.162
448.0,veh_027,motorcycle,12.937628,77.658075,11.347
448.0,veh_028,car,12.942533,77.67193,11.2
448.0,veh_029,car,12.94882,77.70079,7.819
448.0,veh_030,bus,12.938268,77.659864,5.456
448.0,veh_031,car,12.942799,77.673013,10.418
448.0,veh_033,car,12.946392,77.692964,10.679
448.0,veh_035,car,12.935206,77.652609,11.608
448.0,veh_036,motorcycle,12.944693,77.681805,13.386
448.0,veh_037,car,12.929453,77.642743,9.93
448.0,veh_038,motorcycle,12.945394,77.687674,3.602
448.0,veh_039,bus,12.941809,77.669673,6.773
448.0,veh_040,car,12.928465,77.641445,7.137
448.0,veh_041,motorcycle,12.93407,77.650054,8.957
448.0,veh_042,car,12.93486,77.65154,12.895
448.0,veh_043,car,12.927545,77.640217,11.027
448.0,veh_044,car,12.947218,77.695831,10.156
448.0,veh_045,car,12.944532,77.680905,8.753
448.0,veh_047,car,12.94885,77.700389,0.297
448.0,veh_049,bus,12.944672,77.682379,6.433
449.0,veh_000,car,12.945844,77.689739,7.5
449.0,veh_002,car,12.927299,77.639837,8.653
449.0,veh_003,car,12.930345,77.643957,7.611
449.0,veh_004,car,12.940328,77.665645,4.226
449.0,veh_005,car,12.945033,77.685903,10.053
449.0,veh_006,car,12.936429,77.654552,12.955
449.0,veh_007,car,12.934353,77.650724,1.983
449.0,veh_008,car,12.944214,77.676968,6.49
449.0,veh_009,car,12.943144,77.674116,6.132
449.0,veh_010,bus,12.938687,77.661192,6.196
449.0,veh_011,motorcycle,12.942666,77.672364,9.038
449.0,veh_012,motorcycle,12.932863,77.64837,4.818
449.0,veh_013,car,12.946494,77.693234,12.634
449.0,veh_015,bus,12.948504,77.699865,2.41
449.0,veh_016,car,12.935789,77.653362,12.201
449.0,veh_017,bus,12.932547,77.647691,1.379
449.0,veh_018,car,12.930575,77.644396,8.05
449.0,veh_019,bus,12.933444,77.649247,8.769
449.0,veh_020,car,12.944388,77.680011,8.473
449.0,veh_021,car,12.941991,77.670635,12.033
449.0,veh_022,car,12.926333,77.638224,6.92
449.0,veh_023,truck,12.940608,77.666599,6.182
449.0,veh_025,bus,12.937216,77.656725,6.274
449.0,veh_026,car,12.943648,77.675476,8.307
449.0,veh_027,motorcycle,12.937678,77.658089,11.472
449.0,veh_028,car,12.942568,77.671981,5.595
449.0,veh_029,car,12.949059,77.70098,16.952
449.0,veh_030,bus,12.938319,77.659904,5.309
449.0,veh_031,car,12.942854,77.673038,11.952
449.0,veh_033,car,12.946523,77.693003,9.164
449.0,veh_035,car,12.935292,77.652595,11.497
449.0,veh_036,motorcycle,12.944609,77.681838,5.402
449.0,veh_037,car,12.929515,77.642881,8.457
449.0,veh_038,motorcycle,12.945383,77.687887,10.813
449.0,veh_039,bus,12.941718,77.669794,3.537
449.0,veh_040,car,12.928435,77.641553,6.798
449.0,veh_041,motorcycle,12.934037,77.650229,16.278
449.0,veh_042,car,12.934877,77.651673,5.725
449.0,veh_043,car,12.927705,77.640302,2.919
449.0,veh_044,car,12.947301,77.695829,5.452
449.0,veh_045,car,12.944525,77.680907,10.569
449.0,veh_047,car,12.948827,77.700402,5.512
449.0,veh_049,bus,12.944717,77.682423,6.591
450.0,veh_000,car,12.945792,77.689937,15.51
450.0,veh_002,car,12.927418,77.640007,10.254
450.0,veh_003,car,12.930281,77.644156,6.632
450.0,veh_004,car,12.940441,77.665711,10.498
450.0,veh_005,car,12.945059,77.686089,6.889
450.0,veh_006,car,12.936404,77.654645,6.254
450.0,veh_007,car,12.934413,77.650844,7.354
450.0,veh_008,car,12.944307,77.677056,4.88
450.0,veh_009,car,12.943175,77.674063,8.641
450.0,veh_010,bus,12.938724,77.661301,3.674
450.0,veh_011,motorcycle,12.942683,77.672451,10.304
450.0,veh_012,motorcycle,12.93309,77.648528,15.486
450.0,veh_013,car,12.946485,77.693233,4.539
450.0,veh_015,bus,12.948552,77.699962,6.639
450.0,veh_016,car,12.935939,77.653407,10.713
450.0,veh_017,bus,12.932595,77.647816,3.818
450.0,veh_018,car,12.930597,77.644519,6.675
450.0,veh_019,bus,12.933545,77.649209,0.1
450.0,veh_020,car,12.944421,77.680088,7.738
450.0,veh_021,car,12.942098,77.67071,11.16
450.0,veh_022,car,12.926248,77.63823,8.136
450.0,veh_023,truck,12.940651,77.666569,5.623
450.0,veh_025,bus,12.937211,77.656897,5.793
450.0,veh_026,car,12.943697,77.675597,13.318
450.0,veh_027,motorcycle,12.937649,77.658199,8.926
450.0,veh_028,car,12.942477,77.672158,7.89
450.0,veh_030,bus,12.938283,77.659913,3.821
450.0,veh_031,car,12.942868,77.673171,16.662
450.0,veh_033,car,12.946462,77.693181,14.141
450.0,veh_035,car,12.935553,77.652778,10.553
450.0,veh_036,motorcycle,12.944608,77.682114,14.841
450.0,veh_037,car,12.929444,77.642929,6.489
450.0,veh_038,motorcycle,12.945452,77.687898,8.329
450.0,veh_039,bus,12.941778,77.669964,7.19
450.0,veh_040,car,12.928572,77.641463,9.211
450.0,veh_041,motorcycle,12.933927,77.650245,20.033
450.0,veh_042,car,12.93495,77.651752,7.827
450.0,veh_043,car,12.927771,77.640358,8.589
450.0,veh_044,car,12.947251,77.695933,12.434
450.0,veh_045,car,12.944604,77.681023,0.977
450.0,veh_047,car,12.948856,77.700522,6.01
450.0,veh_049,bus,12.944695,77.68249,3.053
451.0,veh_000,car,12.945833,77.689931,7.895
451.0,veh_002,car,12.92739,77.639963,8.068
451.0,veh_003,car,12.930399,77.64404,6.31
451.0,veh_004,car,12.940297,77.665813,5.493
451.0,veh_005,car,12.94505,77.686088,8.304
451.0,veh_006,car,12.936439,77.65469,6.001
451.0,veh_007,car,12.934358,77.650839,4.229
451.0,veh_008,car,12.944258,77.677214,5.464
451.0,veh_009,car,12.943182,77.674254,8.748
451.0,veh_010,bus,12.938823,77.661236,5.085
451.0,veh_011,motorcycle,12.942713,77.672654,14.455
451.0,veh_012,motorcycle,12.933146,77.648607,8.119
451.0,veh_013,car,12.946494,77.693302,9.75
451.0,veh_015,bus,12.94865,77.699925,4.739
451.0,veh_016,car,12.935886,77.653427,7.581
451.0,veh_017,bus,12.932639,77.64782,6.469
451.0,veh_018,car,12.930649,77.644515,0.1
451.0,veh_019,bus,12.93352,77.649416,5.473
451.0,veh_020,car,12.944553,77.680231,8.31
451.0,veh_021,car,12.94212,77.670772,8.024
451.0,veh_022,car,12.92639,77.638434,10.305
451.0,veh_023,truck,12.940666,77.666666,3.924
451.0,veh_025,bus,12.937166,77.656966,6.645
451.0,veh_026,car,12.943703,77.675654,11.544
451.0,veh_027,motorcycle,12.937726,77.658283,6.298
451.0,veh_028,car,12.942488,77.672174,5.795
451.0,veh_030,bus,12.938194,77.659992,5.749
451.0,veh_031,car,12.942967,77.673273,7.831
451.0,veh_033,car,12.946476,77.693308,3.735
451.0,veh_035,car,12.935506,77.652812,5.834
451.0,veh_036,motorcycle,12.944662,77.682183,6.022
451.0,veh_037,car,12.929529,77.642882,3.71
451.0,veh_038,motorcycle,12.945272,77.687965,5.048
451.0,veh_039,bus,12.941744,77.669885,1.369
451.0,veh_040,car,12.928497,77.641475,2.724
451.0,veh_041,motorcycle,12.93414,77.650404,13.024
451.0,veh_042,car,12.934918,77.651895,14.958
451.0,veh_043,car,12.927802,77.640303,1.785
451.0,veh_044,car,12.947375,77.69613,12.005
451.0,veh_045,car,12.944623,77.680905,0.415
451.0,veh_047,car,12.948895,77.700595,7.843
451.0,veh_049,bus,12.944679,77.682559,4.239
452.0,veh_000,car,12.945843,77.69011,8.534
452.0,veh_002,car,12.927415,77.639951,1.91
452.0,veh_003,car,12.930405,77.644125,5.516
452.0,veh_004,car,12.940411,77.665792,7.392
452.0,veh_005,car,12.945145,77.686199,8.933
452.0,veh_006,car,12.936506,77.65469,6.15
452.0,veh_007,car,12.934431,77.650937,4.164
452.0,veh_008,car,12.944288,77.67722,5.348
452.0,veh_009,car,12.943379,77.674281,7.096
452.0,veh_010,bus,12.938806,77.661308,4.652
452.0,veh_011,motorcycle,12.94274,77.67265,7.572
452.0,veh_012,motorcycle,12.93316,77.648602,11.371
452.0,veh_013,car,12.946584,77.693465,12.034
452.0,veh_015,bus,12.948685,77.700024,6.74
452.0,veh_016,car,12.93596,77.653489,3.984
452.0,veh_017,bus,12.932658,77.647921,5.671
452.0,veh_018,car,12.930682,77.644561,10.98
452.0,veh_019,bus,12.933571,77.649354,5.322
452.0,veh_020,car,12.944507,77.680274,9.501
452.0,veh_021,car,12.942056,77.670848,8.407
452.0,veh_022,car,12.926429,77.63849,9.379
452.0,veh_023,truck,12.940678,77.666687,4.752
452.0,veh_025,bus,12.937341,77.657067,7.086
452.0,veh_026,car,12.943728,77.675767,4.758
452.0,veh_027,motorcycle,12.937619,77.658219,1.413
452.0,veh_028,car,12.942597,77.672276,9.374
452.0,veh_030,bus,12.938433,77.660126,3.628
452.0,veh_031,car,12.94294,77.673358,7.77
452.0,veh_033,car,12.946594,77.693293,9.411
452.0,veh_035,car,12.93555,77.652889,12.913
452.0,veh_036,motorcycle,12.944675,77.682202,5.684
452.0,veh_037,car,12.929529,77.642962,8.923
452.0,veh_038,motorcycle,12.945407,77.687993,8.607
452.0,veh_039,bus,12.941722,77.669954,5.944
452.0,veh_040,car,12.928622,77.64174,8.708
452.0,veh_041,motorcycle,12.93422,77.65053,16.212
452.0,veh_042,car,12.935021,77.651965,7.625
452.0,veh_043,car,12.927738,77.6404,8.972
452.0,veh_044,car,12.947318,77.696145,12.213
452.0,veh_045,car,12.944652,77.681204,11.383
452.0,veh_047,car,12.948932,77.70074,8.639
452.0,veh_049,bus,12.944709,77.682575,5.969
453.0,veh_000,car,12.945875,77.690039,1.636
453.0,veh_002,car,12.927448,77.639964,5.669
453.0,veh_003,car,12.930444,77.644222,7.509
453.0,veh_004,car,12.940416,77.666004,13.371
453.0,veh_005,car,12.945091,77.686278,10.875
453.0,veh_006,car,12.936495,77.654761,6.559
453.0,veh_007,car,12.934397,77.651032,7.186
453.0,veh_008,car,12.944235,77.677358,11.47
453.0,veh_009,car,12.943264,77.674437,11.475
453.0,veh_010,bus,12.938822,77.661399,5.914
453.0,veh_011,motorcycle,12.942751,77.672715,8.394
453.0,veh_012,motorcycle,12.9331,77.648685,6.707
453.0,veh_013,car,12.946642,77.693575,14.971
453.0,veh_015,bus,12.948648,77.700008,5.372
453.0,veh_016,car,12.935895,77.653498,3.881
453.0,veh_017,bus,12.932736,77.648008,7.393
453.0,veh_018,car,12.930767,77.644697,9.272
453.0,veh_019,bus,12.933506,77.649372,5.298
453.0,veh_020,car,12.94455,77.680443,14.206
453.0,veh_021,car,12.942171,77.670885,9.084
453.0,veh_022,car,12.9265,77.638518,13.956
453.0,veh_023,truck,12.940653,77.666713,5.613
453.0,veh_025,bus,12.937384,77.657092,6.972
453.0,veh_026,car,12.94378,77.675801,4.249
453.0,veh_027,motorcycle,12.937832,77.65829,6.268
453.0,veh_028,car,12.942607,77.672392,11.288
453.0,veh_030,bus,12.938351,77.660009,5.723
453.0,veh_031,car,12.942949,77.67337,12.452
453.0,veh_033,car,12.946515,77.693306,1.975
453.0,veh_035,car,12.935655,77.652966,8.594
453.0,veh_036,motorcycle,12.944634,77.68234,11.337
453.0,veh_037,car,12.929563,77.643048,8.098
453.0,veh_038,motorcycle,12.945408,77.688049,10.549
453.0,veh_039,bus,12.941893,77.670025,7.264
453.0,veh_040,car,12.928753,77.641782,11.216
453.0,veh_041,motorcycle,12.93431,77.650645,7.594
453.0,veh_042,car,12.935067,77.652006,6.463
453.0,veh_043,car,12.927854,77.640366,10.973
453.0,veh_044,car,12.947419,77.696316,8.155
453.0,veh_045,car,12.944552,77.681204,6.979
453.0,veh_047,car,12.948889,77.70073,11.901
453.0,veh_049,bus,12.94468,77.682681,7.126
454.0,veh_000,car,12.945776,77.690076,5.018
454.0,veh_002,car,12.927441,77.640064,6.85
454.0,veh_003,car,12.930395,77.644245,10.661
454.0,veh_004,car,12.940396,77.666039,5.348
454.0,veh_005,car,12.945034,77.686477,12.117
454.0,veh_006,car,12.936511,77.654974,10.89
454.0,veh_007,car,12.934483,77.651059,7.203
454.0,veh_008,car,12.944263,77.677411,10.226
454.0,veh_009,car,12.943351,77.67449,6.38
454.0,veh_010,bus,12.938842,77.661359,6.537
454.0,veh_011,motorcycle,12.942754,77.672914,17.64
454.0,veh_012,motorcycle,12.933147,77.648829,11.024
454.0,veh_013,car,12.946518,77.693634,5.34
454.0,veh_015,bus,12.948718,77.700177,7.559
454.0,veh_016,car,12.93591,77.653508,4.748
454.0,veh_017,bus,12.932776,77.647976,5.286
454.0,veh_018,car,12.930719,77.644749,11.34
454.0,veh_019,bus,12.933556,77.649426,7.092
454.0,veh_020,car,12.94451,77.680455,6.244
454.0,veh_021,car,12.942129,77.671061,11.877
454.0,veh_022,car,12.926556,77.638623,11.503
454.0,veh_023,truck,12.94075,77.666688,3.509
454.0,veh_025,bus,12.937306,77.657143,6.926
454.0,veh_026,car,12.943748,77.675939,11.871
454.0,veh_027,motorcycle,12.937766,77.658425,11.549
454.0,veh_028,car,12.942599,77.672363,8.344
454.0,veh_030,bus,12.938267,77.660145,3.428
454.0,veh_031,car,12.943018,77.673425,7.473
454.0,veh_033,car,12.9465,77.69344,7.205
454.0,veh_035,car,12.935548,77.653023,9.523
454.0,veh_036,motorcycle,12.944736,77.682314,6.764
454.0,veh_037,car,12.929545,77.643078,2.743
454.0,veh_038,motorcycle,12.945439,77.688098,4.2
454.0,veh_039,bus,12.941878,77.670008,3.47
454.0,veh_040,car,12.928765,77.641842,9.626
454.0,veh_041,motorcycle,12.934268,77.650667,7.827
454.0,veh_042,car,12.935095,77.652028,6.935
454.0,veh_043,car,12.927853,77.640517,6.258
454.0,veh_044,car,12.947555,77.696337,11.523
454.0,veh_045,car,12.944645,77.681124,4.944
454.0,veh_047,car,12.948942,77.700695,4.569
454.0,veh_049,bus,12.944674,77.682562,4.851
455.0,veh_000,car,12.945866,77.690245,10.821
455.0,veh_002,car,12.927565,77.640054,10.176
455.0,veh_003,car,12.930564,77.644374,11.597
455.0,veh_004,car,12.9405,77.665997,7.165
455.0,veh_005,car,12.945198,77.686514,11.961
455.0,veh_006,car,12.936499,77.654954,6.08
455.0,veh_007,car,12.934608,77.651031,11.154
455.0,veh_008,car,12.944262,77.677508,10.277
455.0,veh_009,car,12.943369,77.674478,6.727
455.0,veh_010,bus,12.938904,77.661572,6.676
455.0,veh_011,motorcycle,12.942785,77.672993,6.994
455.0,veh_012,motorcycle,12.933233,77.648917,9.955
455.0,veh_013,car,12.946581,77.693664,9.629
455.0,veh_015,bus,12.948753,77.700173,4.775
455.0,veh_016,car,12.935969,77.653528,1.712
455.0,veh_017,bus,12.932857,77.648061,5.891
455.0,veh_018,car,12.930826,77.644759,9.816
455.0,veh_019,bus,12.933629,77.649567,7.622
455.0,veh_020,car,12.944545,77.680566,7.648
455.0,veh_021,car,12.942212,77.671176,12.811
455.0,veh_022,car,12.926628,77.638702,7.77
455.0,veh_023,truck,12.940647,77.666834,5.189
455.0,veh_025,bus,12.937303,77.657239,5.62
455.0,veh_026,car,12.943774,77.675953,3.748
455.0,veh_027,motorcycle,12.937822,77.658435,10.014
455.0,veh_028,car,12.942632,77.672476,7.38
455.0,veh_030,bus,12.938363,77.660163,9.662
455.0,veh_031,car,12.943029,77.673466,4.774
455.0,veh_033,car,12.946555,77.693507,10.411
455.0,veh_035,car,12.935768,77.653132,11.743
455.0,veh_036,motorcycle,12.94475,77.682409,10.595
455.0,veh_037,car,12.92949,77.643084,4.208
455.0,veh_038,motorcycle,12.945435,77.68817,6.716
455.0,veh_039,bus,12.941768,77.670074,6.059
455.0,veh_040,car,12.928811,77.641787,4.939
455.0,veh_041,motorcycle,12.934498,77.650693,7.475
455.0,veh_042,car,12.935108,77.652157,10.011
455.0,veh_043,car,12.92778,77.640517,5.659
455.0,veh_044,car,12.947403,77.696413,7.207
455.0,veh_045,car,12.944547,77.681252,9.943
455.0,veh_047,car,12.948927,77.700808,7.833
455.0,veh_049,bus,12.944786,77.682829,7.343
456.0,veh_000,car,12.945958,77.690346,5.699
456.0,veh_002,car,12.927608,77.640121,4.35
456.0,veh_003,car,12.9306,77.644424,8.875
456.0,veh_004,car,12.940506,77.666092,8.601
456.0,veh_005,car,12.945185,77.686442,1.353
456.0,veh_006,car,12.936593,77.654965,8.248
456.0,veh_007,car,12.934512,77.651112,2.973
456.0,veh_008,car,12.944261,77.677589,9.704
456.0,veh_009,car,12.943285,77.674481,7.112
456.0,veh_010,bus,12.938949,77.661603,8.373
456.0,veh_011,motorcycle,12.942906,77.673078,9.882
456.0,veh_012,motorcycle,12.93324,77.648803,0.523
456.0,veh_013,car,12.946641,77.693803,7.753
456.0,veh_015,bus,12.948647,77.700178,5.994
456.0,veh_016,car,12.935989,77.653774,12.881
456.0,veh_017,bus,12.932728,77.648103,5.786
456.0,veh_018,car,12.930923,77.644852,15.539
456.0,veh_019,bus,12.933615,77.6496,5.197
456.0,veh_020,car,12.944529,77.680557,6.257
456.0,veh_021,car,12.942261,77.671336,11.824
456.0,veh_022,car,12.926643,77.638732,9.288
456.0,veh_023,truck,12.940725,77.666802,6.093
456.0,veh_025,bus,12.937213,77.657194,4.672
456.0,veh_026,car,12.943943,77.6761,8.007
456.0,veh_027,motorcycle,12.937838,77.658551,15.784
456.0,veh_028,car,12.942663,77.672507,7.987
456.0,veh_030,bus,12.938351,77.660182,2.825
456.0,veh_031,car,12.942985,77.673532,2.125
456.0,veh_033,car,12.94653,77.693579,9.149
456.0,veh_035,car,12.935746,77.653125,8.441
456.0,veh_036,motorcycle,12.944692,77.682512,11.652
456.0,veh_037,car,12.92963,77.643115,10.921
456.0,veh_038,motorcycle,12.945478,77.68845,16.202
456.0,veh_039,bus,12.941842,77.670213,4.241
456.0,veh_040,car,12.928866,77.641886,9.926
456.0,veh_041,motorcycle,12.934371,77.650869,11.05
456.0,veh_042,car,12.935073,77.652117,2.401
456.0,veh_043,car,12.927965,77.640608,10.546
456.0,veh_044,car,12.947445,77.696588,9.301
456.0,veh_045,car,12.944516,77.681418,9.661
456.0,veh_047,car,12.949009,77.700891,7.783
456.0,veh_049,bus,12.944695,77.68276,7.972
457.0,veh_000,car,12.945853,77.690315,10.72
457.0,veh_002,car,12.927553,77.640255,12.288
457.0,veh_003,car,12.930633,77.64457,12.243
457.0,veh_004,car,12.940471,77.666243,12.176
457.0,veh_005,car,12.945165,77.686668,9.754
457.0,veh_006,car,12.9366,77.655078,7.891
457.0,veh_007,car,12.934655,77.651283,11.367
457.0,veh_008,car,12.944265,77.677661,9.774
457.0,veh_009,car,12.943329,77.674595,8.59
457.0,veh_010,bus,12.938871,77.661553,3.632
457.0,veh_011,motorcycle,12.942851,77.673166,16.691
457.0,veh_012,motorcycle,12.933309,77.648936,4.63
457.0,veh_013,car,12.946648,77.693904,8.693
457.0,veh_015,bus,12.94872,77.70026,6.656
457.0,veh_016,car,12.936041,77.653707,4.544
457.0,veh_017,bus,12.932846,77.648109,5.713
457.0,veh_018,car,12.930828,77.644951,8.94
457.0,veh_019,bus,12.933626,77.649642,5.493
457.0,veh_020,car,12.944525,77.680681,7.42
457.0,veh_021,car,12.942259,77.671324,9.902
457.0,veh_022,car,12.926645,77.638877,10.215
457.0,veh_023,truck,12.940753,77.666834,4.493
457.0,veh_025,bus,12.937245,77.657364,6.132
457.0,veh_026,car,12.943901,77.676209,11.403
457.0,veh_027,motorcycle,12.937908,77.658601,6.501
457.0,veh_028,car,12.942777,77.672584,8.222
457.0,veh_030,bus,12.938385,77.660195,5.473
457.0,veh_031,car,12.943088,77.673662,10.166
457.0,veh_033,car,12.946653,77.693665,9.359
457.0,veh_035,car,12.935801,77.65337,7.61
457.0,veh_036,motorcycle,12.944676,77.682668,15.954
457.0,veh_037,car,12.929762,77.643176,9.202
457.0,veh_038,motorcycle,12.945603,77.688444,12.536
457.0,veh_039,bus,12.941877,77.67021,7.159
457.0,veh_040,car,12.92883,77.641979,12.141
457.0,veh_041,motorcycle,12.934437,77.650988,16.039
457.0,veh_042,car,12.935128,77.652176,3.588
457.0,veh_043,car,12.92796,77.640654,14.988
457.0,veh_044,car,12.947479,77.696542,5.394
457.0,veh_045,car,12.944536,77.681536,13.184
457.0,veh_047,car,12.949025,77.70099,8.921
457.0,veh_049,bus,12.944682,77.682895,4.552
458.0,veh_000,car,12.945989,77.690414,8.617
458.0,veh_002,car,12.92769,77.6403,9.693
458.0,veh_003,car,12.930633,77.644634,7.186
458.0,veh_004,car,12.940625,77.666417,7.543
458.0,veh_005,car,12.945125,77.686774,13.441
458.0,veh_006,car,12.936623,77.655164,9.561
458.0,veh_007,car,12.934619,77.651284,6.136
458.0,veh_008,car,12.944251,77.677734,5.875
458.0,veh_009,car,12.943468,77.674727,9.595
458.0,veh_010,bus,12.938908,77.66167,5.962
458.0,veh_011,motorcycle,12.942936,77.673256,10.586
458.0,veh_012,motorcycle,12.933289,77.648988,13.325
458.0,veh_013,car,12.946595,77.693903,9.8
458.0,veh_015,bus,12.948774,77.700313,7.597
458.0,veh_016,car,12.936064,77.653882,11.196
458.0,veh_017,bus,12.932871,77.648158,4.989
458.0,veh_018,car,12.930967,77.645067,4.359
458.0,veh_019,bus,12.933742,77.649625,5.168
458.0,veh_020,car,12.944584,77.680736,7.01
458.0,veh_021,car,12.942236,77.671345,6.634
458.0,veh_022,car,12.926814,77.638925,10.715
458.0,veh_023,truck,12.940766,77.666974,5.47
458.0,veh_025,bus,12.937294,77.657373,6.244
458.0,veh_026,car,12.943926,77.676172,6.866
458.0,veh_027,motorcycle,12.937887,77.658804,7.546
458.0,veh_028,car,12.942646,77.672656,6.792
458.0,veh_030,bus,12.938455,77.660225,4.775
458.0,veh_031,car,12.943097,77.673651,5.516
458.0,veh_033,car,12.946652,77.693698,6.996
458.0,veh_035,car,12.935794,77.653325,9.113
458.0,veh_036,motorcycle,12.944751,77.682879,10.845
458.0,veh_037,car,12.929767,77.64329,5.45
458.0,veh_038,motorcycle,12.945571,77.688581,2.499
458.0,veh_039,bus,12.94183,77.670198,2.1
458.0,veh_040,car,12.928938,77.642069,5.97
458.0,veh_041,motorcycle,12.934535,77.651014,10.288
458.0,veh_042,car,12.935123,77.652255,6.821
458.0,veh_043,car,12.928095,77.640885,14.315
458.0,veh_044,car,12.947498,77.696675,12.185
458.0,veh_045,car,12.944556,77.681689,9.508
458.0,veh_049,bus,12.944733,77.682898,6.697
459.0,veh_000,car,12.945876,77.690543,8.28
459.0,veh_002,car,12.927711,77.640308,3.723
459.0,veh_003,car,12.930742,77.644683,9.046
459.0,veh_004,car,12.940532,77.666362,14.423
459.0,veh_005,car,12.945124,77.686909,11.578
459.0,veh_006,car,12.936661,77.655125,7.127
459.0,veh_007,car,12.934589,77.65137,10.522
459.0,veh_008,car,12.944286,77.677819,11.901
459.0,veh_009,car,12.943468,77.674786,9.586
459.0,veh_010,bus,12.938922,77.661656,4.62
459.0,veh_011,motorcycle,12.943023,77.673368,10.815
459.0,veh_012,motorcycle,12.933327,77.648967,8.591
459.0,veh_013,car,12.946533,77.693856,1.086
459.0,veh_015,bus,12.948688,77.700352,4.423
459.0,veh_016,car,12.936088,77.653795,3.583
459.0,veh_017,bus,12.93291,77.648205,4.756
459.0,veh_018,car,12.931009,77.645075,4.521
459.0,veh_019,bus,12.933667,77.649637,7.202
459.0,veh_020,car,12.9446,77.680732,10.158
459.0,veh_021,car,12.942345,77.671442,12.841
459.0,veh_022,car,12.926791,77.638967,10.348
459.0,veh_023,truck,12.940753,77.667007,6.476
459.0,veh_025,bus,12.937405,77.657398,7.493
459.0,veh_026,car,12.943996,77.676231,5.364
459.0,veh_027,motorcycle,12.937913,77.658843,15.216
459.0,veh_028,car,12.942703,77.672707,12.417
459.0,veh_030,bus,12.938417,77.660359,5.555
459.0,veh_031,car,12.943134,77.673808,12.254
459.0,veh_033,car,12.946556,77.693802,8.55
459.0,veh_035,car,12.935693,77.653318,13.104
459.0,veh_036,motorcycle,12.944683,77.6828,14.376
459.0,veh_037,car,12.929906,77.643387,6.604
459.0,veh_038,motorcycle,12.945551,77.68857,6.028
459.0,veh_039,bus,12.941887,77.670237,5.608
459.0,veh_040,car,12.928951,77.642025,0.453
459.0,veh_041,motorcycle,12.934558,77.651075,8.336
459.0,veh_042,car,12.935183,77.652358,9.482
459.0,veh_043,car,12.928164,77.640991,11.961
459.0,veh_044,car,12.947536,77.696673,8.104
459.0,veh_045,car,12.944651,77.681639,5.717
459.0,veh_049,bus,12.944695,77.682951,8.475
460.0,veh_000,car,12.945837,77.690522,11.008
460.0,veh_002,car,12.927761,77.64043,14.199
460.0,veh_003,car,12.930761,77.644646,9.461
460.0,veh_004,car,12.940621,77.666591,9.952
460.0,veh_005,car,12.945188,77.686923,5.265
460.0,veh_006,car,12.936692,77.65537,11.39
460.0,veh_007,car,12.934619,77.651393,7.603
460.0,veh_008,car,12.944299,77.67789,10.522
460.0,veh_009,car,12.943398,77.674898,9.359
460.0,veh_010,bus,12.938925,77.661706,5.14
460.0,veh_011,motorcycle,12.943045,77.673448,13.472
460.0,veh_012,motorcycle,12.933401,77.649111,8.269
460.0,veh_013,car,12.946504,77.693997,9.525
460.0,veh_015,bus,12.948822,77.700406,6.821
460.0,veh_016,car,12.936071,77.653894,3.122
460.0,veh_017,bus,12.932866,77.648283,6.096
460.0,veh_018,car,12.930988,77.645083,13.022
460.0,veh_019,bus,12.933758,77.649776,6.292
460.0,veh_020,car,12.944585,77.680946,12.391
460.0,veh_021,car,12.94223,77.671543,9.378
460.0,veh_022,car,12.926813,77.639028,5.62
460.0,veh_023,truck,12.940803,77.6671,4.646
460.0,veh_025,bus,12.937464,77.657477,8.578
460.0,veh_026,car,12.944025,77.676232,12.16
460.0,veh_027,motorcycle,12.937929,77.658951,16.33
460.0,veh_028,car,12.942787,77.672793,6.735
460.0,veh_030,bus,12.938458,77.66039,5.412
460.0,veh_031,car,12.94315,77.673877,9.704
460.0,veh_033,car,12.946657,77.693854,11.838
460.0,veh_035,car,12.935863,77.65351,9.683
460.0,veh_036,motorcycle,12.944703,77.68297,11.438
460.0,veh_037,car,12.9298,77.643262,3.685
460.0,veh_038,motorcycle,12.945468,77.688619,7.084
460.0,veh_039,bus,12.941909,77.67034,5.126
460.0,veh_040,car,12.929004,77.642092,10.454
460.0,veh_041,motorcycle,12.934636,77.651151,7.808
460.0,veh_042,car,12.935255,77.652346,8.673
460.0,veh_043,car,12.928111,77.641012,10.592
460.0,veh_044,car,12.947641,77.696777,10.74
460.0,veh_045,car,12.944663,77.681839,19.774
460.0,veh_049,bus,12.944755,77.683086,6.461
461.0,veh_000,car,12.946023,77.690622,7.138
461.0,veh_002,car,12.927927,77.640587,14.755
461.0,veh_003,car,12.930798,77.644795,8.271
461.0,veh_004,car,12.940584,77.666556,5.465
461.0,veh_005,car,12.945181,77.686921,6.731
461.0,veh_006,car,12.936655,77.655496,11.356
461.0,veh_007,car,12.934645,77.65151,8.345
461.0,veh_008,car,12.944217,77.678011,6.422
461.0,veh_009,car,12.943462,77.6749,6.382
461.0,veh_010,bus,12.938997,77.66181,6.282
461.0,veh_011,motorcycle,12.942997,77.673575,8.604
461.0,veh_012,motorcycle,12.933467,77.649133,10.248
461.0,veh_013,car,12.946679,77.694082,8.597
461.0,veh_015,bus,12.948789,77.70039,5.071
461.0,veh_016,car,12.936058,77.653894,7.655
461.0,veh_017,bus,12.932913,77.648295,8.19
461.0,veh_018,car,12.931083,77.645154,7.794
461.0,veh_019,bus,12.933685,77.649766,4.699
461.0,veh_020,car,12.944509,77.680986,14.365
461.0,veh_021,car,12.942305,77.671601,8.015
461.0,veh_022,car,12.926882,77.639091,8.723
461.0,veh_023,truck,12.940782,77.667073,4.738
461.0,veh_025,bus,12.937419,77.657494,7.562
461.0,veh_026,car,12.943999,77.676442,8.657
461.0,veh_027,motorcycle,12.937957,77.659108,13.637
461.0,veh_028,car,12.942814,77.672883,8.754
461.0,veh_030,bus,12.938488,77.660434,8.271
461.0,veh_031,car,12.943164,77.674011,13.277
461.0,veh_033,car,12.946624,77.694009,8.146
461.0,veh_035,car,12.936029,77.653622,14.943
461.0,veh_036,motorcycle,12.944691,77.683121,8.677
461.0,veh_037,car,12.929788,77.643481,8.032
461.0,veh_038,motorcycle,12.945628,77.688774,14.268
461.0,veh_039,bus,12.941827,77.67026,3.01
461.0,veh_040,car,12.928997,77.64217,5.805
461.0,veh_041,motorcycle,12.934666,77.651219,3.177
461.0,veh_042,car,12.935269,77.652437,2.577
461.0,veh_043,car,12.928308,77.641115,6.089
461.0,veh_044,car,12.947644,77.696828,10.194
461.0,veh_045,car,12.944685,77.68186,10.305
461.0,veh_049,bus,12.944777,77.683096,7.244
462.0,veh_000,car,12.946031,77.690784,10.453
462.0,veh_002,car,12.92788,77.640628,8.755
462.0,veh_003,car,12.930912,77.644874,9.16
462.0,veh_004,car,12.940723,77.666731,12.353
462.0,veh_005,car,12.945148,77.687011,8.66
462.0,veh_006,car,12.936653,77.655393,8.737
462.0,veh_007,car,12.934816,77.651629,8.589
462.0,veh_008,car,12.944317,77.678042,5.669
462.0,veh_009,car,12.943487,77.674976,7.016
462.0,veh_010,bus,12.938998,77.661911,8.414
462.0,veh_011,motorcycle,12.943074,77.673683,2.992
462.0,veh_012,motorcycle,12.933431,77.649235,5.418
462.0,veh_013,car,12.946714,77.69409,5.056
462.0,veh_015,bus,12.948817,77.70043,3.341
462.0,veh_016,car,12.936172,77.653923,4.19
462.0,veh_017,bus,12.932959,77.648369,7.096
462.0,veh_018,car,12.93106,77.64522,10.155
462.0,veh_019,bus,12.933748,77.649856,6.949
462.0,veh_020,car,12.944626,77.681231,14.419
462.0,veh_021,car,12.942411,77.671773,10.594
462.0,veh_022,car,12.926875,77.639115,5.893
462.0,veh_023,truck,12.940817,77.667099,5.146
462.0,veh_025,bus,12.937508,77.657564,9.69
462.0,veh_026,car,12.944082,77.676483,6.349
462.0,veh_027,motorcycle,12.938046,77.659153,6.646
462.0,veh_028,car,12.942909,77.672864,6.06
462.0,veh_030,bus,12.938534,77.660541,6.943
462.0,veh_031,car,12.943188,77.674045,7.449
462.0,veh_033,car,12.9467,77.694006,2.356
462.0,veh_035,car,12.936061,77.653648,13.054
462.0,veh_036,motorcycle,12.944797,77.683164,11.361
462.0,veh_037,car,12.92993,77.643454,3.121
462.0,veh_038,motorcycle,12.945627,77.688745,3.037
462.0,veh_039,bus,12.941988,77.670405,6.537
462.0,veh_040,car,12.928981,77.642215,5.538
462.0,veh_041,motorcycle,12.93465,77.651164,2.332
462.0,veh_042,car,12.935347,77.652562,10.08
462.0,veh_043,car,12.928201,77.641209,6.54
462.0,veh_044,car,12.947603,77.696968,11.339
462.0,veh_045,car,12.944699,77.6819,1.933
462.0,veh_049,bus,12.944735,77.683156,5.225
463.0,veh_000,car,12.946014,77.690865,7.186
463.0,veh_002,car,12.927888,77.640596,4.193
463.0,veh_003,car,12.930852,77.644864,3.113
463.0,veh_004,car,12.940679,77.666702,6.025
463.0,veh_005,car,12.945155,77.687122,11.261
463.0,veh_006,car,12.936674,77.655567,4.561
463.0,veh_007,car,12.934759,77.651605,9.594
463.0,veh_008,car,12.944262,77.678111,7.927
463.0,veh_009,car,12.943486,77.674942,10.589
463.0,veh_010,bus,12.939068,77.661818,4.72
463.0,veh_011,motorcycle,12.943071,77.67374,15.086
463.0,veh_012,motorcycle,12.933437,77.649315,6.287
463.0,veh_013,car,12.946708,77.69421,7.82
463.0,veh_015,bus,12.948871,77.700517,7.979
463.0,veh_016,car,12.936209,77.653979,4.855
463.0,veh_017,bus,12.932986,77.648469,8.426
463.0,veh_018,car,12.931222,77.645302,10.482
463.0,veh_019,bus,12.933777,77.649859,4.125
463.0,veh_020,car,12.944539,77.681227,1.736
463.0,veh_021,car,12.942539,77.67178,12.7
463.0,veh_022,car,12.926948,77.6392,7.295
463.0,veh_023,truck,12.94076,77.667181,6.266
463.0,veh_025,bus,12.937403,77.657682,6.727
463.0,veh_026,car,12.944002,77.676511,7.383
463.0,veh_027,motorcycle,12.938054,77.659215,12.606
463.0,veh_028,car,12.942839,77.673053,8.284
463.0,veh_030,bus,12.93857,77.660459,5.344
463.0,veh_031,car,12.943217,77.674207,8.326
463.0,veh_033,car,12.946563,77.694121,12.976
463.0,veh_035,car,12.936109,77.653754,7.977
463.0,veh_036,motorcycle,12.944746,77.683237,13.97
463.0,veh_037,car,12.929946,77.643445,10.21
463.0,veh_038,motorcycle,12.945647,77.688936,18.402
463.0,veh_039,bus,12.941892,77.670356,5.776
463.0,veh_040,car,12.928999,77.642346,7.501
463.0,veh_041,motorcycle,12.934648,77.651177,7.402
463.0,veh_042,car,12.93528,77.652577,11.821
463.0,veh_043,car,12.928234,77.64118,6.207
463.0,veh_044,car,12.947622,77.69702,5.688
463.0,veh_045,car,12.944636,77.681972,8.847
463.0,veh_049,bus,12.944725,77.683185,5.698
464.0,veh_000,car,12.946141,77.690952,8.697
464.0,veh_002,car,12.927898,77.640702,7.661
464.0,veh_003,car,12.930811,77.644981,8.923
464.0,veh_004,car,12.940663,77.666764,3.951
464.0,veh_005,car,12.945285,77.687212,8.851
464.0,veh_006,car,12.9368,77.655622,7.865
464.0,veh_007,car,12.934799,77.651642,3.26
464.0,veh_008,car,12.94429,77.678169,11.364
464.0,veh_009,car,12.943543,77.675158,8.942
464.0,veh_010,bus,12.938956,77.661988,8.345
464.0,veh_011,motorcycle,12.943081,77.673865,10.272
464.0,veh_012,motorcycle,12.933501,77.649408,12.342
464.0,veh_013,car,12.946727,77.69428,8.052
464.0,veh_015,bus,12.948787,77.700562,5.744
464.0,veh_016,car,12.936318,77.654022,3.314
464.0,veh_017,bus,12.933022,77.648499,5.672
464.0,veh_018,car,12.931226,77.645343,6.668
464.0,veh_019,bus,12.933775,77.649941,3.383
464.0,veh_020,car,12.944627,77.681265,12.052
464.0,veh_021,car,12.942494,77.671849,5.754
464.0,veh_022,car,12.926872,77.639294,6.623
464.0,veh_023,truck,12.94093,77.667161,3.925
464.0,veh_025,bus,12.937515,77.657779,10.128
464.0,veh_026,car,12.944096,77.676392,0.349
464.0,veh_027,motorcycle,12.938067,77.659204,3.187
464.0,veh_028,car,12.942871,77.673022,4.794
464.0,veh_030,bus,12.938553,77.66053,4.813
464.0,veh_031,car,12.943188,77.674115,6.737
464.0,veh_033,car,12.946642,77.694264,12.791
464.0,veh_035,car,12.936078,77.653788,5.991
464.0,veh_036,motorcycle,12.944711,77.683436,10.98
464.0,veh_037,car,12.929922,77.643552,10.98
464.0,veh_038,motorcycle,12.945603,77.689032,8.549
464.0,veh_039,bus,12.941912,77.670484,4.866
464.0,veh_040,car,12.929147,77.642359,6.368
464.0,veh_041,motorcycle,12.934648,77.651339,6.96
464.0,veh_042,car,12.935371,77.652708,8.28
464.0,veh_043,car,12.92827,77.641153,6.501
464.0,veh_044,car,12.947695,77.69714,9.484
464.0,veh_045,car,12.944529,77.682111,6.833
464.0,veh_049,bus,12.944706,77.68328,5.813
465.0,veh_000,car,12.94584,77.691011,10.456
465.0,veh_002,car,12.928075,77.640643,4.798
465.0,veh_003,car,12.930975,77.645031,14.991
465.0,veh_004,car,12.940671,77.666806,4.896
465.0,veh_005,car,12.945183,77.687244,5.449
465.0,veh_006,car,12.93685,77.655623,6.28
465.0,veh_007,car,12.934909,77.651702,14.392
465.0,veh_008,car,12.944307,77.678334,12.01
465.0,veh_009,car,12.943547,77.675217,9.832
465.0,veh_010,bus,12.939113,77.662072,7.529
465.0,veh_011,motorcycle,12.943084,77.673917,14.474
465.0,veh_012,motorcycle,12.933707,77.649549,11.448
465.0,veh_013,car,12.946712,77.694261,7.249
465.0,veh_015,bus,12.948779,77.700628,5.518
465.0,veh_016,car,12.936173,77.654072,5.401
465.0,veh_017,bus,12.932996,77.648515,4.287
465.0,veh_018,car,12.931339,77.645445,12.031
465.0,veh_019,bus,12.933946,77.649975,6.493
465.0,veh_020,car,12.944587,77.681317,2.357
465.0,veh_021,car,12.94242,77.671877,4.033
465.0,veh_022,car,12.927081,77.639308,13.891
465.0,veh_023,truck,12.940879,77.667193,3.888
465.0,veh_025,bus,12.937617,77.657777,4.855
465.0,veh_026,car,12.944099,77.676571,11.608
465.0,veh_027,motorcycle,12.937992,77.659297,6.311
465.0,veh_028,car,12.942745,77.673045,5.183
465.0,veh_030,bus,12.938551,77.660628,6.908
465.0,veh_031,car,12.94327,77.674281,11.298
465.0,veh_033,car,12.946699,77.694337,9.122
465.0,veh_035,car,12.936183,77.653897,4.796
465.0,veh_036,motorcycle,12.944774,77.683497,8.532
465.0,veh_037,car,12.930015,77.643666,9.658
465.0,veh_038,motorcycle,12.945583,77.689036,10.472
465.0,veh_039,bus,12.942,77.670467,6.721
465.0,veh_040,car,12.929143,77.642347,4.7
465.0,veh_041,motorcycle,12.934745,77.65147,15.801
465.0,veh_042,car,12.935424,77.652726,9.261
465.0,veh_043,car,12.92844,77.641289,11.853
465.0,veh_044,car,12.947671,77.697099,9.429
465.0,veh_045,car,12.944731,77.682185,12.204
465.0,veh_049,bus,12.94483,77.683302,5.845
466.0,veh_000,car,12.945997,77.69107,5.182
466.0,veh_002,car,12.927998,77.640715,8.386
466.0,veh_003,car,12.93107,77.645064,5.606
466.0,veh_004,car,12.940691,77.666779,8.484
466.0,veh_005,car,12.945282,77.687347,9.487
466.0,veh_006,car,12.9369,77.655675,12.913
466.0,veh_007,car,12.934931,77.651881,11.193
466.0,veh_008,car,12.944315,77.678387,13.641
466.0,veh_009,car,12.943622,77.675271,6.385
466.0,veh_010,bus,12.93912,77.662163,5.241
466.0,veh_011,motorcycle,12.943234,77.674081,8.733
466.0,veh_012,motorcycle,12.933725,77.64952,8.302
466.0,veh_013,car,12.946845,77.694423,14.505
466.0,veh_015,bus,12.948878,77.700633,0.965
466.0,veh_016,car,12.936361,77.654068,11.13
466.0,veh_017,bus,12.933116,77.648546,8.17
466.0,veh_018,car,12.931294,77.645486,2.882
466.0,veh_019,bus,12.933879,77.64994,7.575
466.0,veh_020,car,12.94462,77.681315,5.726
466.0,veh_021,car,12.942501,77.672015,9.47
466.0,veh_022,car,12.927066,77.639354,9.943
466.0,veh_023,truck,12.940889,77.667245,5.559
466.0,veh_025,bus,12.937568,77.657876,4.403
466.0,veh_026,car,12.944103,77.67673,11.036
466.0,veh_027,motorcycle,12.938056,77.659613,12.59
466.0,veh_028,car,12.942889,77.673058,8.166
466.0,veh_030,bus,12.938524,77.660691,4.987
466.0,veh_031,car,12.943226,77.674319,4.151
466.0,veh_033,car,12.946754,77.694354,10.212
466.0,veh_035,car,12.936243,77.653847,8.616
466.0,veh_036,motorcycle,12.944787,77.683618,11.533
466.0,veh_037,car,12.930076,77.643763,14.93
466.0,veh_038,motorcycle,12.945655,77.689208,13.087
466.0,veh_039,bus,12.942041,77.67059,8.621
466.0,veh_040,car,12.929191,77.642558,10.591
466.0,veh_041,motorcycle,12.934698,77.651547,12.708
466.0,veh_042,car,12.935553,77.652767,13.607
466.0,veh_043,car,12.928451,77.641355,11.268
466.0,veh_044,car,12.947658,77.697184,10.05
466.0,veh_045,car,12.944712,77.682309,7.805
466.0,veh_049,bus,12.944792,77.683421,5.397
467.0,veh_000,car,12.946076,77.691108,9.834
467.0,veh_002,car,12.927982,77.640955,7.159
467.0,veh_003,car,12.931064,77.645109,12.008
467.0,veh_004,car,12.940783,77.66698,7.661
467.0,veh_005,car,12.945292,77.687477,6.667
467.0,veh_006,car,12.936859,77.655785,13.182
467.0,veh_007,car,12.934924,77.651922,6.435
467.0,veh_008,car,12.94428,77.678463,9.738
467.0,veh_009,car,12.943637,77.67533,13.102
467.0,veh_010,bus,12.939039,77.662202,3.273
467.0,veh_011,motorcycle,12.943171,77.674127,11.459
467.0,veh_012,motorcycle,12.933601,77.649512,5.832
467.0,veh_013,car,12.946832,77.694614,10.518
467.0,veh_015,bus,12.948882,77.700655,7.765
467.0,veh_016,car,12.936254,77.65419,4.537
467.0,veh_017,bus,12.933089,77.648677,6.158
467.0,veh_018,car,12.931397,77.645589,7.052
467.0,veh_019,bus,12.933872,77.650007,2.546
467.0,veh_020,car,12.944612,77.681348,5.872
467.0,veh_021,car,12.942545,77.671978,7.886
467.0,veh_022,car,12.927151,77.639467,14.875
467.0,veh_023,truck,12.940881,77.667277,4.611
467.0,veh_025,bus,12.937602,77.657886,6.225
467.0,veh_026,car,12.944141,77.676688,5.407
467.0,veh_027,motorcycle,12.938188,77.659563,12.176
467.0,veh_028,car,12.942955,77.673249,9.846
467.0,veh_030,bus,12.938502,77.6608,6.428
467.0,veh_031,car,12.943307,77.674357,6.606
467.0,veh_033,car,12.946916,77.694533,8.365
467.0,veh_035,car,12.936174,77.653929,5.496
467.0,veh_036,motorcycle,12.944789,77.683611,11.185
467.0,veh_037,car,12.930061,77.64377,3.334
467.0,veh_038,motorcycle,12.94561,77.689372,9.133
467.0,veh_039,bus,12.941982,77.67057,7.907
467.0,veh_040,car,12.929298,77.6425,9.232
467.0,veh_041,motorcycle,12.934853,77.651644,6.276
467.0,veh_042,car,12.935507,77.652927,8.819
467.0,veh_043,car,12.928566,77.641303,4.094
467.0,veh_044,car,12.947757,77.697298,3.336
467.0,veh_045,car,12.944696,77.682308,8.097
467.0,veh_049,bus,12.94477,77.683475,7.399
468.0,veh_000,car,12.946044,77.691195,9.811
468.0,veh_002,car,12.92806,77.640908,7.688
468.0,veh_003,car,12.931066,77.645215,4.263
468.0,veh_004,car,12.940842,77.667053,3.524
468.0,veh_005,car,12.945338,77.687471,12.666
468.0,veh_006,car,12.936858,77.655957,9.71
468.0,veh_007,car,12.935037,77.651845,2.535
468.0,veh_008,car,12.944357,77.678536,9.709
468.0,veh_009,car,12.943687,77.675411,8.682
468.0,veh_010,bus,12.939112,77.662084,7.413
468.0,veh_011,motorcycle,12.943182,77.674235,8.704
468.0,veh_012,motorcycle,12.93369,77.649731,10.476
468.0,veh_013,car,12.946806,77.694626,7.626
468.0,veh_015,bus,12.948917,77.700718,6.382
468.0,veh_016,car,12.936242,77.654236,1.708
468.0,veh_017,bus,12.933128,77.648679,6.92
468.0,veh_018,car,12.931454,77.645539,2.499
468.0,veh_019,bus,12.933889,77.650089,5.309
468.0,veh_020,car,12.944711,77.681551,6.113
468.0,veh_021,car,12.942561,77.672099,2.846
468.0,veh_022,car,12.927119,77.639636,3.668
468.0,veh_023,truck,12.940934,77.667254,4.046
468.0,veh_025,bus,12.937666,77.657892,6.427
468.0,veh_026,car,12.944203,77.676845,8.207
468.0,veh_027,motorcycle,12.938192,77.659604,8.72
468.0,veh_028,car,12.942977,77.673433,16.069
468.0,veh_030,bus,12.938666,77.660825,3.105
468.0,veh_031,car,12.943323,77.674423,10.867
468.0,veh_033,car,12.946805,77.694506,9.193
468.0,veh_035,car,12.936209,77.654055,4.415
468.0,veh_036,motorcycle,12.944866,77.683918,19.472
468.0,veh_037,car,12.930162,77.643886,13.061
468.0,veh_038,motorcycle,12.945621,77.689405,7.247
468.0,veh_039,bus,12.942121,77.670734,7.214
468.0,veh_040,car,12.929264,77.642605,6.677
468.0,veh_041,motorcycle,12.934895,77.65164,12.502
468.0,veh_042,car,12.935394,77.652965,8.954
468.0,veh_043,car,12.928517,77.641561,11.905
468.0,veh_044,car,12.947873,77.697389,9.603
468.0,veh_045,car,12.94462,77.682434,3.02
468.0,veh_049,bus,12.944823,77.683599,8.308
469.0,veh_000,car,12.946084,77.691179,2.765
469.0,veh_002,car,12.928146,77.64098,5.068
469.0,veh_003,car,12.931128,77.645325,7.614
469.0,veh_004,car,12.940741,77.667022,9.486
469.0,veh_005,car,12.945315,77.687674,15.232
469.0,veh_006,car,12.936889,77.655939,9.842
469.0,veh_007,car,12.935003,77.652005,7.865
469.0,veh_008,car,12.944304,77.67868,8.784
469.0,veh_009,car,12.943794,77.675514,4.509
469.0,veh_010,bus,12.939124,77.662148,7.764
469.0,veh_011,motorcycle,12.9432,77.674108,0.693
469.0,veh_012,motorcycle,12.933729,77.649771,10.34
469.0,veh_013,car,12.94692,77.69462,2.422
469.0,veh_015,bus,12.948957,77.700873,6.545
469.0,veh_016,car,12.936342,77.65434,8.442
469.0,veh_017,bus,12.933199,77.648677,5.644
469.0,veh_018,car,12.931438,77.645654,6.67
469.0,veh_019,bus,12.933957,77.650166,7.267
469.0,veh_020,car,12.944624,77.681635,11.933
469.0,veh_021,car,12.942488,77.672101,0.417
469.0,veh_022,car,12.927168,77.639672,11.699
469.0,veh_023,truck,12.94092,77.667399,5.533
469.0,veh_025,bus,12.937684,77.65795,5.094
469.0,veh_026,car,12.944121,77.67688,7.782
469.0,veh_027,motorcycle,12.938177,77.659721,6.405
469.0,veh_028,car,12.942951,77.673399,6.948
469.0,veh_030,bus,12.938653,77.66079,3.326
469.0,veh_031,car,12.943343,77.674492,3.833
469.0,veh_033,car,12.946788,77.694509,7.381
469.0,veh_035,car,12.936172,77.654114,8.175
469.0,veh_036,motorcycle,12.944853,77.683918,7.314
469.0,veh_037,car,12.930221,77.643889,7.151
469.0,veh_038,motorcycle,12.945704,77.689445,7.914
469.0,veh_039,bus,12.94201,77.670768,5.995
469.0,veh_040,car,12.929342,77.642618,7.279
469.0,veh_041,motorcycle,12.934874,77.651763,9.173
469.0,veh_042,car,12.935666,77.653023,9.37
469.0,veh_043,car,12.928648,77.641475,10.024
469.0,veh_044,car,12.947781,77.697421,3.871
469.0,veh_045,car,12.944673,77.682408,8.226
469.0,veh_049,bus,12.944795,77.683527,3.459
470.0,veh_000,car,12.946158,77.691254,7.674
470.0,veh_002,car,12.928069,77.641088,10.869
470.0,veh_003,car,12.931185,77.645336,6.406
470.0,veh_004,car,12.940755,77.667201,10.404
470.0,veh_005,car,12.945399,77.687756,5.578
470.0,veh_006,car,12.936922,77.656146,5.9
470.0,veh_007,car,12.935046,77.652031,8.74
470.0,veh_008,car,12.944294,77.678694,7.1
470.0,veh_009,car,12.943752,77.675575,9.179
470.0,veh_010,bus,12.939066,77.662259,5.753
470.0,veh_011,motorcycle,12.943196,77.674195,1.86
470.0,veh_012,motorcycle,12.933958,77.6499,11.287
470.0,veh_013,car,12.946925,77.694725,7.074
470.0,veh_015,bus,12.948922,77.700859,5.86
470.0,veh_016,car,12.936199,77.654354,6.366
470.0,veh_017,bus,12.933162,77.64879,7.492
470.0,veh_018,car,12.931349,77.645662,9.335
470.0,veh_019,bus,12.933968,77.650191,6.167
470.0,veh_020,car,12.944568,77.681642,7.975
470.0,veh_021,car,12.942544,77.672027,1.298
470.0,veh_022,car,12.927292,77.639712,8.61
470.0,veh_023,truck,12.940935,77.667519,5.398
470.0,veh_025,bus,12.937565,77.658027,4.14
470.0,veh_026,car,12.944251,77.676921,5.967
470.0,veh_027,motorcycle,12.93822,77.659786,14.708
470.0,veh_028,car,12.943004,77.673516,8.103
470.0,veh_030,bus,12.93872,77.660855,5.448
470.0,veh_031,car,12.943385,77.674603,8.496
470.0,veh_033,car,12.946833,77.694575,4.291
470.0,veh_035,car,12.936245,77.654153,7.719
470.0,veh_036,motorcycle,12.944806,77.683883,9.142
470.0,veh_037,car,12.930209,77.644014,11.235
470.0,veh_038,motorcycle,12.945695,77.689464,9.14
470.0,veh_039,bus,12.942065,77.67086,5.735
470.0,veh_040,car,12.9294,77.642696,12.942
470.0,veh_041,motorcycle,12.935009,77.651803,10.005
470.0,veh_042,car,12.93562,77.653111,9.652
470.0,veh_043,car,12.928592,77.641648,14.364
470.0,veh_044,car,12.947855,77.697473,12.307
470.0,veh_045,car,12.94463,77.682508,6.751
470.0,veh_049,bus,12.944751,77.683631,4.835
471.0,veh_000,car,12.946071,77.691458,8.517
471.0,veh_002,car,12.928161,77.640995,3.206
471.0,veh_003,car,12.931271,77.645405,7.377
471.0,veh_004,car,12.940888,77.66729,8.286
471.0,veh_005,car,12.945265,77.687769,8.496
471.0,veh_006,car,12.936921,77.656104,6.035
471.0,veh_007,car,12.935048,77.652122,8.254
471.0,veh_008,car,12.944306,77.678776,10.927
471.0,veh_009,car,12.943796,77.67564,3.302
471.0,veh_010,bus,12.93913,77.662278,7.108
471.0,veh_011,motorcycle,12.943318,77.674288,3.955
471.0,veh_012,motorcycle,12.933813,77.649755,2.976
471.0,veh_013,car,12.946845,77.694764,11.734
471.0,veh_015,bus,12.948914,77.700841,4.078
471.0,veh_016,car,12.936369,77.654402,5.703
471.0,veh_017,bus,12.933166,77.648813,5.049
471.0,veh_018,car,12.931415,77.645757,10.284
471.0,veh_019,bus,12.93406,77.650177,4.581
471.0,veh_020,car,12.944633,77.68167,6.218
471.0,veh_021,car,12.942521,77.672127,3.132
471.0,veh_022,car,12.927307,77.639767,7.481
471.0,veh_023,truck,12.94097,77.667538,3.601
471.0,veh_025,bus,12.937602,77.658108,6.064
471.0,veh_026,car,12.944176,77.677059,5.821
471.0,veh_027,motorcycle,12.938178,77.65987,6.562
471.0,veh_028,car,12.942976,77.673535,4.845
471.0,veh_030,bus,12.938658,77.660896,5.547
471.0,veh_031,car,12.94345,77.674662,14.495
471.0,veh_033,car,12.946861,77.694685,8.472
471.0,veh_035,car,12.936312,77.654206,5.19
471.0,veh_036,motorcycle,12.944807,77.684129,12.059
471.0,veh_037,car,12.930292,77.644058,9.284
471.0,veh_038,motorcycle,12.945763,77.689597,5.047
471.0,veh_039,bus,12.942099,77.670876,7.871
471.0,veh_040,car,12.929488,77.642779,11.036
471.0,veh_041,motorcycle,12.934964,77.651862,7.826
471.0,veh_042,car,12.935606,77.653073,9.481
471.0,veh_043,car,12.928697,77.641792,8.336
471.0,veh_044,car,12.947817,77.697521,4.527
471.0,veh_045,car,12.944683,77.682458,5.058
471.0,veh_049,bus,12.944728,77.683669,7.067
472.0,veh_000,car,12.946181,77.691496,7.868
472.0,veh_002,car,12.928203,77.641075,6.516
472.0,veh_003,car,12.931283,77.645503,13.957
472.0,veh_004,car,12.940849,77.667306,9.664
472.0,veh_005,car,12.945279,77.687802,8.122
472.0,veh_006,car,12.93695,77.656206,5.092
472.0,veh_007,car,12.935149,77.652145,11.985
472.0,veh_008,car,12.944323,77.678907,4.699
472.0,veh_009,car,12.943738,77.675705,5.479
472.0,veh_010,bus,12.939062,77.662489,8.011
472.0,veh_011,motorcycle,12.943258,77.674295,1.428
472.0,veh_012,motorcycle,12.933955,77.649984,14.058
472.0,veh_013,car,12.946877,77.694846,5.212
472.0,veh_015,bus,12.948976,77.70088,4.206
472.0,veh_016,car,12.93642,77.654466,6.912
472.0,veh_017,bus,12.933264,77.64891,6.314
472.0,veh_018,car,12.931471,77.645832,5.951
472.0,veh_019,bus,12.934027,77.650201,6.276
472.0,veh_020,car,12.944714,77.681802,9.144
472.0,veh_021,car,12.942493,77.672126,7.407
472.0,veh_022,car,12.927418,77.639807,5.261
472.0,veh_023,truck,12.940908,77.667452,7.118
472.0,veh_025,bus,12.937684,77.658103,5.063
472.0,veh_026,car,12.944356,77.676956,8.837
472.0,veh_027,motorcycle,12.938296,77.659978,7.919
472.0,veh_028,car,12.943067,77.673639,7.721
472.0,veh_030,bus,12.938662,77.660961,5.499
472.0,veh_031,car,12.94344,77.674819,15.395
472.0,veh_033,car,12.946792,77.694836,9.763
472.0,veh_035,car,12.936316,77.654244,6.38
472.0,veh_036,motorcycle,12.944837,77.684198,7.514
472.0,veh_037,car,12.930386,77.644268,11.49
472.0,veh_038,motorcycle,12.945766,77.689597,13.361
472.0,veh_039,bus,12.942169,77.670936,7.912
472.0,veh_040,car,12.929476,77.642888,8.737
472.0,veh_041,motorcycle,12.934999,77.651882,3.419
472.0,veh_042,car,12.935853,77.653246,8.164
472.0,veh_043,car,12.928771,77.641828,8.112
472.0,veh_044,car,12.947839,77.697584,6.612
472.0,veh_045,car,12.944675,77.682589,5.189
472.0,veh_049,bus,12.944848,77.683737,7.116
473.0,veh_000,car,12.946158,77.691517,5.103
473.0,veh_002,car,12.928196,77.641121,2.917
473.0,veh_003,car,12.931356,77.645496,13.571
473.0,veh_004,car,12.940898,77.667432,11.186
473.0,veh_005,car,12.94535,77.68785,10.933
473.0,veh_006,car,12.93708,77.656278,10.665
473.0,veh_007,car,12.935301,77.652185,9.908
473.0,veh_008,car,12.944388,77.678983,6.203
473.0,veh_009,car,12.94367,77.675706,8.606
473.0,veh_010,bus,12.939185,77.662513,9.82
473.0,veh_011,motorcycle,12.943363,77.674327,13.744
473.0,veh_012,motorcycle,12.934014,77.650117,6.785
473.0,veh_013,car,12.946989,77.694965,10.59
473.0,veh_015,bus,12.948983,77.700969,6.26
473.0,veh_016,car,12.93646,77.654606,10.976
473.0,veh_017,bus,12.933308,77.648915,5.709
473.0,veh_018,car,12.931492,77.645828,2.762
473.0,veh_019,bus,12.933995,77.650257,3.205
473.0,veh_020,car,12.944641,77.68194,8.671
473.0,veh_021,car,12.942684,77.67227,9.703
473.0,veh_022,car,12.92745,77.639915,8.674
473.0,veh_023,truck,12.941012,77.667478,4.348
473.0,veh_025,bus,12.937723,77.65818,7.37
473.0,veh_026,car,12.94416,77.677159,14.962
473.0,veh_027,motorcycle,12.938316,77.659999,10.445
473.0,veh_028,car,12.94307,77.673669,1.442
473.0,veh_030,bus,12.938665,77.660901,5.12
473.0,veh_031,car,12.943479,77.674885,7.958
473.0,veh_033,car,12.946928,77.694863,10.36
473.0,veh_035,car,12.93621,77.65433,12.431
473.0,veh_036,motorcycle,12.944846,77.684303,15.81
473.0,veh_037,car,12.93042,77.644264,9.977
473.0,veh_038,motorcycle,12.945785,77.689739,7.975
473.0,veh_039,bus,12.942052,77.670985,4.09
473.0,veh_040,car,12.929531,77.643025,9.852
473.0,veh_041,motorcycle,12.935048,77.652105,7.354
473.0,veh_042,car,12.935713,77.653262,7.085
473.0,veh_043,car,12.928811,77.641976,10.619
473.0,veh_044,car,12.947927,77.697656,8.395
473.0,veh_045,car,12.944673,77.682629,4.279
473.0,veh_049,bus,12.944846,77.683783,5.25
474.0,veh_000,car,12.946135,77.691668,7.715
474.0,veh_002,car,12.928295,77.641179,9.006
474.0,veh_003,car,12.931294,77.645605,10.956
474.0,veh_004,car,12.940891,77.667508,8.467
474.0,veh_005,car,12.945403,77.688035,12.595
474.0,veh_006,car,12.936981,77.656276,6.718
474.0,veh_007,car,12.935279,77.652302,9.628
474.0,veh_008,car,12.944424,77.679046,5.143
474.0,veh_009,car,12.943814,77.675766,8.432
474.0,veh_010,bus,12.939141,77.662619,8.668
474.0,veh_011,motorcycle,12.943283,77.674427,6.252
474.0,veh_012,motorcycle,12.933976,77.650256,12.438
474.0,veh_013,car,12.946955,77.695055,3.668
474.0,veh_016,car,12.936387,77.654582,7.531
474.0,veh_017,bus,12.933315,77.648947,5.413
474.0,veh_018,car,12.931488,77.645917,9.842
474.0,veh_019,bus,12.934047,77.650327,6.357
474.0,veh_020,car,12.944638,77.681994,8.666
474.0,veh_021,car,12.942646,77.672378,11.286
474.0,veh_022,car,12.927487,77.639928,10.906
474.0,veh_023,truck,12.941065,77.667563,4.378
474.0,veh_025,bus,12.937697,77.658184,6.792
474.0,veh_026,car,12.944182,77.677161,4.189
474.0,veh_027,motorcycle,12.93835,77.660117,17.868
474.0,veh_028,car,12.94312,77.67364,7.773
474.0,veh_030,bus,12.938688,77.661029,4.805
474.0,veh_031,car,12.943464,77.674876,3.433
474.0,veh_033,car,12.946971,77.694883,9.241
474.0,veh_035,car,12.936256,77.654396,7.131
474.0,veh_036,motorcycle,12.944905,77.684349,3.81
474.0,veh_037,car,12.930577,77.644422,10.916
474.0,veh_038,motorcycle,12.945826,77.689827,10.021
474.0,veh_039,bus,12.942227,77.670881,5.066
474.0,veh_040,car,12.929569,77.643115,11.506
474.0,veh_041,motorcycle,12.935046,77.65202,5.476
474.0,veh_042,car,12.935875,77.653335,10.812
474.0,veh_043,car,12.928894,77.641953,3.924
474.0,veh_044,car,12.947885,77.697706,4.673
474.0,veh_045,car,12.944643,77.682684,8.372
474.0,veh_049,bus,12.94479,77.683796,2.559
475.0,veh_000,car,12.946243,77.691587,10.744
475.0,veh_002,car,12.928268,77.641171,3.261
475.0,veh_003,car,12.931571,77.645666,13.207
475.0,veh_004,car,12.940977,77.667557,7.484
475.0,veh_005,car,12.94536,77.688077,4.71
475.0,veh_006,car,12.936996,77.656328,10.171
475.0,veh_007,car,12.935268,77.652409,6.955
475.0,veh_008,car,12.944427,77.679016,8.929
475.0,veh_009,car,12.943727,77.675851,1.14
475.0,veh_010,bus,12.939342,77.662626,5.935
475.0,veh_011,motorcycle,12.943336,77.674425,12.172
475.0,veh_012,motorcycle,12.934033,77.650223,4.544
475.0,veh_013,car,12.946987,77.694903,0.1
475.0,veh_016,car,12.936382,77.654632,6.617
475.0,veh_017,bus,12.933252,77.648932,3.524
475.0,veh_018,car,12.931595,77.646015,1.686
475.0,veh_019,bus,12.934208,77.650359,6.192
475.0,veh_020,car,12.944685,77.68202,12.346
475.0,veh_021,car,12.942635,77.672376,7.999
475.0,veh_022,car,12.927389,77.639997,8.818
475.0,veh_023,truck,12.94102,77.66763,6.163
475.0,veh_025,bus,12.937777,77.658284,7.059
475.0,veh_026,car,12.944226,77.677255,14.276
475.0,veh_027,motorcycle,12.938451,77.660302,13.995
475.0,veh_028,car,12.943193,77.673766,4.605
475.0,veh_030,bus,12.938673,77.661031,6.374
475.0,veh_031,car,12.94347,77.675116,15.716
475.0,veh_033,car,12.946936,77.694975,8.918
475.0,veh_035,car,12.936301,77.654477,6.711
475.0,veh_036,motorcycle,12.944815,77.684439,9.046
475.0,veh_037,car,12.930526,77.644319,7.293
475.0,veh_038,motorcycle,12.945764,77.689966,14.396
475.0,veh_039,bus,12.942181,77.670983,3.3
475.0,veh_040,car,12.929612,77.642965,4.405
475.0,veh_041,motorcycle,12.935177,77.652096,13.437
475.0,veh_042,car,12.935851,77.653384,9.54
475.0,veh_043,car,12.928872,77.641894,8.565
475.0,veh_044,car,12.9478,77.697805,6.338
475.0,veh_045,car,12.944736,77.682671,4.869
475.0,veh_049,bus,12.944912,77.683886,9.788
476.0,veh_000,car,12.946114,77.691663,10.305
476.0,veh_002,car,12.928312,77.641308,6.022
476.0,veh_003,car,12.931411,77.645761,12.606
476.0,veh_004,car,12.94101,77.667594,11.762
476.0,veh_005,car,12.945378,77.688187,6.029
476.0,veh_006,car,12.937152,77.656514,9.523
476.0,veh_007,car,12.935225,77.652476,8.06
476.0,veh_008,car,12.944408,77.679177,7.178
476.0,veh_009,car,12.943864,77.675925,8.857
476.0,veh_010,bus,12.939244,77.662685,7.708
476.0,veh_011,motorcycle,12.943395,77.674602,13.774
476.0,veh_012,motorcycle,12.933955,77.650225,7.041
476.0,veh_013,car,12.946917,77.694877,0.1
476.0,veh_016,car,12.936517,77.654782,11.279
476.0,veh_017,bus,12.933372,77.648986,5.669
476.0,veh_018,car,12.931632,77.646025,9.011
476.0,veh_019,bus,12.934017,77.650535,9.579
476.0,veh_020,car,12.944602,77.682172,12.972
476.0,veh_021,car,12.942606,77.672436,9.908
476.0,veh_022,car,12.927442,77.639967,4.271
476.0,veh_023,truck,12.941064,77.667651,3.589
476.0,veh_025,bus,12.937747,77.658414,7.457
476.0,veh_026,car,12.94426,77.677337,4.609
476.0,veh_027,motorcycle,12.938498,77.660302,11.758
476.0,veh_028,car,12.943138,77.673879,13.938
476.0,veh_030,bus,12.938626,77.661097,5.835
476.0,veh_031,car,12.943555,77.67507,8.481
476.0,veh_033,car,12.947046,77.695191,10.607
476.0,veh_035,car,12.936437,77.654548,8.636
476.0,veh_036,motorcycle,12.944786,77.684388,0.1
476.0,veh_037,car,12.930625,77.644444,11.835
476.0,veh_038,motorcycle,12.945798,77.689978,6.516
476.0,veh_039,bus,12.942145,77.671023,4.985
476.0,veh_040,car,12.929649,77.643149,17.407
476.0,veh_041,motorcycle,12.935145,77.652151,12.931
476.0,veh_042,car,12.935977,77.653402,6.23
476.0,veh_043,car,12.928953,77.642016,7.772
476.0,veh_044,car,12.947992,77.698037,16.635
476.0,veh_045,car,12.944756,77.682743,7.773
476.0,veh_049,bus,12.94493,77.683991,5.482
477.0,veh_000,car,12.946223,77.691774,5.77
477.0,veh_002,car,12.928353,77.641295,7.367
477.0,veh_003,car,12.931483,77.645944,17.794
477.0,veh_004,car,12.940962,77.667688,11.454
477.0,veh_005,car,12.945485,77.688296,5.808
477.0,veh_006,car,12.937078,77.656469,9.129
477.0,veh_007,car,12.935341,77.652447,8.089
477.0,veh_008,car,12.944514,77.67921,6.627
477.0,veh_009,car,12.9439,77.675999,7.625
477.0,veh_010,bus,12.939319,77.662742,6.501
477.0,veh_011,motorcycle,12.943379,77.674786,7.147
477.0,veh_012,motorcycle,12.934069,77.650353,10.829
477.0,veh_013,car,12.946934,77.69501,10.531
477.0,veh_016,car,12.93649,77.654885,13.047
477.0,veh_017,bus,12.933285,77.649082,4.871
477.0,veh_018,car,12.93154,77.646073,10.358
477.0,veh_019,bus,12.934132,77.65049,5.633
477.0,veh_020,car,12.944631,77.682218,5.822
477.0,veh_021,car,12.942655,77.672677,15.58
477.0,veh_022,car,12.927608,77.64009,9.494
477.0,veh_023,truck,12.941026,77.667606,4.357
477.0,veh_025,bus,12.937716,77.658351,6.561
477.0,veh_026,car,12.944364,77.677316,0.1
477.0,veh_027,motorcycle,12.938558,77.660497,7.793
477.0,veh_028,car,12.94319,77.674048,14.265
477.0,veh_030,bus,12.938691,77.661171,6.166
477.0,veh_031,car,12.943594,77.675167,6.089
477.0,veh_033,car,12.947076,77.695119,5.423
477.0,veh_035,car,12.936469,77.654677,13.044
477.0,veh_036,motorcycle,12.944891,77.684512,4.794
477.0,veh_037,car,12.930658,77.64454,2.314
477.0,veh_038,motorcycle,12.945788,77.690093,5.789
477.0,veh_039,bus,12.942225,77.671101,5.743
477.0,veh_040,car,12.9297,77.643128,10.615
477.0,veh_041,motorcycle,12.935299,77.652457,17.794
477.0,veh_042,car,12.935891,77.653562,6.212
477.0,veh_043,car,12.928942,77.642074,5.015
477.0,veh_044,car,12.948029,77.697953,10.676
477.0,veh_045,car,12.944673,77.68285,9.384
477.0,veh_049,bus,12.944862,77.683994,3.267
478.0,veh_000,car,12.946313,77.691764,8.153
478.0,veh_002,car,12.928486,77.64136,2.474
478.0,veh_003,car,12.931571,77.64608,8.1
478.0,veh_004,car,12.940982,77.667854,2.551
478.0,veh_005,car,12.945558,77.688177,6.274
478.0,veh_006,car,12.937158,77.65662,10.577
478.0,veh_007,car,12.935417,77.652503,10.714
478.0,veh_008,car,12.944316,77.67927,6.345
478.0,veh_009,car,12.943835,77.675937,9.22
478.0,veh_010,bus,12.939322,77.662761,4.122
478.0,veh_011,motorcycle,12.943423,77.674771,13.356
478.0,veh_012,motorcycle,12.93416,77.650453,12.247
478.0,veh_013,car,12.947018,77.695131,8.163
478.0,veh_016,car,12.936565,77.654899,7.029
478.0,veh_017,bus,12.933347,77.649015,4.184
478.0,veh_018,car,12.931699,77.646168,12.389
478.0,veh_019,bus,12.934213,77.650558,7.173
478.0,veh_020,car,12.944633,77.682268,2.397
478.0,veh_021,car,12.942755,77.672743,8.49
478.0,veh_022,car,12.927472,77.640124,4.997
478.0,veh_023,truck,12.940968,77.667648,1.482
478.0,veh_025,bus,12.937752,77.658468,6.542
478.0,veh_026,car,12.944186,77.677446,11.155
478.0,veh_027,motorcycle,12.938514,77.66059,12.597
478.0,veh_028,car,12.943214,77.674145,16.722
478.0,veh_030,bus,12.938758,77.661259,7.363
478.0,veh_031,car,12.943589,77.675281,9.717
478.0,veh_033,car,12.946999,77.695295,8.043
478.0,veh_035,car,12.936434,77.654851,14.08
478.0,veh_036,motorcycle,12.944997,77.684591,5.865
478.0,veh_037,car,12.93066,77.644611,12.473
478.0,veh_038,motorcycle,12.945915,77.690156,15.842
478.0,veh_039,bus,12.942208,77.671146,6.282
478.0,veh_040,car,12.929825,77.643405,14.975
478.0,veh_041,motorcycle,12.935335,77.65246,16.665
478.0,veh_042,car,12.935966,77.653565,8.847
478.0,veh_043,car,12.928931,77.642196,17.228
478.0,veh_044,car,12.948017,77.698063,6.079
478.0,veh_045,car,12.944771,77.68295,4.096
478.0,veh_049,bus,12.944869,77.684135,9.018
479.0,veh_000,car,12.946127,77.691891,7.826
479.0,veh_002,car,12.928471,77.641377,12.619
479.0,veh_003,car,12.931607,77.646103,14.244
479.0,veh_004,car,12.9411,77.667886,11.063
479.0,veh_005,car,12.945394,77.688307,11.213
479.0,veh_006,car,12.937208,77.656676,7.004
479.0,veh_007,car,12.935458,77.652659,11.351
479.0,veh_008,car,12.94456,77.679352,6.485
479.0,veh_009,car,12.943943,77.676193,10.213
479.0,veh_010,bus,12.93927,77.662811,5.534
479.0,veh_011,motorcycle,12.943503,77.675006,11.992
479.0,veh_012,motorcycle,12.934227,77.650405,9.666
479.0,veh_013,car,12.947079,77.695264,6.374
479.0,veh_016,car,12.936565,77.65498,7.123
479.0,veh_017,bus,12.933361,77.649181,6.371
479.0,veh_018,car,12.931788,77.646377,12.09
479.0,veh_019,bus,12.934248,77.650567,5.928
479.0,veh_020,car,12.944656,77.682236,5.275
479.0,veh_021,car,12.942904,77.67275,4.786
479.0,veh_022,car,12.927671,77.640088,3.787
479.0,veh_023,truck,12.940932,77.667772,4.76
479.0,veh_025,bus,12.937763,77.658532,4.21
479.0,veh_026,car,12.944226,77.677543,9.101
479.0,veh_027,motorcycle,12.938586,77.660813,11.565
479.0,veh_028,car,12.943183,77.674172,6.925
479.0,veh_030,bus,12.938837,77.661303,8.168
479.0,veh_031,car,12.943701,77.675209,4.613
479.0,veh_033,car,12.947054,77.695249,2.895
479.0,veh_035,car,12.936488,77.654873,10.282
479.0,veh_036,motorcycle,12.94493,77.684594,9.691
479.0,veh_037,car,12.930729,77.644641,5.641
479.0,veh_038,motorcycle,12.945887,77.690247,12.878
479.0,veh_039,bus,12.942177,77.671338,7.368
479.0,veh_040,car,12.929806,77.643366,5.268
479.0,veh_041,motorcycle,12.935268,77.652617,9.624
479.0,veh_042,car,12.936071,77.653643,9.499
479.0,veh_043,car,12.929046,77.642274,2.323
479.0,veh_044,car,12.948064,77.698028,0.709
479.0,veh_045,car,12.944682,77.682933,7.791
479.0,veh_049,bus,12.944881,77.684155,6.253
480.0,veh_000,car,12.946157,77.691991,7.009
480.0,veh_002,car,12.928583,77.64142,6.865
480.0,veh_003,car,12.931662,77.646192,9.956
480.0,veh_004,car,12.941107,77.667912,8.563
480.0,veh_005,car,12.945463,77.688494,7.234
480.0,veh_006,car,12.937228,77.656879,9.705
480.0,veh_007,car,12.935513,77.652696,7.183
480.0,veh_008,car,12.944443,77.679327,10.581
480.0,veh_009,car,12.943945,77.676227,10.213
480.0,veh_010,bus,12.93927,77.662867,4.513
480.0,veh_011,motorcycle,12.943594,77.675044,14.712
480.0,veh_012,motorcycle,12.934184,77.650538,7.029
480.0,veh_013,car,12.94703,77.695237,6.702
480.0,veh_016,car,12.936554,77.655082,6.282
480.0,veh_017,bus,12.933426,77.649209,6.064
480.0,veh_018,car,12.931804,77.646247,4.944
480.0,veh_019,bus,12.934305,77.650601,4.655
480.0,veh_020,car,12.944564,77.682336,10.034
480.0,veh_021,car,12.942773,77.672916,12.39
480.0,veh_022,car,12.927648,77.640206,10.381
480.0,veh_023,truck,12.941025,77.667792,4.414
480.0,veh_025,bus,12.9378,77.658606,4.648
480.0,veh_026,car,12.94424,77.677706,14.901
480.0,veh_027,motorcycle,12.938588,77.660713,8.655
480.0,veh_028,car,12.943206,77.674324,9.774
480.0,veh_030,bus,12.938829,77.661383,5.152
480.0,veh_031,car,12.943566,77.6753,7.189
480.0,veh_033,car,12.947048,77.695363,3.871
480.0,veh_035,car,12.936484,77.654891,6.928
480.0,veh_036,motorcycle,12.944843,77.684653,13.669
480.0,veh_037,car,12.930672,77.644694,9.711
480.0,veh_038,motorcycle,12.945912,77.690417,13.515
480.0,veh_039,bus,12.942211,77.671249,4.55
480.0,veh_040,car,12.929871,77.643492,5.283
480.0,veh_041,motorcycle,12.935437,77.652686,11.416
480.0,veh_042,car,12.936047,77.653866,12.518
480.0,veh_043,car,12.929103,77.642272,10.647
480.0,veh_044,car,12.948062,77.698145,11.607
480.0,veh_045,car,12.944694,77.683067,8.002
480.0,veh_049,bus,12.944946,77.684147,8.549
481.0,veh_000,car,12.946217,77.692121,12.574
481.0,veh_002,car,12.928421,77.641516,2.093
481.0,veh_003,car,12.931747,77.6462,11.754
481.0,veh_004,car,12.941116,77.667985,9.255
481.0,veh_005,car,12.945455,77.68841,4.682
481.0,veh_006,car,12.937145,77.656786,7.389
481.0,veh_007,car,12.935572,77.652842,8.181
481.0,veh_008,car,12.944356,77.679615,12.79
481.0,veh_009,car,12.943977,77.676207,8.713
481.0,veh_010,bus,12.939366,77.662825,4.18
481.0,veh_011,motorcycle,12.943677,77.675077,13.529
481.0,veh_012,motorcycle,12.934281,77.650571,9.315
481.0,veh_013,car,12.946967,77.695288,7.083
481.0,veh_016,car,12.93659,77.655144,7.789
481.0,veh_017,bus,12.933419,77.649191,1.966
481.0,veh_018,car,12.931802,77.64642,10.997
481.0,veh_019,bus,12.934302,77.650639,6.415
481.0,veh_020,car,12.944637,77.682482,10.216
481.0,veh_021,car,12.942818,77.673079,11.701
481.0,veh_022,car,12.927693,77.640274,11.697
481.0,veh_023,truck,12.941123,77.667848,5.724
481.0,veh_025,bus,12.937858,77.658481,4.427
481.0,veh_026,car,12.944256,77.677793,11.067
481.0,veh_027,motorcycle,12.938636,77.660769,6.906
481.0,veh_028,car,12.943189,77.674274,6.663
481.0,veh_030,bus,12.938826,77.661409,4.821
481.0,veh_031,car,12.943708,77.675437,7.387
481.0,veh_033,car,12.947082,77.695419,12.381
481.0,veh_035,car,12.936527,77.654965,8.766
481.0,veh_036,motorcycle,12.945006,77.684726,8.096
481.0,veh_037,car,12.930732,77.644717,9.802
481.0,veh_038,motorcycle,12.945947,77.690559,9.895
481.0,veh_039,bus,12.942289,77.671347,7.305
481.0,veh_040,car,12.92985,77.643469,7.622
481.0,veh_041,motorcycle,12.935653,77.652733,11.402
481.0,veh_042,car,12.936109,77.65386,3.699
481.0,veh_043,car,12.929238,77.642368,12.54
481.0,veh_044,car,12.948014,77.698236,9.498
481.0,veh_045,car,12.944695,77.683202,9.051
481.0,veh_049,bus,12.944797,77.684112,2.475
482.0,veh_000,car,12.946343,77.692143,9.583
482.0,veh_002,car,12.928513,77.641557,7.267
482.0,veh_003,car,12.931771,77.646453,8.062
482.0,veh_004,car,12.94112,77.668025,8.681
482.0,veh_005,car,12.945603,77.688446,5.266
482.0,veh_006,car,12.937164,77.656965,6.669
482.0,veh_007,car,12.935551,77.652878,7.946
482.0,veh_008,car,12.944358,77.679682,9.283
482.0,veh_009,car,12.943992,77.676376,10.195
482.0,veh_010,bus,12.939403,77.663037,8.313
482.0,veh_011,motorcycle,12.943628,77.675151,5.78
482.0,veh_012,motorcycle,12.93423,77.650627,10.942
482.0,veh_013,car,12.947102,77.695332,8.107
482.0,veh_016,car,12.936616,77.655163,6.407
482.0,veh_017,bus,12.933438,77.649294,4.88
482.0,veh_018,car,12.931825,77.64635,0.541
482.0,veh_019,bus,12.934342,77.650658,9.108
482.0,veh_020,car,12.944726,77.68266,14.935
482.0,veh_021,car,12.942848,77.673039,13.652
482.0,veh_022,car,12.927798,77.640287,3.669
482.0,veh_023,truck,12.941061,77.667956,5.836
482.0,veh_025,bus,12.937873,77.658597,5.833
482.0,veh_026,car,12.944307,77.677779,6.234
482.0,veh_027,motorcycle,12.9386,77.660927,9.578
482.0,veh_028,car,12.943368,77.674399,10.856
482.0,veh_030,bus,12.938885,77.661581,7.968
482.0,veh_031,car,12.94376,77.675392,11.488
482.0,veh_033,car,12.947109,77.69536,6.575
482.0,veh_035,car,12.93654,77.655053,11.14
482.0,veh_036,motorcycle,12.94484,77.684931,9.65
482.0,veh_037,car,12.930839,77.644881,14.823
482.0,veh_038,motorcycle,12.94594,77.69062,4.94
482.0,veh_039,bus,12.942332,77.671369,6.309
482.0,veh_040,car,12.929822,77.643582,3.659
482.0,veh_041,motorcycle,12.935486,77.652791,14.775
482.0,veh_042,car,12.936197,77.653857,10.743
482.0,veh_043,car,12.929206,77.642433,13.036
482.0,veh_044,car,12.948097,77.698317,8.377
482.0,veh_045,car,12.944705,77.683302,11.772
482.0,veh_049,bus,12.944911,77.684253,2.861
483.0,veh_000,car,12.94638,77.692289,6.73
483.0,veh_002,car,12.928551,77.641556,5.966
483.0,veh_003,car,12.931801,77.646333,11.499
483.0,veh_004,car,12.941205,77.668136,5.919
483.0,veh_005,car,12.945547,77.688516,7.276
483.0,veh_006,car,12.937257,77.656896,11.983
483.0,veh_007,car,12.935676,77.652899,11.286
483.0,veh_008,car,12.944433,77.679676,7.068
483.0,veh_009,car,12.944039,77.676491,10.575
483.0,veh_010,bus,12.939351,77.662918,5.564
483.0,veh_011,motorcycle,12.943594,77.675258,14.183
483.0,veh_012,motorcycle,12.934299,77.650863,10.395
483.0,veh_013,car,12.947213,77.695327,4.8
483.0,veh_016,car,12.936634,77.655195,4.329
483.0,veh_017,bus,12.933442,77.649293,4.705
483.0,veh_018,car,12.931916,77.646491,7.451
483.0,veh_019,bus,12.934365,77.650772,5.768
483.0,veh_020,car,12.944688,77.682603,2.205
483.0,veh_021,car,12.942816,77.673208,9.297
483.0,veh_022,car,12.927772,77.640336,7.106
483.0,veh_023,truck,12.941207,77.66789,4.08
483.0,veh_025,bus,12.937895,77.658758,3.32
483.0,veh_026,car,12.944277,77.678027,6.501
483.0,veh_027,motorcycle,12.938548,77.660898,0.1
483.0,veh_028,car,12.943391,77.674481,7.695
483.0,veh_030,bus,12.93894,77.661489,7.625
483.0,veh_031,car,12.943666,77.675564,8.619
483.0,veh_033,car,12.947142,77.695513,11.206
483.0,veh_035,car,12.936651,77.655093,7.354
483.0,veh_036,motorcycle,12.944947,77.684957,4.646
483.0,veh_037,car,12.93089,77.644849,3.918
483.0,veh_038,motorcycle,12.945938,77.690821,16.157
483.0,veh_039,bus,12.942354,77.671456,7.317
483.0,veh_040,car,12.929966,77.643684,12.299
483.0,veh_041,motorcycle,12.935671,77.652951,9.005
483.0,veh_042,car,12.936184,77.65396,9.583
483.0,veh_043,car,12.929358,77.642617,12.142
483.0,veh_044,car,12.948078,77.698282,6.7
483.0,veh_045,car,12.944722,77.683287,3.158
483.0,veh_049,bus,12.94487,77.6843,6.369
484.0,veh_000,car,12.946246,77.692358,9.988
484.0,veh_002,car,12.928597,77.641594,4.864
484.0,veh_003,car,12.931915,77.646329,6.853
484.0,veh_004,car,12.941231,77.668202,12.472
484.0,veh_005,car,12.945615,77.688741,12.286
484.0,veh_006,car,12.937314,77.657122,10.211
484.0,veh_007,car,12.935602,77.653044,7.647
484.0,veh_008,car,12.944572,77.679716,5.332
484.0,veh_009,car,12.944022,77.676549,8.313
484.0,veh_010,bus,12.939429,77.66302,7.641
484.0,veh_011,motorcycle,12.943604,77.675393,9.505
484.0,veh_012,motorcycle,12.93443,77.650936,13.595
484.0,veh_013,car,12.947136,77.695327,0.476
484.0,veh_016,car,12.936592,77.655218,12.791
484.0,veh_017,bus,12.933465,77.649265,4.937
484.0,veh_018,car,12.931905,77.646545,10.132
484.0,veh_019,bus,12.934353,77.650823,5.983
484.0,veh_020,car,12.944709,77.682679,8.765
484.0,veh_021,car,12.943009,77.673207,14.066
484.0,veh_022,car,12.927715,77.640407,1.021
484.0,veh_023,truck,12.941087,77.668064,4.688
484.0,veh_025,bus,12.937857,77.658725,5.368
484.0,veh_026,car,12.944299,77.677968,5.399
484.0,veh_027,motorcycle,12.938598,77.660918,6.62
484.0,veh_028,car,12.943238,77.674514,5.187
484.0,veh_030,bus,12.938862,77.661502,4.382
484.0,veh_031,car,12.943756,77.675678,10.057
484.0,veh_033,car,12.947224,77.695581,8.512
484.0,veh_035,car,12.936706,77.655187,9.89
484.0,veh_036,motorcycle,12.945001,77.684918,5.547
484.0,veh_037,car,12.930901,77.644936,6.26
484.0,veh_038,motorcycle,12.94595,77.690889,4.236
484.0,veh_039,bus,12.942304,77.671497,4.765
484.0,veh_040,car,12.930044,77.64374,8.694
484.0,veh_041,motorcycle,12.935588,77.652931,6.664
484.0,veh_042,car,12.936088,77.654018,3.489
484.0,veh_043,car,12.929208,77.642629,9.161
484.0,veh_044,car,12.94822,77.698475,12.333
484.0,veh_045,car,12.944776,77.683354,13.031
484.0,veh_049,bus,12.944801,77.684356,4.672
485.0,veh_000,car,12.946303,77.692409,8.791
485.0,veh_002,car,12.928659,77.641702,11.183
485.0,veh_003,car,12.931931,77.646563,9.576
485.0,veh_004,car,12.941184,77.6683,9.838
485.0,veh_005,car,12.94559,77.688762,14.182
485.0,veh_006,car,12.937357,77.657315,12.043
485.0,veh_007,car,12.935776,77.653108,11.546
485.0,veh_008,car,12.944456,77.679856,12.162
485.0,veh_009,car,12.944165,77.676659,7.514
485.0,veh_010,bus,12.939364,77.663097,3.618
485.0,veh_011,motorcycle,12.94367,77.675535,15.624
485.0,veh_012,motorcycle,12.934456,77.650984,15.179
485.0,veh_013,car,12.947125,77.695474,10.17
485.0,veh_016,car,12.9367,77.655332,6.285
485.0,veh_017,bus,12.933521,77.649266,3.139
485.0,veh_018,car,12.9319,77.646676,11.297
485.0,veh_019,bus,12.934399,77.650867,5.196
485.0,veh_020,car,12.944682,77.682788,8.237
485.0,veh_021,car,12.942934,77.673419,14.996
485.0,veh_022,car,12.927892,77.640459,10.694
485.0,veh_023,truck,12.941058,77.668058,4.585
485.0,veh_025,bus,12.937862,77.6588,8.423
485.0,veh_026,car,12.944339,77.677991,7.154
485.0,veh_027,motorcycle,12.938733,77.661053,10.792
485.0,veh_028,car,12.943358,77.674525,3.77
485.0,veh_030,bus,12.938855,77.6616,3.724
485.0,veh_031,car,12.943882,77.675711,8.12
485.0,veh_033,car,12.94721,77.695619,4.48
485.0,veh_035,car,12.936697,77.655327,8.815
485.0,veh_036,motorcycle,12.944947,77.685052,6.92
485.0,veh_037,car,12.930991,77.64509,14.619
485.0,veh_038,motorcycle,12.946104,77.690863,8.065
485.0,veh_039,bus,12.942345,77.67152,6.364
485.0,veh_040,car,12.930062,77.643668,3.048
485.0,veh_041,motorcycle,12.935609,77.65305,7.038
485.0,veh_042,car,12.936171,77.653951,11.862
485.0,veh_043,car,12.929382,77.642624,5.725
485.0,veh_044,car,12.948141,77.698527,6.553
485.0,veh_045,car,12.944695,77.68344,7.756
485.0,veh_049,bus,12.944874,77.684547,6.064
486.0,veh_000,car,12.946337,77.692581,4.404
486.0,veh_002,car,12.92872,77.641804,6.701
486.0,veh_003,car,12.93193,77.64669,13.31
486.0,veh_004,car,12.941233,77.668334,6.9
486.0,veh_005,car,12.945566,77.688866,6.03
486.0,veh_006,car,12.9374,77.657274,5.479
486.0,veh_007,car,12.935713,77.653094,3.011
486.0,veh_008,car,12.94445,77.679877,8.017
486.0,veh_009,car,12.944044,77.676633,5.66
486.0,veh_010,bus,12.939385,77.663125,6.26
486.0,veh_011,motorcycle,12.943767,77.675674,11.739
486.0,veh_012,motorcycle,12.934449,77.651165,13.363
486.0,veh_013,car,12.947052,77.695533,6.832
486.0,veh_016,car,12.936621,77.655425,8.677
486.0,veh_017,bus,12.933539,77.649435,5.99
486.0,veh_018,car,12.931963,77.646781,10.209
486.0,veh_019,bus,12.934447,77.650862,2.58
486.0,veh_020,car,12.944772,77.682882,8.712
486.0,veh_021,car,12.942898,77.673471,6.875
486.0,veh_022,car,12.927841,77.640547,12.831
486.0,veh_023,truck,12.941146,77.668056,7.167
486.0,veh_025,bus,12.937849,77.658853,5.866
486.0,veh_026,car,12.944277,77.677998,1.956
486.0,veh_027,motorcycle,12.938752,77.661117,8.65
486.0,veh_028,car,12.943466,77.674635,7.055
486.0,veh_030,bus,12.938907,77.661636,4.866
486.0,veh_031,car,12.943777,77.675855,12.042
486.0,veh_033,car,12.947129,77.695711,9.975
486.0,veh_035,car,12.936721,77.655356,10.434
486.0,veh_036,motorcycle,12.94496,77.685181,15.798
486.0,veh_037,car,12.931031,77.645162,7.524
486.0,veh_038,motorcycle,12.946016,77.690874,5.788
486.0,veh_039,bus,12.942322,77.67171,5.83
486.0,veh_040,car,12.930088,77.643813,12.924
486.0,veh_041,motorcycle,12.935777,77.653103,13.789
486.0,veh_042,car,12.936247,77.654064,12.061
486.0,veh_043,car,12.929357,77.642841,12.075
486.0,veh_044,car,12.948238,77.698633,7.441
486.0,veh_045,car,12.94478,77.683559,5.143
486.0,veh_049,bus,12.94487,77.684495,4.062
487.0,veh_000,car,12.94633,77.692547,7.194
487.0,veh_002,car,12.9287,77.641764,4.798
487.0,veh_003,car,12.931958,77.646646,1.495
487.0,veh_004,car,12.941232,77.668401,4.168
487.0,veh_005,car,12.945564,77.688868,4.178
487.0,veh_006,car,12.937462,77.657277,8.713
487.0,veh_007,car,12.93566,77.653207,1.548
487.0,veh_008,car,12.944367,77.679911,5.196
487.0,veh_009,car,12.944028,77.676653,1.841
487.0,veh_010,bus,12.939402,77.663195,3.73
487.0,veh_011,motorcycle,12.943798,77.675637,5.805
487.0,veh_012,motorcycle,12.934607,77.651163,8.97
487.0,veh_013,car,12.947127,77.695671,10.322
487.0,veh_016,car,12.936776,77.655513,10.423
487.0,veh_017,bus,12.933524,77.649483,4.942
487.0,veh_018,car,12.932062,77.646751,7.792
487.0,veh_019,bus,12.934288,77.650951,5.38
487.0,veh_020,car,12.944764,77.68295,4.251
487.0,veh_021,car,12.943055,77.673604,9.377
487.0,veh_022,car,12.927813,77.640692,11.798
487.0,veh_023,truck,12.941114,77.668168,5.449
487.0,veh_025,bus,12.937955,77.658883,4.925
487.0,veh_026,car,12.944282,77.678238,11.98
487.0,veh_027,motorcycle,12.938766,77.661157,7.198
487.0,veh_028,car,12.943424,77.674694,9.836
487.0,veh_030,bus,12.938923,77.661651,7.175
487.0,veh_031,car,12.943792,77.675898,11.028
487.0,veh_033,car,12.947203,77.695865,10.069
487.0,veh_035,car,12.936763,77.655526,10.729
487.0,veh_036,motorcycle,12.944922,77.685254,13.407
487.0,veh_037,car,12.931132,77.645153,5.2
487.0,veh_038,motorcycle,12.946029,77.690932,13.914
487.0,veh_039,bus,12.942408,77.671643,2.521
487.0,veh_040,car,12.930149,77.643793,3.724
487.0,veh_041,motorcycle,12.935692,77.653154,8.1
487.0,veh_042,car,12.936245,77.654188,10.113
487.0,veh_043,car,12.929353,77.642785,6.416
487.0,veh_044,car,12.948227,77.698685,9.449
487.0,veh_045,car,12.944783,77.683539,2.76
487.0,veh_049,bus,12.944869,77.684567,6.026
488.0,veh_000,car,12.946381,77.692638,15.763
488.0,veh_002,car,12.928763,77.641831,7.976
488.0,veh_003,car,12.931995,77.646561,3.162
488.0,veh_004,car,12.941353,77.668525,6.064
488.0,veh_005,car,12.945588,77.688913,9.257
488.0,veh_006,car,12.937403,77.65746,10.357
488.0,veh_007,car,12.935722,77.653165,2.838
488.0,veh_008,car,12.944436,77.680104,10.345
488.0,veh_009,car,12.944128,77.676718,10.183
488.0,veh_010,bus,12.939373,77.663248,5.143
488.0,veh_011,motorcycle,12.943684,77.675722,4.935
488.0,veh_012,motorcycle,12.934648,77.651277,16.323
488.0,veh_013,car,12.947264,77.695734,7.515
488.0,veh_016,car,12.9367,77.655603,11.7
488.0,veh_017,bus,12.933636,77.64942,6.43
488.0,veh_018,car,12.932036,77.64675,10.201
488.0,veh_019,bus,12.934495,77.650965,7.089
488.0,veh_020,car,12.944684,77.683039,10.114
488.0,veh_021,car,12.943022,77.673658,6.025
488.0,veh_022,car,12.927947,77.64073,4.586
488.0,veh_023,truck,12.941233,77.668167,1.951
488.0,veh_025,bus,12.93787,77.658961,5.018
488.0,veh_026,car,12.944411,77.678155,14.501
488.0,veh_027,motorcycle,12.938863,77.661181,4.527
488.0,veh_028,car,12.94341,77.674745,4.449
488.0,veh_030,bus,12.938916,77.661713,3.693
488.0,veh_031,car,12.943866,77.676059,10.36
488.0,veh_033,car,12.947237,77.695919,9.28
488.0,veh_035,car,12.936721,77.65554,12.823
488.0,veh_036,motorcycle,12.944932,77.685382,8.615
488.0,veh_037,car,12.931117,77.645275,11.497
488.0,veh_038,motorcycle,12.946073,77.691099,13.194
488.0,veh_039,bus,12.942429,77.671785,6.263
488.0,veh_040,car,12.930174,77.643935,14.666
488.0,veh_041,motorcycle,12.935872,77.653312,10.75
488.0,veh_042,car,12.936318,77.654222,6.282
488.0,veh_043,car,12.92945,77.642919,8.056
488.0,veh_044,car,12.948263,77.698803,14.32
488.0,veh_045,car,12.944804,77.683683,8.333
488.0,veh_049,bus,12.944796,77.684523,5.557
489.0,veh_000,car,12.946446,77.692694,10.47
489.0,veh_002,car,12.928705,77.641917,5.018
489.0,veh_003,car,12.932021,77.646746,6.094
489.0,veh_004,car,12.941351,77.668616,9.709
489.0,veh_005,car,12.945658,77.689112,12.629
489.0,veh_006,car,12.937471,77.657469,5.642
489.0,veh_007,car,12.935719,77.653288,12.104
489.0,veh_008,car,12.944537,77.680149,7.443
489.0,veh_009,car,12.944185,77.676792,11.886
489.0,veh_010,bus,12.939578,77.66319,7.266
489.0,veh_011,motorcycle,12.943742,77.675779,2.835
489.0,veh_012,motorcycle,12.934563,77.651396,10.957
489.0,veh_013,car,12.947243,77.695767,13.817
489.0,veh_016,car,12.936751,77.655804,13.036
489.0,veh_017,bus,12.933674,77.6495,5.686
489.0,veh_018,car,12.932096,77.646866,9.872
489.0,veh_019,bus,12.934463,77.651068,8.565
489.0,veh_020,car,12.94475,77.683051,7.257
489.0,veh_021,car,12.94307,77.673548,1.852
489.0,veh_022,car,12.928075,77.640744,6.729
489.0,veh_023,truck,12.941278,77.668241,6.251
489.0,veh_025,bus,12.937939,77.658857,4.603
489.0,veh_026,car,12.944354,77.678357,15.255
489.0,veh_027,motorcycle,12.93879,77.661296,12.648
489.0,veh_028,car,12.943531,77.674863,11.434
489.0,veh_030,bus,12.938953,77.661819,5.552
489.0,veh_031,car,12.943808,77.676177,9.396
489.0,veh_033,car,12.947292,77.695957,6.301
489.0,veh_035,car,12.936747,77.655582,4.602
489.0,veh_036,motorcycle,12.944905,77.685536,16.299
489.0,veh_037,car,12.931221,77.645287,8.549
489.0,veh_038,motorcycle,12.945955,77.691119,5.6
489.0,veh_039,bus,12.942422,77.671744,5.523
489.0,veh_040,car,12.930214,77.644023,8.601
489.0,veh_041,motorcycle,12.935813,77.653384,0.639
489.0,veh_042,car,12.936377,77.654207,8.719
489.0,veh_043,car,12.929511,77.642948,4.7
489.0,veh_044,car,12.948278,77.698834,11.776
489.0,veh_045,car,12.944804,77.683662,8.213
489.0,veh_049,bus,12.944851,77.684542,6.611
490.0,veh_000,car,12.946489,77.692829,8.271
490.0,veh_002,car,12.92888,77.641933,9.53
490.0,veh_003,car,12.932104,77.646757,5.854
490.0,veh_004,car,12.941328,77.668638,11.894
490.0,veh_005,car,12.945597,77.689143,5.53
490.0,veh_006,car,12.937475,77.657412,4.444
490.0,veh_007,car,12.935819,77.653349,10.035
490.0,veh_008,car,12.944469,77.680166,6.23
490.0,veh_009,car,12.944087,77.676997,5.33
490.0,veh_010,bus,12.93948,77.663288,2.237
490.0,veh_011,motorcycle,12.943704,77.675775,3.13
490.0,veh_012,motorcycle,12.934728,77.65158,6.121
490.0,veh_013,car,12.947269,77.69586,3.477
490.0,veh_016,car,12.936784,77.655826,5.803
490.0,veh_017,bus,12.933647,77.649588,3.55
490.0,veh_018,car,12.932183,77.646995,9.247
490.0,veh_019,bus,12.934536,77.651155,7.838
490.0,veh_020,car,12.944765,77.683181,5.658
490.0,veh_021,car,12.943033,77.673639,8.384
490.0,veh_022,car,12.928032,77.640775,0.155
490.0,veh_023,truck,12.941257,77.668217,4.196
490.0,veh_025,bus,12.937931,77.659,3.611
490.0,veh_026,car,12.944299,77.678391,9.156
490.0,veh_027,motorcycle,12.938767,77.661422,10.915
490.0,veh_028,car,12.943479,77.674878,6.934
490.0,veh_030,bus,12.939019,77.661825,3.87
490.0,veh_031,car,12.943963,77.67632,12.123
490.0,veh_033,car,12.947271,77.69599,6.438
490.0,veh_035,car,12.936851,77.655689,7.071
490.0,veh_036,motorcycle,12.944863,77.685477,8.282
490.0,veh_037,car,12.931175,77.645277,8.552
490.0,veh_038,motorcycle,12.946143,77.691249,12.074
490.0,veh_039,bus,12.942453,77.671749,4.203
490.0,veh_040,car,12.930247,77.644112,5.986
490.0,veh_041,motorcycle,12.9358,77.653397,8.225
490.0,veh_042,car,12.936293,77.654449,1.915
490.0,veh_043,car,12.929571,77.642919,8.528
490.0,veh_044,car,12.948423,77.699032,8.96
490.0,veh_045,car,12.944758,77.683728,7.858
490.0,veh_049,bus,12.9449,77.684654,7.225
491.0,veh_000,car,12.94635,77.69289,4.471
491.0,veh_002,car,12.928809,77.642059,8.11
491.0,veh_003,car,12.932064,77.646884,7.038
491.0,veh_004,car,12.941286,77.668753,9.403
491.0,veh_005,car,12.945676,77.689176,8.888
491.0,veh_006,car,12.937489,77.657527,11.264
491.0,veh_007,car,12.935812,77.653384,8.489
491.0,veh_008,car,12.944423,77.680242,4.981
491.0,veh_009,car,12.944128,77.67694,5.458
491.0,veh_010,bus,12.939478,77.663374,6.74
491.0,veh_011,motorcycle,12.943785,77.675795,11.173
491.0,veh_012,motorcycle,12.934783,77.651594,9.086
491.0,veh_013,car,12.947319,77.695973,8.082
491.0,veh_016,car,12.93675,77.655868,13.638
491.0,veh_017,bus,12.93361,77.649666,5.037
491.0,veh_018,car,12.932192,77.646935,6.46
491.0,veh_019,bus,12.934528,77.651168,6.419
491.0,veh_020,car,12.944666,77.683136,10.602
491.0,veh_021,car,12.943082,77.673794,8.398
491.0,veh_022,car,12.928031,77.640814,8.546
491.0,veh_023,truck,12.94123,77.668309,5.793
491.0,veh_025,bus,12.937964,77.659039,7.306
491.0,veh_026,car,12.944311,77.678449,4.626
491.0,veh_027,motorcycle,12.938854,77.661572,9.648
491.0,veh_028,car,12.943483,77.675118,12.109
491.0,veh_030,bus,12.939029,77.661923,7.689
491.0,veh_031,car,12.943951,77.676358,4.876
491.0,veh_033,car,12.947302,77.696049,8.439
491.0,veh_035,car,12.936776,77.655758,8.574
491.0,veh_036,motorcycle,12.944996,77.685608,7.555
491.0,veh_037,car,12.931278,77.645444,6.859
491.0,veh_038,motorcycle,12.946028,77.69134,13.485
491.0,veh_039,bus,12.942432,77.67175,6.444
491.0,veh_040,car,12.930311,77.64397,4.658
491.0,veh_041,motorcycle,12.935901,77.653361,7.517
491.0,veh_042,car,12.936334,77.654383,4.69
491.0,veh_043,car,12.929572,77.643031,8.739
491.0,veh_044,car,12.948369,77.698996,1.426
491.0,veh_045,car,12.944699,77.683838,8.497
491.0,veh_049,bus,12.944912,77.684852,6.114
492.0,veh_000,car,12.94642,77.693014,10.489
492.0,veh_002,car,12.929002,77.642102,11.958
492.0,veh_003,car,12.932089,77.647029,9.67
492.0,veh_004,car,12.941403,77.668862,4.636
492.0,veh_005,car,12.945653,77.689245,9.73
492.0,veh_006,car,12.937533,77.657664,6.416
492.0,veh_007,car,12.935898,77.653468,9.024
492.0,veh_008,car,12.944465,77.680236,3.568
492.0,veh_009,car,12.944225,77.676994,10.398
492.0,veh_010,bus,12.939478,77.663455,4.114
492.0,veh_011,motorcycle,12.943778,77.675916,1.305
492.0,veh_012,motorcycle,12.934797,77.651556,16.073
492.0,veh_013,car,12.947302,77.69599,9.968
492.0,veh_016,car,12.936905,77.655907,8.134
492.0,veh_017,bus,12.933612,77.649664,3.537
492.0,veh_018,car,12.93216,77.647204,8.075
492.0,veh_019,bus,12.934473,77.651227,3.149
492.0,veh_020,car,12.944686,77.683234,8.798
492.0,veh_021,car,12.943086,77.673809,9.226
492.0,veh_022,car,12.928044,77.640882,3.583
492.0,veh_023,truck,12.941209,77.668253,5.819
492.0,veh_025,bus,12.938065,77.659134,8.78
492.0,veh_026,car,12.944386,77.678503,5.447
492.0,veh_027,motorcycle,12.938985,77.661559,10.229
492.0,veh_028,car,12.94354,77.675059,11.373
492.0,veh_030,bus,12.939003,77.661939,3.972
492.0,veh_031,car,12.94397,77.676414,8.574
492.0,veh_033,car,12.947288,77.696156,9.601
492.0,veh_035,car,12.936859,77.65586,11.925
492.0,veh_036,motorcycle,12.944896,77.685861,16.804
492.0,veh_037,car,12.931293,77.645522,9.441
492.0,veh_038,motorcycle,12.946145,77.691468,9.432
492.0,veh_039,bus,12.942479,77.671842,4.207
492.0,veh_040,car,12.930375,77.644147,8.618
492.0,veh_041,motorcycle,12.935964,77.653487,9.001
492.0,veh_042,car,12.936439,77.654439,11.203
492.0,veh_043,car,12.929626,77.643132,12.018
492.0,veh_044,car,12.948244,77.698952,6.344
492.0,veh_045,car,12.944741,77.683878,4.555
492.0,veh_049,bus,12.944929,77.684785,6.525
493.0,veh_000,car,12.946416,77.693026,10.804
493.0,veh_002,car,12.928997,77.64225,7.195
493.0,veh_003,car,12.932071,77.646981,4.872
493.0,veh_004,car,12.94145,77.668811,5.097
493.0,veh_005,car,12.945627,77.689363,6.238
493.0,veh_006,car,12.937525,77.657588,10.194
493.0,veh_007,car,12.93595,77.653599,13.86
493.0,veh_008,car,12.944558,77.680297,12.22
493.0,veh_009,car,12.944167,77.677014,6.68
493.0,veh_010,bus,12.93958,77.66349,6.171
493.0,veh_011,motorcycle,12.943846,77.675884,8.767
493.0,veh_012,motorcycle,12.934864,77.651668,9.096
493.0,veh_013,car,12.947421,77.696147,12.921
493.0,veh_016,car,12.936915,77.656026,6.101
493.0,veh_017,bus,12.933674,77.649653,6.579
493.0,veh_018,car,12.932302,77.647099,7.591
493.0,veh_019,bus,12.934642,77.651353,6.257
493.0,veh_020,car,12.944783,77.683442,10.694
493.0,veh_021,car,12.943156,77.673845,1.429
493.0,veh_022,car,12.928198,77.640865,6.656
493.0,veh_023,truck,12.941306,77.668351,7.353
493.0,veh_025,bus,12.937972,77.659224,6.724
493.0,veh_026,car,12.944359,77.678696,12.286
493.0,veh_027,motorcycle,12.938882,77.661476,0.1
493.0,veh_028,car,12.943602,77.675202,10.767
493.0,veh_030,bus,12.938929,77.661971,6.786
493.0,veh_031,car,12.943974,77.676444,8.944
493.0,veh_033,car,12.947378,77.696254,7.168
493.0,veh_035,car,12.936893,77.655834,7.64
493.0,veh_036,motorcycle,12.944914,77.685844,8.069
493.0,veh_037,car,12.931326,77.645523,8.693
493.0,veh_038,motorcycle,12.94623,77.691557,7.897
493.0,veh_039,bus,12.942425,77.67191,8.804
493.0,veh_040,car,12.930361,77.644208,9.843
493.0,veh_041,motorcycle,12.935936,77.653568,6.452
493.0,veh_042,car,12.936347,77.654564,10.094
493.0,veh_043,car,12.929717,77.643134,6.498
493.0,veh_044,car,12.948375,77.699027,2.326
493.0,veh_045,car,12.944844,77.683958,9.581
493.0,veh_049,bus,12.944872,77.684796,5.813
494.0,veh_000,car,12.946531,77.693112,4.979
494.0,veh_002,car,12.928987,77.642291,5.725
494.0,veh_003,car,12.932145,77.647003,8.447
494.0,veh_004,car,12.941472,77.668872,8.804
494.0,veh_005,car,12.945794,77.6895,10.41
494.0,veh_006,car,12.937468,77.657804,7.584
494.0,veh_007,car,12.936003,77.653672,8.569
494.0,veh_008,car,12.94446,77.680496,7.091
494.0,veh_009,car,12.944221,77.677121,6.06
494.0,veh_010,bus,12.939521,77.663478,6.275
494.0,veh_011,motorcycle,12.943838,77.676061,9.244
494.0,veh_012,motorcycle,12.934993,77.651839,12.313
494.0,veh_013,car,12.947341,77.696168,6.846
494.0,veh_016,car,12.936909,77.656104,6.082
494.0,veh_017,bus,12.933739,77.649792,4.071
494.0,veh_018,car,12.932355,77.647245,10.462
494.0,veh_019,bus,12.934624,77.651202,3.871
494.0,veh_020,car,12.944817,77.68347,9.982
494.0,veh_021,car,12.943074,77.674014,10.472
494.0,veh_022,car,12.928101,77.640905,2.597
494.0,veh_023,truck,12.941179,77.668396,3.818
494.0,veh_025,bus,12.938082,77.65921,5.3
494.0,veh_026,car,12.944354,77.678671,4.328
494.0,veh_027,motorcycle,12.938964,77.66173,14.514
494.0,veh_028,car,12.94353,77.675217,9.036
494.0,veh_030,bus,12.939082,77.662048,3.956
494.0,veh_031,car,12.943999,77.676439,9.625
494.0,veh_033,car,12.947365,77.696245,7.598
494.0,veh_035,car,12.936924,77.656086,11.568
494.0,veh_036,motorcycle,12.945044,77.685985,13.772
494.0,veh_037,car,12.931364,77.645717,8.604
494.0,veh_038,motorcycle,12.946144,77.691588,6.776
494.0,veh_039,bus,12.942469,77.67193,2.873
494.0,veh_040,car,12.930479,77.644292,6.279
494.0,veh_041,motorcycle,12.93598,77.65354,8.973
494.0,veh_042,car,12.936398,77.654636,8.686
494.0,veh_043,car,12.929723,77.643254,7.88
494.0,veh_044,car,12.948339,77.699152,9.294
494.0,veh_045,car,12.944886,77.68413,12.423
494.0,veh_049,bus,12.944921,77.684937,8.732
495.0,veh_000,car,12.946549,77.693144,3.511
495.0,veh_002,car,12.928948,77.642157,8.903
495.0,veh_003,car,12.932214,77.647075,7.857
495.0,veh_004,car,12.941489,77.669021,11.244
495.0,veh_005,car,12.945715,77.689508,6.652
495.0,veh_006,car,12.937582,77.657809,7.808
495.0,veh_007,car,12.936033,77.6537,4.139
495.0,veh_008,car,12.94451,77.680535,8.289
495.0,veh_009,car,12.944295,77.677216,14.481
495.0,veh_010,bus,12.939667,77.663624,3.063
495.0,veh_011,motorcycle,12.943956,77.676103,4.747
495.0,veh_012,motorcycle,12.935027,77.651822,11.725
495.0,veh_013,car,12.947433,77.696185,9.091
495.0,veh_016,car,12.936911,77.656054,4.61
495.0,veh_017,bus,12.933629,77.649787,4.838
495.0,veh_018,car,12.932412,77.647401,16.71
495.0,veh_019,bus,12.934647,77.651329,8.34
495.0,veh_020,car,12.944814,77.683524,6.145
495.0,veh_021,car,12.943106,77.673987,10.532
495.0,veh_022,car,12.928199,77.640936,7.763
495.0,veh_023,truck,12.941289,77.668414,5.424
495.0,veh_025,bus,12.938088,77.659211,5.317
495.0,veh_026,car,12.944318,77.678742,7.124
495.0,veh_027,motorcycle,12.938997,77.661852,15.451
495.0,veh_028,car,12.943631,77.675334,10.125
495.0,veh_030,bus,12.939123,77.662049,7.521
495.0,veh_031,car,12.944042,77.676576,5.73
495.0,veh_033,car,12.94744,77.696362,10.159
495.0,veh_035,car,12.936997,77.655975,5.497
495.0,veh_036,motorcycle,12.94502,77.686214,12.46
495.0,veh_037,car,12.93147,77.645693,11.535
495.0,veh_038,motorcycle,12.946143,77.691614,4.157
495.0,veh_039,bus,12.942533,77.672016,3.662
495.0,veh_040,car,12.930438,77.644444,10.848
495.0,veh_041,motorcycle,12.936098,77.653697,10.508
495.0,veh_042,car,12.93642,77.654701,8.136
495.0,veh_043,car,12.929809,77.643341,14.415
495.0,veh_044,car,12.948368,77.699104,1.852
495.0,veh_045,car,12.944836,77.684162,10.938
495.0,veh_049,bus,12.944942,77.684982,5.67
496.0,veh_000,car,12.946491,77.69319,5.059
496.0,veh_002,car,12.929146,77.642316,8.324
496.0,veh_003,car,12.932255,77.647089,4.785
496.0,veh_004,car,12.941521,77.669152,11.369
496.0,veh_005,car,12.945706,77.689559,9.312
496.0,veh_006,car,12.937674,77.658038,15.144
496.0,veh_007,car,12.936078,77.653757,11.731
496.0,veh_008,car,12.944516,77.68056,10.033
496.0,veh_009,car,12.944165,77.677354,8.487
496.0,veh_010,bus,12.939593,77.663619,5.895
496.0,veh_011,motorcycle,12.943891,77.676137,9.638
496.0,veh_012,motorcycle,12.935044,77.651995,5.361
496.0,veh_013,car,12.94737,77.696305,7.83
496.0,veh_016,car,12.936947,77.656218,14.266
496.0,veh_017,bus,12.933815,77.649813,6.101
496.0,veh_018,car,12.932397,77.647498,6.905
496.0,veh_019,bus,12.934665,77.651404,1.519
496.0,veh_020,car,12.944783,77.683457,4.207
496.0,veh_021,car,12.943314,77.674195,11.834
496.0,veh_022,car,12.928174,77.641004,2.85
496.0,veh_023,truck,12.941295,77.668559,5.72
496.0,veh_025,bus,12.938025,77.659334,5.271
496.0,veh_026,car,12.944421,77.678824,9.684
496.0,veh_027,motorcycle,12.939103,77.661877,10.023
496.0,veh_028,car,12.943737,77.675445,4.626
496.0,veh_030,bus,12.939068,77.662072,3.999
496.0,veh_031,car,12.944087,77.676585,8.836
496.0,veh_033,car,12.947489,77.696473,4.035
496.0,veh_035,car,12.936996,77.65621,13.438
496.0,veh_036,motorcycle,12.94502,77.686165,10.105
496.0,veh_037,car,12.931482,77.645921,21.392
496.0,veh_038,motorcycle,12.94613,77.691762,15.679
496.0,veh_039,bus,12.942488,77.67204,4.279
496.0,veh_040,car,12.930573,77.644311,6.012
496.0,veh_041,motorcycle,12.936116,77.653795,12.458
496.0,veh_042,car,12.93648,77.654791,5.844
496.0,veh_043,car,12.929787,77.6434,3.941
496.0,veh_044,car,12.948335,77.69927,14.48
496.0,veh_045,car,12.944815,77.684243,12.287
496.0,veh_049,bus,12.944895,77.684942,4.623
497.0,veh_000,car,12.946407,77.693195,6.077
497.0,veh_002,car,12.929089,77.642374,1.453
497.0,veh_003,car,12.932329,77.647116,6.071
497.0,veh_004,car,12.941547,77.669219,6.054
497.0,veh_005,car,12.945695,77.689613,2.426
497.0,veh_006,car,12.937577,77.65806,10.147
497.0,veh_007,car,12.936078,77.653871,7.393
497.0,veh_008,car,12.944524,77.680674,7.238
497.0,veh_009,car,12.944148,77.677391,9.873
497.0,veh_010,bus,12.939613,77.663656,5.334
497.0,veh_011,motorcycle,12.94393,77.676232,6.468
497.0,veh_012,motorcycle,12.935045,77.651916,5.526
497.0,veh_013,car,12.947504,77.696452,8.017
497.0,veh_016,car,12.936968,77.656205,10.393
497.0,veh_017,bus,12.933792,77.649763,7.426
497.0,veh_018,car,12.932404,77.64746,0.611
497.0,veh_019,bus,12.934874,77.651358,8.149
497.0,veh_020,car,12.944767,77.683612,8.785
497.0,veh_021,car,12.943239,77.674181,7.755
497.0,veh_022,car,12.928272,77.641103,10.12
497.0,veh_023,truck,12.941365,77.668598,4.88
497.0,veh_025,bus,12.938113,77.659431,7.617
497.0,veh_026,car,12.944455,77.678956,5.355
497.0,veh_027,motorcycle,12.939095,77.662105,13.92
497.0,veh_028,car,12.943623,77.675376,13.066
497.0,veh_030,bus,12.939067,77.662127,3.054
497.0,veh_031,car,12.94406,77.676748,4.984
497.0,veh_033,car,12.947442,77.696422,7.517
497.0,veh_035,car,12.937061,77.656237,10.371
497.0,veh_036,motorcycle,12.945064,77.686237,9.053
497.0,veh_037,car,12.931603,77.646006,10.917
497.0,veh_038,motorcycle,12.946132,77.691762,2.332
497.0,veh_039,bus,12.942587,77.67207,6.403
497.0,veh_040,car,12.930509,77.644399,9.699
497.0,veh_041,motorcycle,12.936094,77.653829,8.081
497.0,veh_042,car,12.936452,77.65488,8.645
497.0,veh_043,car,12.929874,77.643446,8.821
497.0,veh_044,car,12.94843,77.699262,7.71
497.0,veh_045,car,12.944798,77.684312,6.765
497.0,veh_049,bus,12.944955,77.684962,6.203
498.0,veh_000,car,12.946545,77.693278,0.1
498.0,veh_002,car,12.929112,77.64235,1.888
498.0,veh_003,car,12.932311,77.647296,9.557
498.0,veh_004,car,12.941542,77.669245,10.884
498.0,veh_005,car,12.945749,77.689653,6.509
498.0,veh_006,car,12.937673,77.658092,4.381
498.0,veh_007,car,12.936077,77.653904,7.45
498.0,veh_008,car,12.944539,77.680775,8.828
498.0,veh_009,car,12.944207,77.677492,7.049
498.0,veh_010,bus,12.939619,77.663734,4.386
498.0,veh_011,motorcycle,12.943892,77.676206,2.866
498.0,veh_012,motorcycle,12.93513,77.65201,8.124
498.0,veh_013,car,12.947399,77.696446,5.017
498.0,veh_016,car,12.937013,77.656381,9.425
498.0,veh_017,bus,12.933853,77.64994,6.549
498.0,veh_018,car,12.932446,77.647517,6.5
498.0,veh_019,bus,12.934773,77.651437,6.274
498.0,veh_020,car,12.944826,77.683617,2.419
498.0,veh_021,car,12.943169,77.674228,3.774
498.0,veh_022,car,12.928324,77.641179,7.601
498.0,veh_023,truck,12.941392,77.668601,3.893
498.0,veh_025,bus,12.938096,77.659403,6.479
498.0,veh_026,car,12.944392,77.678985,12.939
498.0,veh_027,motorcycle,12.938999,77.662169,8.626
498.0,veh_028,car,12.943794,77.675651,13.041
498.0,veh_030,bus,12.9391,77.662263,7.664
498.0,veh_031,car,12.944051,77.676613,3.002
498.0,veh_033,car,12.947393,77.696552,2.792
498.0,veh_035,car,12.937064,77.656354,10.672
498.0,veh_036,motorcycle,12.945026,77.686388,9.873
498.0,veh_037,car,12.931682,77.64611,15.434
498.0,veh_038,motorcycle,12.946161,77.69189,3.236
498.0,veh_039,bus,12.942451,77.672077,2.178
498.0,veh_040,car,12.930666,77.644509,12.687
498.0,veh_041,motorcycle,12.936241,77.654022,13.453
498.0,veh_042,car,12.936478,77.65491,13.688
498.0,veh_043,car,12.929856,77.643377,9.66
498.0,veh_044,car,12.948432,77.699363,9.004
498.0,veh_045,car,12.944822,77.684436,9.092
498.0,veh_049,bus,12.944936,77.685065,3.794
499.0,veh_000,car,12.946539,77.693293,9.097
499.0,veh_002,car,12.929107,77.642516,11.417
499.0,veh_003,car,12.932401,77.647304,9.356
499.0,veh_004,car,12.941589,77.669311,6.468
499.0,veh_005,car,12.945815,77.689701,4.212
499.0,veh_006,car,12.937743,77.658204,5.123
499.0,veh_007,car,12.936188,77.653975,14.114
499.0,veh_008,car,12.944526,77.680804,8.015
499.0,veh_009,car,12.944225,77.677527,9.351
499.0,veh_010,bus,12.939631,77.6636,4.858
499.0,veh_011,motorcycle,12.943938,77.676241,0.1
499.0,veh_012,motorcycle,12.93507,77.652143,8.55
499.0,veh_013,car,12.947541,77.696487,7.797
499.0,veh_016,car,12.937095,77.656412,10.686
499.0,veh_017,bus,12.933842,77.649956,6.979
499.0,veh_018,car,12.932502,77.647493,6.592
499.0,veh_019,bus,12.934732,77.651419,3.144
499.0,veh_020,car,12.944756,77.683747,9.886
499.0,veh_021,car,12.943236,77.67426,7.958
499.0,veh_022,car,12.928317,77.641225,9.169
499.0,veh_023,truck,12.941393,77.668703,5.13
499.0,veh_025,bus,12.938116,77.659461,6.82
499.0,veh_026,car,12.944348,77.678973,7.966
499.0,veh_027,motorcycle,12.93909,77.662033,7.446
499.0,veh_028,car,12.94368,77.675715,4.699
499.0,veh_030,bus,12.939109,77.662248,3.756
499.0,veh_031,car,12.944117,77.676838,16.114
499.0,veh_033,car,12.947534,77.696667,11.316
499.0,veh_035,car,12.937071,77.656467,10.57
499.0,veh_036,motorcycle,12.945039,77.686485,10.674
499.0,veh_037,car,12.931651,77.646219,4.752
499.0,veh_038,motorcycle,12.946218,77.691888,7.938
499.0,veh_039,bus,12.942509,77.672145,6.555
499.0,veh_040,car,12.930639,77.644682,10.813
499.0,veh_041,motorcycle,12.936166,77.654026,9.891
499.0,veh_042,car,12.936559,77.655025,13.116
499.0,veh_043,car,12.929947,77.643557,9.841
499.0,veh_044,car,12.948528,77.699562,6.722
499.0,veh_045,car,12.944799,77.684576,15.431
499.0,veh_049,bus,12.94484,77.685134,6.293
500.0,veh_000,car,12.946524,77.693416,12.326
500.0,veh_002,car,12.929182,77.642455,9.006
500.0,veh_003,car,12.932373,77.6474,13.24
500.0,veh_004,car,12.941586,77.669315,8.259
500.0,veh_005,car,12.945865,77.689809,9.972
500.0,veh_006,car,12.937714,77.658166,4.544
500.0,veh_007,car,12.936202,77.653994,4.527
500.0,veh_008,car,12.944598,77.68085,3.816
500.0,veh_009,car,12.944212,77.677612,4.037
500.0,veh_010,bus,12.939698,77.663771,6.471
500.0,veh_011,motorcycle,12.94398,77.676248,3.506
500.0,veh_012,motorcycle,12.93518,77.652237,14.117
500.0,veh_013,car,12.947477,77.696645,5.496
500.0,veh_016,car,12.937071,77.656442,4.684
500.0,veh_017,bus,12.933977,77.650103,9.6
500.0,veh_018,car,12.932484,77.647601,7.741
500.0,veh_019,bus,12.934789,77.651564,7.934
500.0,veh_020,car,12.944776,77.683779,3.639
500.0,veh_021,car,12.943311,77.674355,6.105
500.0,veh_022,car,12.92843,77.641266,8.799
500.0,veh_023,truck,12.941339,77.66875,6.426
500.0,veh_025,bus,12.938147,77.65941,2.549
500.0,veh_026,car,12.944364,77.679162,9.351
500.0,veh_027,motorcycle,12.939121,77.662231,8.393
500.0,veh_028,car,12.943753,77.67561,4.837
500.0,veh_030,bus,12.939166,77.66222,3.656
500.0,veh_031,car,12.944131,77.676869,12.625
500.0,veh_033,car,12.947525,77.696646,7.372
500.0,veh_035,car,12.937024,77.656483,6.836
500.0,veh_036,motorcycle,12.945161,77.686522,18.457
500.0,veh_037,car,12.931681,77.646193,6.508
500.0,veh_038,motorcycle,12.946195,77.692051,16.666
500.0,veh_039,bus,12.942464,77.672194,4.985
500.0,veh_040,car,12.930658,77.64463,4.339
500.0,veh_041,motorcycle,12.936247,77.654137,10.803
500.0,veh_042,car,12.936489,77.655014,0.1
500.0,veh_043,car,12.929886,77.643576,5.461
500.0,veh_044,car,12.948504,77.699519,8.536
500.0,veh_045,car,12.944824,77.68474,13.319
500.0,veh_049,bus,12.94498,77.685172,4.805
501.0,veh_000,car,12.946565,77.693425,8.314
501.0,veh_002,car,12.929237,77.642534,4.3
501.0,veh_003,car,12.93244,77.647499,10.342
501.0,veh_004,car,12.941623,77.669425,5.637
501.0,veh_005,car,12.945835,77.689845,7.572
501.0,veh_006,car,12.937658,77.65824,6.795
501.0,veh_007,car,12.936306,77.6541,7.798
501.0,veh_008,car,12.944597,77.680951,8.86
501.0,veh_009,car,12.944275,77.677719,8.653
501.0,veh_010,bus,12.939773,77.663862,6.482
501.0,veh_011,motorcycle,12.944002,77.676403,15.779
501.0,veh_012,motorcycle,12.935124,77.652231,5.432
501.0,veh_013,car,12.947506,77.696622,10.444
501.0,veh_016,car,12.937069,77.656502,9.579
501.0,veh_017,bus,12.933942,77.650066,7.157
501.0,veh_018,car,12.932551,77.647661,10.614
501.0,veh_019,bus,12.934846,77.651674,7.274
501.0,veh_020,car,12.944785,77.684011,13.518
501.0,veh_021,car,12.943312,77.674474,11.738
501.0,veh_022,car,12.928425,77.641179,2.572
501.0,veh_023,truck,12.941362,77.668683,4.54
501.0,veh_025,bus,12.93809,77.659528,6.107
501.0,veh_026,car,12.944377,77.679212,5.082
501.0,veh_027,motorcycle,12.939184,77.662384,9.077
501.0,veh_028,car,12.943825,77.67572,4.767
501.0,veh_030,bus,12.939251,77.662371,5.358
501.0,veh_031,car,12.944212,77.677073,7.875
501.0,veh_033,car,12.947622,77.696822,9.208
501.0,veh_035,car,12.937084,77.656549,6.744
501.0,veh_036,motorcycle,12.945086,77.686729,11.104
501.0,veh_037,car,12.931703,77.646339,9.885
501.0,veh_038,motorcycle,12.946356,77.692128,15.744
501.0,veh_039,bus,12.942553,77.672176,1.001
501.0,veh_040,car,12.930884,77.644742,14.961
501.0,veh_041,motorcycle,12.936324,77.654158,9.084
501.0,veh_042,car,12.936576,77.655191,8.942
501.0,veh_043,car,12.929957,77.643742,7.956
501.0,veh_044,car,12.948579,77.699645,11.092
501.0,veh_045,car,12.944813,77.684685,10.204
501.0,veh_049,bus,12.945004,77.685168,6.178
502.0,veh_000,car,12.946523,77.693494,2.531
502.0,veh_002,car,12.929293,77.642631,9.733
502.0,veh_003,car,12.932386,77.64755,8.168
502.0,veh_004,car,12.941613,77.669444,10.538
502.0,veh_005,car,12.945724,77.689875,4.455
502.0,veh_006,car,12.937742,77.658379,7.057
502.0,veh_007,car,12.936256,77.654172,10.052
502.0,veh_008,car,12.94458,77.680982,5.673
502.0,veh_009,car,12.944258,77.677768,8.69
502.0,veh_010,bus,12.939782,77.663925,7.026
502.0,veh_011,motorcycle,12.943974,77.676556,10.871
502.0,veh_012,motorcycle,12.935315,77.652292,11.496
502.0,veh_013,car,12.947606,77.6967,9.409
502.0,veh_016,car,12.937163,77.656677,8.789
502.0,veh_017,bus,12.93407,77.650155,6.263
502.0,veh_018,car,12.932603,77.647784,13.351
502.0,veh_019,bus,12.934777,77.651581,5.804
502.0,veh_020,car,12.944852,77.683891,5.465
502.0,veh_021,car,12.943359,77.674466,5.649
502.0,veh_022,car,12.928434,77.641497,9.553
502.0,veh_023,truck,12.941429,77.668816,7.076
502.0,veh_025,bus,12.938145,77.659539,9.084
502.0,veh_026,car,12.944342,77.679298,7.003
502.0,veh_027,motorcycle,12.939109,77.662294,10.895
502.0,veh_028,car,12.943795,77.675821,8.26
502.0,veh_030,bus,12.939229,77.662443,5.155
502.0,veh_031,car,12.944197,77.677,7.399
502.0,veh_033,car,12.94756,77.696768,2.29
502.0,veh_035,car,12.937076,77.656586,2.394
502.0,veh_036,motorcycle,12.945207,77.68682,12.936
502.0,veh_037,car,12.931839,77.646421,13.752
502.0,veh_038,motorcycle,12.946272,77.692164,2.691
502.0,veh_039,bus,12.942549,77.672222,6.744
502.0,veh_040,car,12.930864,77.644841,10.625
502.0,veh_041,motorcycle,12.936316,77.654257,11.124
502.0,veh_042,car,12.93665,77.655261,7.756
502.0,veh_043,car,12.92995,77.643704,8.517
502.0,veh_044,car,12.948535,77.699627,4.398
502.0,veh_045,car,12.944922,77.684875,6.683
502.0,veh_049,bus,12.94493,77.685347,8.383
503.0,veh_000,car,12.946541,77.693586,3.447
503.0,veh_002,car,12.929314,77.642664,5.173
503.0,veh_003,car,12.93255,77.647623,9.037
503.0,veh_004,car,12.941621,77.669568,13.525
503.0,veh_005,car,12.94583,77.689905,8.326
503.0,veh_006,car,12.93782,77.658412,9.34
503.0,veh_007,car,12.936284,77.654207,7.212
503.0,veh_008,car,12.944566,77.68095,4.019
503.0,veh_009,car,12.944351,77.677889,14.061
503.0,veh_010,bus,12.939666,77.663877,4.43
503.0,veh_011,motorcycle,12.944081,77.676543,10.414
503.0,veh_012,motorcycle,12.935326,77.652546,14.489
503.0,veh_013,car,12.947577,77.696735,0.893
503.0,veh_016,car,12.937137,77.656846,11.902
503.0,veh_017,bus,12.933985,77.650226,7.663
503.0,veh_018,car,12.932646,77.647838,9.468
503.0,veh_019,bus,12.934912,77.651733,9.238
503.0,veh_020,car,12.944812,77.684055,7.482
503.0,veh_021,car,12.943337,77.674527,9.808
503.0,veh_022,car,12.928415,77.64146,7.227
503.0,veh_023,truck,12.941472,77.66888,5.567
503.0,veh_025,bus,12.93827,77.659658,5.384
503.0,veh_026,car,12.94441,77.6792,0.1
503.0,veh_027,motorcycle,12.939198,77.662406,10.349
503.0,veh_028,car,12.943799,77.675814,10.847
503.0,veh_030,bus,12.939259,77.66239,2.967
503.0,veh_031,car,12.944167,77.677115,9.185
503.0,veh_033,car,12.947631,77.696883,10.016
503.0,veh_035,car,12.937137,77.656624,6.955
503.0,veh_036,motorcycle,12.945148,77.686739,0.265
503.0,veh_037,car,12.931821,77.646449,3.468
503.0,veh_038,motorcycle,12.946252,77.692232,7.857
503.0,veh_039,bus,12.942536,77.672359,7.208
503.0,veh_040,car,12.93092,77.644945,12.892
503.0,veh_041,motorcycle,12.936335,77.654385,8.732
503.0,veh_042,car,12.936642,77.65525,7.74
503.0,veh_043,car,12.930163,77.643777,8.211
503.0,veh_044,car,12.948567,77.699745,2.973
503.0,veh_045,car,12.944943,77.684997,8.228
503.0,veh_049,bus,12.944889,77.685353,8.062
504.0,veh_000,car,12.94662,77.693587,10.258
504.0,veh_002,car,12.929363,77.642762,8.728
504.0,veh_003,car,12.932565,77.647697,9.75
504.0,veh_004,car,12.941724,77.669741,15.689
504.0,veh_005,car,12.945835,77.690098,9.277
504.0,veh_006,car,12.937854,77.658477,11.329
504.0,veh_007,car,12.936344,77.654365,12.493
504.0,veh_008,car,12.944616,77.68105,8.46
504.0,veh_009,car,12.944255,77.678018,8.753
504.0,veh_010,bus,12.939724,77.663985,2.886
504.0,veh_011,motorcycle,12.944046,77.676712,9.576
504.0,veh_012,motorcycle,12.935348,77.65258,8.485
504.0,veh_013,car,12.947468,77.696893,8.346
504.0,veh_016,car,12.937261,77.656832,7.028
504.0,veh_017,bus,12.934004,77.650197,7.413
504.0,veh_018,car,12.932741,77.647958,7.507
504.0,veh_019,bus,12.934978,77.651875,5.951
504.0,veh_020,car,12.944809,77.684073,11.714
504.0,veh_021,car,12.943344,77.674685,8.776
504.0,veh_022,car,12.928488,77.641404,2.35
504.0,veh_023,truck,12.941456,77.668861,4.098
504.0,veh_025,bus,12.938177,77.659757,7.712
504.0,veh_026,car,12.944449,77.679234,3.45
504.0,veh_027,motorcycle,12.939251,77.662486,3.243
504.0,veh_028,car,12.94391,77.676062,16.039
504.0,veh_030,bus,12.939197,77.662348,7.497
504.0,veh_031,car,12.944217,77.677123,5.397
504.0,veh_033,car,12.947718,77.697064,14.936
504.0,veh_035,car,12.93719,77.656673,7.711
504.0,veh_036,motorcycle,12.94517,77.686935,14.021
504.0,veh_037,car,12.931844,77.646461,7.24
504.0,veh_038,motorcycle,12.946375,77.692466,16.464
504.0,veh_039,bus,12.942614,77.67235,3.382
504.0,veh_040,car,12.930968,77.644896,2.992
504.0,veh_041,motorcycle,12.936314,77.654395,10.594
504.0,veh_042,car,12.936675,77.655328,4.858
504.0,veh_043,car,12.930066,77.643837,4.106
504.0,veh_044,car,12.948518,77.699737,7.648
504.0,veh_045,car,12.944909,77.685049,6.786
504.0,veh_049,bus,12.944967,77.685284,3.087
505.0,veh_000,car,12.946614,77.693746,10.238
505.0,veh_002,car,12.929419,77.642756,6.176
505.0,veh_003,car,12.932638,77.647759,10.641
505.0,veh_004,car,12.941713,77.669858,9.509
505.0,veh_005,car,12.945817,77.69021,8.929
505.0,veh_006,car,12.937798,77.658605,10.582
505.0,veh_007,car,12.936276,77.654433,10.412
505.0,veh_008,car,12.9446,77.681199,12.54
505.0,veh_009,car,12.944237,77.677999,11.117
505.0,veh_010,bus,12.939793,77.664035,6.165
505.0,veh_011,motorcycle,12.944004,77.676727,9.698
505.0,veh_012,motorcycle,12.93534,77.652515,8.957
505.0,veh_013,car,12.947563,77.696845,11.601
505.0,veh_016,car,12.937183,77.656896,9.563
505.0,veh_017,bus,12.934097,77.650261,6.757
505.0,veh_018,car,12.932745,77.64795,6.035
505.0,veh_019,bus,12.93495,77.651819,7.068
505.0,veh_020,car,12.944755,77.684236,6.012
505.0,veh_021,car,12.94337,77.674719,3.421
505.0,veh_022,car,12.928421,77.641505,10.782
505.0,veh_023,truck,12.941437,77.668918,6.322
505.0,veh_025,bus,12.938226,77.659856,4.647
505.0,veh_026,car,12.944494,77.6793,2.611
505.0,veh_027,motorcycle,12.939246,77.662654,9.935
505.0,veh_028,car,12.94388,77.6762,3.462
505.0,veh_030,bus,12.939123,77.662478,7.486
505.0,veh_031,car,12.944304,77.677287,7.958
505.0,veh_033,car,12.947622,77.697009,3.292
505.0,veh_035,car,12.937204,77.656769,10.095
505.0,veh_036,motorcycle,12.945263,77.687072,12.655
505.0,veh_037,car,12.931927,77.646531,7.974
505.0,veh_038,motorcycle,12.946374,77.692666,13.769
505.0,veh_039,bus,12.942639,77.672416,5.992
505.0,veh_040,car,12.931031,77.645009,9.228
505.0,veh_041,motorcycle,12.936383,77.654518,6.661
505.0,veh_042,car,12.936719,77.65531,8.271
505.0,veh_043,car,12.930295,77.643852,7.395
505.0,veh_044,car,12.948577,77.699888,3.539
505.0,veh_045,car,12.944895,77.685048,6.454
505.0,veh_049,bus,12.945021,77.685403,8.292
506.0,veh_000,car,12.946637,77.693785,9.009
506.0,veh_002,car,12.92945,77.642797,9.878
506.0,veh_003,car,12.932682,77.647871,2.777
506.0,veh_004,car,12.941815,77.669781,7.066
506.0,veh_005,car,12.945843,77.690264,13.048
506.0,veh_006,car,12.937865,77.658649,9.057
506.0,veh_007,car,12.936387,77.654469,6.456
506.0,veh_008,car,12.944571,77.681176,6.605
506.0,veh_009,car,12.944246,77.678107,8.649
506.0,veh_010,bus,12.9398,77.664068,6.824
506.0,veh_011,motorcycle,12.944141,77.67682,7.302
506.0,veh_012,motorcycle,12.935533,77.652575,6.123
506.0,veh_013,car,12.947648,77.696809,2.818
506.0,veh_016,car,12.937179,77.656895,3.992
506.0,veh_017,bus,12.934142,77.650375,6.822
506.0,veh_018,car,12.932688,77.647987,5.678
506.0,veh_019,bus,12.935004,77.652041,7.328
506.0,veh_020,car,12.944744,77.684213,10.545
506.0,veh_021,car,12.943511,77.674722,10.613
506.0,veh_022,car,12.928444,77.641488,3.506
506.0,veh_023,truck,12.941463,77.668981,3.515
506.0,veh_025,bus,12.938294,77.659813,7.961
506.0,veh_026,car,12.944436,77.679471,8.835
506.0,veh_027,motorcycle,12.939282,77.662605,8.223
506.0,veh_028,car,12.943968,77.676196,11.169
506.0,veh_030,bus,12.939183,77.662548,4.208
506.0,veh_031,car,12.94412,77.677198,4.667
506.0,veh_033,car,12.947706,77.697031,12.191
506.0,veh_035,car,12.937259,77.656921,8.863
506.0,veh_036,motorcycle,12.945236,77.687131,6.91
506.0,veh_037,car,12.931873,77.646535,5.603
506.0,veh_038,motorcycle,12.946317,77.69251,5.795
506.0,veh_039,bus,12.942683,77.672418,6.366
506.0,veh_040,car,12.931066,77.645038,3.671
506.0,veh_041,motorcycle,12.936425,77.654586,6.63
506.0,veh_042,car,12.936841,77.65545,12.597
506.0,veh_043,car,12.930178,77.643957,4.091
506.0,veh_044,car,12.948509,77.699819,5.275
506.0,veh_045,car,12.945011,77.685038,8.87
506.0,veh_049,bus,12.944909,77.685556,6.95
507.0,veh_000,car,12.946593,77.693867,5.892
507.0,veh_002,car,12.929478,77.642881,6.905
507.0,veh_003,car,12.93262,77.647856,9.109
507.0,veh_004,car,12.941771,77.669928,10.071
507.0,veh_005,car,12.945769,77.690293,6.15
507.0,veh_006,car,12.937899,77.658749,12.044
507.0,veh_007,car,12.936412,77.6545,7.437
507.0,veh_008,car,12.944622,77.681202,7.728
507.0,veh_009,car,12.944308,77.678101,7.703
507.0,veh_010,bus,12.939846,77.664066,5.797
507.0,veh_011,motorcycle,12.944102,77.676802,9.09
507.0,veh_012,motorcycle,12.93552,77.652824,15.127
507.0,veh_013,car,12.947672,77.697039,11.347
507.0,veh_016,car,12.937252,77.656993,8.705
507.0,veh_017,bus,12.934126,77.650473,6.077
507.0,veh_018,car,12.932805,77.648105,15.641
507.0,veh_019,bus,12.935025,77.651924,5.221
507.0,veh_020,car,12.944759,77.684343,5.453
507.0,veh_021,car,12.943438,77.674922,5.142
507.0,veh_022,car,12.928544,77.641628,7.915
507.0,veh_023,truck,12.94151,77.668966,7.459
507.0,veh_025,bus,12.938307,77.659946,5.186
507.0,veh_026,car,12.944548,77.679505,10.994
507.0,veh_027,motorcycle,12.939244,77.662689,6.65
507.0,veh_028,car,12.943986,77.676192,9.468
507.0,veh_030,bus,12.939245,77.662506,4.691
507.0,veh_031,car,12.944267,77.677319,5.845
507.0,veh_033,car,12.94771,77.697196,6.859
507.0,veh_035,car,12.937223,77.656992,5.786
507.0,veh_036,motorcycle,12.945299,77.687204,11.958
507.0,veh_037,car,12.931829,77.646605,6.915
507.0,veh_038,motorcycle,12.94639,77.692678,12.103
507.0,veh_039,bus,12.942769,77.672481,5.368
507.0,veh_040,car,12.930969,77.64506,2.704
507.0,veh_041,motorcycle,12.936325,77.65463,8.267
507.0,veh_042,car,12.936651,77.655463,7.287
507.0,veh_043,car,12.930184,77.643998,7.196
507.0,veh_044,car,12.948617,77.699842,8.848
507.0,veh_045,car,12.944966,77.685307,15.356
507.0,veh_049,bus,12.944915,77.685592,4.689
508.0,veh_000,car,12.946627,77.693923,7.67
508.0,veh_002,car,12.929589,77.642902,8.818
508.0,veh_003,car,12.932724,77.647913,3.087
508.0,veh_004,car,12.941825,77.670091,10.135
508.0,veh_005,car,12.945961,77.690509,11.013
508.0,veh_006,car,12.937996,77.658851,14.286
508.0,veh_007,car,12.936441,77.654627,4.415
508.0,veh_008,car,12.944616,77.681386,11.594
508.0,veh_009,car,12.944404,77.678298,7.901
508.0,veh_010,bus,12.939875,77.664198,3.794
508.0,veh_011,motorcycle,12.94416,77.676942,6.062
508.0,veh_012,motorcycle,12.935543,77.652853,12.244
508.0,veh_013,car,12.947632,77.697069,8.671
508.0,veh_016,car,12.937195,77.657094,4.086
508.0,veh_017,bus,12.934155,77.650376,6.088
508.0,veh_018,car,12.932793,77.648209,4.285
508.0,veh_019,bus,12.934993,77.651947,4.334
508.0,veh_020,car,12.94493,77.684399,4.786
508.0,veh_021,car,12.943401,77.674951,7.429
508.0,veh_022,car,12.928669,77.641624,11.139
508.0,veh_023,truck,12.941575,77.66894,4.232
508.0,veh_025,bus,12.938364,77.659907,5.483
508.0,veh_026,car,12.944443,77.679532,7.966
508.0,veh_027,motorcycle,12.939378,77.662783,3.523
508.0,veh_028,car,12.943899,77.676278,7.657
508.0,veh_030,bus,12.939269,77.662562,5.461
508.0,veh_031,car,12.944251,77.677414,10.789
508.0,veh_033,car,12.947783,77.697274,8.729
508.0,veh_035,car,12.937322,77.656912,8.096
508.0,veh_036,motorcycle,12.945219,77.687318,4.316
508.0,veh_037,car,12.931951,77.646636,4.314
508.0,veh_038,motorcycle,12.946385,77.692773,9.609
508.0,veh_039,bus,12.942603,77.672485,6.679
508.0,veh_040,car,12.930993,77.645262,8.778
508.0,veh_041,motorcycle,12.936417,77.654723,5.175
508.0,veh_042,car,12.936752,77.655558,10.507
508.0,veh_043,car,12.930364,77.64418,9.499
508.0,veh_044,car,12.948588,77.699936,5.775
508.0,veh_045,car,12.944965,77.685426,12.206
508.0,veh_049,bus,12.944974,77.685587,4.202
509.0,veh_000,car,12.946655,77.694098,8.435
509.0,veh_002,car,12.929567,77.643134,9.543
509.0,veh_003,car,12.9328,77.648046,9.84
509.0,veh_004,car,12.94183,77.67002,5.251
509.0,veh_005,car,12.945892,77.690409,6.009
509.0,veh_006,car,12.938003,77.658903,13.644
509.0,veh_007,car,12.936409,77.654692,13.818
509.0,veh_008,car,12.944697,77.681455,7.833
509.0,veh_009,car,12.944301,77.678286,5.119
509.0,veh_010,bus,12.939836,77.664162,5.441
509.0,veh_011,motorcycle,12.944263,77.676932,10.708
509.0,veh_012,motorcycle,12.935582,77.652973,8.981
509.0,veh_013,car,12.947775,77.697165,14.035
509.0,veh_016,car,12.937212,77.657146,9.204
509.0,veh_017,bus,12.934183,77.650464,4.74
509.0,veh_018,car,12.9329,77.648321,12.886
509.0,veh_019,bus,12.935076,77.652013,4.149
509.0,veh_020,car,12.944857,77.684483,9.482
509.0,veh_021,car,12.943446,77.674991,7.718
509.0,veh_022,car,12.9286,77.641732,7.499
509.0,veh_023,truck,12.941515,77.669093,4.428
509.0,veh_025,bus,12.938301,77.659964,6.899
509.0,veh_026,car,12.94446,77.679755,13.642
509.0,veh_027,motorcycle,12.939319,77.662932,7.163
509.0,veh_028,car,12.944018,77.676444,9.442
509.0,veh_030,bus,12.93935,77.662621,6.458
509.0,veh_031,car,12.944277,77.677472,8.001
509.0,veh_033,car,12.947738,77.697266,5.0
509.0,veh_035,car,12.937234,77.657155,11.143
509.0,veh_036,motorcycle,12.945284,77.687417,14.177
509.0,veh_037,car,12.932029,77.646774,16.121
509.0,veh_038,motorcycle,12.946396,77.692835,7.65
509.0,veh_039,bus,12.942687,77.672618,4.961
509.0,veh_040,car,12.931052,77.645205,5.968
509.0,veh_041,motorcycle,12.936523,77.654751,7.053
509.0,veh_042,car,12.936827,77.655794,19.462
509.0,veh_043,car,12.930367,77.644131,9.603
509.0,veh_044,car,12.948593,77.700065,8.579
509.0,veh_045,car,12.944972,77.685408,7.28
509.0,veh_049,bus,12.9449,77.685704,6.33
510.0,veh_000,car,12.946742,77.694068,11.411
510.0,veh_002,car,12.929601,77.643065,10.972
510.0,veh_003,car,12.932817,77.647992,3.334
510.0,veh_004,car,12.941826,77.670146,6.681
510.0,veh_005,car,12.945893,77.690588,7.835
510.0,veh_006,car,12.937991,77.65898,5.497
510.0,veh_007,car,12.936518,77.654752,2.527
510.0,veh_008,car,12.944745,77.681619,10.454
510.0,veh_009,car,12.944371,77.678317,2.934
510.0,veh_010,bus,12.939845,77.664136,6.893
510.0,veh_011,motorcycle,12.944259,77.677096,14.8
510.0,veh_012,motorcycle,12.935713,77.653051,7.724
510.0,veh_013,car,12.947809,77.697184,5.175
510.0,veh_016,car,12.937307,77.657248,8.911
510.0,veh_017,bus,12.934235,77.65064,6.751
510.0,veh_018,car,12.93298,77.648401,13.354
510.0,veh_019,bus,12.93504,77.652062,2.666
510.0,veh_020,car,12.944908,77.684487,9.244
510.0,veh_021,car,12.943457,77.675004,5.977
510.0,veh_022,car,12.928701,77.6419,12.733
510.0,veh_023,truck,12.941559,77.669154,4.623
510.0,veh_025,bus,12.938332,77.660086,4.369
510.0,veh_026,car,12.944497,77.679812,6.16
510.0,veh_027,motorcycle,12.939283,77.662785,0.789
510.0,veh_028,car,12.944043,77.676465,12.294
510.0,veh_030,bus,12.939241,77.66272,7.749
510.0,veh_031,car,12.944228,77.677438,3.854
510.0,veh_033,car,12.947806,77.697236,6.034
510.0,veh_035,car,12.937354,77.65716,7.291
510.0,veh_036,motorcycle,12.945324,77.687425,9.826
510.0,veh_037,car,12.932061,77.646839,12.047
510.0,veh_038,motorcycle,12.946404,77.693026,12.437
510.0,veh_039,bus,12.942763,77.672669,7.395
510.0,veh_040,car,12.931206,77.645209,7.899
510.0,veh_041,motorcycle,12.936469,77.654875,5.011
510.0,veh_042,car,12.936845,77.65588,10.758
510.0,veh_043,car,12.930404,77.644137,8.428
510.0,veh_044,car,12.948782,77.700078,7.11
510.0,veh_045,car,12.944958,77.685525,7.052
510.0,veh_049,bus,12.945001,77.685769,7.205
511.0,veh_000,car,12.946762,77.694207,6.365
511.0,veh_002,car,12.929628,77.64321,13.086
511.0,veh_003,car,12.932758,77.648083,8.598
511.0,veh_004,car,12.941872,77.670181,10.603
511.0,veh_005,car,12.945907,77.690542,2.879
511.0,veh_006,car,12.937974,77.659009,2.528
511.0,veh_007,car,12.936493,77.654782,9.945
511.0,veh_008,car,12.944679,77.681725,9.927
511.0,veh_009,car,12.944381,77.678486,13.496
511.0,veh_010,bus,12.939818,77.664241,4.473
511.0,veh_011,motorcycle,12.944184,77.677349,15.805
511.0,veh_012,motorcycle,12.935676,77.653008,10.402
511.0,veh_013,car,12.947777,77.697312,13.154
511.0,veh_016,car,12.93741,77.657253,10.772
511.0,veh_017,bus,12.934294,77.650552,5.759
511.0,veh_018,car,12.932963,77.648401,2.48
511.0,veh_019,bus,12.935032,77.65213,4.038
511.0,veh_020,car,12.944816,77.684529,6.294
511.0,veh_021,car,12.943551,77.675076,10.294
511.0,veh_022,car,12.928852,77.641892,8.22
511.0,veh_023,truck,12.941502,77.66924,6.918
511.0,veh_025,bus,12.938383,77.660079,5.801
511.0,veh_026,car,12.944465,77.679737,5.357
511.0,veh_027,motorcycle,12.939308,77.662871,12.728
511.0,veh_028,car,12.944012,77.676601,12.62
511.0,veh_030,bus,12.939268,77.662871,6.311
511.0,veh_031,car,12.944288,77.677607,11.987
511.0,veh_033,car,12.947858,77.69752,9.534
511.0,veh_035,car,12.937318,77.657143,4.823
511.0,veh_036,motorcycle,12.9453,77.687687,10.808
511.0,veh_037,car,12.932132,77.646981,14.062
511.0,veh_038,motorcycle,12.946461,77.693114,7.094
511.0,veh_039,bus,12.942796,77.672715,6.96
511.0,veh_040,car,12.931124,77.645312,7.965
511.0,veh_041,motorcycle,12.936546,77.65482,14.45
511.0,veh_042,car,12.936864,77.65588,6.084
511.0,veh_043,car,12.93042,77.644235,9.022
511.0,veh_044,car,12.948762,77.700121,4.977
511.0,veh_045,car,12.944945,77.685596,13.746
511.0,veh_049,bus,12.945026,77.685682,3.934
512.0,veh_000,car,12.946765,77.694115,12.189
512.0,veh_002,car,12.929856,77.643328,9.527
512.0,veh_003,car,12.932785,77.648138,8.709
512.0,veh_004,car,12.941946,77.670239,8.849
512.0,veh_005,car,12.946041,77.69056,8.599
512.0,veh_006,car,12.938031,77.659043,4.788
512.0,veh_007,car,12.936467,77.654828,6.217
512.0,veh_008,car,12.944633,77.681669,4.675
512.0,veh_009,car,12.944385,77.678553,10.429
512.0,veh_010,bus,12.939864,77.664325,9.101
512.0,veh_011,motorcycle,12.944251,77.677376,10.678
512.0,veh_012,motorcycle,12.935783,77.653191,13.262
512.0,veh_013,car,12.94777,77.697356,3.228
512.0,veh_016,car,12.937343,77.657392,5.531
512.0,veh_017,bus,12.934218,77.650662,8.767
512.0,veh_018,car,12.933094,77.648452,11.311
512.0,veh_019,bus,12.935126,77.652043,4.434
512.0,veh_020,car,12.944968,77.684606,7.687
512.0,veh_021,car,12.94355,77.675156,8.045
512.0,veh_022,car,12.928842,77.641877,10.451
512.0,veh_023,truck,12.94159,77.669241,6.782
512.0,veh_025,bus,12.938349,77.660168,5.528
512.0,veh_026,car,12.944485,77.679892,11.223
512.0,veh_027,motorcycle,12.939401,77.663017,9.996
512.0,veh_028,car,12.944107,77.676719,9.109
512.0,veh_030,bus,12.939328,77.662883,7.671
512.0,veh_031,car,12.944284,77.677706,11.127
512.0,veh_033,car,12.947894,77.697511,10.906
512.0,veh_035,car,12.937363,77.65732,5.581
512.0,veh_036,motorcycle,12.945344,77.687625,4.714
512.0,veh_037,car,12.932167,77.647098,13.066
512.0,veh_038,motorcycle,12.946447,77.693145,17.463
512.0,veh_039,bus,12.942745,77.672722,3.927
512.0,veh_040,car,12.9312,77.645292,8.611
512.0,veh_041,motorcycle,12.936525,77.654934,3.219
512.0,veh_042,car,12.936911,77.655961,7.056
512.0,veh_043,car,12.930519,77.644264,8.003
512.0,veh_044,car,12.948776,77.700311,12.804
512.0,veh_045,car,12.944972,77.685732,4.803
512.0,veh_049,bus,12.945038,77.685877,4.326
513.0,veh_000,car,12.946847,77.694367,13.613
513.0,veh_002,car,12.929726,77.643307,13.373
513.0,veh_003,car,12.932828,77.648094,4.8
513.0,veh_004,car,12.941881,77.670283,5.58
513.0,veh_005,car,12.94596,77.690636,3.845
513.0,veh_006,car,12.938019,77.659126,7.317
513.0,veh_007,car,12.936489,77.655001,9.881
513.0,veh_008,car,12.94462,77.681775,6.977
513.0,veh_009,car,12.944383,77.678598,2.648
513.0,veh_010,bus,12.939843,77.664407,7.044
513.0,veh_011,motorcycle,12.94423,77.677597,14.591
513.0,veh_012,motorcycle,12.93578,77.653297,11.29
513.0,veh_013,car,12.947792,77.697455,10.96
513.0,veh_016,car,12.937461,77.65736,9.508
513.0,veh_017,bus,12.934224,77.650726,6.256
513.0,veh_018,car,12.933075,77.648587,7.384
513.0,veh_019,bus,12.935192,77.652073,7.927
513.0,veh_020,car,12.944785,77.684735,8.081
513.0,veh_021,car,12.943672,77.675269,6.459
513.0,veh_022,car,12.928719,77.641924,8.324
513.0,veh_023,truck,12.941524,77.669337,7.12
513.0,veh_025,bus,12.938348,77.660219,6.691
513.0,veh_026,car,12.944477,77.680011,11.244
513.0,veh_027,motorcycle,12.939463,77.663217,15.012
513.0,veh_028,car,12.944027,77.676643,1.595
513.0,veh_030,bus,12.9393,77.662963,2.145
513.0,veh_031,car,12.944352,77.677809,3.151
513.0,veh_033,car,12.947838,77.697692,16.041
513.0,veh_035,car,12.937341,77.657265,5.061
513.0,veh_036,motorcycle,12.94531,77.687651,6.109
513.0,veh_037,car,12.932335,77.647122,6.547
513.0,veh_038,motorcycle,12.946501,77.693321,10.764
513.0,veh_039,bus,12.942825,77.67289,8.184
513.0,veh_040,car,12.931222,77.645476,8.61
513.0,veh_041,motorcycle,12.936584,77.654904,6.362
513.0,veh_042,car,12.936903,77.656018,6.15
513.0,veh_043,car,12.930432,77.644469,5.125
513.0,veh_044,car,12.948761,77.700344,13.526
513.0,veh_045,car,12.945017,77.685714,9.931
513.0,veh_049,bus,12.945037,77.685907,5.778
514.0,veh_000,car,12.946828,77.694341,1.453
514.0,veh_002,car,12.929774,77.643387,6.394
514.0,veh_003,car,12.932819,77.648259,6.934
514.0,veh_004,car,12.9419,77.670412,6.136
514.0,veh_005,car,12.946016,77.690654,6.106
514.0,veh_006,car,12.938104,77.65923,4.144
514.0,veh_007,car,12.936489,77.65503,0.468
514.0,veh_008,car,12.944702,77.681805,5.228
514.0,veh_009,car,12.944335,77.67862,6.159
514.0,veh_010,bus,12.939919,77.664423,6.168
514.0,veh_011,motorcycle,12.944238,77.677504,7.076
514.0,veh_012,motorcycle,12.935874,77.653356,14.573
514.0,veh_013,car,12.947805,77.69752,5.909
514.0,veh_016,car,12.937438,77.657543,5.911
514.0,veh_017,bus,12.934365,77.650645,2.174
514.0,veh_018,car,12.933119,77.648514,6.499
514.0,veh_019,bus,12.935196,77.652246,1.79
514.0,veh_020,car,12.944942,77.684808,10.346
514.0,veh_021,car,12.943518,77.675309,3.922
514.0,veh_022,car,12.928856,77.642109,6.035
514.0,veh_023,truck,12.941629,77.669379,3.888
514.0,veh_025,bus,12.93841,77.660135,4.33
514.0,veh_026,car,12.944533,77.680209,14.871
514.0,veh_027,motorcycle,12.939486,77.663331,18.124
514.0,veh_028,car,12.944061,77.676776,11.517
514.0,veh_030,bus,12.939347,77.662984,5.76
514.0,veh_031,car,12.944285,77.677761,11.692
514.0,veh_033,car,12.94797,77.697799,8.214
514.0,veh_035,car,12.937385,77.65739,7.632
514.0,veh_036,motorcycle,12.945273,77.687736,1.997
514.0,veh_037,car,12.932238,77.647111,5.332
514.0,veh_038,motorcycle,12.946569,77.693456,14.875
514.0,veh_039,bus,12.942749,77.672877,7.378
514.0,veh_040,car,12.931278,77.645442,12.109
514.0,veh_041,motorcycle,12.936635,77.654972,11.521
514.0,veh_042,car,12.936984,77.65603,5.83
514.0,veh_043,car,12.930554,77.644391,11.368
514.0,veh_044,car,12.948791,77.700491,7.932
514.0,veh_045,car,12.944895,77.685831,0.1
514.0,veh_049,bus,12.944976,77.685823,4.736
515.0,veh_000,car,12.946868,77.694387,10.271
515.0,veh_002,car,12.929789,77.643521,11.003
515.0,veh_003,car,12.93293,77.648291,12.807
515.0,veh_004,car,12.941943,77.670494,7.592
515.0,veh_005,car,12.946026,77.690783,17.838
515.0,veh_006,car,12.93807,77.659117,3.543
515.0,veh_007,car,12.936581,77.655032,4.557
515.0,veh_008,car,12.944643,77.681867,10.9
515.0,veh_009,car,12.94433,77.678702,6.369
515.0,veh_010,bus,12.939878,77.664531,3.58
515.0,veh_011,motorcycle,12.944212,77.677676,8.437
515.0,veh_012,motorcycle,12.9359,77.653434,7.899
515.0,veh_013,car,12.947831,77.697646,8.475
515.0,veh_016,car,12.937454,77.657544,6.921
515.0,veh_017,bus,12.93438,77.650675,1.383
515.0,veh_018,car,12.933047,77.648669,6.051
515.0,veh_019,bus,12.935185,77.652157,5.311
515.0,veh_020,car,12.94492,77.684993,8.452
515.0,veh_021,car,12.943612,77.675347,8.629
515.0,veh_022,car,12.928867,77.642068,8.644
515.0,veh_023,truck,12.94151,77.669351,5.836
515.0,veh_025,bus,12.938533,77.660243,6.386
515.0,veh_026,car,12.944562,77.680256,11.082
515.0,veh_027,motorcycle,12.939589,77.663238,5.085
515.0,veh_028,car,12.944243,77.676915,9.447
515.0,veh_030,bus,12.939424,77.662995,9.008
515.0,veh_031,car,12.944242,77.677881,2.8
515.0,veh_033,car,12.947809,77.697731,10.04
515.0,veh_035,car,12.937306,77.657467,8.329
515.0,veh_036,motorcycle,12.945351,77.687744,11.046
515.0,veh_037,car,12.932306,77.647188,6.684
515.0,veh_038,motorcycle,12.946596,77.693544,12.868
515.0,veh_039,bus,12.942727,77.672975,5.029
515.0,veh_040,car,12.931366,77.645509,8.319
515.0,veh_041,motorcycle,12.936599,77.655198,16.412
515.0,veh_042,car,12.936947,77.656158,5.64
515.0,veh_043,car,12.930552,77.644554,8.676
515.0,veh_044,car,12.948834,77.700517,8.986
515.0,veh_045,car,12.944923,77.685773,5.015
515.0,veh_049,bus,12.944981,77.685998,6.502
516.0,veh_000,car,12.946814,77.694438,10.976
516.0,veh_002,car,12.929995,77.643512,9.037
516.0,veh_003,car,12.932912,77.648469,9.54
516.0,veh_004,car,12.942102,77.670491,13.375
516.0,veh_005,car,12.946032,77.690974,11.319
516.0,veh_006,car,12.938018,77.659203,3.135
516.0,veh_007,car,12.936575,77.654989,3.684
516.0,veh_008,car,12.9447,77.682016,9.813
516.0,veh_009,car,12.944346,77.678779,10.217
516.0,veh_010,bus,12.939901,77.664359,6.578
516.0,veh_011,motorcycle,12.944244,77.677782,13.889
516.0,veh_012,motorcycle,12.935885,77.653523,9.047
516.0,veh_013,car,12.947822,77.697739,7.592
516.0,veh_016,car,12.937548,77.65761,7.967
516.0,veh_017,bus,12.93427,77.650821,5.202
516.0,veh_018,car,12.933141,77.648744,10.728
516.0,veh_019,bus,12.935185,77.652276,7.491
516.0,veh_020,car,12.944874,77.685014,8.881
516.0,veh_021,car,12.943756,77.675425,9.146
516.0,veh_022,car,12.928896,77.642132,3.982
516.0,veh_023,truck,12.941543,77.66939,3.987
516.0,veh_025,bus,12.93837,77.660305,6.628
516.0,veh_026,car,12.94445,77.680304,9.806
516.0,veh_027,motorcycle,12.939554,77.663424,11.092
516.0,veh_028,car,12.944184,77.676891,14.282
516.0,veh_030,bus,12.939395,77.663016,4.823
516.0,veh_031,car,12.944294,77.677935,8.185
516.0,veh_033,car,12.947892,77.697832,7.447
516.0,veh_035,car,12.937501,77.657452,8.5
516.0,veh_036,motorcycle,12.945373,77.687944,10.013
516.0,veh_037,car,12.932278,77.647285,7.027
516.0,veh_038,motorcycle,12.946524,77.693509,0.1
516.0,veh_039,bus,12.942834,77.672989,5.423
516.0,veh_040,car,12.931426,77.645506,3.935
516.0,veh_041,motorcycle,12.936688,77.655371,8.519
516.0,veh_042,car,12.937022,77.656215,13.773
516.0,veh_043,car,12.93062,77.644594,8.944
516.0,veh_044,car,12.948883,77.700594,7.357
516.0,veh_045,car,12.944982,77.685922,12.397
516.0,veh_049,bus,12.945056,77.686049,7.119
517.0,veh_000,car,12.946788,77.694587,10.327
517.0,veh_002,car,12.930024,77.643702,8.739
517.0,veh_003,car,12.933053,77.64843,3.184
517.0,veh_004,car,12.942008,77.670652,8.12
517.0,veh_005,car,12.945971,77.691034,5.736
517.0,veh_006,car,12.938099,77.659305,6.03
517.0,veh_007,car,12.93664,77.655088,8.759
517.0,veh_008,car,12.944623,77.682087,12.902
517.0,veh_009,car,12.944349,77.678821,7.151
517.0,veh_010,bus,12.939992,77.664678,4.108
517.0,veh_011,motorcycle,12.944252,77.677819,7.305
517.0,veh_012,motorcycle,12.936124,77.65368,16.752
517.0,veh_013,car,12.947907,77.697697,7.356
517.0,veh_016,car,12.937574,77.657747,11.125
517.0,veh_017,bus,12.934381,77.650852,4.182
517.0,veh_018,car,12.9332,77.648806,5.354
517.0,veh_019,bus,12.935272,77.652313,6.581
517.0,veh_020,car,12.944918,77.68516,8.736
517.0,veh_021,car,12.943692,77.675527,7.709
517.0,veh_022,car,12.929032,77.642138,6.559
517.0,veh_023,truck,12.941576,77.669482,3.352
517.0,veh_025,bus,12.938508,77.660476,6.761
517.0,veh_026,car,12.944601,77.680482,7.931
517.0,veh_027,motorcycle,12.939486,77.66359,10.894
517.0,veh_028,car,12.944224,77.676947,10.693
517.0,veh_030,bus,12.939485,77.66315,3.871
517.0,veh_031,car,12.94429,77.677941,4.926
517.0,veh_033,car,12.947896,77.697919,2.765
517.0,veh_035,car,12.937396,77.657494,8.09
517.0,veh_036,motorcycle,12.945411,77.688006,16.568
517.0,veh_037,car,12.932456,77.647373,9.248
517.0,veh_038,motorcycle,12.946589,77.693596,3.629
517.0,veh_039,bus,12.94276,77.673066,5.438
517.0,veh_040,car,12.931382,77.645664,9.062
517.0,veh_041,motorcycle,12.936707,77.655242,3.425
517.0,veh_042,car,12.936918,77.656319,9.286
517.0,veh_043,car,12.930717,77.644568,8.843
517.0,veh_044,car,12.948898,77.700623,7.806
517.0,veh_045,car,12.945105,77.686027,7.453
517.0,veh_049,bus,12.944997,77.68605,4.084
518.0,veh_000,car,12.946906,77.694678,8.632
518.0,veh_002,car,12.930009,77.643657,3.86
518.0,veh_003,car,12.932938,77.64842,7.317
518.0,veh_004,car,12.942,77.670706,8.724
518.0,veh_005,car,12.945974,77.691057,6.532
518.0,veh_006,car,12.938014,77.659239,0.1
518.0,veh_007,car,12.936588,77.655215,8.57
518.0,veh_008,car,12.944654,77.68212,4.079
518.0,veh_009,car,12.944454,77.678965,16.443
518.0,veh_010,bus,12.939954,77.664644,5.809
518.0,veh_011,motorcycle,12.944282,77.677871,5.739
518.0,veh_012,motorcycle,12.936005,77.653712,7.353
518.0,veh_013,car,12.947897,77.69781,7.955
518.0,veh_016,car,12.937574,77.657769,4.824
518.0,veh_017,bus,12.934396,77.650898,6.781
518.0,veh_018,car,12.933308,77.648858,13.202
518.0,veh_019,bus,12.935288,77.652407,5.295
518.0,veh_020,car,12.944833,77.685141,11.072
518.0,veh_021,car,12.943718,77.67549,8.076
518.0,veh_022,car,12.929155,77.642296,13.594
518.0,veh_023,truck,12.941579,77.669508,4.476
518.0,veh_025,bus,12.938491,77.660418,6.149
518.0,veh_026,car,12.944493,77.680405,6.583
518.0,veh_027,motorcycle,12.939634,77.663668,8.571
518.0,veh_028,car,12.944213,77.677131,5.95
518.0,veh_030,bus,12.9394,77.663207,4.727
518.0,veh_031,car,12.944287,77.678002,3.283
518.0,veh_033,car,12.94796,77.697942,8.097
518.0,veh_035,car,12.937466,77.657664,13.625
518.0,veh_036,motorcycle,12.945413,77.688144,4.135
518.0,veh_037,car,12.932363,77.6474,11.896
518.0,veh_038,motorcycle,12.946585,77.693589,6.938
518.0,veh_039,bus,12.942994,77.672962,5.791
518.0,veh_040,car,12.931433,77.645747,3.136
518.0,veh_041,motorcycle,12.93661,77.655447,15.627
518.0,veh_042,car,12.937002,77.656478,14.497
518.0,veh_043,car,12.930799,77.644631,8.107
518.0,veh_044,car,12.948929,77.700705,12.441
518.0,veh_045,car,12.94503,77.686007,7.729
518.0,veh_049,bus,12.945067,77.68611,6.923
519.0,veh_000,car,12.946852,77.694681,4.494
519.0,veh_002,car,12.930122,77.643746,10.318
519.0,veh_003,car,12.933001,77.648545,4.5
519.0,veh_004,car,12.942147,77.670814,8.988
519.0,veh_005,car,12.946075,77.691099,4.264
519.0,veh_006,car,12.938155,77.659313,11.058
519.0,veh_007,car,12.936589,77.655216,11.034
519.0,veh_008,car,12.944648,77.682212,13.984
519.0,veh_009,car,12.944391,77.679071,6.452
519.0,veh_010,bus,12.940073,77.664574,4.559
519.0,veh_011,motorcycle,12.944388,77.67793,4.978
519.0,veh_012,motorcycle,12.936052,77.653659,4.634
519.0,veh_013,car,12.947921,77.697881,5.08
519.0,veh_016,car,12.93764,77.657871,10.767
519.0,veh_017,bus,12.934492,77.650915,8.071
519.0,veh_018,car,12.933252,77.648936,6.713
519.0,veh_019,bus,12.935232,77.652401,4.033
519.0,veh_020,car,12.944982,77.685213,5.693
519.0,veh_021,car,12.943691,77.67554,8.355
519.0,veh_022,car,12.929169,77.642284,10.532
519.0,veh_023,truck,12.941614,77.669523,5.437
519.0,veh_025,bus,12.938436,77.66042,4.243
519.0,veh_026,car,12.944517,77.680536,9.107
519.0,veh_027,motorcycle,12.939706,77.66378,12.972
519.0,veh_028,car,12.944274,77.677152,7.087
519.0,veh_030,bus,12.939365,77.663268,8.122
519.0,veh_031,car,12.944337,77.678115,13.466
519.0,veh_033,car,12.947938,77.697935,7.035
519.0,veh_035,car,12.937518,77.657756,14.395
519.0,veh_036,motorcycle,12.945517,77.688327,20.08
519.0,veh_037,car,12.932381,77.647564,12.162
519.0,veh_038,motorcycle,12.946518,77.693794,11.665
519.0,veh_039,bus,12.942844,77.67324,4.88
519.0,veh_040,car,12.931442,77.645743,8.037
519.0,veh_041,motorcycle,12.936717,77.655444,6.01
519.0,veh_042,car,12.937081,77.656552,12.092
519.0,veh_043,car,12.930798,77.644671,7.784
519.0,veh_044,car,12.948888,77.700571,1.663
519.0,veh_045,car,12.94496,77.686163,15.726
519.0,veh_049,bus,12.945104,77.686187,6.364
520.0,veh_000,car,12.946922,77.694775,4.43
520.0,veh_002,car,12.930103,77.643814,6.919
520.0,veh_003,car,12.93305,77.648619,5.35
520.0,veh_004,car,12.942035,77.670881,11.237
520.0,veh_005,car,12.946019,77.691176,6.002
520.0,veh_006,car,12.938134,77.659443,4.775
520.0,veh_007,car,12.936728,77.655285,8.62
520.0,veh_008,car,12.9446,77.68234,8.121
520.0,veh_009,car,12.944467,77.679156,12.037
520.0,veh_010,bus,12.939948,77.664725,3.077
520.0,veh_011,motorcycle,12.944273,77.678059,13.166
520.0,veh_012,motorcycle,12.936183,77.653863,15.081
520.0,veh_013,car,12.947965,77.697924,10.266
520.0,veh_016,car,12.937556,77.657898,11.527
520.0,veh_017,bus,12.934479,77.650966,4.79
520.0,veh_018,car,12.933213,77.649065,8.017
520.0,veh_019,bus,12.93527,77.652411,4.521
520.0,veh_020,car,12.944963,77.685362,9.72
520.0,veh_021,car,12.943763,77.675697,12.636
520.0,veh_022,car,12.929116,77.64236,7.681
520.0,veh_023,truck,12.941667,77.669605,4.264
520.0,veh_025,bus,12.938521,77.660545,7.553
520.0,veh_026,car,12.944589,77.680685,10.653
520.0,veh_027,motorcycle,12.939618,77.663697,0.1
520.0,veh_028,car,12.944198,77.677218,9.563
520.0,veh_030,bus,12.939536,77.663302,7.308
520.0,veh_031,car,12.944354,77.678276,13.434
520.0,veh_033,car,12.948084,77.697985,8.756
520.0,veh_035,car,12.937458,77.657873,8.951
520.0,veh_036,motorcycle,12.945429,77.68826,0.1
520.0,veh_037,car,12.932544,77.647595,11.213
520.0,veh_038,motorcycle,12.946636,77.693798,14.104
520.0,veh_039,bus,12.942867,77.673176,7.316
520.0,veh_040,car,12.931436,77.645839,10.619
520.0,veh_041,motorcycle,12.936779,77.655614,7.91
520.0,veh_042,car,12.937127,77.656718,12.01
520.0,veh_043,car,12.930849,77.644841,7.236
520.0,veh_044,car,12.948948,77.700953,16.533
520.0,veh_045,car,12.945031,77.686279,10.139
520.0,veh_049,bus,12.945089,77.686106,5.21
521.0,veh_000,car,12.946929,77.694886,14.014
521.0,veh_002,car,12.930213,77.643795,10.764
521.0,veh_003,car,12.933162,77.648551,11.901
521.0,veh_004,car,12.942196,77.67097,0.1
521.0,veh_005,car,12.946141,77.691249,9.92
521.0,veh_006,car,12.938144,77.659482,8.41
521.0,veh_007,car,12.936709,77.655493,8.859
521.0,veh_008,car,12.944643,77.68242,8.857
521.0,veh_009,car,12.944402,77.679262,12.62
521.0,veh_010,bus,12.939998,77.664775,5.916
521.0,veh_011,motorcycle,12.944298,77.678111,12.504
521.0,veh_012,motorcycle,12.936151,77.653844,7.287
521.0,veh_013,car,12.948001,77.697855,0.572
521.0,veh_016,car,12.937641,77.658067,7.22
521.0,veh_017,bus,12.934531,77.650982,3.251
521.0,veh_018,car,12.933334,77.649055,11.887
521.0,veh_019,bus,12.935219,77.652508,7.906
521.0,veh_020,car,12.944944,77.685364,6.284
521.0,veh_021,car,12.94379,77.675737,8.153
521.0,veh_022,car,12.929134,77.64256,8.947
521.0,veh_023,truck,12.941853,77.669643,5.234
521.0,veh_025,bus,12.938528,77.660581,6.754
521.0,veh_026,car,12.944549,77.680651,9.304
521.0,veh_027,motorcycle,12.939711,77.663826,8.769
521.0,veh_028,car,12.944201,77.677306,8.108
521.0,veh_030,bus,12.939568,77.663326,6.782
521.0,veh_031,car,12.944314,77.678286,4.083
521.0,veh_033,car,12.948013,77.698171,5.413
521.0,veh_035,car,12.937538,77.657899,10.252
521.0,veh_036,motorcycle,12.945428,77.688279,11.147
521.0,veh_037,car,12.932637,77.647731,8.514
521.0,veh_038,motorcycle,12.946654,77.693986,18.375
521.0,veh_039,bus,12.943043,77.673273,6.023
521.0,veh_040,car,12.931513,77.645963,5.769
521.0,veh_041,motorcycle,12.936846,77.655701,14.001
521.0,veh_042,car,12.937168,77.656668,6.273
521.0,veh_043,car,12.930881,77.644836,12.425
521.0,veh_045,car,12.94504,77.686331,14.964
521.0,veh_049,bus,12.945011,77.686208,4.402
522.0,veh_000,car,12.946966,77.695019,9.297
522.0,veh_002,car,12.930151,77.644005,11.316
522.0,veh_003,car,12.933174,77.648887,7.753
522.0,veh_004,car,12.942148,77.670909,4.885
522.0,veh_005,car,12.946107,77.691294,10.527
522.0,veh_006,car,12.938158,77.659659,7.086
522.0,veh_007,car,12.936683,77.655569,12.512
522.0,veh_008,car,12.944732,77.682455,4.691
522.0,veh_009,car,12.944449,77.679329,2.111
522.0,veh_010,bus,12.940173,77.664819,6.148
522.0,veh_011,motorcycle,12.944266,77.67825,9.803
522.0,veh_012,motorcycle,12.936181,77.654068,10.535
522.0,veh_013,car,12.948025,77.698024,5.762
522.0,veh_016,car,12.937649,77.658101,12.506
522.0,veh_017,bus,12.934512,77.651059,6.121
522.0,veh_018,car,12.933378,77.649136,9.646
522.0,veh_019,bus,12.935365,77.652571,5.82
522.0,veh_020,car,12.944962,77.685402,6.834
522.0,veh_021,car,12.943755,77.675742,4.251
522.0,veh_022,car,12.929226,77.642577,9.272
522.0,veh_023,truck,12.941661,77.669632,4.412
522.0,veh_025,bus,12.938545,77.660591,6.023
522.0,veh_026,car,12.944558,77.680807,7.488
522.0,veh_027,motorcycle,12.939668,77.66394,16.095
522.0,veh_028,car,12.9442,77.677344,4.652
522.0,veh_030,bus,12.939508,77.663239,4.4
522.0,veh_031,car,12.944404,77.678301,3.204
522.0,veh_033,car,12.94806,77.698262,10.634
522.0,veh_035,car,12.937565,77.657975,5.121
522.0,veh_036,motorcycle,12.945541,77.688479,12.654
522.0,veh_037,car,12.932604,77.647752,7.132
522.0,veh_038,motorcycle,12.946714,77.69411,14.393
522.0,veh_039,bus,12.942933,77.67326,7.583
522.0,veh_040,car,12.931647,77.645955,6.898
522.0,veh_041,motorcycle,12.936712,77.655681,4.257
522.0,veh_042,car,12.937144,77.656899,13.126
522.0,veh_043,car,12.930839,77.644893,6.546
522.0,veh_045,car,12.945083,77.686456,4.263
522.0,veh_049,bus,12.944996,77.686324,4.997
523.0,veh_000,car,12.946973,77.69503,8.934
523.0,veh_002,car,12.930196,77.643964,1.842
523.0,veh_003,car,12.933197,77.648846,10.878
523.0,veh_004,car,12.942167,77.671025,10.905
523.0,veh_005,car,12.946178,77.691349,3.594
523.0,veh_006,car,12.938237,77.659676,6.006
523.0,veh_007,car,12.936656,77.655523,2.096
523.0,veh_008,car,12.94465,77.682509,11.413
523.0,veh_009,car,12.94431,77.67938,13.149
523.0,veh_010,bus,12.940057,77.664818,6.338
523.0,veh_011,motorcycle,12.94435,77.678327,9.158
523.0,veh_012,motorcycle,12.936253,77.654048,7.643
523.0,veh_013,car,12.94803,77.698036,8.133
523.0,veh_016,car,12.93766,77.658182,10.635
523.0,veh_017,bus,12.93448,77.651069,6.728
523.0,veh_018,car,12.933457,77.649238,8.205
523.0,veh_019,bus,12.935373,77.652615,5.068
523.0,veh_020,car,12.944948,77.685399,7.224
523.0,veh_021,car,12.943771,77.675806,2.545
523.0,veh_022,car,12.92932,77.642595,6.428
523.0,veh_023,truck,12.941764,77.669725,6.336
523.0,veh_025,bus,12.938498,77.660735,8.032
523.0,veh_026,car,12.94446,77.680948,12.221
523.0,veh_027,motorcycle,12.939777,77.663971,7.181
523.0,veh_028,car,12.944233,77.677382,8.722
523.0,veh_030,bus,12.939579,77.663447,4.196
523.0,veh_031,car,12.944345,77.678469,20.148
523.0,veh_033,car,12.94803,77.69826,4.411
523.0,veh_035,car,12.937649,77.658072,6.834
523.0,veh_036,motorcycle,12.945538,77.688482,11.673
523.0,veh_037,car,12.932608,77.647806,0.1
523.0,veh_038,motorcycle,12.946775,77.694262,12.031
523.0,veh_039,bus,12.943046,77.673274,5.227
523.0,veh_040,car,12.931499,77.645914,7.741
523.0,veh_041,motorcycle,12.936728,77.655756,7.122
523.0,veh_042,car,12.937164,77.656985,6.595
523.0,veh_043,car,12.930905,77.644909,4.747
523.0,veh_045,car,12.945127,77.686424,5.494
523.0,veh_049,bus,12.945077,77.686353,4.498
524.0,veh_000,car,12.947032,77.695084,10.467
524.0,veh_002,car,12.930274,77.64399,6.775
524.0,veh_003,car,12.933271,77.648854,8.815
524.0,veh_004,car,12.94229,77.671226,13.2
524.0,veh_005,car,12.946146,77.691493,10.649
524.0,veh_006,car,12.938164,77.659729,7.997
524.0,veh_007,car,12.93673,77.655528,6.024
524.0,veh_008,car,12.944686,77.682679,4.831
524.0,veh_009,car,12.944333,77.679529,10.616
524.0,veh_010,bus,12.940049,77.664915,7.029
524.0,veh_011,motorcycle,12.944286,77.678443,15.597
524.0,veh_012,motorcycle,12.936232,77.654169,6.33
524.0,veh_013,car,12.948018,77.698141,8.632
524.0,veh_016,car,12.937725,77.658287,10.155
524.0,veh_017,bus,12.934521,77.651063,5.481
524.0,veh_018,car,12.933461,77.649216,1.259
524.0,veh_019,bus,12.93543,77.652578,6.535
524.0,veh_020,car,12.944953,77.685602,11.959
524.0,veh_021,car,12.943873,77.675993,11.398
524.0,veh_022,car,12.929233,77.642644,1.402
524.0,veh_023,truck,12.941792,77.669729,3.086
524.0,veh_025,bus,12.938565,77.660794,7.153
524.0,veh_026,car,12.944611,77.680975,8.611
524.0,veh_027,motorcycle,12.93977,77.664166,9.355
524.0,veh_028,car,12.944247,77.677541,8.547
524.0,veh_030,bus,12.939586,77.663519,6.212
524.0,veh_031,car,12.9443,77.678617,11.567
524.0,veh_033,car,12.94807,77.698327,10.776
524.0,veh_035,car,12.937656,77.658124,11.831
524.0,veh_036,motorcycle,12.945572,77.688692,12.847
524.0,veh_037,car,12.932657,77.647724,6.873
524.0,veh_038,motorcycle,12.94674,77.6943,12.031
524.0,veh_039,bus,12.942918,77.673454,5.926
524.0,veh_040,car,12.931542,77.646127,7.882
524.0,veh_041,motorcycle,12.936829,77.655782,0.1
524.0,veh_042,car,12.937237,77.65697,10.638
524.0,veh_043,car,12.931022,77.64506,13.116
524.0,veh_045,car,12.945143,77.686517,7.321
524.0,veh_049,bus,12.945094,77.686414,8.462
525.0,veh_000,car,12.947014,77.695161,4.73
525.0,veh_002,car,12.930313,77.644181,17.614
525.0,veh_003,car,12.933241,77.649028,11.602
525.0,veh_004,car,12.942208,77.671224,5.455
525.0,veh_005,car,12.946089,77.691536,9.139
525.0,veh_006,car,12.938294,77.659747,9.738
525.0,veh_007,car,12.936668,77.655569,0.1
525.0,veh_008,car,12.944706,77.682771,9.875
525.0,veh_009,car,12.944506,77.679604,7.53
525.0,veh_010,bus,12.940182,77.664898,4.894
525.0,veh_011,motorcycle,12.944357,77.678532,7.842
525.0,veh_012,motorcycle,12.936276,77.654233,7.882
525.0,veh_013,car,12.948139,77.698193,9.477
525.0,veh_016,car,12.93768,77.658319,6.179
525.0,veh_017,bus,12.93452,77.651106,3.553
525.0,veh_018,car,12.933503,77.649189,6.291
525.0,veh_019,bus,12.935366,77.652684,5.063
525.0,veh_020,car,12.944996,77.685725,10.608
525.0,veh_021,car,12.943826,77.675975,6.549
525.0,veh_022,car,12.929316,77.642798,8.25
525.0,veh_023,truck,12.941702,77.669798,5.607
525.0,veh_025,bus,12.938607,77.660824,6.475
525.0,veh_026,car,12.944522,77.681038,9.992
525.0,veh_027,motorcycle,12.93982,77.664117,10.445
525.0,veh_028,car,12.944251,77.67756,5.058
525.0,veh_030,bus,12.939644,77.663533,4.6
525.0,veh_031,car,12.944335,77.678678,4.031
525.0,veh_033,car,12.948179,77.698401,7.888
525.0,veh_035,car,12.937709,77.658242,9.441
525.0,veh_036,motorcycle,12.945563,77.688829,13.346
525.0,veh_037,car,12.932713,77.647822,3.673
525.0,veh_038,motorcycle,12.94684,77.694343,16.608
525.0,veh_039,bus,12.942953,77.673429,3.706
525.0,veh_040,car,12.931683,77.646011,0.258
525.0,veh_041,motorcycle,12.936922,77.655851,8.111
525.0,veh_042,car,12.937282,77.657068,10.37
525.0,veh_043,car,12.931114,77.645169,11.142
525.0,veh_045,car,12.945145,77.686556,7.132
525.0,veh_049,bus,12.945078,77.686419,6.767
526.0,veh_000,car,12.94705,77.695142,5.947
526.0,veh_002,car,12.930469,77.644252,8.805
526.0,veh_003,car,12.93321,77.64901,12.409
526.0,veh_004,car,12.942226,77.671246,3.057
526.0,veh_005,car,12.946163,77.691615,6.949
526.0,veh_006,car,12.938285,77.659869,8.798
526.0,veh_007,car,12.936858,77.655569,3.095
526.0,veh_008,car,12.944794,77.682727,3.344
526.0,veh_009,car,12.944417,77.679736,9.113
526.0,veh_010,bus,12.940107,77.665069,4.606
526.0,veh_011,motorcycle,12.944349,77.678649,13.751
526.0,veh_012,motorcycle,12.936236,77.65424,6.679
526.0,veh_013,car,12.948082,77.698306,6.712
526.0,veh_016,car,12.937786,77.658371,3.507
526.0,veh_017,bus,12.934586,77.651189,8.975
526.0,veh_018,car,12.93361,77.649331,11.684
526.0,veh_019,bus,12.935511,77.652718,6.886
526.0,veh_020,car,12.944983,77.685785,9.323
526.0,veh_021,car,12.94396,77.676086,12.93
526.0,veh_022,car,12.929464,77.642688,11.526
526.0,veh_023,truck,12.94182,77.669728,5.659
526.0,veh_025,bus,12.938614,77.660814,2.721
526.0,veh_026,car,12.94459,77.681065,8.489
526.0,veh_027,motorcycle,12.939882,77.664306,13.721
526.0,veh_028,car,12.944342,77.677568,6.519
526.0,veh_030,bus,12.939524,77.6636,5.544
526.0,veh_031,car,12.944362,77.67875,10.848
526.0,veh_033,car,12.948189,77.698458,13.22
526.0,veh_035,car,12.937661,77.65841,3.696
526.0,veh_036,motorcycle,12.94553,77.6889,11.014
526.0,veh_037,car,12.9326,77.647797,6.306
526.0,veh_038,motorcycle,12.946748,77.694445,5.322
526.0,veh_039,bus,12.942949,77.673481,6.086
526.0,veh_040,car,12.93164,77.646107,3.094
526.0,veh_041,motorcycle,12.936875,77.655987,10.282
526.0,veh_042,car,12.937213,77.657103,2.049
526.0,veh_043,car,12.931166,77.645131,4.519
526.0,veh_045,car,12.945191,77.68665,1.065
526.0,veh_049,bus,12.945153,77.686518,8.654
527.0,veh_000,car,12.946968,77.695227,8.442
527.0,veh_002,car,12.930448,77.644174,2.709
527.0,veh_003,car,12.933379,77.649057,7.196
527.0,veh_004,car,12.942295,77.671462,16.27
527.0,veh_005,car,12.946212,77.691715,7.787
527.0,veh_006,car,12.938294,77.659977,5.377
527.0,veh_007,car,12.936736,77.655773,10.43
527.0,veh_008,car,12.944708,77.682808,9.254
527.0,veh_009,car,12.944377,77.679728,8.483
527.0,veh_010,bus,12.94012,77.664979,5.214
527.0,veh_011,motorcycle,12.944291,77.678802,9.06
527.0,veh_012,motorcycle,12.936217,77.654348,16.284
527.0,veh_013,car,12.94808,77.698328,7.56
527.0,veh_016,car,12.937742,77.658417,8.276
527.0,veh_017,bus,12.934681,77.651261,9.032
527.0,veh_018,car,12.933566,77.649483,6.605
527.0,veh_019,bus,12.935476,77.652784,5.001
527.0,veh_020,car,12.945038,77.685908,12.687
527.0,veh_021,car,12.944006,77.676199,12.995
527.0,veh_022,car,12.929403,77.642813,3.916
527.0,veh_023,truck,12.941724,77.669834,3.654
527.0,veh_025,bus,12.938635,77.660878,8.494
527.0,veh_026,car,12.944565,77.681191,4.714
527.0,veh_027,motorcycle,12.939927,77.664397,13.601
527.0,veh_028,car,12.944308,77.677723,9.172
527.0,veh_030,bus,12.93952,77.663614,8.487
527.0,veh_031,car,12.944254,77.67888,11.483
527.0,veh_033,car,12.948087,77.698604,1.982
527.0,veh_035,car,12.937807,77.658299,9.123
527.0,veh_036,motorcycle,12.945663,77.688908,3.792
527.0,veh_037,car,12.932799,77.647903,12.172
527.0,veh_038,motorcycle,12.946773,77.694674,9.305
527.0,veh_039,bus,12.94306,77.673585,3.304
527.0,veh_040,car,12.931567,77.646051,0.1
527.0,veh_041,motorcycle,12.93697,77.656119,13.03
527.0,veh_042,car,12.937252,77.657124,7.376
527.0,veh_043,car,12.93107,77.64526,9.597
527.0,veh_045,car,12.945246,77.686653,13.652
527.0,veh_049,bus,12.945223,77.686569,6.358
528.0,veh_000,car,12.947044,77.695298,6.187
528.0,veh_002,car,12.9305,77.644274,6.979
528.0,veh_003,car,12.933366,77.649163,6.194
528.0,veh_004,car,12.942375,77.67142,17.153
528.0,veh_005,car,12.946172,77.691779,13.214
528.0,veh_006,car,12.938235,77.660005,7.989
528.0,veh_007,car,12.936784,77.655784,4.458
528.0,veh_008,car,12.944832,77.682874,2.286
528.0,veh_009,car,12.944395,77.67977,6.633
528.0,veh_010,bus,12.940099,77.664961,5.178
528.0,veh_011,motorcycle,12.944306,77.678791,17.585
528.0,veh_012,motorcycle,12.93643,77.654485,13.819
528.0,veh_013,car,12.94805,77.698401,3.847
528.0,veh_016,car,12.937816,77.658476,8.484
528.0,veh_017,bus,12.934746,77.651415,6.91
528.0,veh_018,car,12.933606,77.649502,6.447
528.0,veh_019,bus,12.935533,77.652776,2.248
528.0,veh_020,car,12.944901,77.685914,7.793
528.0,veh_021,car,12.943952,77.676219,1.711
528.0,veh_022,car,12.929476,77.6428,9.801
528.0,veh_023,truck,12.941777,77.670018,5.789
528.0,veh_025,bus,12.938723,77.661034,7.509
528.0,veh_026,car,12.944558,77.681393,8.556
528.0,veh_027,motorcycle,12.939796,77.664431,1.37
528.0,veh_028,car,12.944253,77.677766,8.371
528.0,veh_030,bus,12.939656,77.663588,7.991
528.0,veh_031,car,12.944428,77.678926,7.7
528.0,veh_033,car,12.94826,77.698644,4.303
528.0,veh_035,car,12.937684,77.658534,12.702
528.0,veh_036,motorcycle,12.945669,77.689129,12.203
528.0,veh_037,car,12.932841,77.648089,12.743
528.0,veh_038,motorcycle,12.946922,77.694525,3.993
528.0,veh_039,bus,12.942983,77.673661,5.585
528.0,veh_040,car,12.931569,77.64612,9.018
528.0,veh_041,motorcycle,12.93688,77.656008,5.646
528.0,veh_042,car,12.937291,77.657213,4.615
528.0,veh_043,car,12.931118,77.645211,3.956
528.0,veh_045,car,12.945123,77.686696,8.181
528.0,veh_049,bus,12.945157,77.686597,4.121
529.0,veh_000,car,12.947136,77.695474,7.468
529.0,veh_002,car,12.930542,77.644292,0.1
529.0,veh_003,car,12.933449,77.649288,10.499
529.0,veh_004,car,12.942356,77.671603,0.801
529.0,veh_005,car,12.946222,77.691812,7.886
529.0,veh_006,car,12.93838,77.659878,3.55
529.0,veh_007,car,12.936821,77.655782,6.131
529.0,veh_008,car,12.944723,77.682962,11.419
529.0,veh_009,car,12.944444,77.679891,8.937
529.0,veh_010,bus,12.940136,77.665161,5.2
529.0,veh_011,motorcycle,12.944367,77.679121,13.855
529.0,veh_012,motorcycle,12.936459,77.654653,13.437
529.0,veh_013,car,12.948106,77.698456,9.962
529.0,veh_016,car,12.937866,77.658616,11.424
529.0,veh_017,bus,12.934717,77.651369,3.592
529.0,veh_018,car,12.933603,77.649481,7.865
529.0,veh_019,bus,12.935512,77.652784,4.932
529.0,veh_020,car,12.945013,77.685966,7.124
529.0,veh_021,car,12.943999,77.676332,13.369
529.0,veh_022,car,12.929551,77.642868,7.921
529.0,veh_023,truck,12.94178,77.67005,6.833
529.0,veh_025,bus,12.938603,77.661031,6.535
529.0,veh_026,car,12.944669,77.681281,5.501
529.0,veh_027,motorcycle,12.939842,77.664408,9.416
529.0,veh_028,car,12.944293,77.677726,8.298
529.0,veh_030,bus,12.939627,77.663674,6.334
529.0,veh_031,car,12.944313,77.678973,8.118
529.0,veh_033,car,12.948198,77.698658,4.596
529.0,veh_035,car,12.937827,77.658555,8.753
529.0,veh_036,motorcycle,12.945684,77.689093,8.958
529.0,veh_037,car,12.932772,77.648093,9.002
529.0,veh_038,motorcycle,12.946831,77.694644,8.468
529.0,veh_039,bus,12.943058,77.673597,2.633
529.0,veh_040,car,12.931745,77.646172,10.18
529.0,veh_041,motorcycle,12.937002,77.65619,10.772
529.0,veh_042,car,12.937363,77.657217,5.118
529.0,veh_043,car,12.931141,77.645309,9.583
529.0,veh_045,car,12.945265,77.686889,10.109
529.0,veh_049,bus,12.945043,77.686688,4.523
530.0,veh_000,car,12.947166,77.695459,8.465
530.0,veh_002,car,12.930471,77.644299,9.043
530.0,veh_003,car,12.933471,77.649327,7.153
530.0,veh_004,car,12.942258,77.6716,5.57
530.0,veh_005,car,12.946282,77.691938,12.204
530.0,veh_006,car,12.93835,77.660153,13.496
530.0,veh_007,car,12.936843,77.655885,11.967
530.0,veh_008,car,12.944725,77.68306,5.75
530.0,veh_009,car,12.944359,77.679948,9.555
530.0,veh_010,bus,12.940103,77.665228,4.116
530.0,veh_011,motorcycle,12.944444,77.679125,10.507
530.0,veh_012,motorcycle,12.936511,77.654728,8.519
530.0,veh_013,car,12.948175,77.698459,10.094
530.0,veh_016,car,12.937829,77.65876,14.192
530.0,veh_017,bus,12.934647,77.651388,5.078
530.0,veh_018,car,12.933615,77.649609,6.395
530.0,veh_019,bus,12.935611,77.652803,5.154
530.0,veh_020,car,12.944979,77.686085,8.078
530.0,veh_021,car,12.943986,77.676383,6.74
530.0,veh_022,car,12.929528,77.643062,11.614
530.0,veh_023,truck,12.941814,77.670035,6.722
530.0,veh_025,bus,12.938758,77.661168,5.844
530.0,veh_026,car,12.944635,77.681372,9.771
530.0,veh_027,motorcycle,12.939939,77.664547,3.308
530.0,veh_028,car,12.944204,77.677844,5.808
530.0,veh_030,bus,12.939702,77.663809,7.808
530.0,veh_031,car,12.944388,77.679034,10.604
530.0,veh_033,car,12.948149,77.698621,7.759
530.0,veh_035,car,12.937875,77.658591,6.088
530.0,veh_036,motorcycle,12.945661,77.689151,0.1
530.0,veh_037,car,12.932812,77.648273,8.274
530.0,veh_038,motorcycle,12.946988,77.694829,11.493
530.0,veh_039,bus,12.943051,77.673572,4.115
530.0,veh_040,car,12.931789,77.646283,5.137
530.0,veh_041,motorcycle,12.937006,77.656278,12.387
530.0,veh_042,car,12.937415,77.657314,8.59
530.0,veh_043,car,12.93124,77.64554,12.189
530.0,veh_045,car,12.945209,77.687002,10.691
530.0,veh_049,bus,12.945123,77.686739,6.864
531.0,veh_000,car,12.947156,77.695586,11.265
531.0,veh_002,car,12.930422,77.644416,5.851
531.0,veh_003,car,12.933545,77.64939,12.585
531.0,veh_004,car,12.942324,77.671574,6.726
531.0,veh_005,car,12.946286,77.692091,14.881
531.0,veh_006,car,12.938314,77.660211,9.28
531.0,veh_007,car,12.936833,77.655921,9.642
531.0,veh_008,car,12.944673,77.68306,10.94
531.0,veh_009,car,12.944461,77.680091,7.143
531.0,veh_010,bus,12.940174,77.6651,4.01
531.0,veh_011,motorcycle,12.944421,77.679361,17.028
531.0,veh_012,motorcycle,12.93649,77.654724,10.835
531.0,veh_013,car,12.948194,77.698625,3.659
531.0,veh_016,car,12.937866,77.658731,7.112
531.0,veh_017,bus,12.934665,77.651541,7.157
531.0,veh_018,car,12.93378,77.649633,7.33
531.0,veh_019,bus,12.935479,77.652846,4.806
531.0,veh_020,car,12.944989,77.68609,6.346
531.0,veh_021,car,12.943938,77.676492,13.846
531.0,veh_022,car,12.929724,77.643087,14.292
531.0,veh_023,truck,12.941729,77.670066,8.155
531.0,veh_025,bus,12.938747,77.661136,5.009
531.0,veh_026,car,12.944622,77.681497,8.53
531.0,veh_027,motorcycle,12.939881,77.664579,13.709
531.0,veh_028,car,12.944241,77.678032,13.156
531.0,veh_030,bus,12.939607,77.663802,2.619
531.0,veh_031,car,12.944412,77.679184,10.086
531.0,veh_033,car,12.94816,77.698843,9.897
531.0,veh_035,car,12.937882,77.658634,10.295
531.0,veh_036,motorcycle,12.945735,77.689153,9.393
531.0,veh_037,car,12.932919,77.648268,10.162
531.0,veh_038,motorcycle,12.947,77.694849,11.436
531.0,veh_039,bus,12.943029,77.673731,6.289
531.0,veh_040,car,12.931782,77.646355,10.354
531.0,veh_041,motorcycle,12.937058,77.656322,9.32
531.0,veh_042,car,12.937316,77.657441,7.303
531.0,veh_043,car,12.931232,77.645471,8.286
531.0,veh_045,car,12.945325,77.686969,6.528
531.0,veh_049,bus,12.945148,77.686797,7.187
532.0,veh_000,car,12.94718,77.695682,4.166
532.0,veh_002,car,12.930562,77.64445,5.03
532.0,veh_003,car,12.933588,77.649422,10.293
532.0,veh_004,car,12.942443,77.671731,9.906
532.0,veh_005,car,12.946287,77.692242,8.574
532.0,veh_006,car,12.938366,77.660283,8.071
532.0,veh_007,car,12.936949,77.655969,6.512
532.0,veh_008,car,12.944673,77.683195,7.819
532.0,veh_009,car,12.944426,77.680123,13.278
532.0,veh_010,bus,12.940231,77.665163,6.202
532.0,veh_011,motorcycle,12.944353,77.679408,10.071
532.0,veh_012,motorcycle,12.936471,77.654862,9.62
532.0,veh_013,car,12.948131,77.698596,6.711
532.0,veh_016,car,12.937915,77.658914,8.172
532.0,veh_017,bus,12.934756,77.651525,4.033
532.0,veh_018,car,12.933682,77.649697,4.947
532.0,veh_019,bus,12.935572,77.652901,6.528
532.0,veh_020,car,12.945064,77.686235,6.037
532.0,veh_021,car,12.944122,77.676548,8.051
532.0,veh_022,car,12.929771,77.643202,8.675
532.0,veh_023,truck,12.941897,77.670178,5.196
532.0,veh_025,bus,12.93878,77.661099,4.355
532.0,veh_026,car,12.944584,77.681555,9.792
532.0,veh_027,motorcycle,12.940086,77.664786,18.095
532.0,veh_028,car,12.944265,77.678078,7.923
532.0,veh_030,bus,12.939714,77.663849,2.385
532.0,veh_031,car,12.944437,77.679202,3.42
532.0,veh_033,car,12.948252,77.698843,4.852
532.0,veh_035,car,12.93784,77.658615,6.555
532.0,veh_036,motorcycle,12.945636,77.689334,11.754
532.0,veh_037,car,12.932991,77.648242,8.773
532.0,veh_038,motorcycle,12.946902,77.694897,8.26
532.0,veh_039,bus,12.943168,77.673731,7.374
532.0,veh_040,car,12.931903,77.646375,9.627
532.0,veh_041,motorcycle,12.937086,77.656419,5.576
532.0,veh_042,car,12.937399,77.657446,12.147
532.0,veh_043,car,12.931197,77.645492,11.535
532.0,veh_045,car,12.945193,77.686986,7.465
532.0,veh_049,bus,12.945249,77.686848,6.406
533.0,veh_000,car,12.947227,77.695709,9.489
533.0,veh_002,car,12.930574,77.644488,12.619
533.0,veh_003,car,12.933594,77.649551,4.645
533.0,veh_004,car,12.942468,77.671749,4.743
533.0,veh_005,car,12.946301,77.692257,7.432
533.0,veh_006,car,12.938337,77.660179,3.202
533.0,veh_007,car,12.936896,77.656147,11.553
533.0,veh_008,car,12.944764,77.683258,2.078
533.0,veh_009,car,12.944535,77.680215,2.889
533.0,veh_010,bus,12.940153,77.665199,4.285
533.0,veh_011,motorcycle,12.944276,77.6795,17.405
533.0,veh_012,motorcycle,12.936585,77.654893,12.749
533.0,veh_013,car,12.948115,77.698597,5.898
533.0,veh_016,car,12.938008,77.658931,11.79
533.0,veh_017,bus,12.93481,77.651619,8.557
533.0,veh_018,car,12.933687,77.649707,6.42
533.0,veh_019,bus,12.935572,77.652982,5.196
533.0,veh_020,car,12.945124,77.686262,6.042
533.0,veh_021,car,12.944088,77.676668,9.599
533.0,veh_022,car,12.929773,77.643222,8.907
533.0,veh_023,truck,12.941924,77.670221,2.86
533.0,veh_025,bus,12.938833,77.661253,3.687
533.0,veh_026,car,12.944613,77.681703,11.46
533.0,veh_027,motorcycle,12.939929,77.664934,8.529
533.0,veh_028,car,12.944287,77.678113,7.194
533.0,veh_030,bus,12.939746,77.663878,4.167
533.0,veh_031,car,12.944292,77.67925,9.043
533.0,veh_033,car,12.948269,77.698941,6.516
533.0,veh_035,car,12.938017,77.658816,11.747
533.0,veh_036,motorcycle,12.945629,77.689358,9.622
533.0,veh_037,car,12.932961,77.648482,11.186
533.0,veh_038,motorcycle,12.946942,77.694966,9.127
533.0,veh_039,bus,12.943126,77.673891,8.186
533.0,veh_040,car,12.931896,77.646511,11.457
533.0,veh_041,motorcycle,12.937049,77.656472,7.037
533.0,veh_042,car,12.937405,77.65748,6.817
533.0,veh_043,car,12.931444,77.645663,10.624
533.0,veh_045,car,12.945258,77.68736,15.29
533.0,veh_049,bus,12.945098,77.686881,4.958
534.0,veh_000,car,12.947224,77.695769,15.136
534.0,veh_002,car,12.930714,77.644544,5.445
534.0,veh_003,car,12.93372,77.649697,12.856
534.0,veh_004,car,12.9424,77.671831,7.824
534.0,veh_005,car,12.946335,77.692349,7.796
534.0,veh_006,car,12.93842,77.66033,8.544
534.0,veh_007,car,12.936931,77.656286,9.251
534.0,veh_008,car,12.944827,77.683267,10.746
534.0,veh_009,car,12.944367,77.680272,10.686
534.0,veh_010,bus,12.940236,77.665227,4.089
534.0,veh_011,motorcycle,12.944392,77.679619,6.053
534.0,veh_012,motorcycle,12.936519,77.655022,10.332
534.0,veh_013,car,12.948297,77.698792,4.403
534.0,veh_016,car,12.938028,77.659051,4.785
534.0,veh_017,bus,12.934896,77.651504,4.454
534.0,veh_018,car,12.933861,77.649751,7.868
534.0,veh_019,bus,12.935596,77.65306,6.982
534.0,veh_020,car,12.945041,77.686264,11.42
534.0,veh_021,car,12.944126,77.676679,6.037
534.0,veh_022,car,12.929743,77.643236,4.055
534.0,veh_023,truck,12.94184,77.670229,5.474
534.0,veh_025,bus,12.938794,77.66126,6.624
534.0,veh_026,car,12.944696,77.681789,15.382
534.0,veh_027,motorcycle,12.939994,77.664939,0.1
534.0,veh_028,car,12.944275,77.67815,8.528
534.0,veh_030,bus,12.939731,77.663849,4.699
534.0,veh_031,car,12.944418,77.679312,6.911
534.0,veh_033,car,12.948342,77.698913,10.68
534.0,veh_035,car,12.93786,77.658914,9.438
534.0,veh_036,motorcycle,12.945687,77.689491,12.659
534.0,veh_037,car,12.933053,77.648537,11.226
534.0,veh_038,motorcycle,12.946957,77.695203,17.405
534.0,veh_039,bus,12.94318,77.673843,7.122
534.0,veh_040,car,12.931813,77.646617,8.396
534.0,veh_041,motorcycle,12.937229,77.656476,9.042
534.0,veh_042,car,12.937559,77.65768,15.151
534.0,veh_043,car,12.931403,77.645643,4.624
534.0,veh_045,car,12.945241,77.68728,11.402
534.0,veh_049,bus,12.945216,77.686937,6.233
535.0,veh_000,car,12.947378,77.695909,11.212
535.0,veh_002,car,12.93075,77.644722,12.495
535.0,veh_003,car,12.933601,77.649607,2.27
535.0,veh_004,car,12.942465,77.671796,2.143
535.0,veh_005,car,12.946292,77.692374,10.532
535.0,veh_006,car,12.938408,77.660409,7.924
535.0,veh_007,car,12.937009,77.656252,8.497
535.0,veh_008,car,12.944769,77.683476,4.625
535.0,veh_009,car,12.944617,77.680345,4.506
535.0,veh_010,bus,12.940225,77.665238,0.505
535.0,veh_011,motorcycle,12.944438,77.679657,4.905
535.0,veh_012,motorcycle,12.936609,77.655147,7.971
535.0,veh_013,car,12.948194,77.698839,5.605
535.0,veh_016,car,12.938001,77.659081,7.893
535.0,veh_017,bus,12.934883,77.651591,6.859
535.0,veh_018,car,12.933837,77.649907,10.784
535.0,veh_019,bus,12.935731,77.653095,6.008
535.0,veh_020,car,12.945052,77.686379,6.622
535.0,veh_021,car,12.94414,77.67673,9.187
535.0,veh_022,car,12.929862,77.643347,5.79
535.0,veh_023,truck,12.941967,77.670328,3.732
535.0,veh_025,bus,12.93879,77.661276,6.628
535.0,veh_026,car,12.944668,77.681861,12.76
535.0,veh_027,motorcycle,12.9401,77.66498,4.177
535.0,veh_028,car,12.944392,77.678185,5.68
535.0,veh_030,bus,12.939721,77.663839,1.651
535.0,veh_031,car,12.944519,77.679456,11.802
535.0,veh_033,car,12.948304,77.699062,10.156
535.0,veh_035,car,12.937906,77.659056,8.009
535.0,veh_036,motorcycle,12.945699,77.689553,8.745
535.0,veh_037,car,12.933097,77.648666,9.022
535.0,veh_038,motorcycle,12.947144,77.695237,8.344
535.0,veh_039,bus,12.943137,77.67388,3.23
535.0,veh_040,car,12.931926,77.646766,6.095
535.0,veh_041,motorcycle,12.93718,77.656507,3.01
535.0,veh_042,car,12.937538,77.657724,7.307
535.0,veh_043,car,12.931406,77.645717,9.606
535.0,veh_045,car,12.945265,77.687451,10.389
535.0,veh_049,bus,12.945242,77.687028,7.468
536.0,veh_000,car,12.94734,77.695858,7.757
536.0,veh_002,car,12.930786,77.644746,5.552
536.0,veh_003,car,12.933654,77.649608,2.037
536.0,veh_004,car,12.94249,77.672045,10.551
536.0,veh_005,car,12.946375,77.692511,9.005
536.0,veh_006,car,12.938479,77.660487,15.754
536.0,veh_007,car,12.936965,77.656263,8.872
536.0,veh_008,car,12.944678,77.683469,10.685
536.0,veh_009,car,12.94447,77.680298,5.773
536.0,veh_010,bus,12.940215,77.66536,6.801
536.0,veh_011,motorcycle,12.944417,77.679725,7.359
536.0,veh_012,motorcycle,12.936571,77.655191,11.383
536.0,veh_013,car,12.948283,77.698855,7.213
536.0,veh_016,car,12.93801,77.659008,7.425
536.0,veh_017,bus,12.934761,77.651734,7.404
536.0,veh_018,car,12.933834,77.649899,3.64
536.0,veh_019,bus,12.93564,77.653071,4.391
536.0,veh_020,car,12.945068,77.686511,13.442
536.0,veh_021,car,12.944139,77.676894,7.271
536.0,veh_022,car,12.929812,77.643405,2.507
536.0,veh_023,truck,12.941893,77.670341,5.175
536.0,veh_025,bus,12.938777,77.661392,5.519
536.0,veh_026,car,12.944575,77.681959,6.162
536.0,veh_027,motorcycle,12.940003,77.665009,7.506
536.0,veh_028,car,12.944319,77.678257,11.709
536.0,veh_030,bus,12.939745,77.663962,6.58
536.0,veh_031,car,12.944476,77.679509,14.043
536.0,veh_033,car,12.948418,77.699145,6.685
536.0,veh_035,car,12.938049,77.659056,8.684
536.0,veh_036,motorcycle,12.945701,77.689672,10.291
536.0,veh_037,car,12.933086,77.648661,6.345
536.0,veh_038,motorcycle,12.947093,77.695267,6.557
536.0,veh_039,bus,12.943158,77.673929,7.923
536.0,veh_040,car,12.932081,77.646767,10.835
536.0,veh_041,motorcycle,12.937073,77.656637,7.772
536.0,veh_042,car,12.937541,77.657766,6.703
536.0,veh_043,car,12.931524,77.645739,7.211
536.0,veh_045,car,12.945253,77.687533,6.409
536.0,veh_049,bus,12.945198,77.687015,5.012
537.0,veh_000,car,12.947309,77.6961,9.568
537.0,veh_002,car,12.930669,77.644726,5.229
537.0,veh_003,car,12.933792,77.649714,7.619
537.0,veh_004,car,12.942449,77.671875,0.1
537.0,veh_005,car,12.946357,77.692526,8.511
537.0,veh_006,car,12.938651,77.66063,8.346
537.0,veh_007,car,12.936974,77.656499,9.635
537.0,veh_008,car,12.944801,77.683442,4.152
537.0,veh_009,car,12.944525,77.680375,5.89
537.0,veh_010,bus,12.940275,77.665318,5.694
537.0,veh_011,motorcycle,12.944434,77.67969,7.225
537.0,veh_012,motorcycle,12.936709,77.655391,12.061
537.0,veh_013,car,12.948346,77.6989,5.637
537.0,veh_016,car,12.938024,77.659117,7.207
537.0,veh_017,bus,12.934916,77.651794,6.123
537.0,veh_018,car,12.933792,77.649938,9.483
537.0,veh_019,bus,12.935757,77.653041,8.167
537.0,veh_020,car,12.945216,77.686564,5.004
537.0,veh_021,car,12.944161,77.676947,10.704
537.0,veh_022,car,12.929868,77.643396,12.615
537.0,veh_023,truck,12.94193,77.670331,3.649
537.0,veh_025,bus,12.938919,77.661447,5.272
537.0,veh_026,car,12.944654,77.682074,5.321
537.0,veh_027,motorcycle,12.940034,77.665054,4.133
537.0,veh_028,car,12.944378,77.678431,6.144
537.0,veh_030,bus,12.939746,77.664079,4.832
537.0,veh_031,car,12.944342,77.679662,5.728
537.0,veh_033,car,12.948369,77.699128,7.988
537.0,veh_035,car,12.938091,77.659021,3.248
537.0,veh_036,motorcycle,12.94575,77.689628,4.031
537.0,veh_037,car,12.933144,77.648661,0.1
537.0,veh_038,motorcycle,12.947153,77.695317,10.214
537.0,veh_039,bus,12.943236,77.674012,5.962
537.0,veh_040,car,12.932133,77.64683,7.937
537.0,veh_041,motorcycle,12.937073,77.656757,6.097
537.0,veh_042,car,12.937536,77.657912,12.874
537.0,veh_043,car,12.931516,77.645925,11.937
537.0,veh_045,car,12.945316,77.687477,6.269
537.0,veh_049,bus,12.945249,77.687118,5.083
538.0,veh_000,car,12.947389,77.69618,2.927
538.0,veh_002,car,12.930732,77.644798,6.669
538.0,veh_003,car,12.933715,77.649712,6.439
538.0,veh_004,car,12.942441,77.67197,4.375
538.0,veh_005,car,12.946346,77.692541,1.598
538.0,veh_006,car,12.938527,77.660691,5.864
538.0,veh_007,car,12.937038,77.656501,6.886
538.0,veh_008,car,12.944691,77.683392,3.917
538.0,veh_009,car,12.944541,77.680347,4.824
538.0,veh_010,bus,12.940313,77.665414,3.859
538.0,veh_011,motorcycle,12.944355,77.679922,17.452
538.0,veh_012,motorcycle,12.936737,77.655335,10.168
538.0,veh_013,car,12.948314,77.698933,8.21
538.0,veh_016,car,12.938018,77.659257,9.529
538.0,veh_017,bus,12.935067,77.651777,6.52
538.0,veh_018,car,12.933913,77.65008,7.326
538.0,veh_019,bus,12.935763,77.653241,6.899
538.0,veh_020,car,12.945143,77.686556,8.526
538.0,veh_021,car,12.944128,77.677023,8.132
538.0,veh_022,car,12.929932,77.643491,7.881
538.0,veh_023,truck,12.941855,77.670367,4.448
538.0,veh_025,bus,12.93883,77.661454,2.832
538.0,veh_026,car,12.944659,77.682113,8.977
538.0,veh_027,motorcycle,12.940096,77.665095,14.644
538.0,veh_028,car,12.944359,77.678487,2.64
538.0,veh_030,bus,12.939856,77.664087,7.296
538.0,veh_031,car,12.94443,77.679752,7.602
538.0,veh_033,car,12.948486,77.699221,4.078
538.0,veh_035,car,12.937971,77.659216,8.264
538.0,veh_036,motorcycle,12.945766,77.689677,6.486
538.0,veh_037,car,12.933201,77.648679,10.956
538.0,veh_038,motorcycle,12.947218,77.69547,9.467
538.0,veh_039,bus,12.943315,77.674018,4.916
538.0,veh_040,car,12.932137,77.646828,8.237
538.0,veh_041,motorcycle,12.937077,77.656771,6.66
538.0,veh_042,car,12.937537,77.657918,10.36
538.0,veh_043,car,12.931505,77.645965,14.257
538.0,veh_045,car,12.945385,77.687591,12.254
538.0,veh_049,bus,12.945228,77.687238,7.178
539.0,veh_000,car,12.947359,77.696144,9.859
539.0,veh_002,car,12.930867,77.644813,5.115
539.0,veh_003,car,12.933757,77.64972,3.769
539.0,veh_004,car,12.94254,77.671918,5.905
539.0,veh_005,car,12.946387,77.692656,8.037
539.0,veh_006,car,12.938601,77.660734,3.201
539.0,veh_007,car,12.937049,77.656562,7.123
539.0,veh_008,car,12.944775,77.683495,4.348
539.0,veh_009,car,12.944516,77.680575,5.003
539.0,veh_010,bus,12.940205,77.665603,5.49
539.0,veh_011,motorcycle,12.944463,77.679867,0.1
539.0,veh_012,motorcycle,12.936686,77.65547,7.498
539.0,veh_013,car,12.948343,77.699088,9.17
539.0,veh_016,car,12.938046,77.659269,3.268
539.0,veh_017,bus,12.934945,77.65185,4.491
539.0,veh_018,car,12.933955,77.650048,8.741
539.0,veh_019,bus,12.935844,77.653182,1.889
539.0,veh_020,car,12.945144,77.686721,12.383
539.0,veh_021,car,12.944145,77.677187,8.886
539.0,veh_022,car,12.929885,77.643536,5.236
539.0,veh_023,truck,12.941831,77.670363,4.607
539.0,veh_025,bus,12.938834,77.661412,7.237
539.0,veh_026,car,12.944777,77.682217,12.739
539.0,veh_027,motorcycle,12.940134,77.665124,8.802
539.0,veh_028,car,12.944288,77.678399,9.209
539.0,veh_030,bus,12.939808,77.664105,6.867
539.0,veh_031,car,12.944402,77.679807,7.842
539.0,veh_033,car,12.948445,77.69926,8.422
539.0,veh_035,car,12.938056,77.659232,4.732
539.0,veh_036,motorcycle,12.945808,77.689774,8.028
539.0,veh_037,car,12.933159,77.648808,11.585
539.0,veh_038,motorcycle,12.947096,77.695569,1.975
539.0,veh_039,bus,12.943183,77.674171,4.819
539.0,veh_040,car,12.932119,77.646876,6.964
539.0,veh_041,motorcycle,12.937212,77.656771,12.214
539.0,veh_042,car,12.937527,77.658133,6.559
539.0,veh_043,car,12.931664,77.645987,6.311
539.0,veh_045,car,12.945367,77.687718,8.677
539.0,veh_049,bus,12.945299,77.687277,4.671
540.0,veh_000,car,12.947321,77.696244,8.988
540.0,veh_002,car,12.930841,77.644855,5.776
540.0,veh_003,car,12.933796,77.649855,7.522
540.0,veh_004,car,12.942579,77.672073,9.738
540.0,veh_005,car,12.946411,77.692617,2.716
540.0,veh_006,car,12.938586,77.660779,0.702
540.0,veh_007,car,12.937124,77.656566,4.609
540.0,veh_008,car,12.944753,77.683518,3.061
540.0,veh_009,car,12.944558,77.680627,11.068
540.0,veh_010,bus,12.9403,77.665515,4.336
540.0,veh_011,motorcycle,12.944399,77.679996,10.227
540.0,veh_012,motorcycle,12.936712,77.655556,9.899
540.0,veh_013,car,12.94837,77.699197,7.497
540.0,veh_016,car,12.938147,77.659314,6.942
540.0,veh_017,bus,12.934969,77.651896,6.43
540.0,veh_018,car,12.934077,77.650131,9.55
540.0,veh_019,bus,12.935897,77.653252,3.742
540.0,veh_020,car,12.945207,77.686837,6.208
540.0,veh_021,car,12.944218,77.677208,15.009
540.0,veh_022,car,12.930015,77.643565,14.539
540.0,veh_023,truck,12.942048,77.670406,6.192
540.0,veh_025,bus,12.938899,77.661559,5.227
540.0,veh_026,car,12.944739,77.682353,9.579
540.0,veh_027,motorcycle,12.940179,77.665092,9.745
540.0,veh_028,car,12.94436,77.678543,8.066
540.0,veh_030,bus,12.93968,77.664158,3.369
540.0,veh_031,car,12.944355,77.679746,5.791
540.0,veh_033,car,12.948404,77.699325,10.288
540.0,veh_035,car,12.938035,77.659273,7.808
540.0,veh_036,motorcycle,12.945819,77.689941,17.176
540.0,veh_037,car,12.933251,77.648917,9.003
540.0,veh_038,motorcycle,12.947061,77.69551,10.702
540.0,veh_039,bus,12.943195,77.674179,3.305
540.0,veh_040,car,12.932052,77.646924,8.978
540.0,veh_041,motorcycle,12.937307,77.656952,10.902
540.0,veh_042,car,12.937668,77.658011,6.059
540.0,veh_043,car,12.931563,77.646128,4.938
540.0,veh_045,car,12.945369,77.687748,5.814
540.0,veh_049,bus,12.945274,77.687299,8.16
541.0,veh_000,car,12.947341,77.696265,6.838
541.0,veh_002,car,12.93083,77.644915,5.946
541.0,veh_003,car,12.933857,77.650007,8.947
541.0,veh_004,car,12.942526,77.672259,11.88
541.0,veh_005,car,12.946422,77.692783,7.762
541.0,veh_006,car,12.938573,77.660782,10.118
541.0,veh_007,car,12.937194,77.656625,7.473
541.0,veh_008,car,12.944732,77.683689,8.409
541.0,veh_009,car,12.94447,77.680656,6.599
541.0,veh_010,bus,12.940262,77.665558,3.596
541.0,veh_011,motorcycle,12.944474,77.680137,12.344
541.0,veh_012,motorcycle,12.936827,77.655573,10.574
541.0,veh_013,car,12.948334,77.699091,5.588
541.0,veh_016,car,12.938113,77.659385,7.122
541.0,veh_017,bus,12.93504,77.652009,2.801
541.0,veh_018,car,12.934044,77.650307,9.608
541.0,veh_019,bus,12.935712,77.653429,5.967
541.0,veh_020,car,12.945073,77.686947,9.939
541.0,veh_021,car,12.944164,77.677246,5.867
541.0,veh_022,car,12.930099,77.643666,10.834
541.0,veh_023,truck,12.941998,77.670468,4.345
541.0,veh_025,bus,12.938925,77.66155,3.658
541.0,veh_026,car,12.944716,77.682332,6.938
541.0,veh_027,motorcycle,12.940134,77.665206,9.799
541.0,veh_028,car,12.944356,77.678621,3.363
541.0,veh_030,bus,12.939856,77.664261,5.539
541.0,veh_031,car,12.944495,77.679829,2.554
541.0,veh_033,car,12.94849,77.699426,4.287
541.0,veh_035,car,12.938084,77.659195,6.517
541.0,veh_036,motorcycle,12.945879,77.690058,10.573
541.0,veh_037,car,12.933281,77.648936,6.88
541.0,veh_038,motorcycle,12.947187,77.695608,0.1
541.0,veh_039,bus,12.943272,77.674046,4.483
541.0,veh_040,car,12.932247,77.646974,6.684
541.0,veh_041,motorcycle,12.937272,77.657109,12.509
541.0,veh_042,car,12.937645,77.658147,3.623
541.0,veh_043,car,12.931683,77.646134,6.56
541.0,veh_045,car,12.945392,77.687898,6.818
541.0,veh_049,bus,12.945287,77.68733,2.779
542.0,veh_000,car,12.947337,77.69637,3.627
542.0,veh_002,car,12.930879,77.644975,6.197
542.0,veh_003,car,12.933918,77.650009,6.375
542.0,veh_004,car,12.942624,77.67217,12.639
542.0,veh_005,car,12.946428,77.692824,12.506
542.0,veh_006,car,12.938651,77.66084,11.122
542.0,veh_007,car,12.937121,77.656558,0.1
542.0,veh_008,car,12.94476,77.683614,6.828
542.0,veh_009,car,12.944542,77.680727,9.245
542.0,veh_010,bus,12.940285,77.665648,7.156
542.0,veh_011,motorcycle,12.944471,77.68024,13.431
542.0,veh_012,motorcycle,12.936821,77.655752,13.516
542.0,veh_013,car,12.948413,77.69916,11.506
542.0,veh_016,car,12.938188,77.65939,1.539
542.0,veh_017,bus,12.935054,77.652061,7.082
542.0,veh_018,car,12.934075,77.650249,6.832
542.0,veh_019,bus,12.935888,77.6534,5.239
542.0,veh_020,car,12.945194,77.686951,7.187
542.0,veh_021,car,12.944176,77.67731,6.932
542.0,veh_022,car,12.930198,77.643818,10.439
542.0,veh_023,truck,12.941961,77.670579,4.347
542.0,veh_025,bus,12.938928,77.661551,9.499
542.0,veh_026,car,12.944687,77.682536,13.07
542.0,veh_027,motorcycle,12.940259,77.665374,8.926
542.0,veh_028,car,12.944282,77.678637,6.496
542.0,veh_030,bus,12.939775,77.66425,6.028
542.0,veh_031,car,12.944497,77.679916,8.099
542.0,veh_033,car,12.948527,77.699496,4.739
542.0,veh_035,car,12.938173,77.659475,11.6
542.0,veh_036,motorcycle,12.945864,77.690101,0.918
542.0,veh_037,car,12.93344,77.649116,11.296
542.0,veh_038,motorcycle,12.947221,77.695574,11.178
542.0,veh_039,bus,12.943211,77.674125,4.509
542.0,veh_040,car,12.93221,77.647115,8.649
542.0,veh_041,motorcycle,12.937349,77.657241,16.796
542.0,veh_042,car,12.937743,77.658237,11.775
542.0,veh_043,car,12.931702,77.646083,4.926
542.0,veh_045,car,12.945392,77.687877,8.458
542.0,veh_049,bus,12.945219,77.687341,5.879
543.0,veh_000,car,12.947434,77.696342,11.151
543.0,veh_002,car,12.93105,77.645073,13.223
543.0,veh_003,car,12.933908,77.650014,3.53
543.0,veh_004,car,12.942692,77.672338,3.678
543.0,veh_005,car,12.946438,77.692916,6.384
543.0,veh_006,car,12.938692,77.66086,7.602
543.0,veh_007,car,12.937078,77.656706,6.576
543.0,veh_008,car,12.944888,77.683747,7.145
543.0,veh_009,car,12.944518,77.680837,10.129
543.0,veh_010,bus,12.940237,77.665605,6.337
543.0,veh_011,motorcycle,12.944547,77.680483,12.236
543.0,veh_012,motorcycle,12.93685,77.655772,6.618
543.0,veh_013,car,12.948497,77.699358,8.437
543.0,veh_016,car,12.938145,77.659394,11.238
543.0,veh_017,bus,12.935066,77.65197,6.683
543.0,veh_018,car,12.934211,77.650341,9.751
543.0,veh_019,bus,12.935871,77.653399,3.771
543.0,veh_020,car,12.945263,77.68694,7.896
543.0,veh_021,car,12.944228,77.677352,7.468
543.0,veh_022,car,12.930248,77.643876,7.134
543.0,veh_023,truck,12.942008,77.670655,5.408
543.0,veh_025,bus,12.938944,77.661714,3.282
543.0,veh_026,car,12.944768,77.682599,6.925
543.0,veh_027,motorcycle,12.94033,77.665304,4.268
543.0,veh_028,car,12.944362,77.678772,7.174
543.0,veh_030,bus,12.939892,77.664306,6.372
543.0,veh_031,car,12.944496,77.679926,0.785
543.0,veh_033,car,12.948468,77.699513,10.523
543.0,veh_035,car,12.938137,77.659649,10.431
543.0,veh_036,motorcycle,12.945952,77.690138,7.726
543.0,veh_037,car,12.933505,77.649114,9.001
543.0,veh_038,motorcycle,12.947158,77.69568,7.378
543.0,veh_039,bus,12.943231,77.674283,4.469
543.0,veh_040,car,12.932274,77.647143,12.58
543.0,veh_041,motorcycle,12.937338,77.657243,11.693
543.0,veh_042,car,12.937721,77.658184,5.863
543.0,veh_043,car,12.931626,77.646176,5.323
543.0,veh_045,car,12.945393,77.687965,10.72
543.0,veh_049,bus,12.945254,77.68727,2.413
544.0,veh_000,car,12.94743,77.696441,4.152
544.0,veh_002,car,12.93099,77.644952,3.881
544.0,veh_003,car,12.933925,77.650116,12.011
544.0,veh_004,car,12.942674,77.672339,4.434
544.0,veh_005,car,12.946448,77.693011,15.403
544.0,veh_006,car,12.938691,77.660962,4.227
544.0,veh_007,car,12.937127,77.656761,7.98
544.0,veh_008,car,12.944806,77.683802,8.077
544.0,veh_009,car,12.94461,77.680862,5.446
544.0,veh_010,bus,12.940329,77.665732,3.088
544.0,veh_011,motorcycle,12.944541,77.680383,8.736
544.0,veh_012,motorcycle,12.936916,77.656016,14.816
544.0,veh_013,car,12.948561,77.69943,11.045
544.0,veh_016,car,12.938124,77.659615,6.416
544.0,veh_017,bus,12.935098,77.651993,3.624
544.0,veh_018,car,12.934083,77.650437,7.242
544.0,veh_019,bus,12.935871,77.653463,5.61
544.0,veh_020,car,12.945192,77.687111,5.176
544.0,veh_021,car,12.944253,77.677406,8.154
544.0,veh_022,car,12.93022,77.643943,6.994
544.0,veh_023,truck,12.942023,77.670648,6.433
544.0,veh_025,bus,12.938928,77.661749,4.965
544.0,veh_026,car,12.944667,77.682547,7.3
544.0,veh_027,motorcycle,12.940257,77.665397,9.307
544.0,veh_028,car,12.944261,77.67881,6.679
544.0,veh_030,bus,12.939908,77.664413,6.611
544.0,veh_031,car,12.944478,77.679982,7.609
544.0,veh_033,car,12.948474,77.699532,3.766
544.0,veh_035,car,12.938162,77.659553,3.996
544.0,veh_036,motorcycle,12.945779,77.690229,7.576
544.0,veh_037,car,12.933517,77.649244,13.516
544.0,veh_038,motorcycle,12.947265,77.695773,9.564
544.0,veh_039,bus,12.943241,77.674311,3.712
544.0,veh_040,car,12.932413,77.647241,6.655
544.0,veh_041,motorcycle,12.937449,77.657418,12.098
544.0,veh_042,car,12.937801,77.65829,8.258
544.0,veh_043,car,12.931822,77.646274,8.339
544.0,veh_045,car,12.945428,77.688025,5.103
544.0,veh_049,bus,12.945321,77.687374,4.457
545.0,veh_000,car,12.947507,77.696501,5.686
545.0,veh_002,car,12.930992,77.645166,9.555
545.0,veh_003,car,12.934041,77.650154,5.583
545.0,veh_004,car,12.942729,77.672464,9.866
545.0,veh_005,car,12.946441,77.693021,7.541
545.0,veh_006,car,12.93872,77.661083,8.92
545.0,veh_007,car,12.937211,77.656745,6.177
545.0,veh_008,car,12.944882,77.683901,8.651
545.0,veh_009,car,12.944501,77.681001,7.78
545.0,veh_010,bus,12.940349,77.665672,4.215
545.0,veh_011,motorcycle,12.944593,77.680484,7.489
545.0,veh_012,motorcycle,12.936985,77.655937,1.461
545.0,veh_013,car,12.948527,77.699429,8.891
545.0,veh_016,car,12.938236,77.65965,8.898
545.0,veh_017,bus,12.935162,77.652197,7.915
545.0,veh_018,car,12.934192,77.650514,6.946
545.0,veh_019,bus,12.935926,77.653468,6.182
545.0,veh_020,car,12.945228,77.687193,13.452
545.0,veh_021,car,12.944204,77.677472,11.848
545.0,veh_022,car,12.930171,77.64397,0.901
545.0,veh_023,truck,12.942026,77.670687,2.573
545.0,veh_025,bus,12.938967,77.661818,5.522
545.0,veh_026,car,12.944726,77.682622,11.587
545.0,veh_027,motorcycle,12.940344,77.665649,15.933
545.0,veh_028,car,12.944288,77.678822,9.535
545.0,veh_030,bus,12.93995,77.664397,4.214
545.0,veh_031,car,12.944426,77.680019,7.817
545.0,veh_033,car,12.948604,77.699663,6.478
545.0,veh_035,car,12.938255,77.659611,13.454
545.0,veh_036,motorcycle,12.945784,77.690362,12.109
545.0,veh_037,car,12.933505,77.649186,4.486
545.0,veh_038,motorcycle,12.947236,77.695853,6.945
545.0,veh_039,bus,12.943169,77.674247,3.368
545.0,veh_040,car,12.932246,77.647273,9.323
545.0,veh_041,motorcycle,12.937396,77.657412,9.654
545.0,veh_042,car,12.937666,77.658363,4.403
545.0,veh_043,car,12.931736,77.646399,6.328
545.0,veh_045,car,12.945343,77.688024,7.163
545.0,veh_049,bus,12.94533,77.687433,0.1
546.0,veh_000,car,12.947501,77.69661,7.958
546.0,veh_002,car,12.931174,77.645176,6.609
546.0,veh_003,car,12.93397,77.650092,2.124
546.0,veh_004,car,12.942658,77.672567,10.374
546.0,veh_005,car,12.94643,77.693114,4.709
546.0,veh_006,car,12.938746,77.661161,6.466
546.0,veh_007,car,12.937231,77.656809,5.077
546.0,veh_008,car,12.944884,77.683925,4.089
546.0,veh_009,car,12.944669,77.681071,14.038
546.0,veh_010,bus,12.940356,77.665686,4.664
546.0,veh_011,motorcycle,12.94455,77.680533,6.462
546.0,veh_012,motorcycle,12.936975,77.656035,3.99
546.0,veh_013,car,12.948521,77.699508,2.182
546.0,veh_016,car,12.93827,77.659581,6.739
546.0,veh_017,bus,12.935075,77.652147,3.37
546.0,veh_018,car,12.934343,77.650561,6.457
546.0,veh_019,bus,12.935937,77.653542,4.159
546.0,veh_020,car,12.945311,77.687361,12.129
546.0,veh_021,car,12.944208,77.67757,2.912
546.0,veh_022,car,12.930201,77.644009,8.351
546.0,veh_023,truck,12.942025,77.670634,3.422
546.0,veh_025,bus,12.938992,77.661829,4.94
546.0,veh_026,car,12.944707,77.682741,8.818
546.0,veh_027,motorcycle,12.940312,77.665563,2.137
546.0,veh_028,car,12.944333,77.678939,7.04
546.0,veh_030,bus,12.939905,77.664397,6.326
546.0,veh_031,car,12.944562,77.680042,1.03
546.0,veh_033,car,12.94859,77.699683,5.529
546.0,veh_035,car,12.938241,77.659715,3.68
546.0,veh_036,motorcycle,12.945921,77.690476,15.404
546.0,veh_037,car,12.933448,77.64929,7.941
546.0,veh_038,motorcycle,12.947312,77.69595,16.477
546.0,veh_039,bus,12.943231,77.674329,4.936
546.0,veh_040,car,12.932466,77.647415,11.277
546.0,veh_041,motorcycle,12.937471,77.657486,4.445
546.0,veh_042,car,12.937706,77.658439,8.153
546.0,veh_043,car,12.931855,77.646441,9.745
546.0,veh_045,car,12.945476,77.688315,11.091
546.0,veh_049,bus,12.945327,77.687446,4.822
547.0,veh_000,car,12.94751,77.696638,9.838
547.0,veh_002,car,12.931073,77.645204,4.825
547.0,veh_003,car,12.934085,77.650226,6.056
547.0,veh_004,car,12.942656,77.672592,14.086
547.0,veh_005,car,12.94654,77.693218,7.699
547.0,veh_006,car,12.938812,77.661205,7.563
547.0,veh_007,car,12.937234,77.656966,7.924
547.0,veh_008,car,12.944774,77.684008,8.986
547.0,veh_009,car,12.944645,77.681137,2.103
547.0,veh_010,bus,12.940297,77.665817,5.413
547.0,veh_011,motorcycle,12.944553,77.680553,2.759
547.0,veh_012,motorcycle,12.936888,77.656177,13.985
547.0,veh_013,car,12.948478,77.699648,7.705
547.0,veh_016,car,12.938247,77.659815,11.79
547.0,veh_017,bus,12.935131,77.65213,4.904
547.0,veh_018,car,12.934286,77.650619,7.242
547.0,veh_019,bus,12.935948,77.653527,5.218
547.0,veh_020,car,12.945208,77.687431,10.668
547.0,veh_021,car,12.944235,77.677751,5.191
547.0,veh_022,car,12.930318,77.644095,7.126
547.0,veh_023,truck,12.942067,77.670808,6.325
547.0,veh_025,bus,12.938946,77.661954,3.387
547.0,veh_026,car,12.944701,77.682858,1.786
547.0,veh_027,motorcycle,12.940326,77.665647,17.495
547.0,veh_028,car,12.944375,77.678971,3.752
547.0,veh_030,bus,12.940017,77.664512,4.916
547.0,veh_031,car,12.944396,77.680077,5.249
547.0,veh_033,car,12.948619,77.699696,6.676
547.0,veh_035,car,12.938204,77.659816,5.307
547.0,veh_036,motorcycle,12.946003,77.690584,10.971
547.0,veh_037,car,12.933712,77.649474,11.851
547.0,veh_038,motorcycle,12.947352,77.696118,15.567
547.0,veh_039,bus,12.943325,77.674399,5.1
547.0,veh_040,car,12.932398,77.647474,10.347
547.0,veh_041,motorcycle,12.93754,77.657681,6.214
547.0,veh_042,car,12.937792,77.658564,11.033
547.0,veh_043,car,12.931863,77.646382,5.934
547.0,veh_045,car,12.94554,77.688269,8.548
547.0,veh_049,bus,12.94535,77.687487,5.425
548.0,veh_000,car,12.947521,77.696673,6.909
548.0,veh_002,car,12.931222,77.645334,13.31
548.0,veh_003,car,12.934039,77.650228,8.005
548.0,veh_004,car,12.942775,77.67263,3.991
548.0,veh_005,car,12.946443,77.69329,6.988
548.0,veh_006,car,12.938698,77.661274,5.805
548.0,veh_007,car,12.937265,77.656867,5.781
548.0,veh_008,car,12.944813,77.684004,1.891
548.0,veh_009,car,12.944506,77.681165,5.94
548.0,veh_010,bus,12.940332,77.665847,4.07
548.0,veh_011,motorcycle,12.944453,77.680701,7.589
548.0,veh_012,motorcycle,12.936908,77.656271,14.358
548.0,veh_013,car,12.94855,77.699573,5.095
548.0,veh_016,car,12.938269,77.659934,10.972
548.0,veh_017,bus,12.935229,77.65221,5.51
548.0,veh_018,car,12.934287,77.65067,7.703
548.0,veh_019,bus,12.935943,77.653532,4.008
548.0,veh_020,car,12.945199,77.687346,5.975
548.0,veh_021,car,12.944328,77.677687,6.996
548.0,veh_022,car,12.930312,77.644126,8.785
548.0,veh_023,truck,12.942054,77.670791,4.093
548.0,veh_025,bus,12.938926,77.66192,5.098
548.0,veh_026,car,12.94478,77.682892,8.779
548.0,veh_027,motorcycle,12.940354,77.665767,5.159
548.0,veh_028,car,12.944346,77.679045,7.605
548.0,veh_030,bus,12.939959,77.664565,8.005
548.0,veh_031,car,12.944492,77.680105,3.987
548.0,veh_033,car,12.948576,77.699759,9.177
548.0,veh_035,car,12.938416,77.659806,5.533
548.0,veh_036,motorcycle,12.945888,77.690615,10.135
548.0,veh_037,car,12.933592,77.649488,11.031
548.0,veh_038,motorcycle,12.94734,77.696209,3.613
548.0,veh_039,bus,12.94326,77.674442,5.099
548.0,veh_040,car,12.932463,77.647514,7.228
548.0,veh_041,motorcycle,12.937457,77.657566,11.513
548.0,veh_042,car,12.937729,77.658666,5.749
548.0,veh_043,car,12.931811,77.646412,6.318
548.0,veh_045,car,12.9454,77.688386,8.713
548.0,veh_049,bus,12.945369,77.687609,5.885
549.0,veh_000,car,12.947583,77.696736,4.623
549.0,veh_002,car,12.93117,77.645399,8.37
549.0,veh_003,car,12.934035,77.650284,8.886
549.0,veh_004,car,12.942778,77.672692,9.664
549.0,veh_005,car,12.946581,77.693373,12.691
549.0,veh_006,car,12.938853,77.661238,8.264
549.0,veh_007,car,12.937349,77.656966,11.035
549.0,veh_008,car,12.9448,77.684101,10.77
549.0,veh_009,car,12.944583,77.681185,7.835
549.0,veh_010,bus,12.940438,77.665909,4.258
549.0,veh_011,motorcycle,12.944515,77.680682,10.699
549.0,veh_012,motorcycle,12.936934,77.656356,7.078
549.0,veh_013,car,12.948534,77.699658,6.601
549.0,veh_016,car,12.938358,77.660037,9.504
549.0,veh_017,bus,12.935294,77.652252,4.692
549.0,veh_018,car,12.934419,77.650692,7.541
549.0,veh_019,bus,12.935948,77.65366,2.699
549.0,veh_020,car,12.94535,77.687555,7.521
549.0,veh_021,car,12.944259,77.677857,7.452
549.0,veh_022,car,12.930388,77.644178,8.34
549.0,veh_023,truck,12.942148,77.670811,3.087
549.0,veh_025,bus,12.938966,77.661863,8.495
549.0,veh_026,car,12.944766,77.682954,8.54
549.0,veh_027,motorcycle,12.940365,77.665797,2.801
549.0,veh_028,car,12.944332,77.679052,7.802
549.0,veh_030,bus,12.940024,77.664599,3.879
549.0,veh_031,car,12.944499,77.680254,7.693
549.0,veh_033,car,12.948622,77.699864,12.372
549.0,veh_035,car,12.938238,77.659804,7.207
549.0,veh_036,motorcycle,12.945962,77.690645,8.736
549.0,veh_037,car,12.933603,77.649603,5.785
549.0,veh_038,motorcycle,12.947391,77.696284,12.849
549.0,veh_039,bus,12.943367,77.674478,4.782
549.0,veh_040,car,12.932501,77.647553,13.281
549.0,veh_041,motorcycle,12.937479,77.657696,5.156
549.0,veh_042,car,12.93776,77.65864,5.913
549.0,veh_043,car,12.931875,77.646555,7.349
549.0,veh_045,car,12.945494,77.688364,8.887
549.0,veh_049,bus,12.94532,77.687585,6.687
550.0,veh_000,car,12.947593,77.696828,9.841
550.0,veh_002,car,12.931227,77.64544,10.575
550.0,veh_003,car,12.934044,77.65037,4.198
550.0,veh_004,car,12.9428,77.672762,7.345
550.0,veh_005,car,12.946521,77.693358,0.851
550.0,veh_006,car,12.938951,77.661293,11.911
550.0,veh_007,car,12.937249,77.657104,6.153
550.0,veh_008,car,12.944828,77.684138,4.913
550.0,veh_009,car,12.944565,77.681264,7.574
550.0,veh_010,bus,12.940402,77.665937,7.404
550.0,veh_011,motorcycle,12.944606,77.680827,10.444
550.0,veh_012,motorcycle,12.937009,77.656289,5.022
550.0,veh_013,car,12.948661,77.699704,6.552
550.0,veh_016,car,12.938361,77.659994,10.21
550.0,veh_017,bus,12.935141,77.652412,5.409
550.0,veh_018,car,12.934262,77.65082,8.658
550.0,veh_019,bus,12.935887,77.653582,3.145
550.0,veh_020,car,12.945334,77.687563,5.476
550.0,veh_021,car,12.944321,77.677813,7.269
550.0,veh_022,car,12.930407,77.644221,3.751
550.0,veh_023,truck,12.942044,77.670843,4.534
550.0,veh_025,bus,12.939022,77.662029,6.501
550.0,veh_026,car,12.944713,77.68309,10.529
550.0,veh_027,motorcycle,12.940294,77.665884,4.613
550.0,veh_028,car,12.94439,77.679205,10.043
550.0,veh_030,bus,12.940035,77.664562,4.401
550.0,veh_031,car,12.944532,77.68019,4.289
550.0,veh_033,car,12.948655,77.700014,11.01
550.0,veh_035,car,12.938179,77.659894,6.878
550.0,veh_036,motorcycle,12.946065,77.690784,5.974
550.0,veh_037,car,12.933687,77.649614,7.561
550.0,veh_038,motorcycle,12.947463,77.696422,7.491
550.0,veh_039,bus,12.943364,77.674516,4.773
550.0,veh_040,car,12.932602,77.64787,13.45
550.0,veh_041,motorcycle,12.937605,77.657975,15.198
550.0,veh_042,car,12.937797,77.658704,8.696
550.0,veh_043,car,12.931894,77.646582,8.693
550.0,veh_045,car,12.945455,77.68849,7.713
550.0,veh_049,bus,12.945351,77.687626,4.643
551.0,veh_000,car,12.947745,77.696906,4.534
551.0,veh_002,car,12.931331,77.645461,5.922
551.0,veh_003,car,12.934116,77.650405,1.842
551.0,veh_004,car,12.942762,77.67288,9.672
551.0,veh_005,car,12.94653,77.693424,4.049
551.0,veh_006,car,12.93884,77.661556,11.689
551.0,veh_007,car,12.937293,77.657198,8.773
551.0,veh_008,car,12.944808,77.68426,6.063
551.0,veh_009,car,12.944562,77.681432,2.802
551.0,veh_010,bus,12.940399,77.665949,8.597
551.0,veh_011,motorcycle,12.944594,77.680919,12.51
551.0,veh_012,motorcycle,12.936964,77.656386,4.958
551.0,veh_013,car,12.948488,77.699868,10.714
551.0,veh_016,car,12.938393,77.660194,12.507
551.0,veh_017,bus,12.935265,77.652376,5.973
551.0,veh_018,car,12.934419,77.650828,8.571
551.0,veh_019,bus,12.935964,77.653684,5.966
551.0,veh_020,car,12.945337,77.687682,8.626
551.0,veh_021,car,12.944327,77.677944,9.9
551.0,veh_022,car,12.930513,77.644266,9.112
551.0,veh_023,truck,12.942157,77.670941,4.583
551.0,veh_025,bus,12.939103,77.662072,4.374
551.0,veh_026,car,12.944794,77.683087,7.842
551.0,veh_027,motorcycle,12.940324,77.665901,12.622
551.0,veh_028,car,12.944336,77.679234,4.463
551.0,veh_030,bus,12.940015,77.664717,5.58
551.0,veh_031,car,12.944508,77.680205,1.898
551.0,veh_033,car,12.948678,77.700012,4.893
551.0,veh_035,car,12.938335,77.659881,8.359
551.0,veh_036,motorcycle,12.946053,77.690897,8.958
551.0,veh_037,car,12.933735,77.649624,6.143
551.0,veh_038,motorcycle,12.947484,77.696526,11.125
551.0,veh_039,bus,12.943367,77.674563,5.307
551.0,veh_040,car,12.932584,77.647866,14.065
551.0,veh_041,motorcycle,12.937456,77.657939,6.216
551.0,veh_042,car,12.937964,77.658829,8.26
551.0,veh_043,car,12.931999,77.646713,8.145
551.0,veh_045,car,12.945543,77.688577,10.14
551.0,veh_049,bus,12.945333,77.687715,4.025
552.0,veh_000,car,12.947699,77.696889,7.854
552.0,veh_002,car,12.93133,77.645576,6.871
552.0,veh_003,car,12.934121,77.65038,5.769
552.0,veh_004,car,12.942812,77.673075,6.956
552.0,veh_005,car,12.946501,77.693499,9.994
552.0,veh_006,car,12.938834,77.661496,2.67
552.0,veh_007,car,12.93732,77.657323,10.427
552.0,veh_008,car,12.944855,77.684247,2.694
552.0,veh_009,car,12.944542,77.681366,7.099
552.0,veh_010,bus,12.940392,77.666015,4.351
552.0,veh_011,motorcycle,12.944494,77.680982,8.57
552.0,veh_012,motorcycle,12.937088,77.656352,12.167
552.0,veh_013,car,12.948498,77.699929,9.357
552.0,veh_016,car,12.938403,77.660208,4.049
552.0,veh_017,bus,12.935263,77.65227,3.323
552.0,veh_018,car,12.934416,77.651038,12.214
552.0,veh_019,bus,12.936022,77.653743,3.266
552.0,veh_020,car,12.945375,77.687757,6.074
552.0,veh_021,car,12.944231,77.678119,8.484
552.0,veh_022,car,12.930394,77.644391,7.356
552.0,veh_023,truck,12.94214,77.670928,3.893
552.0,veh_025,bus,12.939132,77.662043,3.301
552.0,veh_026,car,12.94475,77.683205,6.844
552.0,veh_027,motorcycle,12.940503,77.665956,2.707
552.0,veh_028,car,12.944347,77.679282,9.032
552.0,veh_030,bus,12.939997,77.664704,7.363
552.0,veh_031,car,12.944433,77.68033,8.688
552.0,veh_033,car,12.948701,77.700146,9.18
552.0,veh_035,car,12.938304,77.659983,3.946
552.0,veh_036,motorcycle,12.94608,77.691006,14.314
552.0,veh_037,car,12.933814,77.649776,9.309
552.0,veh_038,motorcycle,12.947405,77.696544,10.443
552.0,veh_039,bus,12.943415,77.674584,3.719
552.0,veh_040,car,12.932667,77.647926,10.759
552.0,veh_041,motorcycle,12.937636,77.657949,12.244
552.0,veh_042,car,12.937858,77.658744,7.764
552.0,veh_043,car,12.931911,77.646774,5.371
552.0,veh_045,car,12.945545,77.688627,6.572
552.0,veh_049,bus,12.945378,77.687806,4.589
553.0,veh_000,car,12.947694,77.697008,12.594
553.0,veh_002,car,12.931364,77.645662,8.439
553.0,veh_003,car,12.934171,77.650401,6.668
553.0,veh_004,car,12.94284,77.673002,11.329
553.0,veh_005,car,12.946544,77.69366,10.787
553.0,veh_006,car,12.938906,77.661577,4.726
553.0,veh_007,car,12.937514,77.657412,13.47
553.0,veh_008,car,12.944834,77.684318,8.718
553.0,veh_009,car,12.944571,77.681476,6.055
553.0,veh_010,bus,12.940503,77.665991,4.629
553.0,veh_011,motorcycle,12.944586,77.681008,3.042
553.0,veh_012,motorcycle,12.937182,77.656506,8.677
553.0,veh_013,car,12.948599,77.699908,6.929
553.0,veh_016,car,12.93845,77.660259,8.247
553.0,veh_017,bus,12.935305,77.652291,1.728
553.0,veh_018,car,12.934426,77.65105,9.75
553.0,veh_019,bus,12.936063,77.653779,5.714
553.0,veh_020,car,12.945395,77.687759,5.466
553.0,veh_021,car,12.944274,77.678019,7.397
553.0,veh_022,car,12.930584,77.64436,6.922
553.0,veh_023,truck,12.942148,77.670942,7.263
553.0,veh_025,bus,12.939154,77.66212,5.067
553.0,veh_026,car,12.944831,77.683174,0.732
553.0,veh_027,motorcycle,12.940436,77.666094,8.911
553.0,veh_028,car,12.944475,77.679388,10.73
553.0,veh_030,bus,12.939872,77.66484,5.249
553.0,veh_031,car,12.944539,77.680426,6.406
553.0,veh_033,car,12.948704,77.700187,10.507
553.0,veh_035,car,12.938369,77.660128,8.056
553.0,veh_036,motorcycle,12.946022,77.691122,7.346
553.0,veh_037,car,12.933825,77.649855,9.435
553.0,veh_038,motorcycle,12.947516,77.696577,2.987
553.0,veh_039,bus,12.943325,77.674621,4.894
553.0,veh_040,car,12.932698,77.647954,4.107
553.0,veh_041,motorcycle,12.937643,77.657964,6.382
553.0,veh_042,car,12.93803,77.658822,7.041
553.0,veh_043,car,12.932088,77.646783,9.7
553.0,veh_045,car,12.94554,77.688651,10.003
553.0,veh_049,bus,12.945366,77.687716,4.553
554.0,veh_000,car,12.947657,77.697094,6.293
554.0,veh_002,car,12.931477,77.645635,6.845
554.0,veh_003,car,12.934127,77.65052,9.17
554.0,veh_004,car,12.942952,77.673147,7.164
554.0,veh_005,car,12.946617,77.693616,6.188
554.0,veh_006,car,12.938852,77.661636,5.266
554.0,veh_007,car,12.937467,77.657451,5.917
554.0,veh_008,car,12.94481,77.684467,11.413
554.0,veh_009,car,12.944641,77.681436,6.639
554.0,veh_010,bus,12.940515,77.666049,3.349
554.0,veh_011,motorcycle,12.944438,77.681198,13.777
554.0,veh_012,motorcycle,12.937176,77.656591,9.19
554.0,veh_013,car,12.948694,77.699976,8.431
554.0,veh_016,car,12.938471,77.660352,9.313
554.0,veh_017,bus,12.935265,77.652317,4.522
554.0,veh_018,car,12.934509,77.651033,4.715
554.0,veh_019,bus,12.936076,77.653745,4.556
554.0,veh_020,car,12.945316,77.687768,8.296
554.0,veh_021,car,12.944334,77.67822,9.576
554.0,veh_022,car,12.930561,77.644377,7.465
554.0,veh_023,truck,12.942214,77.671011,4.394
554.0,veh_025,bus,12.939005,77.662182,3.411
554.0,veh_026,car,12.944773,77.683397,15.561
554.0,veh_027,motorcycle,12.940492,77.666189,15.69
554.0,veh_028,car,12.944397,77.679519,5.037
554.0,veh_030,bus,12.94004,77.664801,5.289
554.0,veh_031,car,12.944509,77.68054,12.043
554.0,veh_033,car,12.948721,77.700249,1.618
554.0,veh_035,car,12.938421,77.660142,6.848
554.0,veh_036,motorcycle,12.946125,77.691034,2.252
554.0,veh_037,car,12.933795,77.649908,10.527
554.0,veh_038,motorcycle,12.94761,77.696575,7.868
554.0,veh_039,bus,12.943387,77.674574,6.854
554.0,veh_040,car,12.932745,77.648038,7.912
554.0,veh_041,motorcycle,12.937709,77.658078,16.14
554.0,veh_042,car,12.937996,77.658922,4.952
554.0,veh_043,car,12.932015,77.646829,7.084
554.0,veh_045,car,12.945661,77.688714,4.872
554.0,veh_049,bus,12.945371,77.687783,6.172
555.0,veh_000,car,12.947645,77.697179,11.691
555.0,veh_002,car,12.931435,77.645589,0.1
555.0,veh_003,car,12.934291,77.650551,8.504
555.0,veh_004,car,12.942901,77.673301,10.441
555.0,veh_005,car,12.946543,77.693661,5.894
555.0,veh_006,car,12.93886,77.661669,6.998
555.0,veh_007,car,12.937357,77.657465,6.555
555.0,veh_008,car,12.94484,77.684585,10.851
555.0,veh_009,car,12.944621,77.681516,9.748
555.0,veh_010,bus,12.940483,77.666123,6.079
555.0,veh_011,motorcycle,12.944569,77.681283,6.656
555.0,veh_012,motorcycle,12.93716,77.656619,4.337
555.0,veh_013,car,12.948612,77.700133,8.108
555.0,veh_016,car,12.938496,77.660505,8.344
555.0,veh_017,bus,12.935315,77.652528,4.544
555.0,veh_018,car,12.934459,77.65113,8.866
555.0,veh_019,bus,12.936042,77.653741,4.923
555.0,veh_020,car,12.945368,77.687835,2.171
555.0,veh_021,car,12.944401,77.678166,7.945
555.0,veh_022,car,12.930538,77.644612,13.185
555.0,veh_023,truck,12.942205,77.67103,4.532
555.0,veh_025,bus,12.939053,77.662284,6.56
555.0,veh_026,car,12.94473,77.68343,9.51
555.0,veh_027,motorcycle,12.940623,77.666221,10.639
555.0,veh_028,car,12.944409,77.679512,7.565
555.0,veh_030,bus,12.940136,77.664922,5.589
555.0,veh_031,car,12.944651,77.680567,5.605
555.0,veh_033,car,12.948765,77.700252,7.236
555.0,veh_035,car,12.938367,77.660093,9.988
555.0,veh_036,motorcycle,12.946129,77.69111,12.21
555.0,veh_037,car,12.933905,77.649921,10.045
555.0,veh_038,motorcycle,12.947559,77.69676,10.854
555.0,veh_039,bus,12.943451,77.674704,5.373
555.0,veh_040,car,12.932774,77.648067,4.082
555.0,veh_041,motorcycle,12.937674,77.658249,11.39
555.0,veh_042,car,12.938024,77.659031,10.17
555.0,veh_043,car,12.932134,77.646918,7.982
555.0,veh_045,car,12.945578,77.688802,4.966
555.0,veh_049,bus,12.945382,77.687764,5.825
556.0,veh_000,car,12.947791,77.697177,8.943
556.0,veh_002,car,12.931423,77.645794,7.769
556.0,veh_003,car,12.934251,77.650672,2.965
556.0,veh_004,car,12.94289,77.673191,6.184
556.0,veh_005,car,12.946571,77.693782,4.871
556.0,veh_006,car,12.938863,77.6617,9.081
556.0,veh_007,car,12.937541,77.657562,10.781
556.0,veh_008,car,12.94488,77.684526,7.088
556.0,veh_009,car,12.944519,77.68162,5.985
556.0,veh_010,bus,12.940534,77.666278,5.992
556.0,veh_011,motorcycle,12.944624,77.681372,17.497
556.0,veh_012,motorcycle,12.937195,77.656726,12.266
556.0,veh_013,car,12.948751,77.700153,6.889
556.0,veh_016,car,12.93853,77.660523,10.085
556.0,veh_017,bus,12.935346,77.652534,7.507
556.0,veh_018,car,12.934624,77.651119,6.934
556.0,veh_019,bus,12.936188,77.653921,4.731
556.0,veh_020,car,12.945453,77.687918,10.778
556.0,veh_021,car,12.944373,77.67828,12.316
556.0,veh_022,car,12.930611,77.644576,8.691
556.0,veh_023,truck,12.942228,77.671131,4.935
556.0,veh_025,bus,12.939131,77.662204,5.458
556.0,veh_026,car,12.944775,77.683492,10.486
556.0,veh_027,motorcycle,12.940582,77.666315,7.912
556.0,veh_028,car,12.944465,77.679687,8.146
556.0,veh_030,bus,12.940029,77.664814,3.664
556.0,veh_031,car,12.944551,77.680616,8.208
556.0,veh_033,car,12.948671,77.700403,11.371
556.0,veh_035,car,12.938449,77.660307,8.62
556.0,veh_036,motorcycle,12.946149,77.691262,7.393
556.0,veh_037,car,12.933866,77.649907,6.193
556.0,veh_038,motorcycle,12.947627,77.696774,4.2
556.0,veh_039,bus,12.943291,77.674773,6.163
556.0,veh_040,car,12.9328,77.648139,4.079
556.0,veh_041,motorcycle,12.937739,77.658361,11.115
556.0,veh_042,car,12.938046,77.659067,7.739
556.0,veh_043,car,12.932104,77.646894,2.305
556.0,veh_045,car,12.945561,77.688894,7.272
556.0,veh_049,bus,12.945477,77.687898,9.514
557.0,veh_000,car,12.947719,77.697385,7.816
557.0,veh_002,car,12.931426,77.645814,8.872
557.0,veh_003,car,12.934282,77.650701,11.18
557.0,veh_004,car,12.94298,77.673436,10.165
557.0,veh_005,car,12.946603,77.693784,5.498
557.0,veh_006,car,12.93895,77.661802,9.816
557.0,veh_007,car,12.937504,77.657695,11.028
557.0,veh_008,car,12.944905,77.684675,12.56
557.0,veh_009,car,12.944594,77.681688,2.685
557.0,veh_010,bus,12.940546,77.666289,7.958
557.0,veh_011,motorcycle,12.944488,77.68137,12.634
557.0,veh_012,motorcycle,12.93721,77.656836,8.659
557.0,veh_013,car,12.94872,77.70022,8.054
557.0,veh_016,car,12.938506,77.660614,7.853
557.0,veh_017,bus,12.935324,77.652508,1.493
557.0,veh_018,car,12.934618,77.651262,4.027
557.0,veh_019,bus,12.936151,77.65391,6.369
557.0,veh_020,car,12.945365,77.687903,4.867
557.0,veh_021,car,12.944315,77.6784,8.22
557.0,veh_022,car,12.930671,77.644623,7.022
557.0,veh_023,truck,12.94227,77.671094,3.652
557.0,veh_025,bus,12.939154,77.662287,4.432
557.0,veh_026,car,12.944729,77.683611,12.059
557.0,veh_027,motorcycle,12.940684,77.666493,9.905
557.0,veh_028,car,12.944486,77.679628,0.78
557.0,veh_030,bus,12.940009,77.664919,7.102
557.0,veh_031,car,12.944548,77.680617,6.648
557.0,veh_033,car,12.948736,77.700506,5.816
557.0,veh_035,car,12.938417,77.660319,5.456
557.0,veh_036,motorcycle,12.946042,77.691261,7.004
557.0,veh_037,car,12.933936,77.650031,8.163
557.0,veh_038,motorcycle,12.947545,77.696905,7.851
557.0,veh_039,bus,12.943479,77.674775,4.053
557.0,veh_040,car,12.932783,77.648166,5.912
557.0,veh_041,motorcycle,12.937769,77.658396,6.949
557.0,veh_042,car,12.938046,77.659112,12.648
557.0,veh_043,car,12.932147,77.646968,2.802
557.0,veh_045,car,12.945616,77.688908,7.148
557.0,veh_049,bus,12.94537,77.687957,3.927
558.0,veh_000,car,12.947794,77.697348,6.539
558.0,veh_002,car,12.931492,77.645824,4.19
558.0,veh_003,car,12.934299,77.650798,10.629
558.0,veh_004,car,12.942913,77.673471,5.843
558.0,veh_005,car,12.946631,77.693791,7.365
558.0,veh_006,car,12.939058,77.661844,9.687
558.0,veh_007,car,12.937463,77.657789,10.266
558.0,veh_008,car,12.944974,77.684846,8.062
558.0,veh_009,car,12.944667,77.681697,9.228
558.0,veh_010,bus,12.940534,77.666269,3.9
558.0,veh_011,motorcycle,12.944722,77.681588,13.571
558.0,veh_012,motorcycle,12.937176,77.656887,6.393
558.0,veh_013,car,12.948756,77.70031,11.395
558.0,veh_016,car,12.938542,77.66061,8.068
558.0,veh_017,bus,12.935426,77.652645,4.607
558.0,veh_018,car,12.934611,77.651278,8.759
558.0,veh_019,bus,12.93628,77.654017,6.668
558.0,veh_020,car,12.9453,77.68799,5.918
558.0,veh_021,car,12.944305,77.67854,11.748
558.0,veh_022,car,12.930744,77.644696,7.167
558.0,veh_023,truck,12.942238,77.671172,4.527
558.0,veh_025,bus,12.939165,77.662268,3.069
558.0,veh_026,car,12.944865,77.683738,11.628
558.0,veh_027,motorcycle,12.940628,77.666471,9.547
558.0,veh_028,car,12.944531,77.679695,10.313
558.0,veh_030,bus,12.940207,77.665018,2.999
558.0,veh_031,car,12.944571,77.680798,11.329
558.0,veh_033,car,12.948767,77.700485,6.152
558.0,veh_035,car,12.938478,77.660391,6.57
558.0,veh_036,motorcycle,12.946199,77.691287,8.943
558.0,veh_037,car,12.934023,77.650098,5.658
558.0,veh_038,motorcycle,12.947671,77.697002,11.366
558.0,veh_039,bus,12.94348,77.674977,5.926
558.0,veh_040,car,12.932771,77.648217,6.671
558.0,veh_041,motorcycle,12.937911,77.658483,3.579
558.0,veh_042,car,12.938137,77.659304,10.784
558.0,veh_043,car,12.932126,77.647037,5.705
558.0,veh_045,car,12.945681,77.689049,7.877
558.0,veh_049,bus,12.945534,77.688112,5.558
559.0,veh_000,car,12.947851,77.697472,6.923
559.0,veh_002,car,12.931561,77.645873,6.875
559.0,veh_003,car,12.934467,77.650841,4.183
559.0,veh_004,car,12.943044,77.673524,6.342
559.0,veh_005,car,12.946665,77.694073,8.385
559.0,veh_006,car,12.939009,77.661965,5.451
559.0,veh_007,car,12.937583,77.65787,7.17
559.0,veh_008,car,12.944949,77.684898,8.084
559.0,veh_009,car,12.944494,77.681885,14.005
559.0,veh_010,bus,12.94052,77.666372,5.29
559.0,veh_011,motorcycle,12.944682,77.68162,3.407
559.0,veh_012,motorcycle,12.937293,77.656993,7.939
559.0,veh_013,car,12.948756,77.700319,2.794
559.0,veh_016,car,12.938573,77.66068,5.65
559.0,veh_017,bus,12.935329,77.652519,4.361
559.0,veh_018,car,12.934681,77.651294,7.54
559.0,veh_019,bus,12.936118,77.654084,3.769
559.0,veh_020,car,12.945428,77.688021,6.453
559.0,veh_021,car,12.944285,77.678592,6.846
559.0,veh_022,car,12.930814,77.644745,13.47
559.0,veh_023,truck,12.942308,77.671142,5.513
559.0,veh_025,bus,12.939163,77.662456,7.046
559.0,veh_026,car,12.944713,77.68389,9.646
559.0,veh_027,motorcycle,12.940722,77.666584,7.723
559.0,veh_028,car,12.944468,77.679852,7.773
559.0,veh_030,bus,12.940152,77.664903,4.207
559.0,veh_031,car,12.944607,77.680889,6.549
559.0,veh_033,car,12.948843,77.700639,11.307
559.0,veh_035,car,12.938547,77.660365,7.845
559.0,veh_036,motorcycle,12.946144,77.69149,7.753
559.0,veh_037,car,12.934034,77.650169,4.871
559.0,veh_038,motorcycle,12.947726,77.69699,9.348
559.0,veh_039,bus,12.943369,77.674968,5.829
559.0,veh_040,car,12.932921,77.648241,9.734
559.0,veh_041,motorcycle,12.937823,77.658641,15.262
559.0,veh_042,car,12.93806,77.659371,5.169
559.0,veh_043,car,12.932164,77.647038,12.317
559.0,veh_045,car,12.945591,77.689115,3.581
559.0,veh_049,bus,12.945326,77.688084,7.134
560.0,veh_000,car,12.947936,77.6976,10.174
560.0,veh_002,car,12.931587,77.645911,4.494
560.0,veh_003,car,12.934436,77.650887,6.628
560.0,veh_004,car,12.943032,77.67354,1.684
560.0,veh_005,car,12.946665,77.694062,10.984
560.0,veh_006,car,12.938978,77.661986,11.136
560.0,veh_007,car,12.937623,77.657834,1.84
560.0,veh_008,car,12.944912,77.684951,8.293
560.0,veh_009,car,12.944509,77.68198,11.56
560.0,veh_010,bus,12.940557,77.666393,3.251
560.0,veh_011,motorcycle,12.944604,77.681721,13.195
560.0,veh_012,motorcycle,12.937252,77.656951,6.542
560.0,veh_013,car,12.948753,77.700366,4.136
560.0,veh_016,car,12.938653,77.660757,11.613
560.0,veh_017,bus,12.935427,77.652616,2.562
560.0,veh_018,car,12.934718,77.651333,7.308
560.0,veh_019,bus,12.936202,77.654017,6.919
560.0,veh_020,car,12.945373,77.688111,10.156
560.0,veh_021,car,12.944372,77.678593,5.11
560.0,veh_022,car,12.93085,77.644847,9.32
560.0,veh_023,truck,12.942232,77.671255,4.315
560.0,veh_025,bus,12.93915,77.662444,4.427
560.0,veh_026,car,12.944863,77.683907,9.639
560.0,veh_027,motorcycle,12.940673,77.666676,4.046
560.0,veh_028,car,12.944507,77.679946,7.354
560.0,veh_030,bus,12.940089,77.665032,5.561
560.0,veh_031,car,12.944574,77.681013,7.453
560.0,veh_033,car,12.948921,77.700672,6.573
560.0,veh_035,car,12.938612,77.660497,12.435
560.0,veh_036,motorcycle,12.94615,77.691569,7.404
560.0,veh_037,car,12.934052,77.650268,14.16
560.0,veh_038,motorcycle,12.947737,77.697082,6.821
560.0,veh_039,bus,12.943528,77.675049,5.761
560.0,veh_040,car,12.932897,77.648283,0.439
560.0,veh_041,motorcycle,12.937822,77.658602,2.985
560.0,veh_042,car,12.938194,77.659454,9.331
560.0,veh_043,car,12.932243,77.647153,12.655
560.0,veh_045,car,12.945649,77.689046,2.87
560.0,veh_049,bus,12.945486,77.688236,4.508
561.0,veh_000,car,12.947966,77.697706,9.422
561.0,veh_002,car,12.931566,77.64592,7.415
561.0,veh_003,car,12.934455,77.651014,8.0
561.0,veh_004,car,12.94303,77.673571,6.048
561.0,veh_005,car,12.946768,77.694222,8.192
561.0,veh_006,car,12.939026,77.662172,12.998
561.0,veh_007,car,12.937588,77.657875,4.712
561.0,veh_008,car,12.944845,77.684923,5.138
561.0,veh_009,car,12.944588,77.682116,9.169
561.0,veh_010,bus,12.940641,77.666425,4.677
561.0,veh_011,motorcycle,12.944693,77.681749,4.655
561.0,veh_012,motorcycle,12.937303,77.657087,5.684
561.0,veh_013,car,12.948767,77.700381,4.562
561.0,veh_016,car,12.938692,77.660747,4.662
561.0,veh_017,bus,12.935428,77.652641,6.105
561.0,veh_018,car,12.934634,77.65143,5.646
561.0,veh_019,bus,12.9362,77.65406,4.686
561.0,veh_020,car,12.945356,77.688203,14.961
561.0,veh_021,car,12.944329,77.678678,5.657
561.0,veh_022,car,12.930987,77.644973,8.424
561.0,veh_023,truck,12.942221,77.671271,5.254
561.0,veh_025,bus,12.939146,77.662566,5.541
561.0,veh_026,car,12.944736,77.684124,13.259
561.0,veh_027,motorcycle,12.940738,77.666805,14.849
561.0,veh_028,car,12.944487,77.679788,3.921
561.0,veh_030,bus,12.940129,77.665074,6.908
561.0,veh_031,car,12.944585,77.681007,4.918
561.0,veh_033,car,12.948795,77.700662,5.209
561.0,veh_035,car,12.938558,77.66065,9.603
561.0,veh_036,motorcycle,12.94604,77.691596,4.547
561.0,veh_037,car,12.933991,77.650414,12.507
561.0,veh_038,motorcycle,12.947576,77.697143,11.169
561.0,veh_039,bus,12.943514,77.675071,7.556
561.0,veh_040,car,12.932995,77.648275,9.118
561.0,veh_041,motorcycle,12.937865,77.658831,18.134
561.0,veh_042,car,12.938181,77.659447,10.755
561.0,veh_043,car,12.932321,77.647188,8.653
561.0,veh_045,car,12.945608,77.689041,6.522
561.0,veh_049,bus,12.94548,77.68813,3.891
562.0,veh_000,car,12.947847,77.697658,2.613
562.0,veh_002,car,12.931538,77.646067,8.633
562.0,veh_003,car,12.934434,77.650961,3.24
562.0,veh_004,car,12.943026,77.673637,9.816
562.0,veh_005,car,12.946736,77.694171,9.654
562.0,veh_006,car,12.939055,77.662163,6.531
562.0,veh_007,car,12.937658,77.657954,10.253
562.0,veh_008,car,12.944857,77.684997,8.05
562.0,veh_009,car,12.944711,77.682029,6.211
562.0,veh_010,bus,12.94064,77.666491,5.692
562.0,veh_011,motorcycle,12.944649,77.681959,14.395
562.0,veh_012,motorcycle,12.937299,77.657153,8.18
562.0,veh_013,car,12.948855,77.70042,9.49
562.0,veh_016,car,12.938674,77.660927,7.784
562.0,veh_017,bus,12.935546,77.652741,7.347
562.0,veh_018,car,12.934711,77.651495,7.882
562.0,veh_019,bus,12.936148,77.654067,7.043
562.0,veh_020,car,12.94548,77.688373,10.072
562.0,veh_021,car,12.944429,77.678785,9.552
562.0,veh_022,car,12.931014,77.644999,7.106
562.0,veh_023,truck,12.94238,77.67134,4.272
562.0,veh_025,bus,12.9391,77.66258,6.525
562.0,veh_026,car,12.944848,77.684129,8.265
562.0,veh_027,motorcycle,12.940725,77.666797,13.548
562.0,veh_028,car,12.944428,77.679907,5.962
562.0,veh_030,bus,12.940212,77.665104,6.875
562.0,veh_031,car,12.944536,77.681035,6.851
562.0,veh_033,car,12.949062,77.700862,14.496
562.0,veh_035,car,12.938616,77.66064,11.088
562.0,veh_036,motorcycle,12.94621,77.691581,14.995
562.0,veh_037,car,12.934119,77.650433,9.0
562.0,veh_038,motorcycle,12.947664,77.697229,6.987
562.0,veh_039,bus,12.943624,77.674965,6.492
562.0,veh_040,car,12.932984,77.648334,7.824
562.0,veh_041,motorcycle,12.937967,77.658883,9.907
562.0,veh_042,car,12.93818,77.659577,3.183
562.0,veh_043,car,12.932265,77.647308,7.637
562.0,veh_045,car,12.945698,77.689222,5.329
562.0,veh_049,bus,12.945485,77.688206,3.763
563.0,veh_000,car,12.947938,77.697721,9.463
563.0,veh_002,car,12.93175,77.646254,12.833
563.0,veh_003,car,12.934432,77.651056,3.493
563.0,veh_004,car,12.943057,77.673571,11.097
563.0,veh_005,car,12.946694,77.694186,9.015
563.0,veh_006,car,12.939181,77.662329,12.053
563.0,veh_007,car,12.937572,77.658032,6.8
563.0,veh_008,car,12.944963,77.68518,4.562
563.0,veh_009,car,12.944655,77.682194,6.622
563.0,veh_010,bus,12.940613,77.666449,6.236
563.0,veh_011,motorcycle,12.944678,77.682125,15.331
563.0,veh_012,motorcycle,12.937323,77.657175,11.789
563.0,veh_013,car,12.94881,77.70056,5.327
563.0,veh_016,car,12.938664,77.661049,12.28
563.0,veh_017,bus,12.935507,77.652787,5.218
563.0,veh_018,car,12.934813,77.65156,0.1
563.0,veh_019,bus,12.936207,77.654142,6.329
563.0,veh_020,car,12.945488,77.688426,5.354
563.0,veh_021,car,12.944313,77.678881,11.894
563.0,veh_022,car,12.930829,77.645037,4.824
563.0,veh_023,truck,12.942226,77.671361,7.113
563.0,veh_025,bus,12.939199,77.662527,3.615
563.0,veh_026,car,12.944792,77.684116,4.948
563.0,veh_027,motorcycle,12.940711,77.66679,0.223
563.0,veh_028,car,12.944452,77.679921,5.386
563.0,veh_030,bus,12.940263,77.665163,4.857
563.0,veh_031,car,12.944635,77.681117,1.816
563.0,veh_033,car,12.948927,77.700815,1.822
563.0,veh_035,car,12.938606,77.660762,4.551
563.0,veh_036,motorcycle,12.946232,77.691804,12.217
563.0,veh_037,car,12.934137,77.650528,12.849
563.0,veh_038,motorcycle,12.947775,77.697341,14.824
563.0,veh_039,bus,12.94362,77.675136,8.266
563.0,veh_040,car,12.933042,77.64846,10.235
563.0,veh_041,motorcycle,12.93798,77.658938,8.337
563.0,veh_042,car,12.938202,77.659601,9.957
563.0,veh_043,car,12.932313,77.647509,11.111
563.0,veh_045,car,12.945677,77.689235,9.056
563.0,veh_049,bus,12.945442,77.688341,6.073
564.0,veh_000,car,12.947929,77.697799,10.906
564.0,veh_002,car,12.931695,77.646186,9.497
564.0,veh_003,car,12.934486,77.651081,5.189
564.0,veh_004,car,12.943091,77.673813,10.361
564.0,veh_005,car,12.946679,77.694307,8.37
564.0,veh_006,car,12.939073,77.662429,13.409
564.0,veh_007,car,12.937617,77.658029,6.399
564.0,veh_008,car,12.945001,77.685085,5.477
564.0,veh_009,car,12.944663,77.682276,6.018
564.0,veh_010,bus,12.940675,77.666558,4.013
564.0,veh_011,motorcycle,12.944645,77.682157,8.429
564.0,veh_012,motorcycle,12.937368,77.657241,6.265
564.0,veh_013,car,12.94883,77.700552,2.821
564.0,veh_016,car,12.938717,77.66113,9.408
564.0,veh_017,bus,12.93555,77.652862,7.661
564.0,veh_018,car,12.93476,77.651553,5.429
564.0,veh_019,bus,12.936375,77.654181,4.702
564.0,veh_020,car,12.945541,77.688497,10.96
564.0,veh_021,car,12.944421,77.678943,1.336
564.0,veh_022,car,12.930994,77.645064,12.458
564.0,veh_023,truck,12.942266,77.671363,4.531
564.0,veh_025,bus,12.939316,77.662567,7.104
564.0,veh_026,car,12.944867,77.684166,8.309
564.0,veh_027,motorcycle,12.940658,77.666941,10.324
564.0,veh_028,car,12.944473,77.68009,10.407
564.0,veh_030,bus,12.940183,77.665254,7.537
564.0,veh_031,car,12.944569,77.681135,6.915
564.0,veh_033,car,12.948967,77.700844,4.247
564.0,veh_035,car,12.938543,77.660822,8.921
564.0,veh_036,motorcycle,12.946235,77.691821,4.238
564.0,veh_037,car,12.934128,77.650593,6.877
564.0,veh_038,motorcycle,12.947831,77.697373,10.512
564.0,veh_039,bus,12.943585,77.675178,6.715
564.0,veh_040,car,12.933097,77.648589,5.825
564.0,veh_041,motorcycle,12.937986,77.658953,9.223
564.0,veh_042,car,12.938213,77.659586,4.818
564.0,veh_043,car,12.932422,77.647449,8.26
564.0,veh_045,car,12.945691,77.689356,5.745
564.0,veh_049,bus,12.945455,77.688284,2.512
565.0,veh_000,car,12.947946,77.697995,10.33
565.0,veh_002,car,12.931785,77.646246,6.648
565.0,veh_003,car,12.934497,77.651104,12.541
565.0,veh_004,car,12.943114,77.673873,10.649
565.0,veh_005,car,12.946757,77.694311,8.411
565.0,veh_006,car,12.939155,77.662521,8.738
565.0,veh_007,car,12.937632,77.658243,11.889
565.0,veh_008,car,12.944852,77.685208,3.75
565.0,veh_009,car,12.944648,77.682291,4.934
565.0,veh_010,bus,12.940564,77.666673,1.819
565.0,veh_011,motorcycle,12.944712,77.682255,12.566
565.0,veh_012,motorcycle,12.937476,77.657376,14.733
565.0,veh_013,car,12.948814,77.700684,8.903
565.0,veh_016,car,12.938792,77.661103,2.771
565.0,veh_017,bus,12.93546,77.652888,4.952
565.0,veh_018,car,12.934814,77.651541,4.721
565.0,veh_019,bus,12.936285,77.654259,3.551
565.0,veh_020,car,12.945519,77.688535,9.365
565.0,veh_021,car,12.944349,77.678941,10.739
565.0,veh_022,car,12.931069,77.645165,9.603
565.0,veh_023,truck,12.942307,77.671439,3.572
565.0,veh_025,bus,12.939184,77.662736,4.992
565.0,veh_026,car,12.944763,77.684342,10.769
565.0,veh_027,motorcycle,12.940896,77.667049,14.754
565.0,veh_028,car,12.944612,77.680158,6.373
565.0,veh_030,bus,12.940233,77.665254,1.551
565.0,veh_031,car,12.944608,77.681213,7.094
565.0,veh_033,car,12.948972,77.700948,15.15
565.0,veh_035,car,12.938801,77.660895,9.389
565.0,veh_036,motorcycle,12.946153,77.691884,7.26
565.0,veh_037,car,12.934192,77.650646,7.617
565.0,veh_038,motorcycle,12.947821,77.697503,15.82
565.0,veh_039,bus,12.943641,77.67515,4.779
565.0,veh_040,car,12.933021,77.648471,7.541
565.0,veh_041,motorcycle,12.937988,77.659094,11.805
565.0,veh_042,car,12.93829,77.659692,9.473
565.0,veh_043,car,12.93259,77.647601,12.151
565.0,veh_045,car,12.945792,77.689388,12.456
565.0,veh_049,bus,12.945456,77.688351,7.353
566.0,veh_000,car,12.947995,77.698045,11.447
566.0,veh_002,car,12.931819,77.64642,10.147
566.0,veh_003,car,12.934607,77.65114,5.637
566.0,veh_004,car,12.943215,77.673914,7.536
566.0,veh_005,car,12.946828,77.694508,14.026
566.0,veh_006,car,12.939228,77.662432,3.51
566.0,veh_007,car,12.937641,77.658286,10.277
566.0,veh_008,car,12.944916,77.68521,9.667
566.0,veh_009,car,12.944617,77.682382,9.718
566.0,veh_010,bus,12.94062,77.666642,3.308
566.0,veh_011,motorcycle,12.944652,77.682356,8.305
566.0,veh_012,motorcycle,12.93744,77.657458,9.805
566.0,veh_013,car,12.948821,77.700681,6.206
566.0,veh_016,car,12.938697,77.661275,10.663
566.0,veh_017,bus,12.935626,77.652838,5.842
566.0,veh_018,car,12.934836,77.651688,12.54
566.0,veh_019,bus,12.936286,77.654305,4.859
566.0,veh_020,car,12.945586,77.688672,7.775
566.0,veh_021,car,12.94442,77.679037,3.246
566.0,veh_022,car,12.931115,77.645162,4.385
566.0,veh_023,truck,12.942308,77.671469,5.203
566.0,veh_025,bus,12.939349,77.662679,4.892
566.0,veh_026,car,12.944959,77.684438,7.737
566.0,veh_027,motorcycle,12.940821,77.667128,0.319
566.0,veh_028,car,12.944429,77.6802,5.048
566.0,veh_030,bus,12.940201,77.665292,5.813
566.0,veh_031,car,12.944551,77.681164,9.288
566.0,veh_035,car,12.938685,77.661047,8.104
566.0,veh_036,motorcycle,12.9462,77.691951,11.907
566.0,veh_037,car,12.934199,77.650609,7.406
566.0,veh_038,motorcycle,12.947838,77.697555,2.618
566.0,veh_039,bus,12.943684,77.675308,7.037
566.0,veh_040,car,12.933194,77.648626,6.89
566.0,veh_041,motorcycle,12.93805,77.659291,12.962
566.0,veh_042,car,12.9382,77.659815,9.005
566.0,veh_043,car,12.93246,77.647548,3.368
566.0,veh_045,car,12.945737,77.689529,11.98
566.0,veh_049,bus,12.945531,77.688306,2.539
567.0,veh_000,car,12.948044,77.698042,8.713
567.0,veh_002,car,12.931809,77.646486,8.163
567.0,veh_003,car,12.934606,77.651287,8.381
567.0,veh_004,car,12.943115,77.674048,2.647
567.0,veh_005,car,12.946875,77.694592,5.161
567.0,veh_006,car,12.939291,77.662566,3.833
567.0,veh_007,car,12.937743,77.658467,10.935
567.0,veh_008,car,12.944909,77.685323,7.836
567.0,veh_009,car,12.944767,77.68238,7.095
567.0,veh_010,bus,12.940756,77.66672,6.201
567.0,veh_011,motorcycle,12.944695,77.682409,8.412
567.0,veh_012,motorcycle,12.937362,77.657586,4.731
567.0,veh_013,car,12.948875,77.700691,1.36
567.0,veh_016,car,12.93875,77.661424,12.33
567.0,veh_017,bus,12.935593,77.652848,3.856
567.0,veh_018,car,12.934952,77.651753,8.231
567.0,veh_019,bus,12.936377,77.654344,4.712
567.0,veh_020,car,12.945572,77.688717,2.612
567.0,veh_021,car,12.944372,77.67894,4.894
567.0,veh_022,car,12.931158,77.645294,8.088
567.0,veh_023,truck,12.942268,77.671534,3.127
567.0,veh_025,bus,12.939281,77.662673,3.772
567.0,veh_026,car,12.944951,77.684447,5.619
567.0,veh_027,motorcycle,12.94077,77.667151,10.262
567.0,veh_028,car,12.944404,77.680203,7.442
567.0,veh_030,bus,12.940218,77.665406,4.537
567.0,veh_031,car,12.944659,77.681317,7.395
567.0,veh_035,car,12.938632,77.66114,11.148
567.0,veh_036,motorcycle,12.946284,77.692098,8.759
567.0,veh_037,car,12.934287,77.650782,10.417
567.0,veh_038,motorcycle,12.947882,77.697661,12.138
567.0,veh_039,bus,12.943649,77.675359,5.185
567.0,veh_040,car,12.933167,77.64869,9.945
567.0,veh_041,motorcycle,12.938088,77.659285,12.728
567.0,veh_042,car,12.93824,77.65991,9.27
567.0,veh_043,car,12.932471,77.647599,7.111
567.0,veh_045,car,12.945798,77.689568,6.259
567.0,veh_049,bus,12.945534,77.688468,5.343
568.0,veh_000,car,12.948099,77.698152,7.975
568.0,veh_002,car,12.931842,77.646487,3.661
568.0,veh_003,car,12.934761,77.651384,14.787
568.0,veh_004,car,12.943205,77.673936,4.673
568.0,veh_005,car,12.946962,77.694619,12.172
568.0,veh_006,car,12.939218,77.662679,8.899
568.0,veh_007,car,12.937746,77.658469,4.646
568.0,veh_008,car,12.944994,77.685325,10.757
568.0,veh_009,car,12.944607,77.682362,9.617
568.0,veh_010,bus,12.94066,77.666684,5.039
568.0,veh_011,motorcycle,12.94471,77.68253,18.275
568.0,veh_012,motorcycle,12.937424,77.657605,6.038
568.0,veh_013,car,12.948876,77.700753,3.625
568.0,veh_016,car,12.938816,77.66128,5.936
568.0,veh_017,bus,12.935725,77.652915,6.094
568.0,veh_018,car,12.935062,77.651712,10.57
568.0,veh_019,bus,12.936309,77.654306,5.865
568.0,veh_020,car,12.94557,77.688775,9.917
568.0,veh_021,car,12.944367,77.679016,5.651
568.0,veh_022,car,12.931164,77.645278,5.32
568.0,veh_023,truck,12.942318,77.671564,5.7
568.0,veh_025,bus,12.939319,77.662739,6.201
568.0,veh_026,car,12.944794,77.68455,4.444
568.0,veh_027,motorcycle,12.940941,77.667252,12.306
568.0,veh_028,car,12.944419,77.680307,6.448
568.0,veh_030,bus,12.94032,77.665476,6.436
568.0,veh_031,car,12.944506,77.681476,6.522
568.0,veh_035,car,12.938748,77.661121,7.089
568.0,veh_036,motorcycle,12.946224,77.692231,9.087
568.0,veh_037,car,12.93437,77.650748,4.624
568.0,veh_038,motorcycle,12.947912,77.697781,9.179
568.0,veh_039,bus,12.943634,77.67541,5.76
568.0,veh_040,car,12.933178,77.648798,5.554
568.0,veh_041,motorcycle,12.938097,77.65942,12.83
568.0,veh_042,car,12.938332,77.659956,7.295
568.0,veh_043,car,12.932526,77.647738,12.405
568.0,veh_045,car,12.945709,77.689628,6.234
568.0,veh_049,bus,12.945461,77.688478,6.541
569.0,veh_000,car,12.94809,77.698131,7.812
569.0,veh_002,car,12.931869,77.646508,3.69
569.0,veh_003,car,12.934682,77.651407,8.135
569.0,veh_004,car,12.943267,77.674038,6.901
569.0,veh_005,car,12.94686,77.694647,8.868
569.0,veh_006,car,12.939284,77.662657,9.122
569.0,veh_007,car,12.937875,77.658467,4.558
569.0,veh_008,car,12.944903,77.685538,8.004
569.0,veh_009,car,12.94473,77.682612,8.574
569.0,veh_010,bus,12.940674,77.666727,6.034
569.0,veh_011,motorcycle,12.944732,77.682667,9.373
569.0,veh_012,motorcycle,12.937417,77.657655,5.142
569.0,veh_013,car,12.948881,77.70078,8.649
569.0,veh_016,car,12.938771,77.661441,8.676
569.0,veh_017,bus,12.935696,77.653022,2.805
569.0,veh_018,car,12.935027,77.651829,7.14
569.0,veh_019,bus,12.936369,77.654343,6.373
569.0,veh_020,car,12.945628,77.688744,3.923
569.0,veh_021,car,12.944433,77.679264,7.095
569.0,veh_022,car,12.931108,77.6455,11.052
569.0,veh_023,truck,12.942326,77.671562,3.535
569.0,veh_025,bus,12.939321,77.662859,6.102
569.0,veh_026,car,12.944943,77.684631,15.455
569.0,veh_027,motorcycle,12.940926,77.667322,13.282
569.0,veh_028,car,12.944542,77.680347,8.638
569.0,veh_030,bus,12.940249,77.6654,4.167
569.0,veh_031,car,12.944589,77.681469,9.155
569.0,veh_035,car,12.938745,77.661259,7.394
569.0,veh_036,motorcycle,12.94633,77.692205,5.742
569.0,veh_037,car,12.934368,77.650917,5.657
569.0,veh_038,motorcycle,12.947909,77.697846,10.963
569.0,veh_039,bus,12.943739,77.675396,4.947
569.0,veh_040,car,12.933167,77.648832,4.771
569.0,veh_041,motorcycle,12.938195,77.659488,15.393
569.0,veh_042,car,12.938376,77.659996,9.254
569.0,veh_043,car,12.932732,77.647777,10.869
569.0,veh_045,car,12.945849,77.689649,9.821
569.0,veh_049,bus,12.945598,77.688519,7.837
570.0,veh_000,car,12.948075,77.698218,0.1
570.0,veh_002,car,12.931833,77.646503,4.737
570.0,veh_003,car,12.934722,77.651515,7.764
570.0,veh_004,car,12.943213,77.674146,6.372
570.0,veh_005,car,12.946914,77.694723,1.359
570.0,veh_006,car,12.93935,77.662809,7.938
570.0,veh_007,car,12.937765,77.658528,6.3
570.0,veh_008,car,12.944932,77.685639,7.993
570.0,veh_009,car,12.944733,77.682726,8.352
570.0,veh_010,bus,12.94074,77.666831,4.332
570.0,veh_011,motorcycle,12.944741,77.682711,2.966
570.0,veh_012,motorcycle,12.937519,77.65778,12.821
570.0,veh_013,car,12.94899,77.700924,9.007
570.0,veh_016,car,12.93883,77.66148,4.96
570.0,veh_017,bus,12.935621,77.653081,4.952
570.0,veh_018,car,12.934944,77.65192,7.526
570.0,veh_019,bus,12.936307,77.654414,3.385
570.0,veh_020,car,12.945531,77.688851,6.079
570.0,veh_021,car,12.94432,77.679072,4.56
570.0,veh_022,car,12.931256,77.645386,8.848
570.0,veh_023,truck,12.942352,77.671677,6.332
570.0,veh_025,bus,12.939285,77.662889,3.463
570.0,veh_026,car,12.944781,77.684635,6.775
570.0,veh_027,motorcycle,12.940945,77.667475,5.994
570.0,veh_028,car,12.944478,77.680494,8.469
570.0,veh_030,bus,12.94039,77.66552,3.244
570.0,veh_031,car,12.944582,77.681463,2.628
570.0,veh_035,car,12.938827,77.661238,10.439
570.0,veh_036,motorcycle,12.946314,77.692213,10.228
570.0,veh_037,car,12.934483,77.650947,6.071
570.0,veh_038,motorcycle,12.947895,77.697913,9.132
570.0,veh_039,bus,12.943713,77.675547,6.435
570.0,veh_040,car,12.933204,77.648892,8.582
570.0,veh_041,motorcycle,12.938208,77.659696,12.447
570.0,veh_042,car,12.938288,77.660156,9.726
570.0,veh_043,car,12.932734,77.647931,10.665
570.0,veh_045,car,12.945855,77.689843,8.032
570.0,veh_049,bus,12.945516,77.688639,5.867
571.0,veh_000,car,12.948131,77.698301,10.463
571.0,veh_002,car,12.931979,77.646462,6.562
571.0,veh_003,car,12.934817,77.65167,6.639
571.0,veh_004,car,12.943269,77.674226,9.62
571.0,veh_005,car,12.946876,77.694837,6.857
571.0,veh_006,car,12.939382,77.662835,7.784
571.0,veh_007,car,12.937886,77.658579,7.216
571.0,veh_008,car,12.945036,77.685691,10.983
571.0,veh_009,car,12.944727,77.682726,7.021
571.0,veh_010,bus,12.94075,77.666913,5.804
571.0,veh_011,motorcycle,12.944758,77.682752,8.028
571.0,veh_012,motorcycle,12.937535,77.657751,2.929
571.0,veh_013,car,12.949007,77.701018,11.304
571.0,veh_016,car,12.938768,77.661412,2.88
571.0,veh_017,bus,12.935683,77.653095,7.312
571.0,veh_018,car,12.935127,77.651964,8.288
571.0,veh_019,bus,12.93635,77.654479,4.434
571.0,veh_020,car,12.945596,77.689007,3.304
571.0,veh_021,car,12.944452,77.679297,5.108
571.0,veh_022,car,12.931424,77.645516,8.125
571.0,veh_023,truck,12.942371,77.671685,5.066
571.0,veh_025,bus,12.93941,77.662935,8.439
571.0,veh_026,car,12.944794,77.684834,6.487
571.0,veh_027,motorcycle,12.940943,77.66741,1.135
571.0,veh_028,car,12.944514,77.680481,3.542
571.0,veh_030,bus,12.940229,77.665516,6.911
571.0,veh_031,car,12.944539,77.681413,2.76
571.0,veh_035,car,12.93881,77.661439,8.683
571.0,veh_036,motorcycle,12.946381,77.692318,2.345
571.0,veh_037,car,12.934479,77.650907,6.63
571.0,veh_038,motorcycle,12.948009,77.698141,14.534
571.0,veh_039,bus,12.943685,77.675571,6.228
571.0,veh_040,car,12.933317,77.648968,6.477
571.0,veh_041,motorcycle,12.938202,77.659684,9.109
571.0,veh_042,car,12.938359,77.660183,8.423
571.0,veh_043,car,12.932719,77.647992,9.966
571.0,veh_045,car,12.945851,77.689837,6.081
571.0,veh_049,bus,12.945523,77.688675,5.703
572.0,veh_000,car,12.948115,77.698418,13.445
572.0,veh_002,car,12.931886,77.646636,7.533
572.0,veh_003,car,12.934829,77.651529,6.729
572.0,veh_004,car,12.943223,77.674286,4.05
572.0,veh_005,car,12.946947,77.694892,12.168
572.0,veh_006,car,12.939391,77.662997,10.014
572.0,veh_007,car,12.937866,77.658602,1.7
572.0,veh_008,car,12.944865,77.685625,9.424
572.0,veh_009,car,12.944735,77.682783,9.166
572.0,veh_010,bus,12.940691,77.666817,2.462
572.0,veh_011,motorcycle,12.944773,77.682817,5.157
572.0,veh_012,motorcycle,12.937639,77.657771,16.758
572.0,veh_016,car,12.938887,77.661516,6.867
572.0,veh_017,bus,12.935691,77.653195,6.445
572.0,veh_018,car,12.935081,77.652087,7.976
572.0,veh_019,bus,12.936396,77.654493,3.701
572.0,veh_020,car,12.945629,77.688936,8.923
572.0,veh_021,car,12.944362,77.67924,8.155
572.0,veh_022,car,12.931326,77.64558,9.551
572.0,veh_023,truck,12.942354,77.671692,4.959
572.0,veh_025,bus,12.939392,77.662921,5.709
572.0,veh_026,car,12.944959,77.684753,9.448
572.0,veh_027,motorcycle,12.940929,77.667585,13.355
572.0,veh_028,car,12.944566,77.680674,9.369
572.0,veh_030,bus,12.940307,77.665563,5.542
572.0,veh_031,car,12.94459,77.681625,14.373
572.0,veh_035,car,12.9388,77.661452,4.781
572.0,veh_036,motorcycle,12.946299,77.692369,5.113
572.0,veh_037,car,12.934411,77.651068,9.727
572.0,veh_038,motorcycle,12.948055,77.698163,11.363
572.0,veh_039,bus,12.943643,77.675681,6.633
572.0,veh_040,car,12.933341,77.648988,13.211
572.0,veh_041,motorcycle,12.938222,77.659734,3.479
572.0,veh_042,car,12.938466,77.660229,9.095
572.0,veh_043,car,12.932791,77.64809,9.487
572.0,veh_045,car,12.945778,77.689883,6.457
572.0,veh_049,bus,12.945577,77.688671,6.203
573.0,veh_000,car,12.948022,77.698531,8.72
573.0,veh_002,car,12.931994,77.646694,13.909
573.0,veh_003,car,12.934811,77.65156,3.855
573.0,veh_004,car,12.943259,77.674268,6.444
573.0,veh_005,car,12.946879,77.694884,7.706
573.0,veh_006,car,12.939404,77.662957,5.891
573.0,veh_007,car,12.937854,77.658647,6.089
573.0,veh_008,car,12.945038,77.685857,4.653
573.0,veh_009,car,12.944746,77.682868,8.621
573.0,veh_010,bus,12.940702,77.666933,3.805
573.0,veh_011,motorcycle,12.944711,77.683047,14.401
573.0,veh_012,motorcycle,12.937621,77.657967,6.558
573.0,veh_016,car,12.938977,77.66153,7.471
573.0,veh_017,bus,12.935759,77.653213,6.859
573.0,veh_018,car,12.935092,77.652106,6.508
573.0,veh_019,bus,12.936384,77.654519,6.267
573.0,veh_020,car,12.945645,77.689133,11.186
573.0,veh_021,car,12.944494,77.679314,3.261
573.0,veh_022,car,12.931376,77.645688,9.982
573.0,veh_023,truck,12.942318,77.671756,4.133
573.0,veh_025,bus,12.939369,77.663029,5.002
573.0,veh_026,car,12.944988,77.684892,9.397
573.0,veh_027,motorcycle,12.94102,77.667595,8.486
573.0,veh_028,car,12.944607,77.680612,9.155
573.0,veh_030,bus,12.940229,77.66563,2.624
573.0,veh_031,car,12.944624,77.681777,8.554
573.0,veh_035,car,12.93886,77.661479,8.893
573.0,veh_036,motorcycle,12.946278,77.692475,8.443
573.0,veh_037,car,12.934523,77.651121,4.875
573.0,veh_038,motorcycle,12.948083,77.698213,9.476
573.0,veh_039,bus,12.943651,77.675708,3.007
573.0,veh_040,car,12.933271,77.649011,11.327
573.0,veh_041,motorcycle,12.938377,77.659912,11.453
573.0,veh_042,car,12.938405,77.66048,15.857
573.0,veh_043,car,12.932728,77.648016,1.921
573.0,veh_045,car,12.945798,77.689923,8.545
573.0,veh_049,bus,12.945567,77.688849,8.374
574.0,veh_000,car,12.948279,77.698612,17.877
574.0,veh_002,car,12.932039,77.646775,10.786
574.0,veh_003,car,12.934781,77.651659,8.528
574.0,veh_004,car,12.943301,77.674387,6.453
574.0,veh_005,car,12.946933,77.694987,12.825
574.0,veh_006,car,12.939461,77.663014,6.463
574.0,veh_007,car,12.937786,77.658747,11.645
574.0,veh_008,car,12.945006,77.685864,4.485
574.0,veh_009,car,12.944704,77.682855,8.479
574.0,veh_010,bus,12.940748,77.666849,4.676
574.0,veh_011,motorcycle,12.944824,77.683013,7.883
574.0,veh_012,motorcycle,12.93757,77.658039,9.65
574.0,veh_016,car,12.938915,77.661745,8.516
574.0,veh_017,bus,12.93576,77.65327,8.54
574.0,veh_018,car,12.935167,77.652265,0.1
574.0,veh_019,bus,12.936436,77.65462,5.022
574.0,veh_020,car,12.94563,77.689144,9.122
574.0,veh_021,car,12.94447,77.679502,9.873
574.0,veh_022,car,12.931482,77.645747,13.148
574.0,veh_023,truck,12.942474,77.67174,4.998
574.0,veh_025,bus,12.939482,77.663082,5.069
574.0,veh_026,car,12.944881,77.68497,8.497
574.0,veh_027,motorcycle,12.940966,77.667695,2.644
574.0,veh_028,car,12.944463,77.680776,10.004
574.0,veh_030,bus,12.940314,77.665696,5.114
574.0,veh_031,car,12.944607,77.681721,1.562
574.0,veh_035,car,12.93891,77.661507,2.35
574.0,veh_036,motorcycle,12.946293,77.692552,12.009
574.0,veh_037,car,12.934546,77.651061,4.493
574.0,veh_038,motorcycle,12.948083,77.698244,6.284
574.0,veh_039,bus,12.943675,77.675646,2.626
574.0,veh_040,car,12.933464,77.649202,4.321
574.0,veh_041,motorcycle,12.938267,77.660026,14.612
574.0,veh_042,car,12.938465,77.660379,11.272
574.0,veh_043,car,12.932789,77.648064,2.244
574.0,veh_045,car,12.945831,77.689957,6.455
574.0,veh_049,bus,12.945573,77.688867,6.618
575.0,veh_000,car,12.948237,77.698791,10.56
575.0,veh_002,car,12.932098,77.646832,4.677
575.0,veh_003,car,12.934927,77.65169,4.892
575.0,veh_004,car,12.943338,77.67445,8.449
575.0,veh_005,car,12.946978,77.695091,9.811
575.0,veh_006,car,12.939448,77.662983,5.662
575.0,veh_007,car,12.937859,77.659018,11.442
575.0,veh_008,car,12.945012,77.685811,8.717
575.0,veh_009,car,12.944699,77.683038,6.052
575.0,veh_010,bus,12.940835,77.666995,5.704
575.0,veh_011,motorcycle,12.944728,77.683085,11.575
575.0,veh_012,motorcycle,12.937582,77.658116,7.48
575.0,veh_016,car,12.938902,77.661734,7.39
575.0,veh_017,bus,12.93574,77.653333,4.288
575.0,veh_018,car,12.935212,77.652248,7.299
575.0,veh_019,bus,12.936402,77.654697,2.261
575.0,veh_020,car,12.945601,77.689228,8.759
575.0,veh_021,car,12.944408,77.679607,6.331
575.0,veh_022,car,12.931522,77.645761,4.61
575.0,veh_023,truck,12.942465,77.671997,4.441
575.0,veh_025,bus,12.939344,77.66309,3.378
575.0,veh_026,car,12.944954,77.6851,11.767
575.0,veh_027,motorcycle,12.941108,77.66775,11.688
575.0,veh_028,car,12.94451,77.680789,14.962
575.0,veh_030,bus,12.94036,77.665689,6.5
575.0,veh_031,car,12.94471,77.681836,5.655
575.0,veh_035,car,12.938882,77.661427,2.593
575.0,veh_036,motorcycle,12.946401,77.692599,9.691
575.0,veh_037,car,12.934609,77.651094,7.368
575.0,veh_038,motorcycle,12.948048,77.698211,2.945
575.0,veh_039,bus,12.943776,77.675709,3.852
575.0,veh_040,car,12.933443,77.649214,8.018
575.0,veh_041,motorcycle,12.938434,77.660147,12.747
575.0,veh_042,car,12.938487,77.660587,4.97
575.0,veh_043,car,12.932695,77.648039,5.084
575.0,veh_045,car,12.945785,77.690054,8.339
575.0,veh_049,bus,12.945551,77.688919,4.974
576.0,veh_000,car,12.94824,77.698815,7.459
576.0,veh_002,car,12.932081,77.646856,5.649
576.0,veh_003,car,12.934923,77.651791,6.417
576.0,veh_004,car,12.943376,77.674516,9.124
576.0,veh_005,car,12.946985,77.695137,8.596
576.0,veh_006,car,12.939467,77.663124,1.586
576.0,veh_007,car,12.937846,77.658989,8.172
576.0,veh_008,car,12.944954,77.685902,2.639
576.0,veh_009,car,12.944769,77.683096,8.592
576.0,veh_010,bus,12.940853,77.666906,3.572
576.0,veh_011,motorcycle,12.944704,77.683155,5.478
576.0,veh_012,motorcycle,12.937615,77.65821,12.817
576.0,veh_016,car,12.938918,77.661807,8.983
576.0,veh_017,bus,12.935727,77.653341,6.473
576.0,veh_018,car,12.935159,77.652209,6.498
576.0,veh_019,bus,12.936371,77.654733,5.607
576.0,veh_020,car,12.945649,77.689352,9.787
576.0,veh_021,car,12.94437,77.679461,8.852
576.0,veh_022,car,12.931485,77.645886,3.999
576.0,veh_023,truck,12.942357,77.671874,3.511
576.0,veh_025,bus,12.93937,77.663117,2.966
576.0,veh_026,car,12.94498,77.685067,0.913
576.0,veh_027,motorcycle,12.941124,77.667835,13.773
576.0,veh_028,car,12.944556,77.680988,3.723
576.0,veh_030,bus,12.94033,77.665659,3.428
576.0,veh_031,car,12.944611,77.681792,4.061
576.0,veh_035,car,12.938869,77.661528,0.964
576.0,veh_036,motorcycle,12.946492,77.692761,10.731
576.0,veh_037,car,12.934681,77.651254,10.99
576.0,veh_038,motorcycle,12.94811,77.698317,9.065
576.0,veh_039,bus,12.943763,77.675686,4.35
576.0,veh_040,car,12.933499,77.649249,7.639
576.0,veh_041,motorcycle,12.938351,77.660154,4.552
576.0,veh_042,car,12.938534,77.660557,10.756
576.0,veh_043,car,12.932929,77.648085,8.131
576.0,veh_045,car,12.94582,77.690322,10.118
576.0,veh_049,bus,12.945625,77.688886,3.774
577.0,veh_000,car,12.948378,77.698934,8.021
577.0,veh_002,car,12.932103,77.647013,8.542
577.0,veh_003,car,12.934954,77.651835,10.751
577.0,veh_004,car,12.943419,77.674711,13.949
577.0,veh_005,car,12.947063,77.695246,9.531
577.0,veh_006,car,12.939397,77.663155,6.941
577.0,veh_007,car,12.937995,77.658953,11.012
577.0,veh_008,car,12.945026,77.685852,3.517
577.0,veh_009,car,12.944766,77.683214,13.352
577.0,veh_010,bus,12.940816,77.667088,6.658
577.0,veh_011,motorcycle,12.944798,77.683296,8.284
577.0,veh_012,motorcycle,12.937709,77.658235,3.763
577.0,veh_016,car,12.938984,77.661792,9.113
577.0,veh_017,bus,12.935872,77.65346,7.153
577.0,veh_018,car,12.935168,77.65229,8.45
577.0,veh_019,bus,12.936506,77.654666,7.937
577.0,veh_020,car,12.945718,77.689307,3.161
577.0,veh_021,car,12.944437,77.679638,9.39
577.0,veh_022,car,12.931535,77.645838,8.617
577.0,veh_023,truck,12.942463,77.672108,5.684
577.0,veh_025,bus,12.93947,77.663125,5.861
577.0,veh_026,car,12.944952,77.685043,8.465
577.0,veh_027,motorcycle,12.941078,77.667983,13.694
577.0,veh_028,car,12.9446,77.680985,3.868
577.0,veh_030,bus,12.940324,77.665867,7.833
577.0,veh_031,car,12.944688,77.681853,8.304
577.0,veh_035,car,12.938902,77.661676,11.612
577.0,veh_036,motorcycle,12.946406,77.692754,3.188
577.0,veh_037,car,12.934709,77.651299,5.432
577.0,veh_038,motorcycle,12.948194,77.69851,14.514
577.0,veh_039,bus,12.943838,77.675789,5.475
577.0,veh_040,car,12.933546,77.649265,6.417
577.0,veh_041,motorcycle,12.938395,77.660208,12.229
577.0,veh_042,car,12.938591,77.660691,11.025
577.0,veh_043,car,12.932809,77.648276,2.022
577.0,veh_045,car,12.945877,77.690303,11.561
577.0,veh_049,bus,12.945549,77.68908,5.156
578.0,veh_000,car,12.948368,77.698866,7.166
578.0,veh_002,car,12.932138,77.646979,3.17
578.0,veh_003,car,12.934989,77.651891,5.974
578.0,veh_004,car,12.943401,77.674813,8.475
578.0,veh_005,car,12.947027,77.69533,10.527
578.0,veh_006,car,12.939444,77.663293,8.809
578.0,veh_007,car,12.938063,77.659087,13.649
578.0,veh_008,car,12.945012,77.686024,7.803
578.0,veh_009,car,12.944813,77.683162,0.1
578.0,veh_010,bus,12.940763,77.667139,7.198
578.0,veh_011,motorcycle,12.944803,77.683298,10.831
578.0,veh_012,motorcycle,12.93782,77.658339,15.73
578.0,veh_016,car,12.939061,77.661908,10.076
578.0,veh_017,bus,12.935925,77.653412,4.586
578.0,veh_018,car,12.935188,77.652338,7.071
578.0,veh_019,bus,12.936543,77.654751,3.758
578.0,veh_020,car,12.945697,77.689378,6.092
578.0,veh_021,car,12.944534,77.679718,8.31
578.0,veh_022,car,12.931575,77.645874,8.257
578.0,veh_023,truck,12.94244,77.672006,3.413
578.0,veh_025,bus,12.939492,77.66329,4.396
578.0,veh_026,car,12.944921,77.685203,10.831
578.0,veh_027,motorcycle,12.941134,77.667994,3.32
578.0,veh_028,car,12.944582,77.681012,14.09
578.0,veh_030,bus,12.940358,77.66585,3.176
578.0,veh_031,car,12.944643,77.68206,11.349
578.0,veh_035,car,12.938915,77.661652,4.36
578.0,veh_036,motorcycle,12.946418,77.692749,4.5
578.0,veh_037,car,12.934626,77.651305,7.015
578.0,veh_038,motorcycle,12.948123,77.698613,9.2
578.0,veh_039,bus,12.943773,77.675824,6.928
578.0,veh_040,car,12.933545,77.649339,0.649
578.0,veh_041,motorcycle,12.938353,77.660293,5.072
578.0,veh_042,car,12.938558,77.660747,10.021
578.0,veh_043,car,12.932909,77.648195,6.958
578.0,veh_045,car,12.945938,77.690437,8.755
578.0,veh_049,bus,12.945666,77.688917,2.378
579.0,veh_000,car,12.948345,77.699019,10.591
579.0,veh_002,car,12.932152,77.647051,10.075
579.0,veh_003,car,12.934995,77.651983,3.943
579.0,veh_004,car,12.943451,77.674801,8.432
579.0,veh_005,car,12.947129,77.695443,8.428
579.0,veh_006,car,12.939399,77.663335,8.557
579.0,veh_007,car,12.938051,77.659119,5.328
579.0,veh_008,car,12.945139,77.686081,12.255
579.0,veh_009,car,12.944787,77.683252,3.271
579.0,veh_010,bus,12.940821,77.667125,6.151
579.0,veh_011,motorcycle,12.944725,77.68345,14.668
579.0,veh_012,motorcycle,12.937721,77.658366,8.318
579.0,veh_016,car,12.939057,77.662029,6.999
579.0,veh_017,bus,12.935802,77.653481,3.763
579.0,veh_018,car,12.935352,77.65241,5.754
579.0,veh_019,bus,12.936546,77.65478,7.023
579.0,veh_020,car,12.945697,77.689546,7.33
579.0,veh_021,car,12.944471,77.679813,7.147
579.0,veh_022,car,12.931604,77.646,8.94
579.0,veh_023,truck,12.94252,77.671989,4.944
579.0,veh_025,bus,12.939452,77.663277,6.935
579.0,veh_026,car,12.944945,77.685281,6.686
579.0,veh_027,motorcycle,12.941187,77.668041,6.619
579.0,veh_028,car,12.944567,77.681283,11.15
579.0,veh_030,bus,12.940348,77.665809,2.132
579.0,veh_031,car,12.944728,77.682062,4.805
579.0,veh_035,car,12.939008,77.661692,10.144
579.0,veh_036,motorcycle,12.946429,77.692821,10.06
579.0,veh_037,car,12.934687,77.651514,9.277
579.0,veh_038,motorcycle,12.948302,77.698737,11.094
579.0,veh_039,bus,12.943798,77.675795,6.83
579.0,veh_040,car,12.933553,77.649479,8.472
579.0,veh_041,motorcycle,12.938492,77.660372,10.717
579.0,veh_042,car,12.938571,77.660814,5.867
579.0,veh_043,car,12.932933,77.64828,11.932
579.0,veh_045,car,12.945941,77.690442,7.807
579.0,veh_049,bus,12.945632,77.688995,4.97
580.0,veh_000,car,12.948424,77.699062,7.143
580.0,veh_002,car,12.932282,77.646963,6.623
580.0,veh_003,car,12.934948,77.652042,2.413
580.0,veh_004,car,12.943532,77.674842,5.04
580.0,veh_005,car,12.947125,77.695397,1.684
580.0,veh_006,car,12.939483,77.663486,13.264
580.0,veh_007,car,12.938068,77.659179,6.572
580.0,veh_008,car,12.945018,77.686192,3.77
580.0,veh_009,car,12.944703,77.683331,11.828
580.0,veh_010,bus,12.940852,77.667273,4.637
580.0,veh_011,motorcycle,12.944775,77.683557,5.27
580.0,veh_012,motorcycle,12.937784,77.658471,2.306
580.0,veh_016,car,12.939124,77.661991,5.29
580.0,veh_017,bus,12.935868,77.65349,4.258
580.0,veh_018,car,12.935292,77.652385,7.498
580.0,veh_019,bus,12.936537,77.654844,7.166
580.0,veh_020,car,12.945698,77.689586,9.343
580.0,veh_021,car,12.94444,77.679852,3.113
580.0,veh_022,car,12.931684,77.646084,7.651
580.0,veh_023,truck,12.942526,77.672025,5.725
580.0,veh_025,bus,12.939509,77.663321,8.731
580.0,veh_026,car,12.944875,77.685423,10.685
580.0,veh_027,motorcycle,12.941108,77.668044,8.69
580.0,veh_028,car,12.944569,77.681167,5.388
580.0,veh_030,bus,12.940424,77.666043,5.009
580.0,veh_031,car,12.944646,77.682117,10.251
580.0,veh_035,car,12.938971,77.661725,5.668
580.0,veh_036,motorcycle,12.946406,77.692931,6.504
580.0,veh_037,car,12.934686,77.651452,7.798
580.0,veh_038,motorcycle,12.948244,77.698782,11.52
580.0,veh_039,bus,12.943872,77.675932,5.435
580.0,veh_040,car,12.933495,77.649513,11.104
580.0,veh_041,motorcycle,12.938472,77.660378,8.196
580.0,veh_042,car,12.938687,77.660749,1.441
580.0,veh_043,car,12.933019,77.648442,13.235
580.0,veh_045,car,12.946019,77.690486,9.396
580.0,veh_049,bus,12.945524,77.689095,7.254
581.0,veh_000,car,12.948367,77.69918,10.727
581.0,veh_002,car,12.932377,77.647222,8.972
581.0,veh_003,car,12.93498,77.651942,6.81
581.0,veh_004,car,12.943465,77.674906,10.575
581.0,veh_005,car,12.94707,77.695451,4.532
581.0,veh_006,car,12.93955,77.663437,9.33
581.0,veh_007,car,12.938055,77.65918,0.388
581.0,veh_008,car,12.945078,77.686139,2.81
581.0,veh_009,car,12.944884,77.683419,5.119
581.0,veh_010,bus,12.940949,77.667272,4.469
581.0,veh_011,motorcycle,12.944762,77.683661,8.073
581.0,veh_012,motorcycle,12.937834,77.658572,5.62
581.0,veh_016,car,12.939018,77.662229,9.397
581.0,veh_017,bus,12.935975,77.65345,5.496
581.0,veh_018,car,12.935424,77.652455,11.94
581.0,veh_019,bus,12.936549,77.654943,5.142
581.0,veh_020,car,12.94573,77.689564,5.782
581.0,veh_021,car,12.944436,77.679853,7.532
581.0,veh_022,car,12.931656,77.646094,7.797
581.0,veh_023,truck,12.942524,77.67205,3.864
581.0,veh_025,bus,12.939534,77.663391,5.26
581.0,veh_026,car,12.944973,77.685439,6.59
581.0,veh_027,motorcycle,12.941203,77.66814,1.985
581.0,veh_028,car,12.944606,77.681252,3.699
581.0,veh_030,bus,12.940411,77.665939,5.31
581.0,veh_031,car,12.944728,77.682196,8.827
581.0,veh_035,car,12.939065,77.66192,8.313
581.0,veh_036,motorcycle,12.946399,77.692922,5.55
581.0,veh_037,car,12.934836,77.651528,8.928
581.0,veh_038,motorcycle,12.94831,77.698858,7.276
581.0,veh_039,bus,12.943884,77.675894,5.292
581.0,veh_040,car,12.933651,77.649492,5.015
581.0,veh_041,motorcycle,12.938522,77.660542,12.593
581.0,veh_042,car,12.938735,77.660901,0.1
581.0,veh_043,car,12.932989,77.64851,9.63
581.0,veh_045,car,12.945988,77.690543,0.67
581.0,veh_049,bus,12.945636,77.689127,5.472
582.0,veh_000,car,12.948485,77.699218,6.876
582.0,veh_002,car,12.932285,77.647279,7.018
582.0,veh_003,car,12.935147,77.652069,7.429
582.0,veh_004,car,12.943488,77.675013,9.978
582.0,veh_005,car,12.947199,77.695571,4.83
582.0,veh_006,car,12.939608,77.663521,4.833
582.0,veh_007,car,12.93802,77.659237,5.061
582.0,veh_008,car,12.945039,77.686327,11.633
582.0,veh_009,car,12.944855,77.683461,10.144
582.0,veh_010,bus,12.940894,77.66732,3.42
582.0,veh_011,motorcycle,12.944789,77.683642,5.783
582.0,veh_012,motorcycle,12.937868,77.658669,10.481
582.0,veh_016,car,12.939174,77.662233,10.235
582.0,veh_017,bus,12.935974,77.653617,5.327
582.0,veh_018,car,12.935309,77.652591,5.429
582.0,veh_019,bus,12.936437,77.654917,2.728
582.0,veh_020,car,12.945697,77.689644,6.97
582.0,veh_021,car,12.944539,77.680066,7.662
582.0,veh_022,car,12.931641,77.646184,6.076
582.0,veh_023,truck,12.942587,77.672113,6.341
582.0,veh_025,bus,12.939501,77.663436,5.161
582.0,veh_026,car,12.944956,77.685681,7.589
582.0,veh_027,motorcycle,12.94108,77.668163,2.581
582.0,veh_028,car,12.944571,77.681255,5.979
582.0,veh_030,bus,12.94042,77.666,4.311
582.0,veh_031,car,12.944613,77.682226,8.78
582.0,veh_035,car,12.938972,77.66204,5.471
582.0,veh_036,motorcycle,12.94636,77.693071,10.742
582.0,veh_037,car,12.934865,77.651584,6.285
582.0,veh_038,motorcycle,12.94828,77.699043,13.8
582.0,veh_039,bus,12.943963,77.676061,6.212
582.0,veh_040,car,12.933608,77.649527,10.468
582.0,veh_041,motorcycle,12.9386,77.660601,10.85
582.0,veh_042,car,12.938625,77.660927,8.34
582.0,veh_043,car,12.933097,77.648627,5.981
582.0,veh_045,car,12.945907,77.690599,4.816
582.0,veh_049,bus,12.945692,77.689283,4.658
583.0,veh_000,car,12.948385,77.699332,5.402
583.0,veh_002,car,12.932349,77.647321,11.189
583.0,veh_003,car,12.935015,77.652073,1.69
583.0,veh_004,car,12.9436,77.67504,13.552
583.0,veh_005,car,12.947172,77.695682,8.09
583.0,veh_006,car,12.939549,77.663607,2.77
583.0,veh_007,car,12.938057,77.659226,6.797
583.0,veh_008,car,12.945047,77.686401,7.908
583.0,veh_009,car,12.944781,77.683518,3.098
583.0,veh_010,bus,12.940889,77.667321,4.139
583.0,veh_011,motorcycle,12.944809,77.683624,0.594
583.0,veh_012,motorcycle,12.937822,77.658789,10.73
583.0,veh_016,car,12.93915,77.662207,3.339
583.0,veh_017,bus,12.936002,77.653722,4.349
583.0,veh_018,car,12.935383,77.652619,5.653
583.0,veh_019,bus,12.936487,77.655034,4.212
583.0,veh_020,car,12.945721,77.689714,10.645
583.0,veh_021,car,12.944613,77.680063,7.385
583.0,veh_022,car,12.931766,77.646197,9.342
583.0,veh_023,truck,12.942651,77.672241,7.214
583.0,veh_025,bus,12.939615,77.663376,4.431
583.0,veh_026,car,12.944941,77.685551,3.19
583.0,veh_027,motorcycle,12.941248,77.66825,8.422
583.0,veh_028,car,12.944627,77.681369,6.7
583.0,veh_030,bus,12.940445,77.66605,8.469
583.0,veh_031,car,12.944661,77.68228,4.544
583.0,veh_035,car,12.93901,77.661959,9.19
583.0,veh_036,motorcycle,12.94652,77.693186,9.473
583.0,veh_037,car,12.934874,77.651627,7.126
583.0,veh_038,motorcycle,12.948409,77.699059,9.056
583.0,veh_039,bus,12.943849,77.676117,6.254
583.0,veh_040,car,12.933666,77.649703,5.007
583.0,veh_041,motorcycle,12.938664,77.660638,6.265
583.0,veh_042,car,12.938724,77.660955,9.027
583.0,veh_043,car,12.933196,77.648646,6.793
583.0,veh_045,car,12.94601,77.69068,9.218
583.0,veh_049,bus,12.945623,77.689172,5.603
584.0,veh_000,car,12.948374,77.699417,11.539
584.0,veh_002,car,12.932381,77.64744,10.727
584.0,veh_003,car,12.935193,77.652137,10.014
584.0,veh_004,car,12.943469,77.675188,4.827
584.0,veh_005,car,12.94727,77.695672,10.736
584.0,veh_006,car,12.939614,77.663617,7.383
584.0,veh_007,car,12.938096,77.659289,6.443
584.0,veh_008,car,12.945066,77.686443,12.059
584.0,veh_009,car,12.94479,77.683461,2.932
584.0,veh_010,bus,12.940914,77.667391,4.95
584.0,veh_011,motorcycle,12.94479,77.683596,5.474
584.0,veh_012,motorcycle,12.937928,77.658774,9.991
584.0,veh_016,car,12.93918,77.662255,9.856
584.0,veh_017,bus,12.936064,77.653673,4.306
584.0,veh_018,car,12.935446,77.65271,6.853
584.0,veh_019,bus,12.936549,77.655024,6.651
584.0,veh_020,car,12.945767,77.689769,4.57
584.0,veh_021,car,12.944492,77.680074,7.539
584.0,veh_022,car,12.931776,77.646416,5.894
584.0,veh_023,truck,12.942505,77.672201,3.428
584.0,veh_025,bus,12.939474,77.663527,4.956
584.0,veh_026,car,12.944937,77.685697,8.298
584.0,veh_027,motorcycle,12.941233,77.668241,11.079
584.0,veh_028,car,12.944547,77.681348,2.041
584.0,veh_030,bus,12.940495,77.666096,6.879
584.0,veh_031,car,12.944632,77.682472,10.216
584.0,veh_035,car,12.939008,77.662031,5.978
584.0,veh_036,motorcycle,12.946559,77.693187,11.454
584.0,veh_037,car,12.934889,77.651637,3.446
584.0,veh_038,motorcycle,12.94837,77.699225,13.774
584.0,veh_039,bus,12.943967,77.676132,5.353
584.0,veh_040,car,12.93375,77.649562,3.703
584.0,veh_041,motorcycle,12.938573,77.660805,3.128
584.0,veh_042,car,12.938742,77.661139,9.161
584.0,veh_043,car,12.933145,77.648555,5.423
584.0,veh_045,car,12.94593,77.690715,6.31
584.0,veh_049,bus,12.94557,77.689329,6.828
585.0,veh_000,car,12.948475,77.69953,2.203
585.0,veh_002,car,12.93236,77.647486,3.81
585.0,veh_003,car,12.935182,77.652211,6.372
585.0,veh_004,car,12.943625,77.67533,13.041
585.0,veh_005,car,12.94726,77.695655,8.474
585.0,veh_006,car,12.939633,77.663653,10.517
585.0,veh_007,car,12.93807,77.659454,9.584
585.0,veh_008,car,12.94512,77.686543,9.097
585.0,veh_009,car,12.94481,77.68349,6.103
585.0,veh_010,bus,12.941016,77.667412,3.365
585.0,veh_011,motorcycle,12.944806,77.683752,3.66
585.0,veh_012,motorcycle,12.937909,77.658901,9.998
585.0,veh_016,car,12.939214,77.662354,4.107
585.0,veh_017,bus,12.93616,77.653681,4.601
585.0,veh_018,car,12.935459,77.652701,8.882
585.0,veh_019,bus,12.936637,77.655086,5.234
585.0,veh_020,car,12.94591,77.689924,2.864
585.0,veh_021,car,12.944438,77.680076,6.996
585.0,veh_022,car,12.931795,77.646347,9.603
585.0,veh_023,truck,12.942568,77.672381,7.309
585.0,veh_025,bus,12.939512,77.663543,6.138
585.0,veh_026,car,12.945016,77.685674,4.14
585.0,veh_027,motorcycle,12.941284,77.668402,7.428
585.0,veh_028,car,12.944658,77.681508,10.873
585.0,veh_030,bus,12.940586,77.666167,6.366
585.0,veh_031,car,12.944702,77.682493,4.539
585.0,veh_035,car,12.939057,77.662008,2.888
585.0,veh_036,motorcycle,12.94655,77.693407,6.14
585.0,veh_037,car,12.934907,77.651696,10.158
585.0,veh_038,motorcycle,12.948375,77.699177,8.838
585.0,veh_039,bus,12.943882,77.676152,5.622
585.0,veh_040,car,12.93381,77.6498,4.607
585.0,veh_041,motorcycle,12.93858,77.660774,6.575
585.0,veh_042,car,12.938728,77.66115,8.108
585.0,veh_043,car,12.93313,77.648708,4.006
585.0,veh_045,car,12.945985,77.690867,8.685
585.0,veh_049,bus,12.945667,77.689341,4.043
586.0,veh_000,car,12.948515,77.699505,7.426
586.0,veh_002,car,12.932482,77.64751,3.615
586.0,veh_003,car,12.935195,77.65216,6.588
586.0,veh_004,car,12.943604,77.675281,9.196
586.0,veh_005,car,12.947199,77.69582,10.479
586.0,veh_006,car,12.939641,77.663626,6.135
586.0,veh_007,car,12.938152,77.659476,9.154
586.0,veh_008,car,12.945163,77.686645,7.451
586.0,veh_009,car,12.944765,77.683613,5.985
586.0,veh_010,bus,12.940981,77.667446,4.504
586.0,veh_011,motorcycle,12.944812,77.683796,1.512
586.0,veh_012,motorcycle,12.937934,77.658943,9.697
586.0,veh_016,car,12.93915,77.662445,5.628
586.0,veh_017,bus,12.936073,77.653748,4.992
586.0,veh_018,car,12.935492,77.652763,2.404
586.0,veh_019,bus,12.936546,77.655064,4.7
586.0,veh_020,car,12.945864,77.689916,9.644
586.0,veh_021,car,12.944552,77.680293,4.364
586.0,veh_022,car,12.931788,77.64648,5.222
586.0,veh_023,truck,12.942658,77.67238,3.243
586.0,veh_025,bus,12.939685,77.663641,6.035
586.0,veh_026,car,12.945012,77.685771,9.308
586.0,veh_027,motorcycle,12.941258,77.668472,3.87
586.0,veh_028,car,12.944582,77.681614,11.73
586.0,veh_030,bus,12.940379,77.666193,3.191
586.0,veh_031,car,12.944703,77.682554,7.848
586.0,veh_035,car,12.939099,77.662125,7.495
586.0,veh_036,motorcycle,12.946526,77.693418,8.681
586.0,veh_037,car,12.934928,77.65187,7.884
586.0,veh_038,motorcycle,12.948498,77.699348,5.854
586.0,veh_039,bus,12.943918,77.67625,6.873
586.0,veh_040,car,12.933798,77.649757,9.306
586.0,veh_041,motorcycle,12.93855,77.66085,5.487
586.0,veh_042,car,12.938772,77.661183,11.366
586.0,veh_043,car,12.933127,77.648701,0.675
586.0,veh_045,car,12.946003,77.690889,8.534
586.0,veh_049,bus,12.945733,77.689306,3.268
587.0,veh_000,car,12.948487,77.69957,11.894
587.0,veh_002,car,12.932364,77.647428,5.009
587.0,veh_003,car,12.935274,77.652358,10.399
587.0,veh_004,car,12.943675,77.675477,6.995
587.0,veh_005,car,12.94731,77.695947,7.85
587.0,veh_006,car,12.939694,77.663961,8.062
587.0,veh_007,car,12.938125,77.659689,6.93
587.0,veh_008,car,12.945147,77.686582,7.502
587.0,veh_009,car,12.944763,77.683599,5.099
587.0,veh_010,bus,12.940974,77.667539,5.057
587.0,veh_011,motorcycle,12.944825,77.683795,11.489
587.0,veh_012,motorcycle,12.93798,77.659078,8.751
587.0,veh_016,car,12.939194,77.662479,11.168
587.0,veh_017,bus,12.936071,77.653849,4.021
587.0,veh_018,car,12.935561,77.652894,5.958
587.0,veh_019,bus,12.936666,77.655087,5.129
587.0,veh_020,car,12.945774,77.689951,9.257
587.0,veh_021,car,12.94456,77.680281,3.246
587.0,veh_022,car,12.931874,77.646423,7.01
587.0,veh_023,truck,12.942683,77.672351,5.779
587.0,veh_025,bus,12.939649,77.663675,6.709
587.0,veh_026,car,12.945062,77.685938,2.667
587.0,veh_027,motorcycle,12.941278,77.668531,3.222
587.0,veh_028,car,12.944616,77.681652,7.249
587.0,veh_030,bus,12.940543,77.666306,3.434
587.0,veh_031,car,12.944751,77.682544,2.38
587.0,veh_035,car,12.939116,77.662112,7.153
587.0,veh_036,motorcycle,12.94659,77.693553,13.826
587.0,veh_037,car,12.934974,77.651877,12.525
587.0,veh_038,motorcycle,12.948485,77.699376,13.835
587.0,veh_039,bus,12.944012,77.676335,3.906
587.0,veh_040,car,12.933856,77.649896,9.712
587.0,veh_041,motorcycle,12.938733,77.660849,6.546
587.0,veh_042,car,12.938757,77.661338,4.662
587.0,veh_043,car,12.933178,77.648727,7.623
587.0,veh_045,car,12.945947,77.691013,8.653
587.0,veh_049,bus,12.945692,77.689433,4.749
588.0,veh_000,car,12.948564,77.699659,5.6
588.0,veh_002,car,12.932462,77.647671,7.722
588.0,veh_003,car,12.93532,77.652405,9.943
588.0,veh_004,car,12.943608,77.67548,9.926
588.0,veh_005,car,12.947331,77.695961,7.206
588.0,veh_006,car,12.939663,77.663836,2.337
588.0,veh_007,car,12.938097,77.659753,9.76
588.0,veh_008,car,12.945113,77.686725,11.083
588.0,veh_009,car,12.944781,77.683801,5.594
588.0,veh_010,bus,12.940933,77.667548,4.73
588.0,veh_011,motorcycle,12.944825,77.683982,10.632
588.0,veh_012,motorcycle,12.937988,77.659148,14.216
588.0,veh_016,car,12.939335,77.662675,12.098
588.0,veh_017,bus,12.93611,77.653855,6.317
588.0,veh_018,car,12.935593,77.652863,10.438
588.0,veh_019,bus,12.936625,77.655133,4.03
588.0,veh_020,car,12.945924,77.69013,9.328
588.0,veh_021,car,12.944429,77.680423,9.7
588.0,veh_022,car,12.93191,77.646636,11.064
588.0,veh_023,truck,12.942609,77.67233,4.252
588.0,veh_025,bus,12.939617,77.663731,5.833
588.0,veh_026,car,12.944946,77.685893,7.734
588.0,veh_027,motorcycle,12.941369,77.668638,10.639
588.0,veh_028,car,12.944546,77.681697,5.546
588.0,veh_030,bus,12.940529,77.66627,4.675
588.0,veh_031,car,12.944713,77.682737,12.944
588.0,veh_035,car,12.939094,77.662226,11.548
588.0,veh_036,motorcycle,12.946558,77.693535,7.141
588.0,veh_037,car,12.934924,77.651989,1.942
588.0,veh_038,motorcycle,12.948462,77.699394,6.987
588.0,veh_039,bus,12.94402,77.676302,4.087
588.0,veh_040,car,12.933915,77.649892,6.66
588.0,veh_041,motorcycle,12.938551,77.66097,7.626
588.0,veh_042,car,12.938775,77.661301,6.244
588.0,veh_043,car,12.933111,77.648801,2.649
588.0,veh_045,car,12.945963,77.691001,5.033
588.0,veh_049,bus,12.945702,77.689454,5.209
589.0,veh_000,car,12.948534,77.699703,6.523
589.0,veh_002,car,12.932441,77.647623,8.145
589.0,veh_003,car,12.935258,77.652436,3.399
589.0,veh_004,car,12.943817,77.675562,8.389
589.0,veh_005,car,12.947305,77.696021,5.05
589.0,veh_006,car,12.939692,77.663869,3.975
589.0,veh_007,car,12.938276,77.65968,7.569
589.0,veh_008,car,12.945119,77.686868,14.389
589.0,veh_009,car,12.944751,77.683794,1.184
589.0,veh_010,bus,12.940974,77.667549,5.729
589.0,veh_011,motorcycle,12.94483,77.683929,3.118
589.0,veh_012,motorcycle,12.938068,77.659261,6.959
589.0,veh_016,car,12.939318,77.6626,6.712
589.0,veh_017,bus,12.936122,77.653905,3.937
589.0,veh_018,car,12.935656,77.652949,5.187
589.0,veh_019,bus,12.93662,77.655235,8.462
589.0,veh_020,car,12.945807,77.690154,7.725
589.0,veh_021,car,12.94453,77.680408,7.4
589.0,veh_022,car,12.93191,77.646549,6.248
589.0,veh_023,truck,12.9427,77.672397,3.237
589.0,veh_025,bus,12.93956,77.663792,5.506
589.0,veh_026,car,12.94499,77.685961,5.825
589.0,veh_027,motorcycle,12.941369,77.668591,2.821
589.0,veh_028,car,12.944561,77.681766,9.571
589.0,veh_030,bus,12.940549,77.666278,5.943
589.0,veh_031,car,12.944715,77.682728,2.645
589.0,veh_035,car,12.939195,77.662456,12.934
589.0,veh_036,motorcycle,12.946556,77.693749,11.644
589.0,veh_037,car,12.934991,77.652053,7.475
589.0,veh_038,motorcycle,12.948578,77.699566,9.379
589.0,veh_039,bus,12.943992,77.67639,3.961
589.0,veh_040,car,12.933787,77.649901,0.1
589.0,veh_041,motorcycle,12.938677,77.661029,10.725
589.0,veh_042,car,12.938828,77.661424,6.443
589.0,veh_043,car,12.933314,77.648895,10.581
589.0,veh_045,car,12.946087,77.691097,9.427
589.0,veh_049,bus,12.945655,77.689449,2.608
590.0,veh_000,car,12.948455,77.699693,5.317
590.0,veh_002,car,12.932564,77.647751,9.069
590.0,veh_003,car,12.935267,77.652598,7.828
590.0,veh_004,car,12.943717,77.675734,9.773
590.0,veh_005,car,12.947299,77.696131,7.317
590.0,veh_006,car,12.939771,77.66392,8.256
590.0,veh_007,car,12.938274,77.659827,13.009
590.0,veh_008,car,12.945102,77.686856,1.337
590.0,veh_009,car,12.944786,77.683836,4.138
590.0,veh_010,bus,12.940969,77.667687,6.766
590.0,veh_011,motorcycle,12.944885,77.684048,6.285
590.0,veh_012,motorcycle,12.938073,77.659319,8.122
590.0,veh_016,car,12.939179,77.66273,3.784
590.0,veh_017,bus,12.936134,77.653808,3.181
590.0,veh_018,car,12.935727,77.652995,7.414
590.0,veh_019,bus,12.936666,77.655343,3.25
590.0,veh_020,car,12.945885,77.690194,3.908
590.0,veh_021,car,12.944482,77.680543,11.258
590.0,veh_022,car,12.932059,77.646687,4.334
590.0,veh_023,truck,12.9427,77.672379,5.617
590.0,veh_025,bus,12.939644,77.663789,3.993
590.0,veh_026,car,12.945056,77.685948,6.125
590.0,veh_027,motorcycle,12.941404,77.668677,6.429
590.0,veh_028,car,12.944581,77.681866,8.282
590.0,veh_030,bus,12.940691,77.666398,8.103
590.0,veh_031,car,12.944749,77.682785,8.957
590.0,veh_035,car,12.939214,77.662481,6.991
590.0,veh_036,motorcycle,12.946593,77.693745,4.774
590.0,veh_037,car,12.93507,77.652044,7.951
590.0,veh_038,motorcycle,12.948605,77.699628,13.95
590.0,veh_039,bus,12.943946,77.676413,3.449
590.0,veh_040,car,12.933834,77.649962,5.903
590.0,veh_041,motorcycle,12.938667,77.661012,6.381
590.0,veh_042,car,12.938722,77.661429,3.623
590.0,veh_043,car,12.933184,77.648989,8.145
590.0,veh_045,car,12.946087,77.691212,10.815
590.0,veh_049,bus,12.945646,77.689474,7.105
591.0,veh_000,car,12.948628,77.699792,5.101
591.0,veh_002,car,12.932598,77.647726,6.643
591.0,veh_003,car,12.935422,77.652551,10.489
591.0,veh_004,car,12.943801,77.675723,9.951
591.0,veh_005,car,12.947382,77.696135,3.885
591.0,veh_006,car,12.939782,77.663998,2.485
591.0,veh_007,car,12.938257,77.659921,9.48
591.0,veh_008,car,12.945199,77.686976,7.583
591.0,veh_009,car,12.944879,77.683918,8.431
591.0,veh_010,bus,12.941007,77.667608,3.518
591.0,veh_011,motorcycle,12.944777,77.684035,4.027
591.0,veh_012,motorcycle,12.93812,77.659354,12.621
591.0,veh_016,car,12.939288,77.662716,5.548
591.0,veh_017,bus,12.93616,77.653942,6.709
591.0,veh_018,car,12.935613,77.653073,5.959
591.0,veh_019,bus,12.93667,77.655331,2.921
591.0,veh_020,car,12.945899,77.690324,11.638
591.0,veh_021,car,12.944492,77.680635,14.935
591.0,veh_022,car,12.932028,77.646697,7.554
591.0,veh_023,truck,12.942666,77.672535,4.417
591.0,veh_025,bus,12.939684,77.663877,6.693
591.0,veh_026,car,12.944916,77.686014,9.588
591.0,veh_027,motorcycle,12.941283,77.668685,8.281
591.0,veh_028,car,12.944647,77.68197,3.244
591.0,veh_030,bus,12.940577,77.666465,3.423
591.0,veh_031,car,12.944736,77.682809,9.038
591.0,veh_035,car,12.939237,77.662476,2.445
591.0,veh_036,motorcycle,12.946622,77.693746,5.712
591.0,veh_037,car,12.935101,77.652129,5.015
591.0,veh_038,motorcycle,12.948599,77.699666,6.403
591.0,veh_039,bus,12.943942,77.676439,4.203
591.0,veh_040,car,12.93393,77.650047,11.667
591.0,veh_041,motorcycle,12.938757,77.661206,10.12
591.0,veh_042,car,12.938958,77.661478,7.733
591.0,veh_043,car,12.93331,77.648921,2.75
591.0,veh_045,car,12.946022,77.691122,7.455
591.0,veh_049,bus,12.945696,77.689598,6.613
592.0,veh_000,car,12.948646,77.699827,11.627
592.0,veh_002,car,12.932545,77.647796,6.619
592.0,veh_003,car,12.935419,77.65262,6.479
592.0,veh_004,car,12.9438,77.675806,9.048
592.0,veh_005,car,12.947471,77.696112,4.513
592.0,veh_006,car,12.939795,77.664111,6.575
592.0,veh_007,car,12.938295,77.660077,12.545
592.0,veh_008,car,12.945168,77.686957,4.339
592.0,veh_009,car,12.944794,77.683963,7.506
592.0,veh_010,bus,12.941074,77.667721,4.737
592.0,veh_011,motorcycle,12.944802,77.684083,4.176
592.0,veh_012,motorcycle,12.938124,77.659496,10.022
592.0,veh_016,car,12.939263,77.662888,6.202
592.0,veh_017,bus,12.936178,77.654034,6.404
592.0,veh_018,car,12.935677,77.653129,9.883
592.0,veh_019,bus,12.936737,77.655477,3.972
592.0,veh_020,car,12.945907,77.690365,10.187
592.0,veh_021,car,12.944505,77.680615,2.1
592.0,veh_022,car,12.932044,77.646817,8.651
592.0,veh_023,truck,12.942708,77.672595,4.429
592.0,veh_025,bus,12.939703,77.663956,5.185
592.0,veh_026,car,12.945082,77.686111,12.814
592.0,veh_027,motorcycle,12.941521,77.668758,4.097
592.0,veh_028,car,12.94464,77.681993,10.318
592.0,veh_030,bus,12.940578,77.666462,4.432
592.0,veh_031,car,12.944693,77.682998,7.376
592.0,veh_035,car,12.939185,77.662474,2.093
592.0,veh_036,motorcycle,12.946654,77.693827,9.319
592.0,veh_037,car,12.935153,77.652113,5.385
592.0,veh_038,motorcycle,12.948607,77.69979,6.007
592.0,veh_039,bus,12.944091,77.67652,7.238
592.0,veh_040,car,12.933919,77.650133,9.946
592.0,veh_041,motorcycle,12.938748,77.66114,3.588
592.0,veh_042,car,12.938972,77.661512,7.359
592.0,veh_043,car,12.933277,77.649064,10.927
592.0,veh_045,car,12.946055,77.691281,9.803
592.0,veh_049,bus,12.945718,77.689617,3.265
593.0,veh_000,car,12.948585,77.69991,9.145
593.0,veh_002,car,12.932658,77.647847,5.587
593.0,veh_003,car,12.935435,77.652708,7.155
593.0,veh_004,car,12.943815,77.675802,4.572
593.0,veh_005,car,12.947389,77.696246,7.958
593.0,veh_006,car,12.939804,77.664038,3.632
593.0,veh_007,car,12.938383,77.660085,2.666
593.0,veh_008,car,12.945235,77.687194,4.942
593.0,veh_009,car,12.944817,77.68393,7.927
593.0,veh_010,bus,12.941046,77.667748,5.259
593.0,veh_011,motorcycle,12.944885,77.684119,9.304
593.0,veh_012,motorcycle,12.938223,77.659564,12.066
593.0,veh_016,car,12.939297,77.662871,2.926
593.0,veh_017,bus,12.936171,77.654102,4.15
593.0,veh_018,car,12.935661,77.653145,5.364
593.0,veh_019,bus,12.936706,77.655419,4.906
593.0,veh_020,car,12.945972,77.690382,5.548
593.0,veh_021,car,12.944551,77.680748,12.791
593.0,veh_022,car,12.932031,77.646779,6.981
593.0,veh_023,truck,12.942667,77.672582,3.355
593.0,veh_025,bus,12.939769,77.664,3.871
593.0,veh_026,car,12.945022,77.686125,5.184
593.0,veh_027,motorcycle,12.941424,77.668849,7.806
593.0,veh_028,car,12.944701,77.682003,3.242
593.0,veh_030,bus,12.940551,77.666454,5.927
593.0,veh_031,car,12.944758,77.682943,4.183
593.0,veh_035,car,12.939233,77.662575,6.078
593.0,veh_036,motorcycle,12.946588,77.693998,9.015
593.0,veh_037,car,12.935164,77.652107,4.888
593.0,veh_038,motorcycle,12.94864,77.69979,6.627
593.0,veh_039,bus,12.944052,77.676464,5.414
593.0,veh_040,car,12.934025,77.650091,5.175
593.0,veh_041,motorcycle,12.938883,77.661381,15.44
593.0,veh_042,car,12.938759,77.661564,11.015
593.0,veh_043,car,12.933394,77.64906,8.136
593.0,veh_045,car,12.94608,77.691344,3.811
593.0,veh_049,bus,12.945863,77.689578,4.917
594.0,veh_000,car,12.948654,77.700055,8.498
594.0,veh_002,car,12.932634,77.647957,10.542
594.0,veh_003,car,12.935456,77.652782,6.231
594.0,veh_004,car,12.943682,77.675851,3.11
594.0,veh_005,car,12.947363,77.696295,4.621
594.0,veh_006,car,12.939768,77.664085,7.804
594.0,veh_007,car,12.938389,77.660218,9.637
594.0,veh_008,car,12.945296,77.687179,9.222
594.0,veh_009,car,12.944823,77.684135,5.788
594.0,veh_010,bus,12.941061,77.667682,5.394
594.0,veh_011,motorcycle,12.94479,77.684209,7.117
594.0,veh_012,motorcycle,12.938224,77.659602,6.044
594.0,veh_016,car,12.939397,77.662854,3.844
594.0,veh_017,bus,12.936181,77.654067,5.099
594.0,veh_018,car,12.935807,77.653221,9.825
594.0,veh_019,bus,12.936691,77.655403,2.179
594.0,veh_020,car,12.946002,77.690582,9.363
594.0,veh_021,car,12.94453,77.68088,5.251
594.0,veh_022,car,12.932108,77.64692,6.163
594.0,veh_023,truck,12.942746,77.672555,4.098
594.0,veh_025,bus,12.939726,77.664021,4.559
594.0,veh_026,car,12.945027,77.6862,6.111
594.0,veh_027,motorcycle,12.941434,77.668862,12.913
594.0,veh_028,car,12.944686,77.68204,5.565
594.0,veh_030,bus,12.94065,77.6665,4.642
594.0,veh_031,car,12.944767,77.683126,7.932
594.0,veh_035,car,12.939234,77.662637,8.816
594.0,veh_036,motorcycle,12.946658,77.693977,9.179
594.0,veh_037,car,12.935193,77.652134,5.869
594.0,veh_038,motorcycle,12.94874,77.699997,14.419
594.0,veh_039,bus,12.944095,77.676691,6.138
594.0,veh_040,car,12.933963,77.650186,9.259
594.0,veh_041,motorcycle,12.938851,77.661399,10.873
594.0,veh_042,car,12.938884,77.661686,1.253
594.0,veh_043,car,12.933415,77.649147,9.268
594.0,veh_045,car,12.946062,77.691409,4.108
594.0,veh_049,bus,12.945769,77.6897,3.099
595.0,veh_000,car,12.948795,77.700152,10.938
595.0,veh_002,car,12.932672,77.64793,0.147
595.0,veh_003,car,12.935486,77.652832,9.874
595.0,veh_004,car,12.943809,77.675962,1.393
595.0,veh_005,car,12.947499,77.696346,3.001
595.0,veh_006,car,12.93988,77.664163,11.429
595.0,veh_007,car,12.93847,77.660144,7.532
595.0,veh_008,car,12.945179,77.687193,7.632
595.0,veh_009,car,12.944865,77.684241,10.617
595.0,veh_010,bus,12.941096,77.667878,5.001
595.0,veh_011,motorcycle,12.944824,77.684328,9.054
595.0,veh_012,motorcycle,12.9382,77.659723,13.416
595.0,veh_016,car,12.939325,77.662956,4.093
595.0,veh_017,bus,12.936213,77.654151,5.892
595.0,veh_018,car,12.935809,77.653194,4.041
595.0,veh_019,bus,12.936794,77.655528,6.025
595.0,veh_020,car,12.945971,77.690606,9.191
595.0,veh_021,car,12.944581,77.680747,5.351
595.0,veh_022,car,12.932073,77.646899,3.82
595.0,veh_023,truck,12.942745,77.672662,4.762
595.0,veh_025,bus,12.939798,77.663922,5.467
595.0,veh_026,car,12.945032,77.686282,7.61
595.0,veh_027,motorcycle,12.941469,77.66898,3.833
595.0,veh_028,car,12.944638,77.682138,9.019
595.0,veh_030,bus,12.940648,77.66659,4.933
595.0,veh_031,car,12.944772,77.683011,5.45
595.0,veh_035,car,12.939214,77.662628,1.235
595.0,veh_036,motorcycle,12.946696,77.694024,10.866
595.0,veh_037,car,12.935236,77.65233,8.575
595.0,veh_038,motorcycle,12.948657,77.699909,3.448
595.0,veh_039,bus,12.944161,77.676627,5.936
595.0,veh_040,car,12.934104,77.650249,8.017
595.0,veh_041,motorcycle,12.938845,77.661436,1.309
595.0,veh_042,car,12.938985,77.661713,9.843
595.0,veh_043,car,12.933466,77.649201,8.581
595.0,veh_045,car,12.946153,77.691452,6.629
595.0,veh_049,bus,12.94574,77.689763,6.053
596.0,veh_000,car,12.948743,77.700213,8.043
596.0,veh_002,car,12.932795,77.647977,5.679
596.0,veh_003,car,12.935555,77.652908,11.732
596.0,veh_004,car,12.943852,77.675988,8.068
596.0,veh_005,car,12.947464,77.696396,6.47
596.0,veh_006,car,12.93984,77.664198,5.949
596.0,veh_007,car,12.938496,77.660211,7.625
596.0,veh_008,car,12.945259,77.687306,5.896
596.0,veh_009,car,12.944837,77.684222,8.528
596.0,veh_010,bus,12.941079,77.667923,4.951
596.0,veh_011,motorcycle,12.944814,77.684286,5.539
596.0,veh_012,motorcycle,12.938216,77.659775,12.245
596.0,veh_016,car,12.93942,77.663025,10.826
596.0,veh_017,bus,12.936275,77.654024,4.803
596.0,veh_018,car,12.935778,77.653418,4.968
596.0,veh_019,bus,12.936852,77.655492,6.714
596.0,veh_020,car,12.946007,77.690553,10.695
596.0,veh_021,car,12.944561,77.680915,10.388
596.0,veh_022,car,12.932111,77.646914,9.119
596.0,veh_023,truck,12.942698,77.672721,3.76
596.0,veh_025,bus,12.93973,77.664025,2.649
596.0,veh_026,car,12.945108,77.686354,10.365
596.0,veh_027,motorcycle,12.941512,77.668987,9.366
596.0,veh_028,car,12.944737,77.682342,11.015
596.0,veh_030,bus,12.940599,77.666669,1.615
596.0,veh_031,car,12.944673,77.683198,5.884
596.0,veh_035,car,12.93926,77.662748,8.632
596.0,veh_036,motorcycle,12.946732,77.694191,10.204
596.0,veh_037,car,12.935205,77.652398,8.784
596.0,veh_038,motorcycle,12.948674,77.70007,8.029
596.0,veh_039,bus,12.944107,77.676754,8.03
596.0,veh_040,car,12.93401,77.65044,8.805
596.0,veh_041,motorcycle,12.938919,77.661491,9.004
596.0,veh_042,car,12.938899,77.66187,10.999
596.0,veh_043,car,12.933474,77.649306,13.334
596.0,veh_045,car,12.94611,77.691559,7.443
596.0,veh_049,bus,12.945906,77.689784,4.249
597.0,veh_000,car,12.948683,77.700188,2.257
597.0,veh_002,car,12.932769,77.64807,8.484
597.0,veh_003,car,12.935618,77.652981,4.752
597.0,veh_004,car,12.943894,77.676019,13.081
597.0,veh_005,car,12.947373,77.696408,8.466
597.0,veh_006,car,12.939911,77.664368,9.918
597.0,veh_007,car,12.938409,77.660323,4.326
597.0,veh_008,car,12.945306,77.687376,7.742
597.0,veh_009,car,12.944891,77.684229,10.688
597.0,veh_010,bus,12.941101,77.667921,4.677
597.0,veh_011,motorcycle,12.944832,77.684465,9.476
597.0,veh_012,motorcycle,12.938319,77.659883,6.772
597.0,veh_016,car,12.939437,77.663068,7.726
597.0,veh_017,bus,12.936265,77.654062,2.582
597.0,veh_018,car,12.935832,77.653374,7.782
597.0,veh_019,bus,12.936765,77.655499,4.221
597.0,veh_020,car,12.945985,77.690732,3.484
597.0,veh_021,car,12.944577,77.681058,6.021
597.0,veh_022,car,12.932228,77.647024,6.115
597.0,veh_023,truck,12.942818,77.67265,3.589
597.0,veh_025,bus,12.939828,77.664077,4.993
597.0,veh_026,car,12.945037,77.686432,5.825
597.0,veh_027,motorcycle,12.941553,77.669151,7.057
597.0,veh_028,car,12.944682,77.682378,10.728
597.0,veh_030,bus,12.940754,77.666597,5.204
597.0,veh_031,car,12.944788,77.683192,4.354
597.0,veh_035,car,12.939295,77.662773,7.661
597.0,veh_036,motorcycle,12.946733,77.694265,6.274
597.0,veh_037,car,12.935312,77.652356,5.433
597.0,veh_038,motorcycle,12.948696,77.700109,7.511
597.0,veh_039,bus,12.944166,77.67674,3.532
597.0,veh_040,car,12.934199,77.650402,8.383
597.0,veh_041,motorcycle,12.938846,77.661544,6.051
597.0,veh_042,car,12.938976,77.661973,8.774
597.0,veh_043,car,12.933548,77.649445,9.476
597.0,veh_045,car,12.946093,77.691509,3.794
597.0,veh_049,bus,12.945832,77.689893,4.997
598.0,veh_000,car,12.948714,77.700229,7.335
598.0,veh_002,car,12.93271,77.648098,9.728
598.0,veh_003,car,12.935701,77.65304,8.369
598.0,veh_004,car,12.943901,77.676124,9.645
598.0,veh_005,car,12.947512,77.696468,5.274
598.0,veh_006,car,12.939946,77.664443,4.228
598.0,veh_007,car,12.938435,77.660315,9.888
598.0,veh_008,car,12.945259,77.687362,10.405
598.0,veh_009,car,12.944871,77.68427,1.589
598.0,veh_010,bus,12.941098,77.667917,6.412
598.0,veh_011,motorcycle,12.944811,77.68444,2.961
598.0,veh_012,motorcycle,12.938357,77.659925,11.842
598.0,veh_016,car,12.939418,77.662977,2.471
598.0,veh_017,bus,12.936237,77.654188,2.479
598.0,veh_018,car,12.935857,77.653486,12.229
598.0,veh_019,bus,12.936737,77.655588,7.085
598.0,veh_020,car,12.945949,77.690721,2.139
598.0,veh_021,car,12.944609,77.680971,0.1
598.0,veh_022,car,12.932252,77.647114,8.884
598.0,veh_023,truck,12.94273,77.67288,4.567
598.0,veh_025,bus,12.939706,77.664127,3.61
598.0,veh_026,car,12.945127,77.68648,6.412
598.0,veh_027,motorcycle,12.941498,77.669189,11.036
598.0,veh_028,car,12.944754,77.682429,10.808
598.0,veh_030,bus,12.940616,77.666674,5.199
598.0,veh_031,car,12.944818,77.683293,5.19
598.0,veh_035,car,12.939278,77.662903,6.632
598.0,veh_036,motorcycle,12.946668,77.694247,6.996
598.0,veh_037,car,12.935309,77.652443,7.595
598.0,veh_038,motorcycle,12.948676,77.700185,4.719
598.0,veh_039,bus,12.944128,77.676824,6.931
598.0,veh_040,car,12.934143,77.650437,4.825
598.0,veh_041,motorcycle,12.93892,77.661577,7.183
598.0,veh_042,car,12.939016,77.661938,4.083
598.0,veh_043,car,12.933485,77.649448,8.88
598.0,veh_045,car,12.946112,77.691504,2.317
598.0,veh_049,bus,12.945764,77.68986,4.795
599.0,veh_000,car,12.948746,77.700252,4.082
599.0,veh_002,car,12.932766,77.648144,5.641
599.0,veh_003,car,12.935693,77.653055,0.1
599.0,veh_004,car,12.943894,77.676283,6.858
599.0,veh_005,car,12.947572,77.696553,9.134
599.0,veh_006,car,12.93989,77.664499,8.265
599.0,veh_007,car,12.938525,77.660467,8.455
599.0,veh_008,car,12.945283,77.687431,6.513
599.0,veh_009,car,12.944831,77.684373,5.956
599.0,veh_010,bus,12.941138,77.667988,3.994
599.0,veh_011,motorcycle,12.944841,77.684586,14.955
599.0,veh_012,motorcycle,12.938373,77.660023,6.034
599.0,veh_016,car,12.93946,77.663119,7.779
599.0,veh_017,bus,12.936228,77.65422,5.393
599.0,veh_018,car,12.935859,77.6535,10.807
599.0,veh_019,bus,12.936834,77.655627,2.301
599.0,veh_020,car,12.946091,77.690807,8.484
599.0,veh_021,car,12.944633,77.681026,6.366
599.0,veh_022,car,12.932319,77.647128,7.98
599.0,veh_023,truck,12.942823,77.672817,4.84
599.0,veh_025,bus,12.939829,77.664082,4.951
599.0,veh_026,car,12.94515,77.686584,11.674
599.0,veh_027,motorcycle,12.941479,77.669245,2.77
599.0,veh_028,car,12.944679,77.682544,12.918
599.0,veh_030,bus,12.940757,77.666754,4.453
599.0,veh_031,car,12.944723,77.683304,6.292
599.0,veh_035,car,12.939369,77.662965,8.419
599.0,veh_036,motorcycle,12.946726,77.69435,5.887
599.0,veh_037,car,12.935304,77.652457,7.041
599.0,veh_038,motorcycle,12.948755,77.700148,2.375
599.0,veh_039,bus,12.944116,77.676842,2.971
599.0,veh_040,car,12.934172,77.650472,4.535
599.0,veh_041,motorcycle,12.939017,77.661711,7.573
599.0,veh_042,car,12.939014,77.66206,9.49
599.0,veh_043,car,12.933683,77.649472,7.793
599.0,veh_045,car,12.946189,77.691567,0.915
599.0,veh_049,bus,12.945847,77.68991,4.698
